rank_by_abs_component_1,matrix_index,action_key,node_type,name,synthetic,source,coproduct,is_original_recipe,component_1,absolute_share_1
1,2107,item-burn: acetylene-canister,item-burn,acetylene-canister,False,,False,False,0.242535625036333,0.058823529411764663
2,2108,item-burn: anthracene-oil-canister,item-burn,anthracene-oil-canister,False,,False,False,0.242535625036333,0.058823529411764663
3,2109,item-burn: aromatics-canister,item-burn,aromatics-canister,False,,False,False,0.242535625036333,0.058823529411764663
4,2110,item-burn: carbolic-oil-canister,item-burn,carbolic-oil-canister,False,,False,False,0.242535625036333,0.058823529411764663
5,2113,item-burn: coal-gas-canister,item-burn,coal-gas-canister,False,,False,False,0.242535625036333,0.058823529411764663
6,2115,item-burn: condensates-canister,item-burn,condensates-canister,False,,False,False,0.242535625036333,0.058823529411764663
7,2116,item-burn: gasoline-canister,item-burn,gasoline-canister,False,,False,False,0.242535625036333,0.058823529411764663
8,2118,item-burn: heavy-oil-canister,item-burn,heavy-oil-canister,False,,False,False,0.242535625036333,0.058823529411764663
9,2120,item-burn: kerosene-canister,item-burn,kerosene-canister,False,,False,False,0.242535625036333,0.058823529411764663
10,2121,item-burn: light-oil-canister,item-burn,light-oil-canister,False,,False,False,0.242535625036333,0.058823529411764663
11,2122,item-burn: methane-canister,item-burn,methane-canister,False,,False,False,0.242535625036333,0.058823529411764663
12,2123,item-burn: middle-oil-canister,item-burn,middle-oil-canister,False,,False,False,0.242535625036333,0.058823529411764663
13,2124,item-burn: naphthalene-oil-canister,item-burn,naphthalene-oil-canister,False,,False,False,0.242535625036333,0.058823529411764663
14,2125,item-burn: pitch-canister,item-burn,pitch-canister,False,,False,False,0.242535625036333,0.058823529411764663
15,2127,item-burn: scrude-canister,item-burn,scrude-canister,False,,False,False,0.242535625036333,0.058823529411764663
16,2128,item-burn: syngas-canister,item-burn,syngas-canister,False,,False,False,0.242535625036333,0.058823529411764663
17,2129,item-burn: tar-canister,item-burn,tar-canister,False,,False,False,0.242535625036333,0.058823529411764663
18,2273,recipe: empty-pitch-canister,recipe,empty-pitch-canister,False,,True,True,1.4266801472809535e-16,3.4602076124771332e-17
19,2244,recipe: empty-coal-gas-canister,recipe,empty-coal-gas-canister,False,,True,True,1.4266801472746591e-16,3.4602076124618669e-17
20,2265,recipe: empty-middle-oil-canister,recipe,empty-middle-oil-canister,False,,True,True,1.4266801472746588e-16,3.4602076124618663e-17
21,2284,recipe: empty-tar-canister,recipe,empty-tar-canister,False,,True,True,1.4266801472746588e-16,3.4602076124618663e-17
22,2246,recipe: empty-condensates-canister,recipe,empty-condensates-canister,False,,True,True,1.4266801472746586e-16,3.4602076124618657e-17
23,2236,recipe: empty-anthracene-oil-canister,recipe,empty-anthracene-oil-canister,False,,True,True,1.4266801472739035e-16,3.4602076124600347e-17
24,2269,recipe: empty-naphthalene-oil-canister,recipe,empty-naphthalene-oil-canister,False,,True,True,1.426680147273531e-16,3.4602076124591312e-17
25,2240,recipe: empty-carbolic-oil-canister,recipe,empty-carbolic-oil-canister,False,,True,True,1.4266801472732667e-16,3.4602076124584902e-17
26,2238,recipe: empty-aromatics-canister,recipe,empty-aromatics-canister,False,,True,True,1.4266801472732665e-16,3.4602076124584896e-17
27,2281,recipe: empty-syngas-canister,recipe,empty-syngas-canister,False,,True,True,1.4266801472730853e-16,3.4602076124580502e-17
28,2278,recipe: empty-scrude-canister,recipe,empty-scrude-canister,False,,True,True,1.4266801472728967e-16,3.4602076124575929e-17
29,2263,recipe: empty-methane-canister,recipe,empty-methane-canister,False,,True,True,1.4266801472727027e-16,3.4602076124571221e-17
30,2254,recipe: empty-heavy-oil-canister,recipe,empty-heavy-oil-canister,False,,True,True,1.4266801472727025e-16,3.4602076124571215e-17
31,2260,recipe: empty-light-oil-canister,recipe,empty-light-oil-canister,False,,True,True,1.4266801472726818e-16,3.4602076124570715e-17
32,2233,recipe: empty-acetylene-canister,recipe,empty-acetylene-canister,False,,True,True,1.4266801472726448e-16,3.4602076124569816e-17
33,2252,recipe: empty-gasoline-canister,recipe,empty-gasoline-canister,False,,True,True,1.4266801472726288e-16,3.4602076124569427e-17
34,2258,recipe: empty-kerosene-canister,recipe,empty-kerosene-canister,False,,True,True,1.4266801472726021e-16,3.4602076124568786e-17
35,2025,entity-operate: smelter-mk01,entity-operate,smelter-mk01,False,,False,False,1.5485873071283971e-17,3.755875904577172e-18
36,1947,entity-operate: glassworks-mk01,entity-operate,glassworks-mk01,False,,False,False,1.5485873071283928e-17,3.7558759045771619e-18
37,2114,item-burn: coke,item-burn,coke,False,,False,False,6.0757496793286133e-19,1.4735857460402636e-19
38,2111,item-burn: coal,item-burn,coal,False,,False,False,4.8605997434627604e-19,1.1788685968321793e-19
39,2117,item-burn: gunpowder,item-burn,gunpowder,False,,False,False,4.8605997434626718e-19,1.1788685968321579e-19
40,1935,entity-operate: electrolyzer-mk01,entity-operate,electrolyzer-mk01,False,,False,False,3.9574719508092274e-19,9.5982793315327114e-20
41,2126,item-burn: raw-coal,item-burn,raw-coal,False,,False,False,3.6454498075969971e-19,8.8415144762411668e-20
42,2112,item-burn: coal-dust,item-burn,coal-dust,False,,False,False,3.6454498075969759e-19,8.8415144762411163e-20
43,2119,item-burn: kerogen,item-burn,kerogen,False,,False,False,2.4302998717313759e-19,5.8943429841608858e-20
44,2013,entity-operate: reformer-mk01,entity-operate,reformer-mk01,False,,False,False,9.8936798770232178e-20,2.399569832883214e-20
45,2016,entity-operate: retorter,entity-operate,retorter,False,,False,False,8.3106910966995024e-20,2.0156386596218997e-20
46,1969,entity-operate: olefin-plant,entity-operate,olefin-plant,False,,False,False,7.9149439016192707e-20,1.91965586630674e-20
47,1949,entity-operate: hpf,entity-operate,hpf,False,,False,False,7.9149439016184534e-20,1.919655866306542e-20
48,2027,entity-operate: solid-separator,entity-operate,solid-separator,False,,False,False,5.9362079262138395e-20,1.4397418997299064e-20
49,1912,entity-operate: boiler,entity-operate,boiler,False,,False,False,5.8858508147181019e-20,1.4275285062182632e-20
50,1899,entity-operate: advanced-foundry-mk01,entity-operate,advanced-foundry-mk01,False,,False,False,4.7489663409711711e-20,1.1517935197839492e-20
51,1928,entity-operate: data-array,entity-operate,data-array,False,,False,False,4.7489663409710718e-20,1.1517935197839251e-20
52,2060,entity-operate: vacuum-pump-mk01,entity-operate,vacuum-pump-mk01,False,,False,False,3.9574719508096612e-20,9.5982793315337631e-21
53,1927,entity-operate: creature-chamber-mk01,entity-operate,creature-chamber-mk01,False,,False,False,3.9574719508093025e-20,9.5982793315328934e-21
54,1937,entity-operate: evaporator,entity-operate,evaporator,False,,False,False,3.9574719508092267e-20,9.5982793315327099e-21
55,1956,entity-operate: jaw-crusher,entity-operate,jaw-crusher,False,,False,False,3.9574719508092267e-20,9.5982793315327099e-21
56,2015,entity-operate: research-center-mk01,entity-operate,research-center-mk01,False,,False,False,3.165977560647381e-20,7.6786234652261673e-21
57,1951,entity-operate: incubator-mk01,entity-operate,incubator-mk01,False,,False,False,2.3744831704855431e-20,5.7589675989196428e-21
58,1932,entity-operate: distilator,entity-operate,distilator,False,,False,False,1.978735975404951e-20,4.7991396657671734e-21
59,1943,entity-operate: gasifier,entity-operate,gasifier,False,,False,False,1.9787359754049013e-20,4.7991396657670531e-21
60,2007,entity-operate: quenching-tower,entity-operate,quenching-tower,False,,False,False,1.9787359754046732e-20,4.7991396657665001e-21
61,1936,entity-operate: electronics-factory-mk01,entity-operate,electronics-factory-mk01,False,,False,False,1.9787359754046134e-20,4.7991396657663549e-21
62,2011,entity-operate: rc-mk01,entity-operate,rc-mk01,False,,False,False,1.9787359754046134e-20,4.7991396657663549e-21
63,2038,entity-operate: tar-processing-unit,entity-operate,tar-processing-unit,False,,False,False,1.9787359754046134e-20,4.7991396657663549e-21
64,2065,entity-operate: wpu-mk01,entity-operate,wpu-mk01,False,,False,False,1.9787359754046134e-20,4.7991396657663549e-21
65,2020,entity-operate: seaweed-crop-mk01,entity-operate,seaweed-crop-mk01,False,,False,False,1.7808623778819453e-20,4.319225699232874e-21
66,1942,entity-operate: fwf-mk01,entity-operate,fwf-mk01,False,,False,False,1.7808623778641521e-20,4.3192256991897197e-21
67,1962,entity-operate: moondrop-greenhouse-mk01,entity-operate,moondrop-greenhouse-mk01,False,,False,False,1.7808623778641521e-20,4.3192256991897197e-21
68,1914,entity-operate: borax-mine,entity-operate,borax-mine,False,,False,False,1.6621382193401647e-20,4.0312773192444397e-21
69,1909,entity-operate: biofactory-mk01,entity-operate,biofactory-mk01,False,,False,False,1.582988780323937e-20,3.839311732613681e-21
70,1982,entity-operate: pcb-factory-mk01,entity-operate,pcb-factory-mk01,False,,False,False,1.5829887803238978e-20,3.8393117326135862e-21
71,2026,entity-operate: soil-extractor-mk01,entity-operate,soil-extractor-mk01,False,,False,False,1.5829887803238292e-20,3.8393117326134199e-21
72,2063,entity-operate: washer,entity-operate,washer,False,,False,False,1.5829887803238027e-20,3.8393117326133552e-21
73,1945,entity-operate: genlab-mk01,entity-operate,genlab-mk01,False,,False,False,1.5829887803237513e-20,3.8393117326132311e-21
74,1903,entity-operate: automated-screener-mk01,entity-operate,automated-screener-mk01,False,,False,False,1.1872415852430301e-20,2.8794837994604484e-21
75,2008,entity-operate: radar,entity-operate,radar,False,,False,False,1.187241585242768e-20,2.8794837994598127e-21
76,2021,entity-operate: slaughterhouse-mk01,entity-operate,slaughterhouse-mk01,False,,False,False,1.187241585242768e-20,2.8794837994598127e-21
77,2062,entity-operate: vrauks-paddock-mk01,entity-operate,vrauks-paddock-mk01,False,,False,False,9.8936798770230668e-21,2.3995698328831775e-21
78,1917,entity-operate: burner-mining-drill,entity-operate,burner-mining-drill,False,,False,False,7.9511662475073596e-21,1.9284410756069898e-21
79,1923,entity-operate: clay-pit-mk01,entity-operate,clay-pit-mk01,False,,False,False,7.9149439016200414e-21,1.919655866306927e-21
80,1904,entity-operate: barrel-machine-mk01,entity-operate,barrel-machine-mk01,False,,False,False,7.9149439016199722e-21,1.9196558663069101e-21
81,1940,entity-operate: fluid-drill-mk01,entity-operate,fluid-drill-mk01,False,,False,False,6.3609329980081504e-21,1.5427528604861407e-21
82,2018,entity-operate: sap-extractor-mk01,entity-operate,sap-extractor-mk01,False,,False,False,5.9362079262217918e-21,1.4397418997318349e-21
83,1921,entity-operate: chipshooter-mk01,entity-operate,chipshooter-mk01,False,,False,False,5.9362079262138398e-21,1.4397418997299064e-21
84,1960,entity-operate: micro-mine-mk01,entity-operate,micro-mine-mk01,False,,False,False,5.9362079262138398e-21,1.4397418997299064e-21
85,1988,entity-operate: pulp-mill-mk01,entity-operate,pulp-mill-mk01,False,,False,False,5.9362079262138398e-21,1.4397418997299064e-21
86,1915,entity-operate: botanical-nursery,entity-operate,botanical-nursery,False,,False,False,4.9468399385117117e-21,1.199784916441632e-21
87,1963,entity-operate: moss-farm-mk01,entity-operate,moss-farm-mk01,False,,False,False,3.9574719509958993e-21,9.5982793319854569e-22
88,1939,entity-operate: flora-collector-mk01,entity-operate,flora-collector-mk01,False,,False,False,3.9574719508095355e-21,9.5982793315334577e-22
89,2033,entity-operate: stone-furnace,entity-operate,stone-furnace,False,,False,False,3.1804664990057972e-21,7.7137643024348808e-22
90,1957,entity-operate: lab,entity-operate,lab,False,,False,False,2.3744831704855358e-21,5.7589675989196251e-22
91,1902,entity-operate: assembling-machine-1,entity-operate,assembling-machine-1,False,,False,False,1.192674937126104e-21,2.8926616134104849e-22
92,1989,entity-operate: pump,entity-operate,pump,False,,False,False,1.1476668657346758e-21,2.783501006144486e-22
93,1992,entity-operate: py-local-radar,entity-operate,py-local-radar,False,,False,False,9.8936798770230657e-22,2.3995698328831773e-22
94,728,__pr_graph_lp_or_to_or_and__: 1788:item: coal-gas-canister --> fuel-category: jerry__1,,,True,item: coal-gas-canister --> fuel-category: jerry__1,False,False,1.4266801472725606e-23,3.4602076124567779e-24
95,736,__pr_graph_lp_or_to_or_and__: 1796:item: scrude-canister --> fuel-category: jerry__1,,,True,item: scrude-canister --> fuel-category: jerry__1,False,False,1.4266801472725606e-23,3.4602076124567779e-24
96,741,__pr_graph_lp_or_to_or_and__: 1801:item: pitch-canister --> fuel-category: jerry__1,,,True,item: pitch-canister --> fuel-category: jerry__1,False,False,1.4266801472725606e-23,3.4602076124567779e-24
97,997,__pr_graph_lp_or_to_or_and__: 3935:item: coal-gas-canister --> energy-source-burner: chemical__biomass__jerry_2_1,,,True,item: coal-gas-canister --> energy-source-burner: chemical__biomass__jerry_2_1,False,False,1.4266801472725606e-23,3.4602076124567779e-24
98,1005,__pr_graph_lp_or_to_or_and__: 3943:item: scrude-canister --> energy-source-burner: chemical__biomass__jerry_2_1,,,True,item: scrude-canister --> energy-source-burner: chemical__biomass__jerry_2_1,False,False,1.4266801472725606e-23,3.4602076124567779e-24
99,1010,__pr_graph_lp_or_to_or_and__: 3948:item: pitch-canister --> energy-source-burner: chemical__biomass__jerry_2_1,,,True,item: pitch-canister --> energy-source-burner: chemical__biomass__jerry_2_1,False,False,1.4266801472725606e-23,3.4602076124567779e-24
100,1025,__pr_graph_lp_or_to_or_and__: 3963:item: coal-gas-canister --> energy-source-burner: chemical__biomass__jerry__nuke_2_1,,,True,item: coal-gas-canister --> energy-source-burner: chemical__biomass__jerry__nuke_2_1,False,False,1.4266801472725606e-23,3.4602076124567779e-24
101,1033,__pr_graph_lp_or_to_or_and__: 3971:item: scrude-canister --> energy-source-burner: chemical__biomass__jerry__nuke_2_1,,,True,item: scrude-canister --> energy-source-burner: chemical__biomass__jerry__nuke_2_1,False,False,1.4266801472725606e-23,3.4602076124567779e-24
102,1038,__pr_graph_lp_or_to_or_and__: 3976:item: pitch-canister --> energy-source-burner: chemical__biomass__jerry__nuke_2_1,,,True,item: pitch-canister --> energy-source-burner: chemical__biomass__jerry__nuke_2_1,False,False,1.4266801472725606e-23,3.4602076124567779e-24
103,1053,__pr_graph_lp_or_to_or_and__: 3991:item: coal-gas-canister --> energy-source-burner: jerry__chemical__biomass_2_1,,,True,item: coal-gas-canister --> energy-source-burner: jerry__chemical__biomass_2_1,False,False,1.4266801472725606e-23,3.4602076124567779e-24
104,1061,__pr_graph_lp_or_to_or_and__: 3999:item: scrude-canister --> energy-source-burner: jerry__chemical__biomass_2_1,,,True,item: scrude-canister --> energy-source-burner: jerry__chemical__biomass_2_1,False,False,1.4266801472725606e-23,3.4602076124567779e-24
105,1066,__pr_graph_lp_or_to_or_and__: 4004:item: pitch-canister --> energy-source-burner: jerry__chemical__biomass_2_1,,,True,item: pitch-canister --> energy-source-burner: jerry__chemical__biomass_2_1,False,False,1.4266801472725606e-23,3.4602076124567779e-24
106,1089,__pr_graph_lp_or_to_or_and__: 4027:item: coal-gas-canister --> energy-source-burner: chemical__jerry__biomass__nuke_2_1,,,True,item: coal-gas-canister --> energy-source-burner: chemical__jerry__biomass__nuke_2_1,False,False,1.4266801472725606e-23,3.4602076124567779e-24
107,1097,__pr_graph_lp_or_to_or_and__: 4035:item: scrude-canister --> energy-source-burner: chemical__jerry__biomass__nuke_2_1,,,True,item: scrude-canister --> energy-source-burner: chemical__jerry__biomass__nuke_2_1,False,False,1.4266801472725606e-23,3.4602076124567779e-24
108,1102,__pr_graph_lp_or_to_or_and__: 4040:item: pitch-canister --> energy-source-burner: chemical__jerry__biomass__nuke_2_1,,,True,item: pitch-canister --> energy-source-burner: chemical__jerry__biomass__nuke_2_1,False,False,1.4266801472725606e-23,3.4602076124567779e-24
109,1122,__pr_graph_lp_or_to_or_and__: 4060:item: coal-gas-canister --> energy-source-burner: jerry__nuke_2_1,,,True,item: coal-gas-canister --> energy-source-burner: jerry__nuke_2_1,False,False,1.4266801472725606e-23,3.4602076124567779e-24
110,1130,__pr_graph_lp_or_to_or_and__: 4068:item: scrude-canister --> energy-source-burner: jerry__nuke_2_1,,,True,item: scrude-canister --> energy-source-burner: jerry__nuke_2_1,False,False,1.4266801472725606e-23,3.4602076124567779e-24
111,1135,__pr_graph_lp_or_to_or_and__: 4073:item: pitch-canister --> energy-source-burner: jerry__nuke_2_1,,,True,item: pitch-canister --> energy-source-burner: jerry__nuke_2_1,False,False,1.4266801472725606e-23,3.4602076124567779e-24
112,1139,__pr_graph_lp_or_to_or_and__: 4077:item: coal-gas-canister --> energy-source-burner: jerry_2_1,,,True,item: coal-gas-canister --> energy-source-burner: jerry_2_1,False,False,1.4266801472725606e-23,3.4602076124567779e-24
113,1147,__pr_graph_lp_or_to_or_and__: 4085:item: scrude-canister --> energy-source-burner: jerry_2_1,,,True,item: scrude-canister --> energy-source-burner: jerry_2_1,False,False,1.4266801472725606e-23,3.4602076124567779e-24
114,1152,__pr_graph_lp_or_to_or_and__: 4090:item: pitch-canister --> energy-source-burner: jerry_2_1,,,True,item: pitch-canister --> energy-source-burner: jerry_2_1,False,False,1.4266801472725606e-23,3.4602076124567779e-24
115,733,__pr_graph_lp_or_to_or_and__: 1793:item: acetylene-canister --> fuel-category: jerry__1,,,True,item: acetylene-canister --> fuel-category: jerry__1,False,False,1.4266801472725603e-23,3.4602076124567772e-24
116,734,__pr_graph_lp_or_to_or_and__: 1794:item: kerosene-canister --> fuel-category: jerry__1,,,True,item: kerosene-canister --> fuel-category: jerry__1,False,False,1.4266801472725603e-23,3.4602076124567772e-24
117,739,__pr_graph_lp_or_to_or_and__: 1799:item: carbolic-oil-canister --> fuel-category: jerry__1,,,True,item: carbolic-oil-canister --> fuel-category: jerry__1,False,False,1.4266801472725603e-23,3.4602076124567772e-24
118,740,__pr_graph_lp_or_to_or_and__: 1800:item: naphthalene-oil-canister --> fuel-category: jerry__1,,,True,item: naphthalene-oil-canister --> fuel-category: jerry__1,False,False,1.4266801472725603e-23,3.4602076124567772e-24
119,1002,__pr_graph_lp_or_to_or_and__: 3940:item: acetylene-canister --> energy-source-burner: chemical__biomass__jerry_2_1,,,True,item: acetylene-canister --> energy-source-burner: chemical__biomass__jerry_2_1,False,False,1.4266801472725603e-23,3.4602076124567772e-24
120,1003,__pr_graph_lp_or_to_or_and__: 3941:item: kerosene-canister --> energy-source-burner: chemical__biomass__jerry_2_1,,,True,item: kerosene-canister --> energy-source-burner: chemical__biomass__jerry_2_1,False,False,1.4266801472725603e-23,3.4602076124567772e-24
121,1008,__pr_graph_lp_or_to_or_and__: 3946:item: carbolic-oil-canister --> energy-source-burner: chemical__biomass__jerry_2_1,,,True,item: carbolic-oil-canister --> energy-source-burner: chemical__biomass__jerry_2_1,False,False,1.4266801472725603e-23,3.4602076124567772e-24
122,1009,__pr_graph_lp_or_to_or_and__: 3947:item: naphthalene-oil-canister --> energy-source-burner: chemical__biomass__jerry_2_1,,,True,item: naphthalene-oil-canister --> energy-source-burner: chemical__biomass__jerry_2_1,False,False,1.4266801472725603e-23,3.4602076124567772e-24
123,1030,__pr_graph_lp_or_to_or_and__: 3968:item: acetylene-canister --> energy-source-burner: chemical__biomass__jerry__nuke_2_1,,,True,item: acetylene-canister --> energy-source-burner: chemical__biomass__jerry__nuke_2_1,False,False,1.4266801472725603e-23,3.4602076124567772e-24
124,1031,__pr_graph_lp_or_to_or_and__: 3969:item: kerosene-canister --> energy-source-burner: chemical__biomass__jerry__nuke_2_1,,,True,item: kerosene-canister --> energy-source-burner: chemical__biomass__jerry__nuke_2_1,False,False,1.4266801472725603e-23,3.4602076124567772e-24
125,1036,__pr_graph_lp_or_to_or_and__: 3974:item: carbolic-oil-canister --> energy-source-burner: chemical__biomass__jerry__nuke_2_1,,,True,item: carbolic-oil-canister --> energy-source-burner: chemical__biomass__jerry__nuke_2_1,False,False,1.4266801472725603e-23,3.4602076124567772e-24
126,1037,__pr_graph_lp_or_to_or_and__: 3975:item: naphthalene-oil-canister --> energy-source-burner: chemical__biomass__jerry__nuke_2_1,,,True,item: naphthalene-oil-canister --> energy-source-burner: chemical__biomass__jerry__nuke_2_1,False,False,1.4266801472725603e-23,3.4602076124567772e-24
127,1058,__pr_graph_lp_or_to_or_and__: 3996:item: acetylene-canister --> energy-source-burner: jerry__chemical__biomass_2_1,,,True,item: acetylene-canister --> energy-source-burner: jerry__chemical__biomass_2_1,False,False,1.4266801472725603e-23,3.4602076124567772e-24
128,1059,__pr_graph_lp_or_to_or_and__: 3997:item: kerosene-canister --> energy-source-burner: jerry__chemical__biomass_2_1,,,True,item: kerosene-canister --> energy-source-burner: jerry__chemical__biomass_2_1,False,False,1.4266801472725603e-23,3.4602076124567772e-24
129,1064,__pr_graph_lp_or_to_or_and__: 4002:item: carbolic-oil-canister --> energy-source-burner: jerry__chemical__biomass_2_1,,,True,item: carbolic-oil-canister --> energy-source-burner: jerry__chemical__biomass_2_1,False,False,1.4266801472725603e-23,3.4602076124567772e-24
130,1065,__pr_graph_lp_or_to_or_and__: 4003:item: naphthalene-oil-canister --> energy-source-burner: jerry__chemical__biomass_2_1,,,True,item: naphthalene-oil-canister --> energy-source-burner: jerry__chemical__biomass_2_1,False,False,1.4266801472725603e-23,3.4602076124567772e-24
131,1094,__pr_graph_lp_or_to_or_and__: 4032:item: acetylene-canister --> energy-source-burner: chemical__jerry__biomass__nuke_2_1,,,True,item: acetylene-canister --> energy-source-burner: chemical__jerry__biomass__nuke_2_1,False,False,1.4266801472725603e-23,3.4602076124567772e-24
132,1095,__pr_graph_lp_or_to_or_and__: 4033:item: kerosene-canister --> energy-source-burner: chemical__jerry__biomass__nuke_2_1,,,True,item: kerosene-canister --> energy-source-burner: chemical__jerry__biomass__nuke_2_1,False,False,1.4266801472725603e-23,3.4602076124567772e-24
133,1100,__pr_graph_lp_or_to_or_and__: 4038:item: carbolic-oil-canister --> energy-source-burner: chemical__jerry__biomass__nuke_2_1,,,True,item: carbolic-oil-canister --> energy-source-burner: chemical__jerry__biomass__nuke_2_1,False,False,1.4266801472725603e-23,3.4602076124567772e-24
134,1101,__pr_graph_lp_or_to_or_and__: 4039:item: naphthalene-oil-canister --> energy-source-burner: chemical__jerry__biomass__nuke_2_1,,,True,item: naphthalene-oil-canister --> energy-source-burner: chemical__jerry__biomass__nuke_2_1,False,False,1.4266801472725603e-23,3.4602076124567772e-24
135,1127,__pr_graph_lp_or_to_or_and__: 4065:item: acetylene-canister --> energy-source-burner: jerry__nuke_2_1,,,True,item: acetylene-canister --> energy-source-burner: jerry__nuke_2_1,False,False,1.4266801472725603e-23,3.4602076124567772e-24
136,1128,__pr_graph_lp_or_to_or_and__: 4066:item: kerosene-canister --> energy-source-burner: jerry__nuke_2_1,,,True,item: kerosene-canister --> energy-source-burner: jerry__nuke_2_1,False,False,1.4266801472725603e-23,3.4602076124567772e-24
137,1133,__pr_graph_lp_or_to_or_and__: 4071:item: carbolic-oil-canister --> energy-source-burner: jerry__nuke_2_1,,,True,item: carbolic-oil-canister --> energy-source-burner: jerry__nuke_2_1,False,False,1.4266801472725603e-23,3.4602076124567772e-24
138,1134,__pr_graph_lp_or_to_or_and__: 4072:item: naphthalene-oil-canister --> energy-source-burner: jerry__nuke_2_1,,,True,item: naphthalene-oil-canister --> energy-source-burner: jerry__nuke_2_1,False,False,1.4266801472725603e-23,3.4602076124567772e-24
139,1144,__pr_graph_lp_or_to_or_and__: 4082:item: acetylene-canister --> energy-source-burner: jerry_2_1,,,True,item: acetylene-canister --> energy-source-burner: jerry_2_1,False,False,1.4266801472725603e-23,3.4602076124567772e-24
140,1145,__pr_graph_lp_or_to_or_and__: 4083:item: kerosene-canister --> energy-source-burner: jerry_2_1,,,True,item: kerosene-canister --> energy-source-burner: jerry_2_1,False,False,1.4266801472725603e-23,3.4602076124567772e-24
141,1150,__pr_graph_lp_or_to_or_and__: 4088:item: carbolic-oil-canister --> energy-source-burner: jerry_2_1,,,True,item: carbolic-oil-canister --> energy-source-burner: jerry_2_1,False,False,1.4266801472725603e-23,3.4602076124567772e-24
142,1151,__pr_graph_lp_or_to_or_and__: 4089:item: naphthalene-oil-canister --> energy-source-burner: jerry_2_1,,,True,item: naphthalene-oil-canister --> energy-source-burner: jerry_2_1,False,False,1.4266801472725603e-23,3.4602076124567772e-24
143,726,__pr_graph_lp_or_to_or_and__: 1786:item: heavy-oil-canister --> fuel-category: jerry__1,,,True,item: heavy-oil-canister --> fuel-category: jerry__1,False,False,1.42668014727256e-23,3.4602076124567765e-24
144,727,__pr_graph_lp_or_to_or_and__: 1787:item: light-oil-canister --> fuel-category: jerry__1,,,True,item: light-oil-canister --> fuel-category: jerry__1,False,False,1.42668014727256e-23,3.4602076124567765e-24
145,729,__pr_graph_lp_or_to_or_and__: 1789:item: syngas-canister --> fuel-category: jerry__1,,,True,item: syngas-canister --> fuel-category: jerry__1,False,False,1.42668014727256e-23,3.4602076124567765e-24
146,730,__pr_graph_lp_or_to_or_and__: 1790:item: tar-canister --> fuel-category: jerry__1,,,True,item: tar-canister --> fuel-category: jerry__1,False,False,1.42668014727256e-23,3.4602076124567765e-24
147,731,__pr_graph_lp_or_to_or_and__: 1791:item: aromatics-canister --> fuel-category: jerry__1,,,True,item: aromatics-canister --> fuel-category: jerry__1,False,False,1.42668014727256e-23,3.4602076124567765e-24
148,732,__pr_graph_lp_or_to_or_and__: 1792:item: gasoline-canister --> fuel-category: jerry__1,,,True,item: gasoline-canister --> fuel-category: jerry__1,False,False,1.42668014727256e-23,3.4602076124567765e-24
149,735,__pr_graph_lp_or_to_or_and__: 1795:item: methane-canister --> fuel-category: jerry__1,,,True,item: methane-canister --> fuel-category: jerry__1,False,False,1.42668014727256e-23,3.4602076124567765e-24
150,737,__pr_graph_lp_or_to_or_and__: 1797:item: condensates-canister --> fuel-category: jerry__1,,,True,item: condensates-canister --> fuel-category: jerry__1,False,False,1.42668014727256e-23,3.4602076124567765e-24
151,738,__pr_graph_lp_or_to_or_and__: 1798:item: anthracene-oil-canister --> fuel-category: jerry__1,,,True,item: anthracene-oil-canister --> fuel-category: jerry__1,False,False,1.42668014727256e-23,3.4602076124567765e-24
152,742,__pr_graph_lp_or_to_or_and__: 1802:item: middle-oil-canister --> fuel-category: jerry__1,,,True,item: middle-oil-canister --> fuel-category: jerry__1,False,False,1.42668014727256e-23,3.4602076124567765e-24
153,995,__pr_graph_lp_or_to_or_and__: 3933:item: heavy-oil-canister --> energy-source-burner: chemical__biomass__jerry_2_1,,,True,item: heavy-oil-canister --> energy-source-burner: chemical__biomass__jerry_2_1,False,False,1.42668014727256e-23,3.4602076124567765e-24
154,996,__pr_graph_lp_or_to_or_and__: 3934:item: light-oil-canister --> energy-source-burner: chemical__biomass__jerry_2_1,,,True,item: light-oil-canister --> energy-source-burner: chemical__biomass__jerry_2_1,False,False,1.42668014727256e-23,3.4602076124567765e-24
155,998,__pr_graph_lp_or_to_or_and__: 3936:item: syngas-canister --> energy-source-burner: chemical__biomass__jerry_2_1,,,True,item: syngas-canister --> energy-source-burner: chemical__biomass__jerry_2_1,False,False,1.42668014727256e-23,3.4602076124567765e-24
156,999,__pr_graph_lp_or_to_or_and__: 3937:item: tar-canister --> energy-source-burner: chemical__biomass__jerry_2_1,,,True,item: tar-canister --> energy-source-burner: chemical__biomass__jerry_2_1,False,False,1.42668014727256e-23,3.4602076124567765e-24
157,1000,__pr_graph_lp_or_to_or_and__: 3938:item: aromatics-canister --> energy-source-burner: chemical__biomass__jerry_2_1,,,True,item: aromatics-canister --> energy-source-burner: chemical__biomass__jerry_2_1,False,False,1.42668014727256e-23,3.4602076124567765e-24
158,1001,__pr_graph_lp_or_to_or_and__: 3939:item: gasoline-canister --> energy-source-burner: chemical__biomass__jerry_2_1,,,True,item: gasoline-canister --> energy-source-burner: chemical__biomass__jerry_2_1,False,False,1.42668014727256e-23,3.4602076124567765e-24
159,1004,__pr_graph_lp_or_to_or_and__: 3942:item: methane-canister --> energy-source-burner: chemical__biomass__jerry_2_1,,,True,item: methane-canister --> energy-source-burner: chemical__biomass__jerry_2_1,False,False,1.42668014727256e-23,3.4602076124567765e-24
160,1006,__pr_graph_lp_or_to_or_and__: 3944:item: condensates-canister --> energy-source-burner: chemical__biomass__jerry_2_1,,,True,item: condensates-canister --> energy-source-burner: chemical__biomass__jerry_2_1,False,False,1.42668014727256e-23,3.4602076124567765e-24
161,1007,__pr_graph_lp_or_to_or_and__: 3945:item: anthracene-oil-canister --> energy-source-burner: chemical__biomass__jerry_2_1,,,True,item: anthracene-oil-canister --> energy-source-burner: chemical__biomass__jerry_2_1,False,False,1.42668014727256e-23,3.4602076124567765e-24
162,1011,__pr_graph_lp_or_to_or_and__: 3949:item: middle-oil-canister --> energy-source-burner: chemical__biomass__jerry_2_1,,,True,item: middle-oil-canister --> energy-source-burner: chemical__biomass__jerry_2_1,False,False,1.42668014727256e-23,3.4602076124567765e-24
163,1023,__pr_graph_lp_or_to_or_and__: 3961:item: heavy-oil-canister --> energy-source-burner: chemical__biomass__jerry__nuke_2_1,,,True,item: heavy-oil-canister --> energy-source-burner: chemical__biomass__jerry__nuke_2_1,False,False,1.42668014727256e-23,3.4602076124567765e-24
164,1024,__pr_graph_lp_or_to_or_and__: 3962:item: light-oil-canister --> energy-source-burner: chemical__biomass__jerry__nuke_2_1,,,True,item: light-oil-canister --> energy-source-burner: chemical__biomass__jerry__nuke_2_1,False,False,1.42668014727256e-23,3.4602076124567765e-24
165,1026,__pr_graph_lp_or_to_or_and__: 3964:item: syngas-canister --> energy-source-burner: chemical__biomass__jerry__nuke_2_1,,,True,item: syngas-canister --> energy-source-burner: chemical__biomass__jerry__nuke_2_1,False,False,1.42668014727256e-23,3.4602076124567765e-24
166,1027,__pr_graph_lp_or_to_or_and__: 3965:item: tar-canister --> energy-source-burner: chemical__biomass__jerry__nuke_2_1,,,True,item: tar-canister --> energy-source-burner: chemical__biomass__jerry__nuke_2_1,False,False,1.42668014727256e-23,3.4602076124567765e-24
167,1028,__pr_graph_lp_or_to_or_and__: 3966:item: aromatics-canister --> energy-source-burner: chemical__biomass__jerry__nuke_2_1,,,True,item: aromatics-canister --> energy-source-burner: chemical__biomass__jerry__nuke_2_1,False,False,1.42668014727256e-23,3.4602076124567765e-24
168,1029,__pr_graph_lp_or_to_or_and__: 3967:item: gasoline-canister --> energy-source-burner: chemical__biomass__jerry__nuke_2_1,,,True,item: gasoline-canister --> energy-source-burner: chemical__biomass__jerry__nuke_2_1,False,False,1.42668014727256e-23,3.4602076124567765e-24
169,1032,__pr_graph_lp_or_to_or_and__: 3970:item: methane-canister --> energy-source-burner: chemical__biomass__jerry__nuke_2_1,,,True,item: methane-canister --> energy-source-burner: chemical__biomass__jerry__nuke_2_1,False,False,1.42668014727256e-23,3.4602076124567765e-24
170,1034,__pr_graph_lp_or_to_or_and__: 3972:item: condensates-canister --> energy-source-burner: chemical__biomass__jerry__nuke_2_1,,,True,item: condensates-canister --> energy-source-burner: chemical__biomass__jerry__nuke_2_1,False,False,1.42668014727256e-23,3.4602076124567765e-24
171,1035,__pr_graph_lp_or_to_or_and__: 3973:item: anthracene-oil-canister --> energy-source-burner: chemical__biomass__jerry__nuke_2_1,,,True,item: anthracene-oil-canister --> energy-source-burner: chemical__biomass__jerry__nuke_2_1,False,False,1.42668014727256e-23,3.4602076124567765e-24
172,1039,__pr_graph_lp_or_to_or_and__: 3977:item: middle-oil-canister --> energy-source-burner: chemical__biomass__jerry__nuke_2_1,,,True,item: middle-oil-canister --> energy-source-burner: chemical__biomass__jerry__nuke_2_1,False,False,1.42668014727256e-23,3.4602076124567765e-24
173,1051,__pr_graph_lp_or_to_or_and__: 3989:item: heavy-oil-canister --> energy-source-burner: jerry__chemical__biomass_2_1,,,True,item: heavy-oil-canister --> energy-source-burner: jerry__chemical__biomass_2_1,False,False,1.42668014727256e-23,3.4602076124567765e-24
174,1052,__pr_graph_lp_or_to_or_and__: 3990:item: light-oil-canister --> energy-source-burner: jerry__chemical__biomass_2_1,,,True,item: light-oil-canister --> energy-source-burner: jerry__chemical__biomass_2_1,False,False,1.42668014727256e-23,3.4602076124567765e-24
175,1054,__pr_graph_lp_or_to_or_and__: 3992:item: syngas-canister --> energy-source-burner: jerry__chemical__biomass_2_1,,,True,item: syngas-canister --> energy-source-burner: jerry__chemical__biomass_2_1,False,False,1.42668014727256e-23,3.4602076124567765e-24
176,1055,__pr_graph_lp_or_to_or_and__: 3993:item: tar-canister --> energy-source-burner: jerry__chemical__biomass_2_1,,,True,item: tar-canister --> energy-source-burner: jerry__chemical__biomass_2_1,False,False,1.42668014727256e-23,3.4602076124567765e-24
177,1056,__pr_graph_lp_or_to_or_and__: 3994:item: aromatics-canister --> energy-source-burner: jerry__chemical__biomass_2_1,,,True,item: aromatics-canister --> energy-source-burner: jerry__chemical__biomass_2_1,False,False,1.42668014727256e-23,3.4602076124567765e-24
178,1057,__pr_graph_lp_or_to_or_and__: 3995:item: gasoline-canister --> energy-source-burner: jerry__chemical__biomass_2_1,,,True,item: gasoline-canister --> energy-source-burner: jerry__chemical__biomass_2_1,False,False,1.42668014727256e-23,3.4602076124567765e-24
179,1060,__pr_graph_lp_or_to_or_and__: 3998:item: methane-canister --> energy-source-burner: jerry__chemical__biomass_2_1,,,True,item: methane-canister --> energy-source-burner: jerry__chemical__biomass_2_1,False,False,1.42668014727256e-23,3.4602076124567765e-24
180,1062,__pr_graph_lp_or_to_or_and__: 4000:item: condensates-canister --> energy-source-burner: jerry__chemical__biomass_2_1,,,True,item: condensates-canister --> energy-source-burner: jerry__chemical__biomass_2_1,False,False,1.42668014727256e-23,3.4602076124567765e-24
181,1063,__pr_graph_lp_or_to_or_and__: 4001:item: anthracene-oil-canister --> energy-source-burner: jerry__chemical__biomass_2_1,,,True,item: anthracene-oil-canister --> energy-source-burner: jerry__chemical__biomass_2_1,False,False,1.42668014727256e-23,3.4602076124567765e-24
182,1067,__pr_graph_lp_or_to_or_and__: 4005:item: middle-oil-canister --> energy-source-burner: jerry__chemical__biomass_2_1,,,True,item: middle-oil-canister --> energy-source-burner: jerry__chemical__biomass_2_1,False,False,1.42668014727256e-23,3.4602076124567765e-24
183,1087,__pr_graph_lp_or_to_or_and__: 4025:item: heavy-oil-canister --> energy-source-burner: chemical__jerry__biomass__nuke_2_1,,,True,item: heavy-oil-canister --> energy-source-burner: chemical__jerry__biomass__nuke_2_1,False,False,1.42668014727256e-23,3.4602076124567765e-24
184,1088,__pr_graph_lp_or_to_or_and__: 4026:item: light-oil-canister --> energy-source-burner: chemical__jerry__biomass__nuke_2_1,,,True,item: light-oil-canister --> energy-source-burner: chemical__jerry__biomass__nuke_2_1,False,False,1.42668014727256e-23,3.4602076124567765e-24
185,1090,__pr_graph_lp_or_to_or_and__: 4028:item: syngas-canister --> energy-source-burner: chemical__jerry__biomass__nuke_2_1,,,True,item: syngas-canister --> energy-source-burner: chemical__jerry__biomass__nuke_2_1,False,False,1.42668014727256e-23,3.4602076124567765e-24
186,1091,__pr_graph_lp_or_to_or_and__: 4029:item: tar-canister --> energy-source-burner: chemical__jerry__biomass__nuke_2_1,,,True,item: tar-canister --> energy-source-burner: chemical__jerry__biomass__nuke_2_1,False,False,1.42668014727256e-23,3.4602076124567765e-24
187,1092,__pr_graph_lp_or_to_or_and__: 4030:item: aromatics-canister --> energy-source-burner: chemical__jerry__biomass__nuke_2_1,,,True,item: aromatics-canister --> energy-source-burner: chemical__jerry__biomass__nuke_2_1,False,False,1.42668014727256e-23,3.4602076124567765e-24
188,1093,__pr_graph_lp_or_to_or_and__: 4031:item: gasoline-canister --> energy-source-burner: chemical__jerry__biomass__nuke_2_1,,,True,item: gasoline-canister --> energy-source-burner: chemical__jerry__biomass__nuke_2_1,False,False,1.42668014727256e-23,3.4602076124567765e-24
189,1096,__pr_graph_lp_or_to_or_and__: 4034:item: methane-canister --> energy-source-burner: chemical__jerry__biomass__nuke_2_1,,,True,item: methane-canister --> energy-source-burner: chemical__jerry__biomass__nuke_2_1,False,False,1.42668014727256e-23,3.4602076124567765e-24
190,1098,__pr_graph_lp_or_to_or_and__: 4036:item: condensates-canister --> energy-source-burner: chemical__jerry__biomass__nuke_2_1,,,True,item: condensates-canister --> energy-source-burner: chemical__jerry__biomass__nuke_2_1,False,False,1.42668014727256e-23,3.4602076124567765e-24
191,1099,__pr_graph_lp_or_to_or_and__: 4037:item: anthracene-oil-canister --> energy-source-burner: chemical__jerry__biomass__nuke_2_1,,,True,item: anthracene-oil-canister --> energy-source-burner: chemical__jerry__biomass__nuke_2_1,False,False,1.42668014727256e-23,3.4602076124567765e-24
192,1103,__pr_graph_lp_or_to_or_and__: 4041:item: middle-oil-canister --> energy-source-burner: chemical__jerry__biomass__nuke_2_1,,,True,item: middle-oil-canister --> energy-source-burner: chemical__jerry__biomass__nuke_2_1,False,False,1.42668014727256e-23,3.4602076124567765e-24
193,1120,__pr_graph_lp_or_to_or_and__: 4058:item: heavy-oil-canister --> energy-source-burner: jerry__nuke_2_1,,,True,item: heavy-oil-canister --> energy-source-burner: jerry__nuke_2_1,False,False,1.42668014727256e-23,3.4602076124567765e-24
194,1121,__pr_graph_lp_or_to_or_and__: 4059:item: light-oil-canister --> energy-source-burner: jerry__nuke_2_1,,,True,item: light-oil-canister --> energy-source-burner: jerry__nuke_2_1,False,False,1.42668014727256e-23,3.4602076124567765e-24
195,1123,__pr_graph_lp_or_to_or_and__: 4061:item: syngas-canister --> energy-source-burner: jerry__nuke_2_1,,,True,item: syngas-canister --> energy-source-burner: jerry__nuke_2_1,False,False,1.42668014727256e-23,3.4602076124567765e-24
196,1124,__pr_graph_lp_or_to_or_and__: 4062:item: tar-canister --> energy-source-burner: jerry__nuke_2_1,,,True,item: tar-canister --> energy-source-burner: jerry__nuke_2_1,False,False,1.42668014727256e-23,3.4602076124567765e-24
197,1125,__pr_graph_lp_or_to_or_and__: 4063:item: aromatics-canister --> energy-source-burner: jerry__nuke_2_1,,,True,item: aromatics-canister --> energy-source-burner: jerry__nuke_2_1,False,False,1.42668014727256e-23,3.4602076124567765e-24
198,1126,__pr_graph_lp_or_to_or_and__: 4064:item: gasoline-canister --> energy-source-burner: jerry__nuke_2_1,,,True,item: gasoline-canister --> energy-source-burner: jerry__nuke_2_1,False,False,1.42668014727256e-23,3.4602076124567765e-24
199,1129,__pr_graph_lp_or_to_or_and__: 4067:item: methane-canister --> energy-source-burner: jerry__nuke_2_1,,,True,item: methane-canister --> energy-source-burner: jerry__nuke_2_1,False,False,1.42668014727256e-23,3.4602076124567765e-24
200,1131,__pr_graph_lp_or_to_or_and__: 4069:item: condensates-canister --> energy-source-burner: jerry__nuke_2_1,,,True,item: condensates-canister --> energy-source-burner: jerry__nuke_2_1,False,False,1.42668014727256e-23,3.4602076124567765e-24
201,1132,__pr_graph_lp_or_to_or_and__: 4070:item: anthracene-oil-canister --> energy-source-burner: jerry__nuke_2_1,,,True,item: anthracene-oil-canister --> energy-source-burner: jerry__nuke_2_1,False,False,1.42668014727256e-23,3.4602076124567765e-24
202,1136,__pr_graph_lp_or_to_or_and__: 4074:item: middle-oil-canister --> energy-source-burner: jerry__nuke_2_1,,,True,item: middle-oil-canister --> energy-source-burner: jerry__nuke_2_1,False,False,1.42668014727256e-23,3.4602076124567765e-24
203,1137,__pr_graph_lp_or_to_or_and__: 4075:item: heavy-oil-canister --> energy-source-burner: jerry_2_1,,,True,item: heavy-oil-canister --> energy-source-burner: jerry_2_1,False,False,1.42668014727256e-23,3.4602076124567765e-24
204,1138,__pr_graph_lp_or_to_or_and__: 4076:item: light-oil-canister --> energy-source-burner: jerry_2_1,,,True,item: light-oil-canister --> energy-source-burner: jerry_2_1,False,False,1.42668014727256e-23,3.4602076124567765e-24
205,1140,__pr_graph_lp_or_to_or_and__: 4078:item: syngas-canister --> energy-source-burner: jerry_2_1,,,True,item: syngas-canister --> energy-source-burner: jerry_2_1,False,False,1.42668014727256e-23,3.4602076124567765e-24
206,1141,__pr_graph_lp_or_to_or_and__: 4079:item: tar-canister --> energy-source-burner: jerry_2_1,,,True,item: tar-canister --> energy-source-burner: jerry_2_1,False,False,1.42668014727256e-23,3.4602076124567765e-24
207,1142,__pr_graph_lp_or_to_or_and__: 4080:item: aromatics-canister --> energy-source-burner: jerry_2_1,,,True,item: aromatics-canister --> energy-source-burner: jerry_2_1,False,False,1.42668014727256e-23,3.4602076124567765e-24
208,1143,__pr_graph_lp_or_to_or_and__: 4081:item: gasoline-canister --> energy-source-burner: jerry_2_1,,,True,item: gasoline-canister --> energy-source-burner: jerry_2_1,False,False,1.42668014727256e-23,3.4602076124567765e-24
209,1146,__pr_graph_lp_or_to_or_and__: 4084:item: methane-canister --> energy-source-burner: jerry_2_1,,,True,item: methane-canister --> energy-source-burner: jerry_2_1,False,False,1.42668014727256e-23,3.4602076124567765e-24
210,1148,__pr_graph_lp_or_to_or_and__: 4086:item: condensates-canister --> energy-source-burner: jerry_2_1,,,True,item: condensates-canister --> energy-source-burner: jerry_2_1,False,False,1.42668014727256e-23,3.4602076124567765e-24
211,1149,__pr_graph_lp_or_to_or_and__: 4087:item: anthracene-oil-canister --> energy-source-burner: jerry_2_1,,,True,item: anthracene-oil-canister --> energy-source-burner: jerry_2_1,False,False,1.42668014727256e-23,3.4602076124567765e-24
212,1153,__pr_graph_lp_or_to_or_and__: 4091:item: middle-oil-canister --> energy-source-burner: jerry_2_1,,,True,item: middle-oil-canister --> energy-source-burner: jerry_2_1,False,False,1.42668014727256e-23,3.4602076124567765e-24
213,2272,recipe: empty-pitch-barrel,recipe,empty-pitch-barrel,False,,True,True,4.1966887524603706e-28,1.0178465296609236e-28
214,2245,recipe: empty-condensates-barrel,recipe,empty-condensates-barrel,False,,True,True,2.0986297121802252e-28,5.0899246896345001e-29
215,2283,recipe: empty-tar-barrel,recipe,empty-tar-barrel,False,,True,True,2.0986297121580228e-28,5.0899246895806521e-29
216,2243,recipe: empty-coal-gas-barrel,recipe,empty-coal-gas-barrel,False,,True,True,2.0986297121505028e-28,5.0899246895624128e-29
217,2264,recipe: empty-middle-oil-barrel,recipe,empty-middle-oil-barrel,False,,True,True,2.0986297121158139e-28,5.08992468947828e-29
218,2235,recipe: empty-anthracene-oil-barrel,recipe,empty-anthracene-oil-barrel,False,,True,True,1.6790179041762405e-28,4.0722165683657797e-29
219,2340,recipe: heavy-oil-pyvoid-fluid,recipe,heavy-oil-pyvoid-fluid,False,,True,True,1.6422145778949957e-28,3.9829553909354019e-29
220,2268,recipe: empty-naphthalene-oil-barrel,recipe,empty-naphthalene-oil-barrel,False,,True,True,1.4272508193977318e-28,3.4615916956624697e-29
221,2161,recipe: anthracene-oil-pyvoid-fluid,recipe,anthracene-oil-pyvoid-fluid,False,,True,True,1.4216368865482412e-28,3.4479759085368379e-29
222,2414,recipe: pitch-pyvoid-fluid,recipe,pitch-pyvoid-fluid,False,,True,True,1.2451384307091759e-28,3.019904275488085e-29
223,2237,recipe: empty-aromatics-barrel,recipe,empty-aromatics-barrel,False,,True,True,1.2174449153478645e-28,2.9527376349119954e-29
224,2239,recipe: empty-carbolic-oil-barrel,recipe,empty-carbolic-oil-barrel,False,,True,True,1.21744491533697e-28,2.9527376348855725e-29
225,2280,recipe: empty-syngas-barrel,recipe,empty-syngas-barrel,False,,True,True,1.0496001921517694e-28,2.5456543864178433e-29
226,2152,recipe: acetylene-pyvoid-gas,recipe,acetylene-pyvoid-gas,False,,True,True,9.8227517305055785e-29,2.3823672305348899e-29
227,2315,recipe: flue-gas-pyvoid-gas,recipe,flue-gas-pyvoid-gas,False,,True,True,9.6136321463013587e-29,2.3316482814725812e-29
228,2277,recipe: empty-scrude-barrel,recipe,empty-scrude-barrel,False,,True,True,8.3979428808680928e-29,2.0368003256307639e-29
229,2537,recipe: water-pyvoid-fluid,recipe,water-pyvoid-fluid,False,,True,True,6.2684306606417972e-29,1.5203177482756706e-29
230,2539,recipe: water-saline-pyvoid-fluid,recipe,water-saline-pyvoid-fluid,False,,True,True,6.0103635138940913e-29,1.4577272715378728e-29
231,2262,recipe: empty-methane-barrel,recipe,empty-methane-barrel,False,,True,True,5.4606602249257087e-29,1.3244046407633981e-29
232,2253,recipe: empty-heavy-oil-barrel,recipe,empty-heavy-oil-barrel,False,,True,True,5.4606602248773583e-29,1.3244046407516715e-29
233,2259,recipe: empty-light-oil-barrel,recipe,empty-light-oil-barrel,False,,True,True,5.041048417860223e-29,1.2226338288641456e-29
234,2358,recipe: kerosene-pyvoid-fluid,recipe,kerosene-pyvoid-fluid,False,,True,True,5.0246152074155555e-29,1.2186481898975945e-29
235,2232,recipe: empty-acetylene-barrel,recipe,empty-acetylene-barrel,False,,True,True,4.2018248012883663e-29,1.0190922044736386e-29
236,2251,recipe: empty-gasoline-barrel,recipe,empty-gasoline-barrel,False,,True,True,3.7822129934103148e-29,9.1732139237730987e-30
237,2154,recipe: acidgas-pyvoid-gas,recipe,acidgas-pyvoid-gas,False,,True,True,3.709111837795025e-29,8.9959175790927726e-30
238,2143,logic-and: smart-farm-yotoi-tree-fruit-recipe-yotoi-fruit-super-3,logic-and,smart-farm-yotoi-tree-fruit-recipe-yotoi-fruit-super-3,False,,False,False,3.5919174322956411e-29,8.7116793952072279e-30
239,2142,logic-and: smart-farm-yotoi-tree-fruit-recipe-yotoi-fruit-super-2,logic-and,smart-farm-yotoi-tree-fruit-recipe-yotoi-fruit-super-2,False,,False,False,3.5832709458980624e-29,8.6907085853791792e-30
240,2507,recipe: tailings-pyvoid-fluid,recipe,tailings-pyvoid-fluid,False,,True,True,3.347475480219678e-29,8.118820578888778e-30
241,2146,logic-and: smart-farm-yotoi-tree-recipe-yotoi-super-3,logic-and,smart-farm-yotoi-tree-recipe-yotoi-super-3,False,,False,False,3.1532096743125182e-29,7.6476567922999781e-30
242,2141,logic-and: smart-farm-yotoi-tree-fruit-recipe-yotoi-fruit-super-1,logic-and,smart-farm-yotoi-tree-fruit-recipe-yotoi-fruit-super-1,False,,False,False,3.1434652302280917e-29,7.6240230439334994e-30
243,2138,logic-and: smart-farm-ore-bioreserve-recipe-bioreserve-super-2,logic-and,smart-farm-ore-bioreserve-recipe-bioreserve-super-2,False,,False,False,3.1416505025053196e-29,7.6196216827083654e-30
244,2145,logic-and: smart-farm-yotoi-tree-recipe-yotoi-super-2,logic-and,smart-farm-yotoi-tree-recipe-yotoi-super-2,False,,False,False,3.1359167312171638e-29,7.6057152446764834e-30
245,2144,logic-and: smart-farm-yotoi-tree-recipe-yotoi-super-1,logic-and,smart-farm-yotoi-tree-recipe-yotoi-super-1,False,,False,False,3.1353132235869911e-29,7.6042515236735023e-30
246,2190,recipe: carbolic-oil-pyvoid-fluid,recipe,carbolic-oil-pyvoid-fluid,False,,True,True,3.1124980555368328e-29,7.5489166132399615e-30
247,2257,recipe: empty-kerosene-barrel,recipe,empty-kerosene-barrel,False,,True,True,2.9429893767520288e-29,7.1377976796584073e-30
248,2319,recipe: formic-acid-pyvoid-gas,recipe,formic-acid-pyvoid-gas,False,,True,True,2.5939402315663139e-29,6.291229153698257e-30
249,2400,recipe: naphthalene-oil-pyvoid-fluid,recipe,naphthalene-oil-pyvoid-fluid,False,,True,True,2.350796448060623e-29,5.7015188586357416e-30
250,2382,recipe: middle-oil-pyvoid-fluid,recipe,middle-oil-pyvoid-fluid,False,,True,True,2.1986137571504776e-29,5.3324216180397104e-30
251,2201,recipe: chlorine-pyvoid-gas,recipe,chlorine-pyvoid-gas,False,,True,True,1.5872978137191261e-29,3.8497626736917274e-30
252,2367,recipe: light-oil-pyvoid-fluid,recipe,light-oil-pyvoid-fluid,False,,True,True,1.5222101168282271e-29,3.691901821215632e-30
253,2192,recipe: carbon-dioxide-pyvoid-gas,recipe,carbon-dioxide-pyvoid-gas,False,,True,True,1.4660191403403238e-29,3.555618685176677e-30
254,2139,logic-and: smart-farm-ralesia-flowers-recipe-ralesia-super-1,logic-and,smart-farm-ralesia-flowers-recipe-ralesia-super-1,False,,False,False,9.5038080922333282e-30,2.3050120358751675e-30
255,2140,logic-and: smart-farm-ralesia-flowers-recipe-ralesia-super-3,logic-and,smart-farm-ralesia-flowers-recipe-ralesia-super-3,False,,False,False,9.5018977683187225e-30,2.3045487142705168e-30
256,2135,logic-and: smart-farm-kicalk-tree-recipe-kicalk-super-2,logic-and,smart-farm-kicalk-tree-recipe-kicalk-super-2,False,,False,False,9.4353849040253588e-30,2.2884169751561689e-30
257,2136,logic-and: smart-farm-kicalk-tree-recipe-kicalk-super-3,logic-and,smart-farm-kicalk-tree-recipe-kicalk-super-3,False,,False,False,9.4353848768264793e-30,2.2884169685594716e-30
258,2134,logic-and: smart-farm-kicalk-tree-recipe-kicalk-super-1,logic-and,smart-farm-kicalk-tree-recipe-kicalk-super-1,False,,False,False,9.4094454542815789e-30,2.282125734499463e-30
259,710,__pr_graph_lp_or_to_or_and__: 1757:fluid-craft-temperature: pitch: 10 --> fluid-create-temperature: pitch: 10,,,True,fluid-craft-temperature: pitch: 10 --> fluid-create-temperature: pitch: 10,False,False,8.3922361608023129e-30,2.0354162427127027e-30
260,2502,recipe: syngas-pyvoid-gas,recipe,syngas-pyvoid-gas,False,,True,True,5.7858381236029979e-30,1.4032718656670959e-30
261,698,__pr_graph_lp_or_to_or_and__: 1724:fluid-craft-temperature: condensates: 10 --> fluid-create-temperature: condensates: 10,,,True,fluid-craft-temperature: condensates: 10 --> fluid-create-temperature: condensates: 10,False,False,4.1961180802418302e-30,1.017708121317709e-30
262,629,__pr_graph_lp_or_to_or_and__: 1554:fluid-craft-temperature: coal-gas: 15 --> fluid-create-temperature: coal-gas: 15,,,True,fluid-craft-temperature: coal-gas: 15 --> fluid-create-temperature: coal-gas: 15,False,False,4.1961180801611792e-30,1.0177081212981483e-30
263,713,__pr_graph_lp_or_to_or_and__: 1764:fluid-craft-temperature: middle-oil: 10 --> fluid-create-temperature: middle-oil: 10,,,True,fluid-craft-temperature: middle-oil: 10 --> fluid-create-temperature: middle-oil: 10,False,False,4.196118080112992e-30,1.0177081212864611e-30
264,638,__pr_graph_lp_or_to_or_and__: 1581:fluid-craft-temperature: tar: 10 --> fluid-create-temperature: tar: 10,,,True,fluid-craft-temperature: tar: 10 --> fluid-create-temperature: tar: 10,False,False,4.1961180567532331e-30,1.0177081156208874e-30
265,701,__pr_graph_lp_or_to_or_and__: 1731:fluid-craft-temperature: anthracene-oil: 10 --> fluid-create-temperature: anthracene-oil: 10,,,True,fluid-craft-temperature: anthracene-oil: 10 --> fluid-create-temperature: anthracene-oil: 10,False,False,3.3568944423220537e-30,8.1416649174957091e-31
266,2389,recipe: moondrop-sample,recipe,moondrop-sample,False,,True,True,3.1342153190050457e-30,7.6015887139333781e-31
267,707,__pr_graph_lp_or_to_or_and__: 1748:fluid-craft-temperature: naphthalene-oil: 10 --> fluid-create-temperature: naphthalene-oil: 10,,,True,fluid-craft-temperature: naphthalene-oil: 10 --> fluid-create-temperature: naphthalene-oil: 10,False,False,2.8533601447418891e-30,6.92041486158735e-31
268,2479,recipe: soil,recipe,soil,False,,True,True,2.5073722077304367e-30,6.0812708560063102e-31
269,653,__pr_graph_lp_or_to_or_and__: 1622:fluid-craft-temperature: aromatics: 10 --> fluid-create-temperature: aromatics: 10,,,True,fluid-craft-temperature: aromatics: 10 --> fluid-create-temperature: aromatics: 10,False,False,2.4337484836859083e-30,5.9027070967198887e-31
270,704,__pr_graph_lp_or_to_or_and__: 1739:fluid-craft-temperature: carbolic-oil: 10 --> fluid-create-temperature: carbolic-oil: 10,,,True,fluid-craft-temperature: carbolic-oil: 10 --> fluid-create-temperature: carbolic-oil: 10,False,False,2.433748412354881e-30,5.9027069237167363e-31
271,635,__pr_graph_lp_or_to_or_and__: 1574:fluid-craft-temperature: syngas: 15 --> fluid-create-temperature: syngas: 15,,,True,fluid-craft-temperature: syngas: 15 --> fluid-create-temperature: syngas: 15,False,False,2.0980589855532357e-30,5.0885404742424832e-31
272,2481,recipe: soil-washing,recipe,soil-washing,False,,True,True,1.8811182252922358e-30,4.5623818453848944e-31
273,695,__pr_graph_lp_or_to_or_and__: 1717:fluid-craft-temperature: scrude: 10 --> fluid-create-temperature: scrude: 10,,,True,fluid-craft-temperature: scrude: 10 --> fluid-create-temperature: scrude: 10,False,False,1.6784472320550038e-30,4.0708324851696305e-31
274,2512,recipe: tar-quenching,recipe,tar-quenching,False,,True,True,1.5672912713690566e-30,3.8012396811548276e-31
275,2372,recipe: log3,recipe,log3,False,,True,True,1.567290086966751e-30,3.8012368085572927e-31
276,2371,recipe: log2,recipe,log2,False,,True,True,1.5671188078672412e-30,3.8008213957227401e-31
277,2421,recipe: pressured-water,recipe,pressured-water,False,,True,True,1.5671076234342137e-30,3.8007942694881902e-31
278,819,__pr_graph_lp_or_to_or_and__: 2076:item-craft: empty-fuel-canister --> item: empty-fuel-canister,,,True,item-craft: empty-fuel-canister --> item: empty-fuel-canister,False,False,1.4266801472680588e-30,3.4602076124458591e-31
279,2290,recipe: extract-limestone-01,recipe,extract-limestone-01,False,,True,True,1.2536860988008332e-30,3.040635415720217e-31
280,689,__pr_graph_lp_or_to_or_and__: 1704:fluid-craft-temperature: methane: 15 --> fluid-create-temperature: methane: 15,,,True,fluid-craft-temperature: methane: 15 --> fluid-create-temperature: methane: 15,False,False,1.0909907008665207e-30,2.6460411154348835e-31
281,617,__pr_graph_lp_or_to_or_and__: 1524:fluid-craft-temperature: heavy-oil: 25 --> fluid-create-temperature: heavy-oil: 25,,,True,fluid-craft-temperature: heavy-oil: 25 --> fluid-create-temperature: heavy-oil: 25,False,False,1.0909907008569512e-30,2.646041115411674e-31
282,620,__pr_graph_lp_or_to_or_and__: 1531:fluid-craft-temperature: light-oil: 25 --> fluid-create-temperature: light-oil: 25,,,True,fluid-craft-temperature: light-oil: 25 --> fluid-create-temperature: light-oil: 25,False,False,1.0070682593609156e-30,2.4424992973835133e-31
283,2343,recipe: hydrogen,recipe,hydrogen,False,,True,True,9.4033197611242597e-31,2.2806400356807717e-31
284,2150,recipe: acetylene,recipe,acetylene,False,,True,True,9.4026803831019909e-31,2.280484963732506e-31
285,674,__pr_graph_lp_or_to_or_and__: 1669:fluid-craft-temperature: acetylene: 15 --> fluid-create-temperature: acetylene: 15,,,True,fluid-craft-temperature: acetylene: 15 --> fluid-create-temperature: acetylene: 15,False,False,8.3922358403029988e-31,2.0354161649802013e-31
286,2341,recipe: heavy-oil-to-kerosene,recipe,heavy-oil-to-kerosene,False,,True,True,8.2110728061438613e-31,1.9914776752569363e-31
287,2345,recipe: hydrogen-pyvoid-gas,recipe,hydrogen-pyvoid-gas,False,,True,True,7.804864359089582e-31,1.8929576556555885e-31
288,671,__pr_graph_lp_or_to_or_and__: 1661:fluid-craft-temperature: gasoline: 10 --> fluid-create-temperature: gasoline: 10,,,True,fluid-craft-temperature: gasoline: 10 --> fluid-create-temperature: gasoline: 10,False,False,7.5530125371344268e-31,1.8318746166011557e-31
289,2171,recipe: battery-mk00,recipe,battery-mk00,False,,True,True,7.512956219961897e-31,1.8221595326790626e-31
290,2464,recipe: seaweed-1,recipe,seaweed-1,False,,True,True,6.2684487923311004e-31,1.5203221458562688e-31
291,2415,recipe: pitch-refining,recipe,pitch-refining,False,,True,True,6.2259809312456509e-31,1.5100221766239531e-31
292,2307,recipe: fill-pitch-canister,recipe,fill-pitch-canister,False,,True,True,6.2256920936489146e-31,1.5099521232168946e-31
293,686,__pr_graph_lp_or_to_or_and__: 1697:fluid-craft-temperature: kerosene: 10 --> fluid-create-temperature: kerosene: 10,,,True,fluid-craft-temperature: kerosene: 10 --> fluid-create-temperature: kerosene: 10,False,False,5.8745653123182149e-31,1.4247913698398575e-31
294,2339,recipe: heavy-oil-barrel,recipe,heavy-oil-barrel,False,,True,True,4.1055364615236988e-31,9.9573885180510433e-32
295,2378,recipe: methane-co2,recipe,methane-co2,False,,True,True,3.8672247944166684e-31,9.3793978266985018e-32
296,2160,recipe: anthracene-oil-creosote,recipe,anthracene-oil-creosote,False,,True,True,3.5540944029937009e-31,8.6199450746820919e-32
297,2158,recipe: anthracene-gasoline-cracking,recipe,anthracene-gasoline-cracking,False,,True,True,3.5540927100416858e-31,8.6199409686703405e-32
298,2159,recipe: anthracene-oil-barrel,recipe,anthracene-oil-barrel,False,,True,True,3.554092239806734e-31,8.6199398281830604e-32
299,2336,recipe: gun-powder,recipe,gun-powder,False,,True,True,3.4843705458300001e-31,8.4508398819106705e-32
300,2206,recipe: coal-gas-from-coke,recipe,coal-gas-from-coke,False,,True,True,3.1945965601254537e-31,7.7480347344894552e-32
301,2211,recipe: concrete,recipe,concrete,False,,True,True,3.1515082201271058e-31,7.6435301597566815e-32
302,2454,recipe: saline-water,recipe,saline-water,False,,True,True,3.1379134010367852e-31,7.6105578803034147e-32
303,2477,recipe: sodium-alginate,recipe,sodium-alginate,False,,True,True,3.1376588376213433e-31,7.6099404733326577e-32
304,2393,recipe: muddy-sludge,recipe,muddy-sludge,False,,True,True,3.1362152447583869e-31,7.6064392463595073e-32
305,2217,recipe: creamy-latex,recipe,creamy-latex,False,,True,True,3.1350542318029025e-31,7.6036233763311697e-32
306,2478,recipe: sodium-hydroxide-void,recipe,sodium-hydroxide-void,False,,True,True,3.1342900206165569e-31,7.6017698919537696e-32
307,2500,recipe: syngas,recipe,syngas,False,,True,True,3.134281115345187e-31,7.6017482934981909e-32
308,2386,recipe: moondrop-1,recipe,moondrop-1,False,,True,True,3.1342747588265808e-31,7.6017328766760586e-32
309,2334,recipe: gravel-saline-water,recipe,gravel-saline-water,False,,True,True,3.1342534915036591e-31,7.6016812958414819e-32
310,2447,recipe: refined-concrete,recipe,refined-concrete,False,,True,True,3.134215978666815e-31,7.6015903138481739e-32
311,2540,recipe: wood-seedling,recipe,wood-seedling,False,,True,True,3.1342153228636297e-31,7.6015887232918191e-32
312,2492,recipe: stone-brick-2,recipe,stone-brick-2,False,,True,True,3.1146776450866486e-31,7.5542028943778335e-32
313,2413,recipe: pitch-barrel,recipe,pitch-barrel,False,,True,True,3.1128460876204498e-31,7.5497607150292886e-32
314,2199,recipe: chlorine,recipe,chlorine,False,,True,True,3.0052359483041256e-31,7.2887677910359737e-32
315,2317,recipe: fluidavan,recipe,fluidavan,False,,True,True,3.0052033957011284e-31,7.2886888393768287e-32
316,2187,recipe: caravan,recipe,caravan,False,,True,True,3.0052033510985961e-31,7.2886887311997982e-32
317,2295,recipe: fill-anthracene-oil-canister,recipe,fill-anthracene-oil-canister,False,,True,True,2.843273764986939e-31,6.8959517974051434e-32
318,2151,recipe: acetylene-barrel,recipe,acetylene-barrel,False,,True,True,2.455687967692841e-31,5.9559181613858495e-32
319,2314,recipe: flue-gas-barrel,recipe,flue-gas-barrel,False,,True,True,2.4034080716417829e-31,5.82912078873007e-32
320,2368,recipe: lime,recipe,lime,False,,True,True,2.399968508715824e-31,5.8207786232890785e-32
321,2291,recipe: extract-sulfur,recipe,extract-sulfur,False,,True,True,1.8545559190451511e-31,4.4979587899044628e-32
322,2505,recipe: tailings-dust,recipe,tailings-dust,False,,True,True,1.6737376567882135e-31,4.0594100873597638e-32
323,2499,recipe: sulfur-void-tar,recipe,sulfur-void-tar,False,,True,True,1.5963693636970811e-31,3.8717644141312437e-32
324,2535,recipe: water-barrel,recipe,water-barrel,False,,True,True,1.5671076769337036e-31,3.8007943992435126e-32
325,2538,recipe: water-saline-barrel,recipe,water-saline-barrel,False,,True,True,1.5025908928395793e-31,3.644318213687487e-32
326,2362,recipe: latex-slab,recipe,latex-slab,False,,True,True,1.2971622759583364e-31,3.1460806337310709e-32
327,2357,recipe: kerosene-barrel,recipe,kerosene-barrel,False,,True,True,1.2561538271874822e-31,3.0466205361869752e-32
328,2184,recipe: calcium-carbide,recipe,calcium-carbide,False,,True,True,1.118107151094684e-31,2.7118081674834254e-32
329,2514,recipe: tar-refining-tops,recipe,tar-refining-tops,False,,True,True,1.0997424526816324e-31,2.6672672314012933e-32
330,2197,recipe: chitin-void,recipe,chitin-void,False,,True,True,1.0995601577289424e-31,2.6668251011983767e-32
331,2301,recipe: fill-heavy-oil-canister,recipe,fill-heavy-oil-canister,False,,True,True,1.0674394862843871e-31,2.5889210299444579e-32
332,2153,recipe: acidgas-barrel,recipe,acidgas-barrel,False,,True,True,9.2727799662020186e-32,2.248979484927191e-32
333,2503,recipe: tailings-barrel,recipe,tailings-barrel,False,,True,True,8.3686888090243159e-32,2.0297051710312756e-32
334,2490,recipe: steel-plate,recipe,steel-plate,False,,True,True,8.0065964325106065e-32,1.9418848701726321e-32
335,2333,recipe: graphite,recipe,graphite,False,,True,True,7.9864796484998987e-32,1.9370058333888741e-32
336,2189,recipe: carbolic-oil-creosote,recipe,carbolic-oil-creosote,False,,True,True,7.7813002961468444e-32,1.8872425309213761e-32
337,2188,recipe: carbolic-oil-barrel,recipe,carbolic-oil-barrel,False,,True,True,7.7812452473172005e-32,1.8872291796190709e-32
338,2149,recipe: Moss-2,recipe,Moss-2,False,,True,True,7.4043871100876958e-32,1.7958276557560849e-32
339,2148,recipe: Moss-1,recipe,Moss-1,False,,True,True,7.3312921402443613e-32,1.7780995215581198e-32
340,2356,recipe: kerogen-extraction,recipe,kerogen-extraction,False,,True,True,7.314539296678671e-32,1.7740363601727793e-32
341,2318,recipe: formic-acid-barrel,recipe,formic-acid-barrel,False,,True,True,6.4848509295802084e-32,1.5728073734731793e-32
342,2204,recipe: coal-gas,recipe,coal-gas,False,,True,True,6.3259460671391724e-32,1.5342672833397302e-32
343,2399,recipe: naphthalene-oil-creosote,recipe,naphthalene-oil-creosote,False,,True,True,5.8770240834071328e-32,1.4253877094227297e-32
344,2398,recipe: naphthalene-oil-barrel,recipe,naphthalene-oil-barrel,False,,True,True,5.8769912286266737e-32,1.4253797409680154e-32
345,2261,recipe: empty-methanal-barrel,recipe,empty-methanal-barrel,False,,True,True,5.7067224137066132e-32,1.3840834875171829e-32
346,2255,recipe: empty-hydrogen-barrel,recipe,empty-hydrogen-barrel,False,,True,True,5.7067214351104492e-32,1.3840832501727507e-32
347,2279,recipe: empty-slacked-lime-barrel,recipe,empty-slacked-lime-barrel,False,,True,True,5.706721008661333e-32,1.3840831467436478e-32
348,2241,recipe: empty-carbon-dioxide-barrel,recipe,empty-carbon-dioxide-barrel,False,,True,True,5.7067209445756102e-32,1.3840831312005769e-32
349,2248,recipe: empty-creosote-barrel,recipe,empty-creosote-barrel,False,,True,True,5.7067208725377748e-32,1.3840831137288354e-32
350,2234,recipe: empty-acidgas-barrel,recipe,empty-acidgas-barrel,False,,True,True,5.7067208263440355e-32,1.3840831025252081e-32
351,2267,recipe: empty-muddy-sludge-barrel,recipe,empty-muddy-sludge-barrel,False,,True,True,5.7067207874434121e-32,1.384083093090421e-32
352,2242,recipe: empty-chlorine-barrel,recipe,empty-chlorine-barrel,False,,True,True,5.7067207614257071e-32,1.3840830867802008e-32
353,2275,recipe: empty-pressured-air-barrel,recipe,empty-pressured-air-barrel,False,,True,True,5.7067207198915162e-32,1.3840830767066796e-32
354,2282,recipe: empty-tailings-barrel,recipe,empty-tailings-barrel,False,,True,True,5.7067206280821477e-32,1.3840830544396371e-32
355,2286,recipe: empty-water-barrel,recipe,empty-water-barrel,False,,True,True,5.7067205961684806e-32,1.3840830466994361e-32
356,2285,recipe: empty-vacuum-barrel,recipe,empty-vacuum-barrel,False,,True,True,5.706720595375731e-32,1.3840830465071659e-32
357,2249,recipe: empty-flue-gas-barrel,recipe,empty-flue-gas-barrel,False,,True,True,5.7067205935067809e-32,1.384083046053879e-32
358,2266,recipe: empty-molten-glass-barrel,recipe,empty-molten-glass-barrel,False,,True,True,5.7067205932818419e-32,1.3840830459993233e-32
359,2287,recipe: empty-water-saline-barrel,recipe,empty-water-saline-barrel,False,,True,True,5.7067205930727681e-32,1.3840830459486154e-32
360,2247,recipe: empty-creamy-latex-barrel,recipe,empty-creamy-latex-barrel,False,,True,True,5.7067205930368467e-32,1.3840830459399033e-32
361,2270,recipe: empty-oxygen-barrel,recipe,empty-oxygen-barrel,False,,True,True,5.7067205930225677e-32,1.38408304593644e-32
362,2250,recipe: empty-formic-acid-barrel,recipe,empty-formic-acid-barrel,False,,True,True,5.7067205930051796e-32,1.3840830459322227e-32
363,2276,recipe: empty-pressured-water-barrel,recipe,empty-pressured-water-barrel,False,,True,True,5.7067205929332054e-32,1.3840830459147664e-32
364,2381,recipe: middle-oil-barrel,recipe,middle-oil-barrel,False,,True,True,5.4965345013512618e-32,1.3331054308189959e-32
365,2305,recipe: fill-middle-oil-canister,recipe,fill-middle-oil-canister,False,,True,True,5.4965341855982389e-32,1.333105354237639e-32
366,2294,recipe: fill-acetylene-canister,recipe,fill-acetylene-canister,False,,True,True,4.9113760396879633e-32,1.1911836575741888e-32
367,2198,recipe: chloride-void-iron-oxide,recipe,chloride-void-iron-oxide,False,,True,True,4.7619098980679914e-32,1.1549327934946199e-32
368,2297,recipe: fill-carbolic-oil-canister,recipe,fill-carbolic-oil-canister,False,,True,True,4.513122148219965e-32,1.094592901083846e-32
369,2306,recipe: fill-naphthalene-oil-canister,recipe,fill-naphthalene-oil-canister,False,,True,True,3.9963539554411135e-32,9.692582044493312e-33
370,2200,recipe: chlorine-barrel,recipe,chlorine-barrel,False,,True,True,3.9682448849622527e-32,9.624407534715504e-33
371,2365,recipe: light-oil-aromatics,recipe,light-oil-aromatics,False,,True,True,3.8055414698973122e-32,9.2297937900322915e-33
372,2366,recipe: light-oil-barrel,recipe,light-oil-barrel,False,,True,True,3.8055254005456453e-32,9.2297548161297867e-33
373,2191,recipe: carbon-dioxide-barrel,recipe,carbon-dioxide-barrel,False,,True,True,3.6650482015152721e-32,8.8890475634279377e-33
374,2210,recipe: coke-co2,recipe,coke-co2,False,,True,True,3.1946019136221161e-32,7.7480477186260465e-33
375,2452,recipe: resistor1,recipe,resistor1,False,,True,True,3.1945923121624005e-32,7.7480244316657129e-33
376,2496,recipe: stopper,recipe,stopper,False,,True,True,3.1629124108581967e-32,7.6711893850266683e-33
377,2487,recipe: steam-pyvoid-gas,recipe,steam-pyvoid-gas,False,,True,True,3.057407721142873e-32,7.4153029263829655e-33
378,2164,recipe: aromatics-to-plastic,recipe,aromatics-to-plastic,False,,True,True,2.8929186845757354e-32,7.0163584134286156e-33
379,2137,logic-and: smart-farm-ore-bioreserve-recipe-bioreserve-super-1,logic-and,smart-farm-ore-bioreserve-recipe-bioreserve-super-1,False,,False,False,1.9453880577742134e-32,4.7182590853048626e-33
380,2311,recipe: firearm-magazine,recipe,firearm-magazine,False,,True,True,1.8253745492678226e-32,4.4271835723208554e-33
381,2302,recipe: fill-kerosene-canister,recipe,fill-kerosene-canister,False,,True,True,1.7586154735883965e-32,4.2652690308532812e-33
382,2195,recipe: ceramic,recipe,ceramic,False,,True,True,1.6108953570656045e-32,3.9069951229403282e-33
383,2501,recipe: syngas-barrel,recipe,syngas-barrel,False,,True,True,1.4464598824299896e-32,3.5081805167513793e-33
384,2225,recipe: distilled-raw-coal,recipe,distilled-raw-coal,False,,True,True,1.0652168149789265e-32,2.5835302602012558e-33
385,2303,recipe: fill-light-oil-canister,recipe,fill-light-oil-canister,False,,True,True,9.1332618599017915e-33,2.2151413738117802e-33
386,2536,recipe: water-from-oxygen-and-hydrogen,recipe,water-from-oxygen-and-hydrogen,False,,True,True,7.8779066678783773e-33,1.9106730176717758e-33
387,2309,recipe: fill-syngas-canister,recipe,fill-syngas-canister,False,,True,True,7.2322988756412848e-33,1.7540901282532258e-33
388,2455,recipe: sand-brick,recipe,sand-brick,False,,True,True,5.1879547642674496e-33,1.2582638514118262e-33
389,2219,recipe: creamy-latex-pyvoid-fluid,recipe,creamy-latex-pyvoid-fluid,False,,True,True,3.8356576827584605e-33,9.3028363351323494e-34
390,2467,recipe: shotgun-shell,recipe,shotgun-shell,False,,True,True,3.6507659909537644e-33,8.8544081147735796e-34
391,2511,recipe: tar-pyvoid-fluid,recipe,tar-pyvoid-fluid,False,,True,True,3.3169914184356017e-33,8.0448858691043062e-34
392,2344,recipe: hydrogen-barrel,recipe,hydrogen-barrel,False,,True,True,1.9512197264989e-33,4.7324029594963295e-34
393,2458,recipe: sap-extractor-mk01,recipe,sap-extractor-mk01,False,,True,True,1.9460082032415125e-33,4.7197631589901114e-34
394,2360,recipe: landfill,recipe,landfill,False,,True,True,1.6815901082052222e-33,4.0784550794846799e-34
395,2406,recipe: oxygen-pyvoid-gas,recipe,oxygen-pyvoid-gas,False,,True,True,1.385665216189553e-33,3.360731792996384e-34
396,2395,recipe: muddy-sludge-pyvoid-fluid,recipe,muddy-sludge-pyvoid-fluid,False,,True,True,1.3216497118146362e-33,3.2054713893405184e-34
397,2385,recipe: molten-glass-pyvoid-fluid,recipe,molten-glass-pyvoid-fluid,False,,True,True,1.2251800350184177e-33,2.97149805575228e-34
398,2515,recipe: tar-to-carbolic,recipe,tar-to-carbolic,False,,True,True,1.1033031590367073e-33,2.6759032128152824e-34
399,2465,recipe: seaweed-crop-mk01,recipe,seaweed-crop-mk01,False,,True,True,1.0060203058323502e-33,2.4399576367429171e-34
400,2391,recipe: moss-farm-mk01,recipe,moss-farm-mk01,False,,True,True,9.7333759733958255e-34,2.3606904254211802e-34
401,2456,recipe: sand-void-glass,recipe,sand-void-glass,False,,True,True,8.6464748136153499e-34,2.0970781732811079e-34
402,2208,recipe: coal-gas-pyvoid-gas,recipe,coal-gas-pyvoid-gas,False,,True,True,8.2129274877028659e-34,1.9919275016080929e-34
403,2469,recipe: slacked-lime-pyvoid-fluid,recipe,slacked-lime-pyvoid-fluid,False,,True,True,4.4635577605184694e-34,1.0825717713331206e-34
404,2361,recipe: latex,recipe,latex,False,,True,True,2.300707692602048e-34,5.5800357825113671e-35
405,2493,recipe: stone-furnace,recipe,stone-furnace,False,,True,True,1.829960406530997e-34,4.4383059098973698e-35
406,2213,recipe: condensates-pyvoid-fluid,recipe,condensates-pyvoid-fluid,False,,True,True,1.6435582258361919e-34,3.9862142158678695e-35
407,2193,recipe: cellulose-00,recipe,cellulose-00,False,,True,True,1.6093453723236497e-34,3.9032358577584605e-35
408,2156,recipe: agar,recipe,agar,False,,True,True,1.532981143745105e-34,3.7180253986713135e-35
409,2202,recipe: clay,recipe,clay,False,,True,True,1.5296071573388612e-34,3.7098422796522889e-35
410,2494,recipe: stone-to-gravel,recipe,stone-to-gravel,False,,True,True,1.4639646521232851e-34,3.5506358193381839e-35
411,2416,recipe: planter-box,recipe,planter-box,False,,True,True,1.147659170133381e-34,2.7834823415697854e-35
412,2222,recipe: creosote-pyvoid-fluid,recipe,creosote-pyvoid-fluid,False,,True,True,9.9713598861247618e-35,2.4184100024434848e-35
413,2509,recipe: tar-distilation,recipe,tar-distilation,False,,True,True,8.376972046850222e-35,2.0317141512947065e-35
414,2491,recipe: stone-brick,recipe,stone-brick,False,,True,True,7.3203945147364194e-35,1.7754564591441394e-35
415,2165,recipe: ash-separation,recipe,ash-separation,False,,True,True,5.8319074355104538e-35,1.4144453150255644e-35
416,2420,recipe: pressured-air-pyvoid-gas,recipe,pressured-air-pyvoid-gas,False,,True,True,4.9121884887660722e-35,1.1913807054191581e-35
417,2513,recipe: tar-refining,recipe,tar-refining,False,,True,True,3.9322963855386118e-35,9.5372196169471938e-36
418,2463,recipe: scrude-refining,recipe,scrude-refining,False,,True,True,3.2850140263179162e-35,7.9673293012613591e-36
419,2396,recipe: muddy-sludge-void-electrolyzer,recipe,muddy-sludge-void-electrolyzer,False,,True,True,3.0010437310899201e-35,7.2786001708126193e-36
420,2325,recipe: gasoline-pyvoid-fluid,recipe,gasoline-pyvoid-fluid,False,,True,True,2.1081998734011878e-35,5.1131357399687469e-36
421,1865,entity-mine: smelter-mk01,entity-mine,smelter-mk01,False,,True,False,1.3595945772984094e-35,3.2975012060107839e-36
422,2218,recipe: creamy-latex-barrel,recipe,creamy-latex-barrel,False,,True,True,9.5903926471569928e-36,2.3260118750220711e-36
423,2508,recipe: tar-barrel,recipe,tar-barrel,False,,True,True,8.2936718944743625e-36,2.0115108967726055e-36
424,2310,recipe: fill-tar-canister,recipe,fill-tar-canister,False,,True,True,8.2905479980255077e-36,2.0107532405948338e-36
425,1803,entity-mine: glassworks-mk01,entity-mine,glassworks-mk01,False,,True,False,7.912219808303432e-36,1.9189951766317258e-36
426,2445,recipe: rc-mk01,recipe,rc-mk01,False,,True,True,7.5888957928358606e-36,1.8405775844510415e-36
427,2312,recipe: flask,recipe,flask,False,,True,True,6.1353097001741848e-36,1.4880311729232213e-36
428,2405,recipe: oxygen-barrel,recipe,oxygen-barrel,False,,True,True,3.4676696850968075e-36,8.4103343449449746e-37
429,2394,recipe: muddy-sludge-barrel,recipe,muddy-sludge-barrel,False,,True,True,3.3052090307583484e-36,8.0163093815070761e-37
430,2271,recipe: empty-petri-dish,recipe,empty-petri-dish,False,,True,True,3.0642900997673818e-36,7.4319951463972845e-37
431,2383,recipe: molten-glass,recipe,molten-glass,False,,True,True,3.0642900971334811e-36,7.4319951400091363e-37
432,2384,recipe: molten-glass-barrel,recipe,molten-glass-barrel,False,,True,True,3.064034838767803e-36,7.4313760475364818e-37
433,2407,recipe: pcb-factory-mk01,recipe,pcb-factory-mk01,False,,True,True,2.9267227314459137e-36,7.0983452697927777e-37
434,2388,recipe: moondrop-greenhouse-mk01,recipe,moondrop-greenhouse-mk01,False,,True,True,2.1645365728673762e-36,5.2497723061439069e-37
435,2209,recipe: coal-gas-void,recipe,coal-gas-void,False,,True,True,2.1280411175253612e-36,5.1612578254202956e-37
436,2205,recipe: coal-gas-barrel,recipe,coal-gas-barrel,False,,True,True,2.0567385146802441e-36,4.9883236119427164e-37
437,2298,recipe: fill-coal-gas-canister,recipe,fill-coal-gas-canister,False,,True,True,2.0536214995033388e-36,4.9807637397009323e-37
438,2196,recipe: chipshooter-mk01,recipe,chipshooter-mk01,False,,True,True,2.0406409753309635e-36,4.9492813442664693e-37
439,2451,recipe: research-center-mk01,recipe,research-center-mk01,False,,True,True,1.7304553171943084e-36,4.1969706195316707e-37
440,2449,recipe: reformer-mk01,recipe,reformer-mk01,False,,True,True,1.695237585094822e-36,4.1115550728605601e-37
441,2471,recipe: slaughterhouse-mk01,recipe,slaughterhouse-mk01,False,,True,True,1.6594646971144985e-36,4.0247930754039351e-37
442,2462,recipe: scrude-pyvoid-fluid,recipe,scrude-pyvoid-fluid,False,,True,True,1.6417020089277374e-36,3.9817122285869195e-37
443,2423,recipe: pressured-water-pyvoid-fluid,recipe,pressured-water-pyvoid-fluid,False,,True,True,1.6241942754873016e-36,3.9392497378574631e-37
444,2167,recipe: automated-screener-mk01,recipe,automated-screener-mk01,False,,True,True,1.5650779248041803e-36,3.7958715272294851e-37
445,2163,recipe: aromatics-pyvoid-fluid,recipe,aromatics-pyvoid-fluid,False,,True,True,1.5527114130583769e-36,3.7658783306716088e-37
446,2476,recipe: smelter-mk01,recipe,smelter-mk01,False,,True,True,1.3553902175891049e-36,3.2873041359110463e-37
447,2470,recipe: slacked-lime-void,recipe,slacked-lime-void,False,,True,True,1.3354758831122476e-36,3.2390047803157745e-37
448,2376,recipe: methanal-pyvoid-fluid,recipe,methanal-pyvoid-fluid,False,,True,True,1.3083244522087044e-36,3.1731528876675581e-37
449,1818,entity-mine: olefin-plant,entity-mine,olefin-plant,False,,True,False,1.1341662813504778e-36,2.7507572794247138e-37
450,2468,recipe: slacked-lime-barrel,recipe,slacked-lime-barrel,False,,True,True,1.1174194000649938e-36,2.7101401262248726e-37
451,2223,recipe: data-array,recipe,data-array,False,,True,True,1.0988771884672791e-36,2.6651686574307957e-37
452,2483,recipe: solid-separator,recipe,solid-separator,False,,True,True,9.5437202455264227e-37,2.3146921549206542e-37
453,2431,recipe: py-sinkhole,recipe,py-sinkhole,False,,True,True,8.8562253555033304e-37,2.1479501520596184e-37
454,2231,recipe: electronics-factory-mk01,recipe,electronics-factory-mk01,False,,True,True,8.0784468840920301e-37,1.9593111643560755e-37
455,2329,recipe: glassworks-mk01,recipe,glassworks-mk01,False,,True,True,7.3721565555204215e-37,1.7880105980588434e-37
456,2203,recipe: clay-pit-mk01,recipe,clay-pit-mk01,False,,True,True,7.1018534449493463e-37,1.7224524641872228e-37
457,2207,recipe: coal-gas-from-wood,recipe,coal-gas-from-wood,False,,True,True,7.0398640366042488e-37,1.7074178242886121e-37
458,2527,recipe: vacuum-pyvoid-gas,recipe,vacuum-pyvoid-gas,False,,True,True,6.888950277930427e-37,1.6708158615020745e-37
459,2533,recipe: vrauks-paddock-mk01,recipe,vrauks-paddock-mk01,False,,True,True,6.8568544100325897e-37,1.6630314701203888e-37
460,2178,recipe: botanical-nursery,recipe,botanical-nursery,False,,True,True,6.8369342226693024e-37,1.6582001150273932e-37
461,2155,recipe: advanced-foundry-mk01,recipe,advanced-foundry-mk01,False,,True,True,6.4938745110245842e-37,1.5749959134388574e-37
462,2346,recipe: incubator-mk01,recipe,incubator-mk01,False,,True,True,6.441274701530008e-37,1.5622385857662982e-37
463,2480,recipe: soil-extractor-mk01,recipe,soil-extractor-mk01,False,,True,True,6.2508192603017229e-37,1.5160463562864255e-37
464,2506,recipe: tailings-pond,recipe,tailings-pond,False,,True,True,6.1611707683596327e-37,1.4943034032596861e-37
465,2443,recipe: quenching-tower,recipe,quenching-tower,False,,True,True,6.0396699787756126e-37,1.4648351333155179e-37
466,2404,recipe: outpost-fluid,recipe,outpost-fluid,False,,True,True,6.0358411491796705e-37,1.4639065057363083e-37
467,1894,entity-mine: vacuum-pump-mk01,entity-mine,vacuum-pump-mk01,False,,True,False,6.0306853161496051e-37,1.4626560325497785e-37
468,2403,recipe: outpost,recipe,outpost,False,,True,True,6.0282803849525424e-37,1.4620727510587296e-37
469,2174,recipe: biofactory-mk01,recipe,biofactory-mk01,False,,True,True,5.9246317051499231e-37,1.4369342537186105e-37
470,2170,recipe: barrel-machine-mk01,recipe,barrel-machine-mk01,False,,True,True,5.6193966144510976e-37,1.3629038702129492e-37
471,1773,entity-mine: boiler,entity-mine,boiler,False,,True,False,5.4135611173229139e-37,1.3129814292623008e-37
472,2355,recipe: jaw-crusher,recipe,jaw-crusher,False,,True,True,5.2602545369272469e-37,1.275799121963855e-37
473,2337,recipe: gun-turret,recipe,gun-turret,False,,True,True,5.1369146173811272e-37,1.2458847974848058e-37
474,2380,recipe: micro-mine-mk01,recipe,micro-mine-mk01,False,,True,True,5.1207291727586705e-37,1.2419592505568075e-37
475,2342,recipe: hpf,recipe,hpf,False,,True,True,4.9355107862790239e-37,1.1970371934237453e-37
476,2520,recipe: treated-wood,recipe,treated-wood,False,,True,True,4.9027044761406958e-37,1.1890804944892101e-37
477,2224,recipe: distilator,recipe,distilator,False,,True,True,4.8874075644868917e-37,1.1853704484601292e-37
478,2322,recipe: fwf-mk01,recipe,fwf-mk01,False,,True,True,4.7235650910415358e-37,1.1456328117555609e-37
479,2288,recipe: engine-unit,recipe,engine-unit,False,,True,True,4.7218237658276334e-37,1.1452104783564157e-37
480,2543,recipe: wpu-mk01,recipe,wpu-mk01,False,,True,True,4.7035854959647967e-37,1.1407870481756511e-37
481,1789,entity-mine: distilator,entity-mine,distilator,False,,True,False,4.6900886249701287e-37,1.1375135761329246e-37
482,2379,recipe: methane-pyvoid-gas,recipe,methane-pyvoid-gas,False,,True,True,4.6364052171018725e-37,1.1244934372515167e-37
483,2534,recipe: washer,recipe,washer,False,,True,True,4.6216844634754684e-37,1.1209231300697309e-37
484,2526,recipe: vacuum-pump-mk01,recipe,vacuum-pump-mk01,False,,True,True,4.503713634584418e-37,1.0923110013485859e-37
485,2220,recipe: creature-chamber-mk01,recipe,creature-chamber-mk01,False,,True,True,4.4492271385919955e-37,1.079096084987024e-37
486,2313,recipe: flora-collector-mk01,recipe,flora-collector-mk01,False,,True,True,4.1817382427752676e-37,1.0142204984498353e-37
487,2212,recipe: condensates-barrel,recipe,condensates-barrel,False,,True,True,4.1197430768080603e-37,9.991844621227476e-38
488,2316,recipe: fluid-drill-mk01,recipe,fluid-drill-mk01,False,,True,True,4.0908526044428732e-37,9.921774933500619e-38
489,2299,recipe: fill-condensates-canister,recipe,fill-condensates-canister,False,,True,True,4.0897963624485065e-37,9.9192131703776859e-38
490,1775,entity-mine: borax-mine,entity-mine,borax-mine,False,,True,False,4.0214313406811694e-37,9.75340363752805e-38
491,1800,entity-mine: gasifier,entity-mine,gasifier,False,,True,False,3.9953243049815913e-37,9.6900847753156196e-38
492,1872,entity-mine: stone-furnace,entity-mine,stone-furnace,False,,True,False,3.9633781827691384e-37,9.6126040481327775e-38
493,2466,recipe: shotgun,recipe,shotgun,False,,True,True,3.8311755002702427e-37,9.2919654458192813e-38
494,2510,recipe: tar-processing-unit,recipe,tar-processing-unit,False,,True,True,3.800225763150459e-37,9.2169013074487125e-38
495,2327,recipe: genlab-mk01,recipe,genlab-mk01,False,,True,True,3.6906595739954868e-37,8.9511642657532094e-38
496,1768,entity-mine: automated-screener-mk01,entity-mine,automated-screener-mk01,False,,True,False,3.6407515329490511e-37,8.8301194864578482e-38
497,2427,recipe: py-gas-vent,recipe,py-gas-vent,False,,True,True,3.5825986347004254e-37,8.6890779912138008e-38
498,2530,recipe: vrauks-1,recipe,vrauks-1,False,,True,True,3.4668501876879823e-37,8.4083467717823235e-38
499,2323,recipe: gasifier,recipe,gasifier,False,,True,True,3.4346979115468411e-37,8.330366047879999e-38
500,1772,entity-mine: biofactory-mk01,entity-mine,biofactory-mk01,False,,True,False,3.4214086083037399e-37,8.2981347531963693e-38
501,2424,recipe: pulp-mill-mk01,recipe,pulp-mill-mk01,False,,True,True,3.3339875711051013e-37,8.0861075942134069e-38
502,2498,recipe: submachine-gun,recipe,submachine-gun,False,,True,True,3.1688487978109317e-37,7.6855872382270594e-38
503,1797,entity-mine: fluid-drill-mk01,entity-mine,fluid-drill-mk01,False,,True,False,3.1426373016158567e-37,7.6220150220989598e-38
504,2186,recipe: car,recipe,car,False,,True,True,3.0439019952958511e-37,7.3825467297841965e-38
505,1830,entity-mine: pcb-factory-mk01,entity-mine,pcb-factory-mk01,False,,True,False,2.8816663395260961e-37,6.9890674680312283e-38
506,2441,recipe: py-tank-9000,recipe,py-tank-9000,False,,True,True,2.6229805429200569e-37,6.3616622543525546e-38
507,2364,recipe: light-armor,recipe,light-armor,False,,True,True,2.5802659148380631e-37,6.2580640641519456e-38
508,2486,recipe: steam-engine,recipe,steam-engine,False,,True,True,2.5340357886467992e-37,6.1459395386388788e-38
509,2221,recipe: creosote-barrel,recipe,creosote-barrel,False,,True,True,2.5046710949883131e-37,6.074719695334265e-38
510,1861,entity-mine: seaweed-crop-mk01,entity-mine,seaweed-crop-mk01,False,,True,False,2.4468676013149492e-37,5.9345256306607344e-38
511,2402,recipe: olefin-plant,recipe,olefin-plant,False,,True,True,2.2818583545909318e-37,5.5343194227508954e-38
512,2289,recipe: evaporator,recipe,evaporator,False,,True,True,2.2351933375074499e-37,5.421140131894161e-38
513,1859,entity-mine: sap-extractor-mk01,entity-mine,sap-extractor-mk01,False,,True,False,2.2090741911750723e-37,5.357791897082774e-38
514,1782,entity-mine: clay-pit-mk01,entity-mine,clay-pit-mk01,False,,True,False,2.2069073191778643e-37,5.3525364605406081e-38
515,2444,recipe: radar,recipe,radar,False,,True,True,2.1253859696417682e-37,5.1548181459051844e-38
516,1769,entity-mine: barrel-machine-mk01,entity-mine,barrel-machine-mk01,False,,True,False,2.1112942184004039e-37,5.1206406289533757e-38
517,1856,entity-mine: reformer-mk01,entity-mine,reformer-mk01,False,,True,False,2.0910532930696222e-37,5.0715491741892274e-38
518,2428,recipe: py-local-radar,recipe,py-local-radar,False,,True,True,2.0688931042181401e-37,5.0178028216490536e-38
519,2166,recipe: assembling-machine-1,recipe,assembling-machine-1,False,,True,True,1.9355624774158365e-37,4.6944285525692262e-38
520,1866,entity-mine: soil-extractor-mk01,entity-mine,soil-extractor-mk01,False,,True,False,1.9266394115315404e-37,4.6727869389543449e-38
521,2177,recipe: borax-mine,recipe,borax-mine,False,,True,True,1.8617201848654007e-37,4.5153346867908695e-38
522,2453,recipe: retorter,recipe,retorter,False,,True,True,1.7928073758956304e-37,4.3481965748259429e-38
523,1858,entity-mine: retorter,entity-mine,retorter,False,,True,False,1.7735127602286117e-37,4.3014002581195812e-38
524,2397,recipe: multiblade-turbine-mk01,recipe,multiblade-turbine-mk01,False,,True,True,1.5871606798870024e-37,3.8494300752948497e-38
525,1896,entity-mine: washer,entity-mine,washer,False,,True,False,1.5600632526006148e-37,3.7837091606570441e-38
526,2523,recipe: underground-belt,recipe,underground-belt,False,,True,True,1.4932762621789546e-37,3.6217269159949147e-38
527,1069,__pr_graph_lp_or_to_or_and__: 4007:item: coke --> energy-source-burner: jerry__chemical__biomass_2_1,,,True,item: coke --> energy-source-burner: jerry__chemical__biomass_2_1,False,False,1.4586269485806546e-37,3.5376899866884786e-38
528,1082,__pr_graph_lp_or_to_or_and__: 4020:item: coke --> energy-source-burner: chemical__jerry__biomass__nuke_2_1,,,True,item: coke --> energy-source-burner: chemical__jerry__biomass__nuke_2_1,False,False,1.4586261888608465e-37,3.5376881440972938e-38
529,985,__pr_graph_lp_or_to_or_and__: 3923:item: coke --> energy-source-burner: chemical__biomass__jerry_2_1,,,True,item: coke --> energy-source-burner: chemical__biomass__jerry_2_1,False,False,1.4586260708984658e-37,3.5376878579964966e-38
530,1013,__pr_graph_lp_or_to_or_and__: 3951:item: coke --> energy-source-burner: chemical__biomass__jerry__nuke_2_1,,,True,item: coke --> energy-source-burner: chemical__biomass__jerry__nuke_2_1,False,False,1.4586255529618706e-37,3.5376866018157379e-38
531,1068,__pr_graph_lp_or_to_or_and__: 4006:item: coal --> energy-source-burner: jerry__chemical__biomass_2_1,,,True,item: coal --> energy-source-burner: jerry__chemical__biomass_2_1,False,False,1.4424955909121354e-37,3.4985656975402892e-38
532,1081,__pr_graph_lp_or_to_or_and__: 4019:item: coal --> energy-source-burner: chemical__jerry__biomass__nuke_2_1,,,True,item: coal --> energy-source-burner: chemical__jerry__biomass__nuke_2_1,False,False,1.4424948311923273e-37,3.4985638549491043e-38
533,984,__pr_graph_lp_or_to_or_and__: 3922:item: coal --> energy-source-burner: chemical__biomass__jerry_2_1,,,True,item: coal --> energy-source-burner: chemical__biomass__jerry_2_1,False,False,1.4424947132299466e-37,3.4985635688483071e-38
534,1012,__pr_graph_lp_or_to_or_and__: 3950:item: coal --> energy-source-burner: chemical__biomass__jerry__nuke_2_1,,,True,item: coal --> energy-source-burner: chemical__biomass__jerry__nuke_2_1,False,False,1.4424941952933515e-37,3.4985623126675484e-38
535,1073,__pr_graph_lp_or_to_or_and__: 4011:item: kerogen --> energy-source-burner: jerry__chemical__biomass_2_1,,,True,item: kerogen --> energy-source-burner: jerry__chemical__biomass_2_1,False,False,1.4413059412516499e-37,3.4956803733004882e-38
536,1086,__pr_graph_lp_or_to_or_and__: 4024:item: kerogen --> energy-source-burner: chemical__jerry__biomass__nuke_2_1,,,True,item: kerogen --> energy-source-burner: chemical__jerry__biomass__nuke_2_1,False,False,1.4413051815318418e-37,3.4956785307093029e-38
537,989,__pr_graph_lp_or_to_or_and__: 3927:item: kerogen --> energy-source-burner: chemical__biomass__jerry_2_1,,,True,item: kerogen --> energy-source-burner: chemical__biomass__jerry_2_1,False,False,1.4413050635694611e-37,3.4956782446085057e-38
538,1017,__pr_graph_lp_or_to_or_and__: 3955:item: kerogen --> energy-source-burner: chemical__biomass__jerry__nuke_2_1,,,True,item: kerogen --> energy-source-burner: chemical__biomass__jerry__nuke_2_1,False,False,1.4413045456328659e-37,3.4956769884277475e-38
539,1071,__pr_graph_lp_or_to_or_and__: 4009:item: gunpowder --> energy-source-burner: jerry__chemical__biomass_2_1,,,True,item: gunpowder --> energy-source-burner: jerry__chemical__biomass_2_1,False,False,1.431244465098035e-37,3.4712777092234368e-38
540,1084,__pr_graph_lp_or_to_or_and__: 4022:item: gunpowder --> energy-source-burner: chemical__jerry__biomass__nuke_2_1,,,True,item: gunpowder --> energy-source-burner: chemical__jerry__biomass__nuke_2_1,False,False,1.4312437053782269e-37,3.4712758666322514e-38
541,987,__pr_graph_lp_or_to_or_and__: 3925:item: gunpowder --> energy-source-burner: chemical__biomass__jerry_2_1,,,True,item: gunpowder --> energy-source-burner: chemical__biomass__jerry_2_1,False,False,1.4312435874158462e-37,3.4712755805314542e-38
542,1015,__pr_graph_lp_or_to_or_and__: 3953:item: gunpowder --> energy-source-burner: chemical__biomass__jerry__nuke_2_1,,,True,item: gunpowder --> energy-source-burner: chemical__biomass__jerry__nuke_2_1,False,False,1.431243069479251e-37,3.471274324350696e-38
543,1072,__pr_graph_lp_or_to_or_and__: 4010:item: raw-coal --> energy-source-burner: jerry__chemical__biomass_2_1,,,True,item: raw-coal --> energy-source-burner: jerry__chemical__biomass_2_1,False,False,1.4302315178195994e-37,3.4688209512103946e-38
544,1085,__pr_graph_lp_or_to_or_and__: 4023:item: raw-coal --> energy-source-burner: chemical__jerry__biomass__nuke_2_1,,,True,item: raw-coal --> energy-source-burner: chemical__jerry__biomass__nuke_2_1,False,False,1.4302307580997913e-37,3.4688191086192093e-38
545,988,__pr_graph_lp_or_to_or_and__: 3926:item: raw-coal --> energy-source-burner: chemical__biomass__jerry_2_1,,,True,item: raw-coal --> energy-source-burner: chemical__biomass__jerry_2_1,False,False,1.4302306401374106e-37,3.468818822518412e-38
546,1016,__pr_graph_lp_or_to_or_and__: 3954:item: raw-coal --> energy-source-burner: chemical__biomass__jerry__nuke_2_1,,,True,item: raw-coal --> energy-source-burner: chemical__biomass__jerry__nuke_2_1,False,False,1.4302301222008154e-37,3.4688175663376534e-38
547,1078,__pr_graph_lp_or_to_or_and__: 4016:item: cellulose --> energy-source-burner: jerry__chemical__biomass_2_1,,,True,item: cellulose --> energy-source-burner: jerry__chemical__biomass_2_1,False,False,1.4266810346559076e-37,3.4602097646775249e-38
548,1074,__pr_graph_lp_or_to_or_and__: 4012:item: wood --> energy-source-burner: jerry__chemical__biomass_2_1,,,True,item: wood --> energy-source-burner: jerry__chemical__biomass_2_1,False,False,1.426681030160953e-37,3.4602097537756586e-38
549,1075,__pr_graph_lp_or_to_or_and__: 4013:item: log --> energy-source-burner: jerry__chemical__biomass_2_1,,,True,item: log --> energy-source-burner: jerry__chemical__biomass_2_1,False,False,1.4266810299906855e-37,3.4602097533626992e-38
550,1077,__pr_graph_lp_or_to_or_and__: 4015:item: raw-fiber --> energy-source-burner: jerry__chemical__biomass_2_1,,,True,item: raw-fiber --> energy-source-burner: jerry__chemical__biomass_2_1,False,False,1.4266810299892767e-37,3.4602097533592826e-38
551,1070,__pr_graph_lp_or_to_or_and__: 4008:item: coal-dust --> energy-source-burner: jerry__chemical__biomass_2_1,,,True,item: coal-dust --> energy-source-burner: jerry__chemical__biomass_2_1,False,False,1.4266810299892711e-37,3.4602097533592685e-38
552,1076,__pr_graph_lp_or_to_or_and__: 4014:item: treated-wood --> energy-source-burner: jerry__chemical__biomass_2_1,,,True,item: treated-wood --> energy-source-burner: jerry__chemical__biomass_2_1,False,False,1.4266810299892694e-37,3.4602097533592648e-38
553,1108,__pr_graph_lp_or_to_or_and__: 4046:item: cellulose --> energy-source-burner: chemical__jerry__biomass__nuke_2_1,,,True,item: cellulose --> energy-source-burner: chemical__jerry__biomass__nuke_2_1,False,False,1.4266802749360995e-37,3.4602079220863396e-38
554,1104,__pr_graph_lp_or_to_or_and__: 4042:item: wood --> energy-source-burner: chemical__jerry__biomass__nuke_2_1,,,True,item: wood --> energy-source-burner: chemical__jerry__biomass__nuke_2_1,False,False,1.4266802704411449e-37,3.4602079111844732e-38
555,1105,__pr_graph_lp_or_to_or_and__: 4043:item: log --> energy-source-burner: chemical__jerry__biomass__nuke_2_1,,,True,item: log --> energy-source-burner: chemical__jerry__biomass__nuke_2_1,False,False,1.4266802702708774e-37,3.4602079107715144e-38
556,1107,__pr_graph_lp_or_to_or_and__: 4045:item: raw-fiber --> energy-source-burner: chemical__jerry__biomass__nuke_2_1,,,True,item: raw-fiber --> energy-source-burner: chemical__jerry__biomass__nuke_2_1,False,False,1.4266802702694688e-37,3.4602079107680977e-38
557,1083,__pr_graph_lp_or_to_or_and__: 4021:item: coal-dust --> energy-source-burner: chemical__jerry__biomass__nuke_2_1,,,True,item: coal-dust --> energy-source-burner: chemical__jerry__biomass__nuke_2_1,False,False,1.426680270269463e-37,3.4602079107680836e-38
558,1106,__pr_graph_lp_or_to_or_and__: 4044:item: treated-wood --> energy-source-burner: chemical__jerry__biomass__nuke_2_1,,,True,item: treated-wood --> energy-source-burner: chemical__jerry__biomass__nuke_2_1,False,False,1.4266802702694613e-37,3.4602079107680794e-38
559,994,__pr_graph_lp_or_to_or_and__: 3932:item: cellulose --> energy-source-burner: chemical__biomass__jerry_2_1,,,True,item: cellulose --> energy-source-burner: chemical__biomass__jerry_2_1,False,False,1.4266801569737188e-37,3.4602076359855424e-38
560,990,__pr_graph_lp_or_to_or_and__: 3928:item: wood --> energy-source-burner: chemical__biomass__jerry_2_1,,,True,item: wood --> energy-source-burner: chemical__biomass__jerry_2_1,False,False,1.4266801524787642e-37,3.460207625083676e-38
561,991,__pr_graph_lp_or_to_or_and__: 3929:item: log --> energy-source-burner: chemical__biomass__jerry_2_1,,,True,item: log --> energy-source-burner: chemical__biomass__jerry_2_1,False,False,1.4266801523084967e-37,3.4602076246707166e-38
562,993,__pr_graph_lp_or_to_or_and__: 3931:item: raw-fiber --> energy-source-burner: chemical__biomass__jerry_2_1,,,True,item: raw-fiber --> energy-source-burner: chemical__biomass__jerry_2_1,False,False,1.4266801523070879e-37,3.4602076246673e-38
563,986,__pr_graph_lp_or_to_or_and__: 3924:item: coal-dust --> energy-source-burner: chemical__biomass__jerry_2_1,,,True,item: coal-dust --> energy-source-burner: chemical__biomass__jerry_2_1,False,False,1.4266801523070823e-37,3.4602076246672864e-38
564,992,__pr_graph_lp_or_to_or_and__: 3930:item: treated-wood --> energy-source-burner: chemical__biomass__jerry_2_1,,,True,item: treated-wood --> energy-source-burner: chemical__biomass__jerry_2_1,False,False,1.4266801523070806e-37,3.4602076246672822e-38
565,1022,__pr_graph_lp_or_to_or_and__: 3960:item: cellulose --> energy-source-burner: chemical__biomass__jerry__nuke_2_1,,,True,item: cellulose --> energy-source-burner: chemical__biomass__jerry__nuke_2_1,False,False,1.4266796390371234e-37,3.4602063798047832e-38
566,1018,__pr_graph_lp_or_to_or_and__: 3956:item: wood --> energy-source-burner: chemical__biomass__jerry__nuke_2_1,,,True,item: wood --> energy-source-burner: chemical__biomass__jerry__nuke_2_1,False,False,1.4266796345421688e-37,3.4602063689029173e-38
567,1019,__pr_graph_lp_or_to_or_and__: 3957:item: log --> energy-source-burner: chemical__biomass__jerry__nuke_2_1,,,True,item: log --> energy-source-burner: chemical__biomass__jerry__nuke_2_1,False,False,1.4266796343719013e-37,3.4602063684899579e-38
568,1021,__pr_graph_lp_or_to_or_and__: 3959:item: raw-fiber --> energy-source-burner: chemical__biomass__jerry__nuke_2_1,,,True,item: raw-fiber --> energy-source-burner: chemical__biomass__jerry__nuke_2_1,False,False,1.4266796343704927e-37,3.4602063684865413e-38
569,1014,__pr_graph_lp_or_to_or_and__: 3952:item: coal-dust --> energy-source-burner: chemical__biomass__jerry__nuke_2_1,,,True,item: coal-dust --> energy-source-burner: chemical__biomass__jerry__nuke_2_1,False,False,1.4266796343704869e-37,3.4602063684865272e-38
570,1020,__pr_graph_lp_or_to_or_and__: 3958:item: treated-wood --> energy-source-burner: chemical__biomass__jerry__nuke_2_1,,,True,item: treated-wood --> energy-source-burner: chemical__biomass__jerry__nuke_2_1,False,False,1.4266796343704852e-37,3.460206368486523e-38
571,1766,entity-mine: advanced-foundry-mk01,entity-mine,advanced-foundry-mk01,False,,True,False,1.3872248836656969e-37,3.364514542258138e-38
572,2229,recipe: electrolyzer-mk01,recipe,electrolyzer-mk01,False,,True,True,1.3359323359214986e-37,3.2401118409896872e-38
573,2419,recipe: pressured-air-barrel,recipe,pressured-air-barrel,False,,True,True,1.2635978110801572e-37,3.0646748490486785e-38
574,2350,recipe: iron-chest,recipe,iron-chest,False,,True,True,1.1914491886419286e-37,2.8896887366630167e-38
575,2359,recipe: lab,recipe,lab,False,,True,True,1.1564644278074438e-37,2.8048382283056329e-38
576,1815,entity-mine: moss-farm-mk01,entity-mine,moss-farm-mk01,False,,True,False,1.1472481716089669e-37,2.7824855237297074e-38
577,1784,entity-mine: creature-chamber-mk01,entity-mine,creature-chamber-mk01,False,,True,False,1.0496295733062326e-37,2.5457256461844636e-38
578,2528,recipe: vacuum-tube,recipe,vacuum-tube,False,,True,True,1.0292567754633842e-37,2.496314353598923e-38
579,2412,recipe: pipe-to-ground,recipe,pipe-to-ground,False,,True,True,1.0016746871726607e-37,2.4294179633649437e-38
580,2180,recipe: burner-inserter,recipe,burner-inserter,False,,True,True,9.7480393757463979e-38,2.3642468228754359e-38
581,1802,entity-mine: genlab-mk01,entity-mine,genlab-mk01,False,,True,False,8.4375668863866527e-38,2.046410558575651e-38
582,1852,entity-mine: quenching-tower,entity-mine,quenching-tower,False,,True,False,8.3148102743998021e-38,2.0166377069600776e-38
583,2435,recipe: py-tank-3000,recipe,py-tank-3000,False,,True,True,8.2652131131487733e-38,2.0046086284560315e-38
584,2181,recipe: burner-mining-drill,recipe,burner-mining-drill,False,,True,True,7.9897326761684077e-38,1.9377948084877164e-38
585,2485,recipe: splitter,recipe,splitter,False,,True,True,7.61349361583617e-38,1.8465434328269545e-38
586,2228,recipe: earth-generic-sample,recipe,earth-generic-sample,False,,True,True,7.4049871030752187e-38,1.7959731754303311e-38
587,2440,recipe: py-tank-8000,recipe,py-tank-8000,False,,True,True,7.395631535192972e-38,1.7937041169264406e-38
588,1853,entity-mine: radar,entity-mine,radar,False,,True,False,7.1680899796526966e-38,1.7385171835317405e-38
589,2433,recipe: py-tank-10000,recipe,py-tank-10000,False,,True,True,6.7270365060335069e-38,1.6315460036330646e-38
590,2370,recipe: log1,recipe,log1,False,,True,True,6.4792103070733264e-38,1.5714393215678786e-38
591,2439,recipe: py-tank-7000,recipe,py-tank-7000,False,,True,True,6.4162291183532791e-38,1.5561641395961309e-38
592,2434,recipe: py-tank-1500,recipe,py-tank-1500,False,,True,True,6.4162288731441913e-38,1.5561640801241915e-38
593,2544,recipe: zinc-plate-1,recipe,zinc-plate-1,False,,True,True,5.5885330584569038e-38,1.3554183583690536e-38
594,2321,recipe: full-render-vrauks,recipe,full-render-vrauks,False,,True,True,5.5723144786404052e-38,1.3514847749760574e-38
595,2437,recipe: py-tank-5000,recipe,py-tank-5000,False,,True,True,5.5179701112448565e-38,1.3383043298625738e-38
596,2436,recipe: py-tank-4000,recipe,py-tank-4000,False,,True,True,5.4277124677127135e-38,1.3164136358741991e-38
597,2324,recipe: gasoline-barrel,recipe,gasoline-barrel,False,,True,True,5.3809163679212585e-38,1.305063914562016e-38
598,2438,recipe: py-tank-6500,recipe,py-tank-6500,False,,True,True,5.3664712104693616e-38,1.3015604492706719e-38
599,2408,recipe: pcb1,recipe,pcb1,False,,True,True,4.9040570782939589e-38,1.1894085486978772e-38
600,2374,recipe: methanal,recipe,methanal,False,,True,True,4.8359805250814153e-38,1.1728975593141537e-38
601,2518,recipe: titanium-plate-1,recipe,titanium-plate-1,False,,True,True,4.651218797701666e-38,1.1280862582813138e-38
602,2387,recipe: moondrop-codex,recipe,moondrop-codex,False,,True,True,4.5308165207586813e-38,1.0988844167871493e-38
603,2497,recipe: storage-tank,recipe,storage-tank,False,,True,True,4.3820622476974018e-38,1.0628062061934066e-38
604,1796,entity-mine: flora-collector-mk01,entity-mine,flora-collector-mk01,False,,True,False,4.2879710216305235e-38,1.0399857318688414e-38
605,2432,recipe: py-tank-1000,recipe,py-tank-1000,False,,True,True,4.2780077840362852e-38,1.0375692918115374e-38
606,2516,recipe: tin-plate-1,recipe,tin-plate-1,False,,True,True,4.2093982337632848e-38,1.0209290316526134e-38
607,2349,recipe: inserter,recipe,inserter,False,,True,True,3.8757532852796278e-38,9.4000824553191465e-39
608,2529,recipe: vrauks,recipe,vrauks,False,,True,True,3.6401942717178677e-38,8.8287679294477113e-39
609,1812,entity-mine: lab,entity-mine,lab,False,,True,False,3.4394316737566383e-38,8.3418471076432637e-39
610,2474,recipe: small-lamp,recipe,small-lamp,False,,True,True,3.3902044123946633e-38,8.2224534616107288e-39
611,2274,recipe: empty-planter-box,recipe,empty-planter-box,False,,True,True,3.3050730631545228e-38,8.015979611629291e-39
612,2532,recipe: vrauks-codex,recipe,vrauks-codex,False,,True,True,3.1521538741601722e-38,7.6450961008013521e-39
613,2401,recipe: offshore-pump,recipe,offshore-pump,False,,True,True,3.0842289449451775e-38,7.4803539491742774e-39
614,2351,recipe: iron-gear-wheel,recipe,iron-gear-wheel,False,,True,True,2.9955795619172844e-38,7.2653476139567248e-39
615,1835,entity-mine: pump,entity-mine,pump,False,,True,False,2.894778029737875e-38,7.0208679878391937e-39
616,2521,recipe: tree,recipe,tree,False,,True,True,2.7790118932182089e-38,6.7400938650508071e-39
617,2168,recipe: automation-science-pack,recipe,automation-science-pack,False,,True,True,2.6765239214193721e-38,6.4915240220614382e-39
618,2519,recipe: transport-belt,recipe,transport-belt,False,,True,True,2.6556072723263474e-38,6.4407936964470138e-39
619,1776,entity-mine: botanical-nursery,entity-mine,botanical-nursery,False,,True,False,2.4726341637109276e-38,5.9970187238181981e-39
620,2450,recipe: repair-pack,recipe,repair-pack,False,,True,True,2.4484190686583184e-38,5.9382884916792098e-39
621,2457,recipe: sap-01,recipe,sap-01,False,,True,True,2.3769321661988222e-38,5.7649072859799572e-39
622,2495,recipe: stone-wall,recipe,stone-wall,False,,True,True,2.2307300745337551e-38,5.4103151291438945e-39
623,2227,recipe: duralumin-1,recipe,duralumin-1,False,,True,True,2.0961079000369731e-38,5.0838083967906216e-39
624,1838,entity-mine: py-local-radar,entity-mine,py-local-radar,False,,True,False,1.8286794513724818e-38,4.4351991372972293e-39
625,2179,recipe: bricks-to-stone,recipe,bricks-to-stone,False,,True,True,1.7664898818374441e-38,4.2843672761180213e-39
626,2429,recipe: py-overflow-valve,recipe,py-overflow-valve,False,,True,True,1.7434655200003397e-38,4.2285249962257732e-39
627,2442,recipe: py-underflow-valve,recipe,py-underflow-valve,False,,True,True,1.7434651841143632e-38,4.2285241815826205e-39
628,2426,recipe: py-check-valve,recipe,py-check-valve,False,,True,True,1.6166991394044943e-38,3.9210713627117029e-39
629,2354,recipe: iron-stick,recipe,iron-stick,False,,True,True,1.509113794669034e-38,3.6601385744100611e-39
630,2411,recipe: pipe,recipe,pipe,False,,True,True,1.5090986177517507e-38,3.6601017649788669e-39
631,2182,recipe: cage,recipe,cage,False,,True,True,1.3931970619175913e-38,3.3789992021096539e-39
632,2300,recipe: fill-gasoline-canister,recipe,fill-gasoline-canister,False,,True,True,1.0830191315483399e-38,2.6267072199638291e-39
633,2175,recipe: boiler,recipe,boiler,False,,True,True,1.0474531374875203e-38,2.5404470139680353e-39
634,2172,recipe: bio-container,recipe,bio-container,False,,True,True,1.0446900118260063e-38,2.5337454498743432e-39
635,2488,recipe: steel-chest,recipe,steel-chest,False,,True,True,1.0111538403762116e-38,2.4524082868353271e-39
636,2214,recipe: copper-cable,recipe,copper-cable,False,,True,True,1.0039048824262016e-38,2.4348269813626495e-39
637,1807,entity-mine: incubator-mk01,entity-mine,incubator-mk01,False,,True,False,9.8420405513971641e-39,2.3870454567660444e-39
638,2292,recipe: fawogae-substrate,recipe,fawogae-substrate,False,,True,True,9.2872221269987277e-39,2.2524822234228964e-39
639,2215,recipe: copper-plate,recipe,copper-plate,False,,True,True,7.1098483421116824e-39,1.724391511567591e-39
640,2363,recipe: lead-plate-1,recipe,lead-plate-1,False,,True,True,7.0265027840438671e-39,1.7041772445476115e-39
641,2353,recipe: iron-plate,recipe,iron-plate,False,,True,True,7.0163744799424992e-39,1.7017207699818284e-39
642,2320,recipe: formica,recipe,formica,False,,True,True,5.8893905860847584e-39,1.428387026879161e-39
643,2482,recipe: solder-0,recipe,solder-0,False,,True,True,5.8791371272665659e-39,1.4259001978359064e-39
644,2326,recipe: gate,recipe,gate,False,,True,True,5.232769566806066e-39,1.2691330375564094e-39
645,2525,recipe: vacuum-barrel,recipe,vacuum-barrel,False,,True,True,5.2288800125009173e-39,1.2681896820718974e-39
646,2461,recipe: scrude-barrel,recipe,scrude-barrel,False,,True,True,5.18900623882417e-39,1.2585188714506502e-39
647,2422,recipe: pressured-water-barrel,recipe,pressured-water-barrel,False,,True,True,5.1452367932199912e-39,1.2479032216035471e-39
648,2489,recipe: steel-from-barrels,recipe,steel-from-barrels,False,,True,True,4.9786965030657976e-39,1.2075112682372674e-39
649,2162,recipe: aromatics-barrel,recipe,aromatics-barrel,False,,True,True,4.9665288370443297e-39,1.2045601757535174e-39
650,2425,recipe: pump,recipe,pump,False,,True,True,4.7034820434765783e-39,1.1407619572617596e-39
651,2377,recipe: methane-barrel,recipe,methane-barrel,False,,True,True,4.6657459272003719e-39,1.1316096047142662e-39
652,2531,recipe: vrauks-cocoon-1,recipe,vrauks-cocoon-1,False,,True,True,4.4795039651434303e-39,1.0864392940387928e-39
653,2375,recipe: methanal-barrel,recipe,methanal-barrel,False,,True,True,4.355561840803201e-39,1.0563789134436044e-39
654,2373,recipe: low-grade-smelting-iron,recipe,low-grade-smelting-iron,False,,True,True,4.2126052361301052e-39,1.0217068439761433e-39
655,2157,recipe: aluminium-plate-1,recipe,aluminium-plate-1,False,,True,True,4.2093984778573299e-39,1.0209290908541152e-39
656,2226,recipe: dried-meat-01,recipe,dried-meat-01,False,,True,True,3.5457123216830903e-39,8.5996155413843496e-40
657,2459,recipe: sap-seeds,recipe,sap-seeds,False,,True,True,3.396134310744879e-39,8.2368355776384435e-40
658,1041,__pr_graph_lp_or_to_or_and__: 3979:item: coke --> energy-source-burner: chemical_2_1,,,True,item: coke --> energy-source-burner: chemical_2_1,False,False,3.1945990747777088e-39,7.7480408334170195e-40
659,1110,__pr_graph_lp_or_to_or_and__: 4048:item: coke --> energy-source-burner: chemical__biomass__nuke_2_1,,,True,item: coke --> energy-source-burner: chemical__biomass__nuke_2_1,False,False,3.1945952325628534e-39,7.7480315146772048e-40
660,721,__pr_graph_lp_or_to_or_and__: 1781:item: coke --> fuel-category: chemical__1,,,True,item: coke --> fuel-category: chemical__1,False,False,3.194593212689981e-39,7.7480266157659096e-40
661,2392,recipe: moss-gen,recipe,moss-gen,False,,True,True,2.8338071925170617e-39,6.872991986695809e-40
662,2390,recipe: moondrop-seeds,recipe,moondrop-seeds,False,,True,True,2.6712403474296002e-39,6.4787094728610875e-40
663,581,__pr_graph_lp_or_to_or_and__: 1195:item: pipe --> entity-build-item: pipe,,,True,item: pipe --> entity-build-item: pipe,False,False,2.5618132418738406e-39,6.2133097584422582e-40
664,2352,recipe: iron-oxide-smelting,recipe,iron-oxide-smelting,False,,True,True,2.4858996815788209e-39,6.0291923304933987e-40
665,2256,recipe: empty-jerry-can,recipe,empty-jerry-can,False,,True,True,2.4823659905152203e-39,6.0206218707854425e-40
666,2541,recipe: wood-seeds,recipe,wood-seeds,False,,True,True,2.4340261423033628e-39,5.9033805177831993e-40
667,2173,recipe: bio-sample,recipe,bio-sample,False,,True,True,2.3607998209826322e-39,5.7257806016768516e-40
668,2409,recipe: petri-dish,recipe,petri-dish,False,,True,True,2.2617722236950093e-39,5.4856033996368537e-40
669,2308,recipe: fill-scrude-canister,recipe,fill-scrude-canister,False,,True,True,2.068486924074358e-39,5.0168176900985579e-40
670,2230,recipe: electronic-circuit,recipe,electronic-circuit,False,,True,True,2.0250109414617618e-39,4.9113729439284106e-40
671,2304,recipe: fill-methane-canister,recipe,fill-methane-canister,False,,True,True,1.9410752467634533e-39,4.7077989821632796e-40
672,2296,recipe: fill-aromatics-canister,recipe,fill-aromatics-canister,False,,True,True,1.9283471249646411e-39,4.6769287524031453e-40
673,2169,recipe: barrel,recipe,barrel,False,,True,True,1.7192661331288674e-39,4.1698328620220875e-40
674,1040,__pr_graph_lp_or_to_or_and__: 3978:item: coal --> energy-source-burner: chemical_2_1,,,True,item: coal --> energy-source-burner: chemical_2_1,False,False,1.5814633079258038e-39,3.8356119185981123e-40
675,1109,__pr_graph_lp_or_to_or_and__: 4047:item: coal --> energy-source-burner: chemical__biomass__nuke_2_1,,,True,item: coal --> energy-source-burner: chemical__biomass__nuke_2_1,False,False,1.5814594657109487e-39,3.8356025998582984e-40
676,720,__pr_graph_lp_or_to_or_and__: 1780:item: coal --> fuel-category: chemical__1,,,True,item: coal --> fuel-category: chemical__1,False,False,1.5814574458380761e-39,3.8355977009470016e-40
677,583,__pr_graph_lp_or_to_or_and__: 1203:item: pump --> entity-build-item: pump,,,True,item: pump --> entity-build-item: pump,False,False,1.4818503539365418e-39,3.5940150180231009e-40
678,1045,__pr_graph_lp_or_to_or_and__: 3983:item: kerogen --> energy-source-burner: chemical_2_1,,,True,item: kerogen --> energy-source-burner: chemical_2_1,False,False,1.4624983418772372e-39,3.54707949461796e-40
679,1114,__pr_graph_lp_or_to_or_and__: 4052:item: kerogen --> energy-source-burner: chemical__biomass__nuke_2_1,,,True,item: kerogen --> energy-source-burner: chemical__biomass__nuke_2_1,False,False,1.4624944996623823e-39,3.5470701758781462e-40
680,725,__pr_graph_lp_or_to_or_and__: 1785:item: kerogen --> fuel-category: chemical__1,,,True,item: kerogen --> fuel-category: chemical__1,False,False,1.4624924797895092e-39,3.5470652769668489e-40
681,2216,recipe: copper-plate-4,recipe,copper-plate-4,False,,True,True,1.4065225237817508e-39,3.4113181943308715e-40
682,2473,recipe: small-electric-pole-2,recipe,small-electric-pole-2,False,,True,True,9.047902423661913e-40,2.1944386695905923e-40
683,593,__pr_graph_lp_or_to_or_and__: 1372:item: py-tank-4000 --> entity-build-item: py-tank-4000,,,True,item: py-tank-4000 --> entity-build-item: py-tank-4000,False,False,7.5606106267056846e-40,1.8337174240044027e-40
684,571,__pr_graph_lp_or_to_or_and__: 1155:fluid: steam --> entity-operate-fluid: steam-turbine,,,True,fluid: steam --> entity-operate-fluid: steam-turbine,False,False,6.5468696329265923e-40,1.5878491184532375e-40
685,569,__pr_graph_lp_or_to_or_and__: 1150:item: steam-engine --> entity-build-item: steam-engine,,,True,item: steam-engine --> entity-build-item: steam-engine,False,False,5.5947724093781605e-40,1.3569316232445615e-40
686,2176,recipe: bolts,recipe,bolts,False,,True,True,5.4573631840041774e-40,1.3236049908827242e-40
687,1043,__pr_graph_lp_or_to_or_and__: 3981:item: gunpowder --> energy-source-burner: chemical_2_1,,,True,item: gunpowder --> energy-source-burner: chemical_2_1,False,False,4.5635072651575025e-40,1.1068130869128205e-40
688,1112,__pr_graph_lp_or_to_or_and__: 4050:item: gunpowder --> energy-source-burner: chemical__biomass__nuke_2_1,,,True,item: gunpowder --> energy-source-burner: chemical__biomass__nuke_2_1,False,False,4.5634688430089522e-40,1.1068037681730066e-40
689,723,__pr_graph_lp_or_to_or_and__: 1783:item: gunpowder --> fuel-category: chemical__1,,,True,item: gunpowder --> fuel-category: chemical__1,False,False,4.5634486442802238e-40,1.1067988692617094e-40
690,2347,recipe: inductor1,recipe,inductor1,False,,True,True,4.5510528971318982e-40,1.103792458979298e-40
691,2348,recipe: inductor1-2,recipe,inductor1-2,False,,True,True,4.5399646905577472e-40,1.1011031738673042e-40
692,692,__pr_graph_lp_or_to_or_and__: 1711:fluid-craft-temperature: methanal: 10 --> fluid-create-temperature: methanal: 10,,,True,fluid-craft-temperature: methanal: 10 --> fluid-create-temperature: methanal: 10,False,False,3.6399393683514257e-40,8.8281496979746729e-41
693,1044,__pr_graph_lp_or_to_or_and__: 3982:item: raw-coal --> energy-source-burner: chemical_2_1,,,True,item: raw-coal --> energy-source-burner: chemical_2_1,False,False,3.5505599867217919e-40,8.6113728560856318e-41
694,1113,__pr_graph_lp_or_to_or_and__: 4051:item: raw-coal --> energy-source-burner: chemical__biomass__nuke_2_1,,,True,item: raw-coal --> energy-source-burner: chemical__biomass__nuke_2_1,False,False,3.550521564573242e-40,8.6112796686874941e-41
695,724,__pr_graph_lp_or_to_or_and__: 1784:item: raw-coal --> fuel-category: chemical__1,,,True,item: raw-coal --> fuel-category: chemical__1,False,False,3.5505013658445132e-40,8.6112306795745216e-41
696,2293,recipe: fiber-01,recipe,fiber-01,False,,True,True,3.5419010555350318e-40,8.5903718632103565e-41
697,2194,recipe: cellulose-02,recipe,cellulose-02,False,,True,True,3.5137361608031401e-40,8.5220619597315379e-41
698,2338,recipe: hazard-concrete,recipe,hazard-concrete,False,,True,True,3.4960616271503858e-40,8.4791949190645739e-41
699,2417,recipe: poorman-wood-fence,recipe,poorman-wood-fence,False,,True,True,3.2919560795659812e-40,7.9841662534969082e-41
700,2542,recipe: wooden-chest,recipe,wooden-chest,False,,True,True,2.9505239559825936e-40,7.1560717184891151e-41
701,2185,recipe: capacitor1,recipe,capacitor1,False,,True,True,2.8484419893559288e-40,6.9084865826817531e-41
702,557,__pr_graph_lp_or_to_or_and__: 1095:fluid: water --> entity-operate-fluid: oil-boiler-mk01,,,True,fluid: water --> entity-operate-fluid: oil-boiler-mk01,False,False,2.7659283532434332e-40,6.7083616195961071e-41
703,2517,recipe: tinned-cable,recipe,tinned-cable,False,,True,True,2.5401166605852076e-40,6.1606878194023565e-41
704,2522,recipe: uncaged-vrauks,recipe,uncaged-vrauks,False,,True,True,2.4991609831313379e-40,6.0613557111017497e-41
705,2484,recipe: soot-separation,recipe,soot-separation,False,,True,True,2.3413552728609073e-40,5.6786206453543356e-41
706,2472,recipe: small-electric-pole,recipe,small-electric-pole,False,,True,True,2.2680079144309747e-40,5.5007271711386598e-41
707,2183,recipe: caged-vrauks,recipe,caged-vrauks,False,,True,True,2.2619827480749805e-40,5.4861139962576706e-41
708,2446,recipe: recipe-unknown,recipe,recipe-unknown,False,,True,True,2.2617722236950093e-40,5.4856033996368529e-41
709,573,__pr_graph_lp_or_to_or_and__: 1161:item: burner-inserter --> entity-build-item: burner-inserter,,,True,item: burner-inserter --> entity-build-item: burner-inserter,False,False,1.7528953164950701e-40,4.2513956120939219e-41
710,570,__pr_graph_lp_or_to_or_and__: 1153:fluid: steam --> entity-operate-fluid: steam-engine,,,True,fluid: steam --> entity-operate-fluid: steam-engine,False,False,1.6440289339581293e-40,3.9873558507535072e-41
711,1663,__pr_graph_lp_or_to_or_and__: 980:item: electronics-factory-mk01 --> entity-build-item: electronics-factory-mk01,,,True,item: electronics-factory-mk01 --> entity-build-item: electronics-factory-mk01,False,False,1.5766954820744662e-40,3.8240482423689264e-41
712,1640,__pr_graph_lp_or_to_or_and__: 888:item: distilator --> entity-build-item: distilator,,,True,item: distilator --> entity-build-item: distilator,False,False,1.5766900144075192e-40,3.8240349813287215e-41
713,556,__pr_graph_lp_or_to_or_and__: 1094:fluid: water --> entity-operate-fluid: heat-exchanger,,,True,fluid: water --> entity-operate-fluid: heat-exchanger,False,False,1.3838580030750632e-40,3.3563486573734173e-41
714,2448,recipe: refined-hazard-concrete,recipe,refined-hazard-concrete,False,,True,True,1.1668307755852098e-40,2.8299803146818778e-41
715,1825,entity-mine: ore-tin,entity-mine,ore-tin,False,,True,False,1.0932186678460899e-40,2.6514447290743847e-41
716,2475,recipe: small-parts-01,recipe,small-parts-01,False,,True,True,9.0696303748057555e-41,2.1997084718020228e-41
717,2328,recipe: glass-1,recipe,glass-1,False,,True,True,6.7502549025838946e-41,1.6371772919527543e-41
718,2369,recipe: log-wood,recipe,log-wood,False,,True,True,6.0793722886593372e-41,1.474464357858553e-41
719,2332,recipe: grade-2-copper,recipe,grade-2-copper,False,,True,True,5.7933107014552944e-41,1.4050842320071351e-41
720,2335,recipe: gravel-to-sand,recipe,gravel-to-sand,False,,True,True,5.5924851062885667e-41,1.3563768707600793e-41
721,623,__pr_graph_lp_or_to_or_and__: 1540:fluid-craft-temperature: acidgas: 15 --> fluid-create-temperature: acidgas: 15,,,True,fluid-craft-temperature: acidgas: 15 --> fluid-create-temperature: acidgas: 15,False,False,4.6654317680197406e-41,1.1315334099210309e-41
722,1363,__pr_graph_lp_or_to_or_and__: 4636:fluid-temperature: methanal: 10 --> fluid-temperature-range: methanal: nil: nil:noncoproduct-route,,,True,fluid-temperature: methanal: 10 --> fluid-temperature-range: methanal: nil: nil,False,False,3.5805185693935334e-41,8.6840330918205664e-42
723,576,__pr_graph_lp_or_to_or_and__: 1173:item: burner-mining-drill --> entity-build-item: burner-mining-drill,,,True,item: burner-mining-drill --> entity-build-item: burner-mining-drill,False,False,3.4966114362694173e-41,8.4805284020479236e-42
724,680,__pr_graph_lp_or_to_or_and__: 1684:fluid-craft-temperature: chlorine: 15 --> fluid-create-temperature: chlorine: 15,,,True,fluid-craft-temperature: chlorine: 15 --> fluid-create-temperature: chlorine: 15,False,False,3.3660247292179746e-41,8.1638091158863418e-42
725,2460,recipe: sap-tree,recipe,sap-tree,False,,True,True,3.2816458073440595e-41,7.9591601703205229e-42
726,1289,__pr_graph_lp_or_to_or_and__: 4537:fluid-temperature: heavy-oil: 25 --> fluid-temperature-range: heavy-oil: 25: 25:noncoproduct-route,,,True,fluid-temperature: heavy-oil: 25 --> fluid-temperature-range: heavy-oil: 25: 25,False,False,2.625354831993721e-41,6.3674207511975348e-42
727,1287,__pr_graph_lp_or_to_or_and__: 4535:fluid-temperature: heavy-oil: 25 --> fluid: heavy-oil:noncoproduct-route,,,True,fluid-temperature: heavy-oil: 25 --> fluid: heavy-oil,False,False,2.6252911137818175e-41,6.3672662118340328e-42
728,1326,__pr_graph_lp_or_to_or_and__: 4587:fluid-temperature: slacked-lime: 10 --> fluid: slacked-lime:noncoproduct-route,,,True,fluid-temperature: slacked-lime: 10 --> fluid: slacked-lime,False,False,2.5961536293369118e-41,6.2965974318157166e-42
729,1328,__pr_graph_lp_or_to_or_and__: 4589:fluid-temperature: slacked-lime: 10 --> fluid-temperature-range: slacked-lime: 10: 10:noncoproduct-route,,,True,fluid-temperature: slacked-lime: 10 --> fluid-temperature-range: slacked-lime: 10: 10,False,False,2.5961035191989319e-41,6.2964758968793603e-42
730,1844,entity-mine: py-tank-3000,entity-mine,py-tank-3000,False,,True,False,2.5955929638515331e-41,6.2952376182763908e-42
731,1842,entity-mine: py-tank-10000,entity-mine,py-tank-10000,False,,True,False,2.5939849823823348e-41,6.2913376903696025e-42
732,1849,entity-mine: py-tank-8000,entity-mine,py-tank-8000,False,,True,False,2.5817885073070009e-41,6.2617568933132397e-42
733,1848,entity-mine: py-tank-7000,entity-mine,py-tank-7000,False,,True,False,2.5770605295077974e-41,6.250289862806363e-42
734,1845,entity-mine: py-tank-4000,entity-mine,py-tank-4000,False,,True,False,2.5627519039224727e-41,6.2155863483088875e-42
735,1850,entity-mine: py-tank-9000,entity-mine,py-tank-9000,False,,True,False,2.561469712481951e-41,6.2124765772844551e-42
736,1846,entity-mine: py-tank-5000,entity-mine,py-tank-5000,False,,True,False,2.56128353947073e-41,6.2120250414080417e-42
737,1841,entity-mine: py-tank-1000,entity-mine,py-tank-1000,False,,True,False,2.5612812841554034e-41,6.2120195714649184e-42
738,1843,entity-mine: py-tank-1500,entity-mine,py-tank-1500,False,,True,False,2.5612489233272786e-41,6.2119410849281578e-42
739,1847,entity-mine: py-tank-6500,entity-mine,py-tank-6500,False,,True,False,2.5612111641862654e-41,6.2118495055594936e-42
740,668,__pr_graph_lp_or_to_or_and__: 1655:fluid-craft-temperature: pressured-air: 15 --> fluid-create-temperature: pressured-air: 15,,,True,fluid-craft-temperature: pressured-air: 15 --> fluid-create-temperature: pressured-air: 15,False,False,2.5414630602804058e-41,6.1639533183185927e-42
741,1360,__pr_graph_lp_or_to_or_and__: 4632:fluid-temperature: methane: 15 --> fluid-temperature-range: methane: nil: nil:noncoproduct-route,,,True,fluid-temperature: methane: 15 --> fluid-temperature-range: methane: nil: nil,False,False,2.3400099075237621e-41,5.6753576551248686e-42
742,602,__pr_graph_lp_or_to_or_and__: 1408:item: transport-belt --> entity-build-item: transport-belt,,,True,item: transport-belt --> entity-build-item: transport-belt,False,False,2.2717978913973693e-41,5.5099192154628375e-42
743,1657,__pr_graph_lp_or_to_or_and__: 957:item: genlab-mk01 --> entity-build-item: genlab-mk01,,,True,item: genlab-mk01 --> entity-build-item: genlab-mk01,False,False,1.9863503531661343e-41,4.8176072444628874e-42
744,1822,entity-mine: ore-lead,entity-mine,ore-lead,False,,True,False,1.9461260414285858e-41,4.7200489585736606e-42
745,1301,__pr_graph_lp_or_to_or_and__: 4553:fluid-temperature: coal-gas: 15 --> fluid-temperature-range: coal-gas: 15: 15:noncoproduct-route,,,True,fluid-temperature: coal-gas: 15 --> fluid-temperature-range: coal-gas: 15: 15,False,False,1.8547060934748683e-41,4.4983230163962218e-42
746,1299,__pr_graph_lp_or_to_or_and__: 4551:fluid-temperature: coal-gas: 15 --> fluid: coal-gas:noncoproduct-route,,,True,fluid-temperature: coal-gas: 15 --> fluid: coal-gas,False,False,1.8544718589292943e-41,4.4977549141770628e-42
747,1362,__pr_graph_lp_or_to_or_and__: 4635:fluid-temperature: methanal: 10 --> fluid: methanal:noncoproduct-route,,,True,fluid-temperature: methanal: 10 --> fluid: methanal,False,False,1.7902592846967667e-41,4.3420165459102832e-42
748,1364,__pr_graph_lp_or_to_or_and__: 4637:fluid-temperature: methanal: 10 --> fluid-temperature-range: methanal: 10: 10:noncoproduct-route,,,True,fluid-temperature: methanal: 10 --> fluid-temperature-range: methanal: 10: 10,False,False,1.7902592846967667e-41,4.3420165459102832e-42
749,2430,recipe: py-science-pack-1,recipe,py-science-pack-1,False,,True,True,1.6521850918137039e-41,4.0071374391874751e-42
750,1302,__pr_graph_lp_or_to_or_and__: 4555:fluid-temperature: creosote: 10 --> fluid: creosote:noncoproduct-route,,,True,fluid-temperature: creosote: 10 --> fluid: creosote,False,False,1.5679554612623359e-41,3.8028505782639208e-42
751,1304,__pr_graph_lp_or_to_or_and__: 4557:fluid-temperature: creosote: 10 --> fluid-temperature-range: creosote: 10: 10:noncoproduct-route,,,True,fluid-temperature: creosote: 10 --> fluid-temperature-range: creosote: 10: 10,False,False,1.5679554612623359e-41,3.8028505782639208e-42
752,1359,__pr_graph_lp_or_to_or_and__: 4631:fluid-temperature: methane: 15 --> fluid: methane:noncoproduct-route,,,True,fluid-temperature: methane: 15 --> fluid: methane,False,False,1.1703010855021712e-41,2.8383970525296781e-42
753,1361,__pr_graph_lp_or_to_or_and__: 4633:fluid-temperature: methane: 15 --> fluid-temperature-range: methane: 15: 15:noncoproduct-route,,,True,fluid-temperature: methane: 15 --> fluid-temperature-range: methane: 15: 15,False,False,1.1701600976468112e-41,2.8380551067534553e-42
754,1324,__pr_graph_lp_or_to_or_and__: 4584:fluid-temperature: aromatics: 10 --> fluid-temperature-range: aromatics: nil: nil:noncoproduct-route,,,True,fluid-temperature: aromatics: 10 --> fluid-temperature-range: aromatics: nil: nil,False,False,1.1366489608968072e-41,2.756778661780053e-42
755,1641,__pr_graph_lp_or_to_or_and__: 892:item: gasifier --> entity-build-item: gasifier,,,True,item: gasifier --> entity-build-item: gasifier,False,False,1.1073532375303853e-41,2.6857260960043866e-42
756,1379,__pr_graph_lp_or_to_or_and__: 4657:fluid-temperature: naphthalene-oil: 10 --> fluid-temperature-range: naphthalene-oil: 10: 10:noncoproduct-route,,,True,fluid-temperature: naphthalene-oil: 10 --> fluid-temperature-range: naphthalene-oil: 10: 10,False,False,1.007250204548139e-41,2.4429405792805692e-42
757,1377,__pr_graph_lp_or_to_or_and__: 4655:fluid-temperature: naphthalene-oil: 10 --> fluid: naphthalene-oil:noncoproduct-route,,,True,fluid-temperature: naphthalene-oil: 10 --> fluid: naphthalene-oil,False,False,1.0072053810093743e-41,2.4428318662306629e-42
758,1794,entity-mine: evaporator,entity-mine,evaporator,False,,True,False,8.6893928323692914e-42,2.1074873217849159e-42
759,1811,entity-mine: jaw-crusher,entity-mine,jaw-crusher,False,,True,False,8.6485737153727573e-42,2.0975872317307305e-42
760,1876,entity-mine: tar-processing-unit,entity-mine,tar-processing-unit,False,,True,False,8.605913631430256e-42,2.0872406416076333e-42
761,1647,__pr_graph_lp_or_to_or_and__: 916:item: soil-extractor-mk01 --> entity-build-item: soil-extractor-mk01,,,True,item: soil-extractor-mk01 --> entity-build-item: soil-extractor-mk01,False,False,8.6027263284759534e-42,2.0864676070934315e-42
762,1867,entity-mine: solid-separator,entity-mine,solid-separator,False,,True,False,8.5822233455836311e-42,2.0814949033225328e-42
763,1179,__pr_graph_lp_or_to_or_and__: 4281:entity-operate: character --> resource-category: basic-solid__0__0:noncoproduct-route,,,True,entity-operate: character --> resource-category: basic-solid__0__0,False,False,8.5500141212935371e-42,2.0736830189773996e-42
764,1851,entity-mine: py-underflow-valve,entity-mine,py-underflow-valve,False,,True,False,8.5388825439419153e-42,2.0709832149067835e-42
765,1834,entity-mine: pulp-mill-mk01,entity-mine,pulp-mill-mk01,False,,True,False,8.5383630948252004e-42,2.0708572299905866e-42
766,1839,entity-mine: py-overflow-valve,entity-mine,py-overflow-valve,False,,True,False,8.5382323749383052e-42,2.0708255257611136e-42
767,1898,entity-mine: wpu-mk01,entity-mine,wpu-mk01,False,,True,False,8.5379502773552602e-42,2.0707571070474887e-42
768,1840,entity-mine: py-sinkhole,entity-mine,py-sinkhole,False,,True,False,8.5366236753559203e-42,2.0704353588024044e-42
769,1792,entity-mine: electrolyzer-mk01,entity-mine,electrolyzer-mk01,False,,True,False,8.5356470739521378e-42,2.0701984981705265e-42
770,1837,entity-mine: py-gas-vent,entity-mine,py-gas-vent,False,,True,False,8.5338423992382095e-42,2.0697608002607967e-42
771,1836,entity-mine: py-check-valve,entity-mine,py-check-valve,False,,True,False,8.5334145586158031e-42,2.0696570336680254e-42
772,1370,__pr_graph_lp_or_to_or_and__: 4645:fluid-temperature: condensates: 10 --> fluid-temperature-range: condensates: 10: 10:noncoproduct-route,,,True,fluid-temperature: condensates: 10 --> fluid-temperature-range: condensates: 10: 10,False,False,8.4987026567172328e-42,2.0612381608448557e-42
773,1368,__pr_graph_lp_or_to_or_and__: 4643:fluid-temperature: condensates: 10 --> fluid: condensates:noncoproduct-route,,,True,fluid-temperature: condensates: 10 --> fluid: condensates,False,False,8.498244077497316e-42,2.0611269390471247e-42
774,524,__pr_graph_lp_or_to_or_and__: 1022:item: micro-mine-mk01 --> entity-build-item: micro-mine-mk01,,,True,item: micro-mine-mk01 --> entity-build-item: micro-mine-mk01,False,False,8.3538060712847134e-42,2.0260955769313495e-42
775,1826,entity-mine: ore-titanium,entity-mine,ore-titanium,False,,True,False,7.8868789636714173e-42,1.9128491190399517e-42
776,1385,__pr_graph_lp_or_to_or_and__: 4665:fluid-temperature: middle-oil: 10 --> fluid-temperature-range: middle-oil: 10: 10:noncoproduct-route,,,True,fluid-temperature: middle-oil: 10 --> fluid-temperature-range: middle-oil: 10: 10,False,False,7.6667424008032194e-42,1.8594581601713631e-42
777,1383,__pr_graph_lp_or_to_or_and__: 4663:fluid-temperature: middle-oil: 10 --> fluid: middle-oil:noncoproduct-route,,,True,fluid-temperature: middle-oil: 10 --> fluid: middle-oil,False,False,7.6646581357366425e-42,1.8589526516406997e-42
778,801,__pr_graph_lp_or_to_or_and__: 1958:item-craft: barrel --> item: barrel,,,True,item-craft: barrel --> item: barrel,False,False,7.0272411736962522e-42,1.7043563303434731e-42
779,2410,recipe: petri-dish-bacteria,recipe,petri-dish-bacteria,False,,True,True,7.0199465002932526e-42,1.7025871121702408e-42
780,1373,__pr_graph_lp_or_to_or_and__: 4649:fluid-temperature: anthracene-oil: 10 --> fluid-temperature-range: anthracene-oil: 10: 10:noncoproduct-route,,,True,fluid-temperature: anthracene-oil: 10 --> fluid-temperature-range: anthracene-oil: 10: 10,False,False,6.7629344512179698e-42,1.6402525342058984e-42
781,1371,__pr_graph_lp_or_to_or_and__: 4647:fluid-temperature: anthracene-oil: 10 --> fluid: anthracene-oil:noncoproduct-route,,,True,fluid-temperature: anthracene-oil: 10 --> fluid: anthracene-oil,False,False,6.737738713975826e-42,1.6341416703256237e-42
782,1325,__pr_graph_lp_or_to_or_and__: 4585:fluid-temperature: aromatics: 10 --> fluid-temperature-range: aromatics: 10: 10:noncoproduct-route,,,True,fluid-temperature: aromatics: 10 --> fluid-temperature-range: aromatics: 10: 10,False,False,5.6832448044840361e-42,1.3783893308900265e-42
783,1323,__pr_graph_lp_or_to_or_and__: 4583:fluid-temperature: aromatics: 10 --> fluid: aromatics:noncoproduct-route,,,True,fluid-temperature: aromatics: 10 --> fluid: aromatics,False,False,5.6224323020845335e-42,1.3636401326105397e-42
784,1770,entity-mine: big-rock,entity-mine,big-rock,False,,True,False,5.5641216285501017e-42,1.3494977169585766e-42
785,1878,entity-mine: tree-01,entity-mine,tree-01,False,,True,False,5.0815968587772555e-42,1.2324682703262069e-42
786,1890,entity-mine: tree-09,entity-mine,tree-09,False,,True,False,5.0725229332115161e-42,1.2302675201175871e-42
787,1891,entity-mine: tree-09-brown,entity-mine,tree-09-brown,False,,True,False,5.0691857144009598e-42,1.2294581256674858e-42
788,1883,entity-mine: tree-05,entity-mine,tree-05,False,,True,False,5.0645260017232251e-42,1.2283279793407018e-42
789,1884,entity-mine: tree-06,entity-mine,tree-06,False,,True,False,5.0638560056353084e-42,1.228165481420747e-42
790,1885,entity-mine: tree-06-brown,entity-mine,tree-06-brown,False,,True,False,5.0605639238124748e-42,1.2273670342981752e-42
791,1879,entity-mine: tree-02,entity-mine,tree-02,False,,True,False,5.0593387094055456e-42,1.2270698761561872e-42
792,1889,entity-mine: tree-08-red,entity-mine,tree-08-red,False,,True,False,5.0589498859209612e-42,1.2269755726093246e-42
793,1887,entity-mine: tree-08,entity-mine,tree-08,False,,True,False,5.0519162842203221e-42,1.2252696736246036e-42
794,1892,entity-mine: tree-09-red,entity-mine,tree-09-red,False,,True,False,5.0519162842203221e-42,1.2252696736246036e-42
795,1882,entity-mine: tree-04,entity-mine,tree-04,False,,True,False,5.0514191538427123e-42,1.2251491017977454e-42
796,1886,entity-mine: tree-07,entity-mine,tree-07,False,,True,False,5.0511461826414268e-42,1.2250828965568247e-42
797,1888,entity-mine: tree-08-brown,entity-mine,tree-08-brown,False,,True,False,5.0508752743840389e-42,1.2250171916532916e-42
798,1880,entity-mine: tree-02-red,entity-mine,tree-02-red,False,,True,False,5.0503662741077018e-42,1.2248937409531265e-42
799,1881,entity-mine: tree-03,entity-mine,tree-03,False,,True,False,5.0497493739537951e-42,1.2247441206887138e-42
800,1795,entity-mine: fish,entity-mine,fish,False,,True,False,4.9965643528260771e-42,1.2118448583469321e-42
801,1786,entity-mine: dead-dry-hairy-tree,entity-mine,dead-dry-hairy-tree,False,,True,False,4.5480227851171335e-42,1.1030575488678669e-42
802,1788,entity-mine: dead-tree-desert,entity-mine,dead-tree-desert,False,,True,False,4.5164184128686173e-42,1.0953923626906921e-42
803,1787,entity-mine: dead-grey-trunk,entity-mine,dead-grey-trunk,False,,True,False,4.5056994606078999e-42,1.0927926349044044e-42
804,1790,entity-mine: dry-hairy-tree,entity-mine,dry-hairy-tree,False,,True,False,4.505699460607002e-42,1.0927926349041866e-42
805,1791,entity-mine: dry-tree,entity-mine,dry-tree,False,,True,False,4.5056979376561774e-42,1.0927922655343566e-42
806,1771,entity-mine: big-sand-rock,entity-mine,big-sand-rock,False,,True,False,4.4128674242474971e-42,1.0702775589423386e-42
807,1805,entity-mine: hpf,entity-mine,hpf,False,,True,False,4.3427955032872808e-42,1.053282621794756e-42
808,1862,entity-mine: slaughterhouse-mk01,entity-mine,slaughterhouse-mk01,False,,True,False,4.3237379479362237e-42,1.0486604856960228e-42
809,1874,entity-mine: storage-tank,entity-mine,storage-tank,False,,True,False,4.3070536378817485e-42,1.0446139461286607e-42
810,1816,entity-mine: multiblade-turbine-mk01,entity-mine,multiblade-turbine-mk01,False,,True,False,4.3024482886311197e-42,1.0434969848696489e-42
811,1793,entity-mine: electronics-factory-mk01,entity-mine,electronics-factory-mk01,False,,True,False,4.2994224995627859e-42,1.0427631232267324e-42
812,1814,entity-mine: moondrop-greenhouse-mk01,entity-mine,moondrop-greenhouse-mk01,False,,True,False,4.2958242420105105e-42,1.0418904175822495e-42
813,1799,entity-mine: fwf-mk01,entity-mine,fwf-mk01,False,,True,False,4.2921786365618561e-42,1.0410062283861243e-42
814,1813,entity-mine: micro-mine-mk01,entity-mine,micro-mine-mk01,False,,True,False,4.2915818035892356e-42,1.0408614751280675e-42
815,1895,entity-mine: vrauks-paddock-mk01,entity-mine,vrauks-paddock-mk01,False,,True,False,4.2871881638626274e-42,1.0397958609707902e-42
816,1798,entity-mine: fluidavan,entity-mine,fluidavan,False,,True,False,4.2745254779184125e-42,1.0367247085206712e-42
817,1177,__pr_graph_lp_or_to_or_and__: 4279:entity-operate: character --> recipe-category: ee-testing-tool__0__0:noncoproduct-route,,,True,entity-operate: character --> recipe-category: ee-testing-tool__0__0,False,False,4.2691161874659696e-42,1.0354127628797848e-42
818,1785,entity-mine: data-array,entity-mine,data-array,False,,True,False,4.2691161874659696e-42,1.0354127628797848e-42
819,1855,entity-mine: rc-mk01,entity-mine,rc-mk01,False,,True,False,4.2691161874659696e-42,1.0354127628797848e-42
820,1857,entity-mine: research-center-mk01,entity-mine,research-center-mk01,False,,True,False,4.2690495372916247e-42,1.0353965978380914e-42
821,1781,entity-mine: chipshooter-mk01,entity-mine,chipshooter-mk01,False,,True,False,4.2688543977580724e-42,1.0353492695493519e-42
822,1875,entity-mine: tailings-pond,entity-mine,tailings-pond,False,,True,False,4.2686479617993606e-42,1.0352992014750758e-42
823,1804,entity-mine: gun-turret,entity-mine,gun-turret,False,,True,False,4.2685841356378808e-42,1.0352837213571076e-42
824,1780,entity-mine: caravan,entity-mine,caravan,False,,True,False,4.2679241713962528e-42,1.0351236565172628e-42
825,1806,entity-mine: huge-rock,entity-mine,huge-rock,False,,True,False,4.2453215016486222e-42,1.0296417038825314e-42
826,1336,__pr_graph_lp_or_to_or_and__: 4600:fluid-temperature: pressured-water: 10 --> fluid-temperature-range: pressured-water: nil: nil:noncoproduct-route,,,True,fluid-temperature: pressured-water: 10 --> fluid-temperature-range: pressured-water: nil: nil,False,False,4.2004139561488615e-42,1.0187500242658994e-42
827,1178,__pr_graph_lp_or_to_or_and__: 4280:entity-operate: character --> recipe-category: wpu-handcrafting__0__0:noncoproduct-route,,,True,entity-operate: character --> recipe-category: wpu-handcrafting__0__0,False,False,3.7065729206231034e-42,8.9897598004606983e-43
828,1860,entity-mine: seaweed,entity-mine,seaweed,False,,True,False,3.4510334190779566e-42,8.3699854731734466e-43
829,1779,entity-mine: car,entity-mine,car,False,,True,False,3.4153007675272067e-42,8.2833210633927808e-43
830,1374,__pr_graph_lp_or_to_or_and__: 4651:fluid-temperature: carbolic-oil: 10 --> fluid: carbolic-oil:noncoproduct-route,,,True,fluid-temperature: carbolic-oil: 10 --> fluid: carbolic-oil,False,False,3.3339937746779471e-42,8.0861226400875821e-43
831,1376,__pr_graph_lp_or_to_or_and__: 4653:fluid-temperature: carbolic-oil: 10 --> fluid-temperature-range: carbolic-oil: 10: 10:noncoproduct-route,,,True,fluid-temperature: carbolic-oil: 10 --> fluid-temperature-range: carbolic-oil: 10: 10,False,False,3.3318326568776971e-42,8.0808811595229751e-43
832,1174,__pr_graph_lp_or_to_or_and__: 4155:item: meat --> logic-or: workers-food-or-meat,,,True,item: meat --> logic-or: workers-food-or-meat,False,False,3.03178128288662e-42,7.3531496841836113e-43
833,1310,__pr_graph_lp_or_to_or_and__: 4565:fluid-temperature: tar: 10 --> fluid-temperature-range: tar: 10: 10:noncoproduct-route,,,True,fluid-temperature: tar: 10 --> fluid-temperature-range: tar: 10: 10,False,False,2.5967704964041936e-42,6.298093554212992e-43
834,1308,__pr_graph_lp_or_to_or_and__: 4563:fluid-temperature: tar: 10 --> fluid: tar:noncoproduct-route,,,True,fluid-temperature: tar: 10 --> fluid: tar,False,False,2.5959273513505084e-42,6.2960486270870738e-43
835,1778,entity-mine: burner-mining-drill,entity-mine,burner-mining-drill,False,,True,False,2.5562879951630729e-42,6.1999090667974986e-43
836,1869,entity-mine: steam-engine,entity-mine,steam-engine,False,,True,False,2.5395021013424402e-42,6.1591972943016921e-43
837,1366,__pr_graph_lp_or_to_or_and__: 4640:fluid-temperature: scrude: 10 --> fluid-temperature-range: scrude: nil: nil:noncoproduct-route,,,True,fluid-temperature: scrude: 10 --> fluid-temperature-range: scrude: nil: nil,False,False,2.3433595687499441e-42,5.6834817769163888e-43
838,1347,__pr_graph_lp_or_to_or_and__: 4615:fluid-temperature: hydrogen: 15 --> fluid: hydrogen:noncoproduct-route,,,True,fluid-temperature: hydrogen: 15 --> fluid: hydrogen,False,False,2.2828776738608795e-42,5.5367916351133784e-43
839,1349,__pr_graph_lp_or_to_or_and__: 4617:fluid-temperature: hydrogen: 15 --> fluid-temperature-range: hydrogen: 15: 15:noncoproduct-route,,,True,fluid-temperature: hydrogen: 15 --> fluid-temperature-range: hydrogen: 15: 15,False,False,2.2827654940132549e-42,5.5365195590187769e-43
840,1307,__pr_graph_lp_or_to_or_and__: 4561:fluid-temperature: syngas: 15 --> fluid-temperature-range: syngas: 15: 15:noncoproduct-route,,,True,fluid-temperature: syngas: 15 --> fluid-temperature-range: syngas: 15: 15,False,False,2.1443288495725955e-42,5.2007613781452979e-43
841,1305,__pr_graph_lp_or_to_or_and__: 4559:fluid-temperature: syngas: 15 --> fluid: syngas:noncoproduct-route,,,True,fluid-temperature: syngas: 15 --> fluid: syngas,False,False,2.1394231113799248e-42,5.1888632153570586e-43
842,1296,__pr_graph_lp_or_to_or_and__: 4547:fluid-temperature: carbon-dioxide: 15 --> fluid: carbon-dioxide:noncoproduct-route,,,True,fluid-temperature: carbon-dioxide: 15 --> fluid: carbon-dioxide,False,False,2.1095984995657026e-42,5.1165279066787743e-43
843,1298,__pr_graph_lp_or_to_or_and__: 4549:fluid-temperature: carbon-dioxide: 15 --> fluid-temperature-range: carbon-dioxide: 15: 15:noncoproduct-route,,,True,fluid-temperature: carbon-dioxide: 15 --> fluid-temperature-range: carbon-dioxide: 15: 15,False,False,2.1090932963299057e-42,5.1153026088531303e-43
844,1335,__pr_graph_lp_or_to_or_and__: 4599:fluid-temperature: pressured-water: 10 --> fluid: pressured-water:noncoproduct-route,,,True,fluid-temperature: pressured-water: 10 --> fluid: pressured-water,False,False,2.0913122731110468e-42,5.072177293051416e-43
845,1337,__pr_graph_lp_or_to_or_and__: 4601:fluid-temperature: pressured-water: 10 --> fluid-temperature-range: pressured-water: 10: 10:noncoproduct-route,,,True,fluid-temperature: pressured-water: 10 --> fluid-temperature-range: pressured-water: 10: 10,False,False,2.0913122731110468e-42,5.072177293051416e-43
846,1828,entity-mine: outpost,entity-mine,outpost,False,,True,False,1.7168127046160538e-42,4.1638824238437155e-43
847,1829,entity-mine: outpost-fluid,entity-mine,outpost-fluid,False,,True,False,1.7096859234462781e-42,4.1465974405886279e-43
848,1809,entity-mine: iron-chest,entity-mine,iron-chest,False,,True,False,1.7080322514339307e-42,4.1425866968374309e-43
849,1767,entity-mine: assembling-machine-1,entity-mine,assembling-machine-1,False,,True,False,1.7076464749863876e-42,4.1416510515191392e-43
850,1873,entity-mine: stone-wall,entity-mine,stone-wall,False,,True,False,1.7068819163026584e-42,4.1397967243367867e-43
851,1870,entity-mine: steel-chest,entity-mine,steel-chest,False,,True,False,1.705911193976187e-42,4.1374423768749123e-43
852,1329,__pr_graph_lp_or_to_or_and__: 4591:fluid-temperature: molten-glass: 10 --> fluid: molten-glass:noncoproduct-route,,,True,fluid-temperature: molten-glass: 10 --> fluid: molten-glass,False,False,1.6240565891443183e-42,3.9389157994249192e-43
853,1331,__pr_graph_lp_or_to_or_and__: 4593:fluid-temperature: molten-glass: 10 --> fluid-temperature-range: molten-glass: 10: 10:noncoproduct-route,,,True,fluid-temperature: molten-glass: 10 --> fluid-temperature-range: molten-glass: 10: 10,False,False,1.6223566280320674e-42,3.9347927881159467e-43
854,564,__pr_graph_lp_or_to_or_and__: 1129:item: stone-furnace --> entity-build-item: stone-furnace,,,True,item: stone-furnace --> entity-build-item: stone-furnace,False,False,1.4556675037899292e-42,3.5305122787676877e-43
855,549,__pr_graph_lp_or_to_or_and__: 1082:item: seaweed --> entity-operate-py-module: seaweed-crop-mk03,,,True,item: seaweed --> entity-operate-py-module: seaweed-crop-mk03,False,False,1.3989355871794164e-42,3.3929171702212895e-43
856,548,__pr_graph_lp_or_to_or_and__: 1081:item: seaweed --> entity-operate-py-module: seaweed-crop-mk02,,,True,item: seaweed --> entity-operate-py-module: seaweed-crop-mk02,False,False,1.3983255651881434e-42,3.3914376495718961e-43
857,550,__pr_graph_lp_or_to_or_and__: 1083:item: seaweed --> entity-operate-py-module: seaweed-crop-mk04,,,True,item: seaweed --> entity-operate-py-module: seaweed-crop-mk04,False,False,1.3982961523158748e-42,3.3913663128782983e-43
858,579,__pr_graph_lp_or_to_or_and__: 1186:item: fluid-drill-mk01 --> entity-build-item: fluid-drill-mk01,,,True,item: fluid-drill-mk01 --> entity-build-item: fluid-drill-mk01,False,False,1.1381772744102611e-42,2.7604853665124229e-43
859,1367,__pr_graph_lp_or_to_or_and__: 4641:fluid-temperature: scrude: 10 --> fluid-temperature-range: scrude: 10: 10:noncoproduct-route,,,True,fluid-temperature: scrude: 10 --> fluid-temperature-range: scrude: 10: 10,False,False,1.1096783017471398e-42,2.6913652050349883e-43
860,1365,__pr_graph_lp_or_to_or_and__: 4639:fluid-temperature: scrude: 10 --> fluid: scrude:noncoproduct-route,,,True,fluid-temperature: scrude: 10 --> fluid: scrude,False,False,1.109644557733924e-42,2.6912833637816227e-43
861,662,__pr_graph_lp_or_to_or_and__: 1643:fluid-craft-temperature: vacuum: 15 --> fluid-create-temperature: vacuum: 15,,,True,fluid-craft-temperature: vacuum: 15 --> fluid-create-temperature: vacuum: 15,False,False,9.2635968674798028e-43,2.2467522563388283e-43
862,1333,__pr_graph_lp_or_to_or_and__: 4596:fluid-temperature: vacuum: 15 --> fluid-temperature-range: vacuum: nil: nil:noncoproduct-route,,,True,fluid-temperature: vacuum: 15 --> fluid-temperature-range: vacuum: nil: nil,False,False,8.7347402122807006e-43,2.1184856769154897e-43
863,1777,entity-mine: burner-inserter,entity-mine,burner-inserter,False,,True,False,8.6093177682197328e-43,2.0880662660515785e-43
864,1801,entity-mine: gate,entity-mine,gate,False,,True,False,8.589022474693643e-43,2.0831439343509323e-43
865,1833,entity-mine: poorman-wood-fence,entity-mine,poorman-wood-fence,False,,True,False,8.5855652682298652e-43,2.0823054386203604e-43
866,1808,entity-mine: inserter,entity-mine,inserter,False,,True,False,8.5797945509279911e-43,2.0809058340926422e-43
867,1832,entity-mine: pipe-to-ground,entity-mine,pipe-to-ground,False,,True,False,8.5445705407884183e-43,2.0723627567771549e-43
868,1817,entity-mine: offshore-pump,entity-mine,offshore-pump,False,,True,False,8.5349199586720257e-43,2.0700221468115909e-43
869,1897,entity-mine: wooden-chest,entity-mine,wooden-chest,False,,True,False,8.5339609605413144e-43,2.0697895556005505e-43
870,1863,entity-mine: small-electric-pole,entity-mine,small-electric-pole,False,,True,False,8.5288375571433466e-43,2.0685469477551112e-43
871,1877,entity-mine: transport-belt,entity-mine,transport-belt,False,,True,False,8.5283272126148151e-43,2.0684231710258999e-43
872,1893,entity-mine: underground-belt,entity-mine,underground-belt,False,,True,False,8.5102317276455401e-43,2.064034371268541e-43
873,1868,entity-mine: splitter,entity-mine,splitter,False,,True,False,8.502216579377254e-43,2.0620904122735334e-43
874,1864,entity-mine: small-lamp,entity-mine,small-lamp,False,,True,False,8.4308863051947777e-43,2.0447902796406734e-43
875,1831,entity-mine: pipe,entity-mine,pipe,False,,True,False,8.1127068317200155e-43,1.9676204221677409e-43
876,1643,__pr_graph_lp_or_to_or_and__: 900:item: quenching-tower --> entity-build-item: quenching-tower,,,True,item: quenching-tower --> entity-build-item: quenching-tower,False,False,6.8999376964345539e-43,1.6734807019165085e-43
877,1827,entity-mine: ore-zinc,entity-mine,ore-zinc,False,,True,False,4.8034407777787756e-43,1.1650055113635837e-43
878,661,__pr_graph_lp_or_to_or_and__: 1642:fluid-craft-temperature: vacuum: 15 --> fluid-craft-temperature: vacuum,,,True,fluid-craft-temperature: vacuum: 15 --> fluid-craft-temperature: vacuum,False,False,4.6573108830246564e-43,1.1295638060029e-43
879,1334,__pr_graph_lp_or_to_or_and__: 4597:fluid-temperature: vacuum: 15 --> fluid-temperature-range: vacuum: 15: 15:noncoproduct-route,,,True,fluid-temperature: vacuum: 15 --> fluid-temperature-range: vacuum: 15: 15,False,False,4.3810310498000499e-43,1.0625561039668361e-43
880,1332,__pr_graph_lp_or_to_or_and__: 4595:fluid-temperature: vacuum: 15 --> fluid: vacuum:noncoproduct-route,,,True,fluid-temperature: vacuum: 15 --> fluid: vacuum,False,False,4.3753478105225703e-43,1.0611777159764417e-43
881,1823,entity-mine: ore-nickel,entity-mine,ore-nickel,False,,True,False,4.368203188950573e-43,1.0594448907178291e-43
882,1821,entity-mine: ore-chromium,entity-mine,ore-chromium,False,,True,False,4.3201574794255271e-43,1.0477920945278582e-43
883,709,__pr_graph_lp_or_to_or_and__: 1756:fluid-craft-temperature: pitch: 10 --> fluid-craft-temperature: pitch,,,True,fluid-craft-temperature: pitch: 10 --> fluid-craft-temperature: pitch,False,False,3.0105450799567848e-43,7.3016443266737517e-44
884,664,__pr_graph_lp_or_to_or_and__: 1648:fluid-craft-temperature: pressured-water: 10 --> fluid-craft-temperature: pressured-water,,,True,fluid-craft-temperature: pressured-water: 10 --> fluid-craft-temperature: pressured-water,False,False,2.6731033815594232e-43,6.4832279943324938e-44
885,1819,entity-mine: ore-aluminium,entity-mine,ore-aluminium,False,,True,False,2.0677366323062284e-43,5.0149979652691284e-44
886,1355,__pr_graph_lp_or_to_or_and__: 4625:fluid-temperature: oxygen: 15 --> fluid-temperature-range: oxygen: 15: 15:noncoproduct-route,,,True,fluid-temperature: oxygen: 15 --> fluid-temperature-range: oxygen: 15: 15,False,False,1.9707967357923745e-43,4.7798841813496788e-44
887,1353,__pr_graph_lp_or_to_or_and__: 4623:fluid-temperature: oxygen: 15 --> fluid: oxygen:noncoproduct-route,,,True,fluid-temperature: oxygen: 15 --> fluid: oxygen,False,False,1.9677718692768898e-43,4.7725478024398335e-44
888,866,__pr_graph_lp_or_to_or_and__: 2234:item-craft: ore-lead --> item: ore-lead,,,True,item-craft: ore-lead --> item: ore-lead,False,False,1.884603758970635e-43,4.5708355062776519e-44
889,845,__pr_graph_lp_or_to_or_and__: 2170:item-craft: py-tank-3000 --> item: py-tank-3000,,,True,item-craft: py-tank-3000 --> item: py-tank-3000,False,False,1.718141361909261e-43,4.1671048911143865e-44
890,608,__pr_graph_lp_or_to_or_and__: 1504:item: stone-wall --> entity-build-item: stone-wall,,,True,item: stone-wall --> entity-build-item: stone-wall,False,False,1.6104757435204284e-43,3.9059774106057985e-44
891,1602,__pr_graph_lp_or_to_or_and__: 4952:entity-operate: rc-mk01 --> recipe-category: rc__0__1:noncoproduct-route,,,True,entity-operate: rc-mk01 --> recipe-category: rc__0__1,False,False,1.1395575061908518e-43,2.7638329202884288e-44
892,1600,__pr_graph_lp_or_to_or_and__: 4950:entity-operate: rc-mk01 --> recipe-category: rc__1__0:noncoproduct-route,,,True,entity-operate: rc-mk01 --> recipe-category: rc__1__0,False,False,1.0679327589671624e-43,2.5901173919287606e-44
893,1598,__pr_graph_lp_or_to_or_and__: 4948:entity-operate: rc-mk01 --> recipe-category: rc__3__0:noncoproduct-route,,,True,entity-operate: rc-mk01 --> recipe-category: rc__3__0,False,False,1.06746582455862e-43,2.588984909642492e-44
894,1599,__pr_graph_lp_or_to_or_and__: 4949:entity-operate: rc-mk01 --> recipe-category: rc__2__1:noncoproduct-route,,,True,entity-operate: rc-mk01 --> recipe-category: rc__2__1,False,False,1.0639642791328235e-43,2.5804924145581055e-44
895,665,__pr_graph_lp_or_to_or_and__: 1649:fluid-craft-temperature: pressured-water: 10 --> fluid-create-temperature: pressured-water: 10,,,True,fluid-craft-temperature: pressured-water: 10 --> fluid-create-temperature: pressured-water: 10,False,False,1.057373845304102e-43,2.5645082646790102e-44
896,1596,__pr_graph_lp_or_to_or_and__: 4946:entity-operate: rc-mk01 --> recipe-category: rc__0__0:noncoproduct-route,,,True,entity-operate: rc-mk01 --> recipe-category: rc__0__0,False,False,1.0554130626931114e-43,2.5597526683178405e-44
897,1597,__pr_graph_lp_or_to_or_and__: 4947:entity-operate: rc-mk01 --> recipe-category: rc__2__0:noncoproduct-route,,,True,entity-operate: rc-mk01 --> recipe-category: rc__2__0,False,False,1.0554130626931114e-43,2.5597526683178405e-44
898,1601,__pr_graph_lp_or_to_or_and__: 4951:entity-operate: rc-mk01 --> recipe-category: rc__1__1:noncoproduct-route,,,True,entity-operate: rc-mk01 --> recipe-category: rc__1__1,False,False,1.0554130626931114e-43,2.5597526683178405e-44
899,850,__pr_graph_lp_or_to_or_and__: 2185:item-craft: py-tank-8000 --> item: py-tank-8000,,,True,item-craft: py-tank-8000 --> item: py-tank-8000,False,False,1.0255110366700962e-43,2.4872296026043935e-44
900,616,__pr_graph_lp_or_to_or_and__: 1523:fluid-craft-temperature: heavy-oil: 25 --> fluid-craft-temperature: heavy-oil,,,True,fluid-craft-temperature: heavy-oil: 25 --> fluid-craft-temperature: heavy-oil,False,False,9.772089466574821e-44,2.3700798266866878e-44
901,848,__pr_graph_lp_or_to_or_and__: 2179:item-craft: py-tank-7000 --> item: py-tank-7000,,,True,item-craft: py-tank-7000 --> item: py-tank-7000,False,False,7.7750583912590608e-44,1.8857286466180003e-44
902,667,__pr_graph_lp_or_to_or_and__: 1654:fluid-craft-temperature: pressured-air: 15 --> fluid-craft-temperature: pressured-air,,,True,fluid-craft-temperature: pressured-air: 15 --> fluid-craft-temperature: pressured-air,False,False,6.1010222268454264e-44,1.4797152391485143e-44
903,1918,entity-operate: car,entity-operate,car,False,,False,False,5.6286392987777585e-44,1.3651455504331293e-44
904,1281,__pr_graph_lp_or_to_or_and__: 4527:fluid-temperature: steam: 250 --> fluid-temperature-range: steam: nil: 500:noncoproduct-route,,,True,fluid-temperature: steam: 250 --> fluid-temperature-range: steam: nil: 500,False,False,5.5839201510794624e-44,1.354299563995031e-44
905,1283,__pr_graph_lp_or_to_or_and__: 4529:fluid-temperature: steam: 250 --> fluid-temperature-range: steam: 250: 250:noncoproduct-route,,,True,fluid-temperature: steam: 250 --> fluid-temperature-range: steam: 250: 250,False,False,5.5839201510794624e-44,1.354299563995031e-44
906,834,__pr_graph_lp_or_to_or_and__: 2138:item-craft: jaw-crusher --> item: jaw-crusher,,,True,item-craft: jaw-crusher --> item: jaw-crusher,False,False,5.5617590478900928e-44,1.3489247069815028e-44
907,685,__pr_graph_lp_or_to_or_and__: 1696:fluid-craft-temperature: kerosene: 10 --> fluid-craft-temperature: kerosene,,,True,fluid-craft-temperature: kerosene: 10 --> fluid-craft-temperature: kerosene,False,False,5.3694485919702777e-44,1.3022825703539681e-44
908,486,__pr_graph_lp_or_cost_row__: item: tailings-dust,,,True,node-cost:item: tailings-dust,False,False,4.6214299293978347e-44,1.120861396488119e-44
909,826,__pr_graph_lp_or_to_or_and__: 2114:item-craft: hpf --> item: hpf,,,True,item-craft: hpf --> item: hpf,False,False,3.9013716094212037e-44,9.4622160178997518e-45
910,663,__pr_graph_lp_or_to_or_and__: 1647:fluid-create-temperature: pressured-water: 10 --> fluid-create: pressured-water,,,True,fluid-create-temperature: pressured-water: 10 --> fluid-create: pressured-water,False,False,3.8046159168354052e-44,9.2275489941285518e-45
911,823,__pr_graph_lp_or_to_or_and__: 2105:item-craft: tar-processing-unit --> item: tar-processing-unit,,,True,item-craft: tar-processing-unit --> item: tar-processing-unit,False,False,3.465761259251382e-44,8.405705732392417e-45
912,902,__pr_graph_lp_or_to_or_and__: 2327:item-craft: moss-farm-mk01 --> item: moss-farm-mk01,,,True,item-craft: moss-farm-mk01 --> item: moss-farm-mk01,False,False,3.2263256097985011e-44,7.8249889834320694e-45
913,832,__pr_graph_lp_or_to_or_and__: 2132:item-craft: advanced-foundry-mk01 --> item: advanced-foundry-mk01,,,True,item-craft: advanced-foundry-mk01 --> item: advanced-foundry-mk01,False,False,2.8435618501482435e-44,6.8966505065517502e-45
914,829,__pr_graph_lp_or_to_or_and__: 2123:item-craft: soil-extractor-mk01 --> item: soil-extractor-mk01,,,True,item-craft: soil-extractor-mk01 --> item: soil-extractor-mk01,False,False,2.8323396488838403e-44,6.8694326705722948e-45
915,840,__pr_graph_lp_or_to_or_and__: 2155:item-craft: automated-screener-mk01 --> item: automated-screener-mk01,,,True,item-craft: automated-screener-mk01 --> item: automated-screener-mk01,False,False,2.8215556372647456e-44,6.8432776005879326e-45
916,830,__pr_graph_lp_or_to_or_and__: 2126:item-craft: solid-separator --> item: solid-separator,,,True,item-craft: solid-separator --> item: solid-separator,False,False,2.7659047921158533e-44,6.708304475468065e-45
917,348,__pr_graph_lp_or_cost_row__: item: iron-ore,,,True,node-cost:item: iron-ore,False,False,2.7077032832203236e-44,6.5671450820877157e-45
918,717,__pr_graph_lp_or_to_or_and__: 1775:fluid-create-temperature: formic-acid: 15 --> fluid-create: formic-acid,,,True,fluid-create-temperature: formic-acid: 15 --> fluid-create: formic-acid,False,False,2.6075347550281112e-44,6.3242007161470374e-45
919,691,__pr_graph_lp_or_to_or_and__: 1710:fluid-craft-temperature: methanal: 10 --> fluid-craft-temperature: methanal,,,True,fluid-craft-temperature: methanal: 10 --> fluid-craft-temperature: methanal,False,False,2.5558157102691876e-44,6.1987636076781617e-45
920,822,__pr_graph_lp_or_to_or_and__: 2102:item-craft: gasifier --> item: gasifier,,,True,item-craft: gasifier --> item: gasifier,False,False,2.2307628611325491e-44,5.4103946483262079e-45
921,855,__pr_graph_lp_or_to_or_and__: 2200:item-craft: barrel-machine-mk01 --> item: barrel-machine-mk01,,,True,item-craft: barrel-machine-mk01 --> item: barrel-machine-mk01,False,False,2.2240858472310163e-44,5.3942005109263625e-45
922,518,__pr_graph_lp_or_to_or_and__: 1011:item: moss --> entity-operate-py-module: moss-farm-mk04,,,True,item: moss --> entity-operate-py-module: moss-farm-mk04,False,False,1.9963515872816749e-44,4.8418638001363607e-45
923,516,__pr_graph_lp_or_to_or_and__: 1009:item: moss --> entity-operate-py-module: moss-farm-mk02,,,True,item: moss --> entity-operate-py-module: moss-farm-mk02,False,False,1.9527664245375415e-44,4.7361542532517738e-45
924,517,__pr_graph_lp_or_to_or_and__: 1010:item: moss --> entity-operate-py-module: moss-farm-mk03,,,True,item: moss --> entity-operate-py-module: moss-farm-mk03,False,False,1.9527664245375415e-44,4.7361542532517738e-45
925,622,__pr_graph_lp_or_to_or_and__: 1539:fluid-craft-temperature: acidgas: 15 --> fluid-craft-temperature: acidgas,,,True,fluid-craft-temperature: acidgas: 15 --> fluid-craft-temperature: acidgas,False,False,1.8731827819526923e-44,4.5431355682819288e-45
926,891,__pr_graph_lp_or_to_or_and__: 2293:item-craft: electronics-factory-mk01 --> item: electronics-factory-mk01,,,True,item-craft: electronics-factory-mk01 --> item: electronics-factory-mk01,False,False,1.7073319324819831e-44,4.1408881738900764e-45
927,949,__pr_graph_lp_or_to_or_and__: 2457:item-craft: multiblade-turbine-mk01 --> item: multiblade-turbine-mk01,,,True,item-craft: multiblade-turbine-mk01 --> item: multiblade-turbine-mk01,False,False,1.693510813945183e-44,4.1073670376598364e-45
928,828,__pr_graph_lp_or_to_or_and__: 2120:item-craft: olefin-plant --> item: olefin-plant,,,True,item-craft: olefin-plant --> item: olefin-plant,False,False,1.6578548713066706e-44,4.0208886743189235e-45
929,870,__pr_graph_lp_or_to_or_and__: 2245:item-craft: ore-zinc --> item: ore-zinc,,,True,item-craft: ore-zinc --> item: ore-zinc,False,False,1.6360152343528191e-44,3.9679197743272343e-45
930,1396,__pr_graph_lp_or_to_or_and__: 4679:entity-operate: assembling-machine-1 --> recipe-category: advanced-crafting__0__1:noncoproduct-route,,,True,entity-operate: assembling-machine-1 --> recipe-category: advanced-crafting__0__1,False,False,1.5920032397954162e-44,3.8611750082364801e-45
931,610,__pr_graph_lp_or_to_or_and__: 1512:fluid-create-temperature: water: 15 --> fluid-create: water,,,True,fluid-create-temperature: water: 15 --> fluid-create: water,False,False,1.5706366262194285e-44,3.8093533584508604e-45
932,1395,__pr_graph_lp_or_to_or_and__: 4678:entity-operate: assembling-machine-1 --> recipe-category: advanced-crafting__0__0:noncoproduct-route,,,True,entity-operate: assembling-machine-1 --> recipe-category: advanced-crafting__0__0,False,False,1.4724696530884365e-44,3.5712634765883603e-45
933,900,__pr_graph_lp_or_to_or_and__: 2321:item-craft: reformer-mk01 --> item: reformer-mk01,,,True,item-craft: reformer-mk01 --> item: reformer-mk01,False,False,1.4415643038136214e-44,3.4963069945550256e-45
934,712,__pr_graph_lp_or_to_or_and__: 1763:fluid-craft-temperature: middle-oil: 10 --> fluid-craft-temperature: middle-oil,,,True,fluid-craft-temperature: middle-oil: 10 --> fluid-craft-temperature: middle-oil,False,False,1.4064316009258509e-44,3.4110976740140137e-45
935,2080,fluid-temperature: formic-acid: 15,fluid-temperature,formic-acid: 15,False,,False,False,1.3954053147411682e-44,3.3843550018976985e-45
936,1774,entity-mine: borax,entity-mine,borax,False,,True,False,1.3938870483924519e-44,3.3806726651191231e-45
937,1397,__pr_graph_lp_or_to_or_and__: 4680:entity-operate: assembling-machine-1 --> recipe-category: advanced-crafting__1__0:noncoproduct-route,,,True,entity-operate: assembling-machine-1 --> recipe-category: advanced-crafting__1__0,False,False,1.3078213527406821e-44,3.1719326922282358e-45
938,1399,__pr_graph_lp_or_to_or_and__: 4682:entity-operate: assembling-machine-1 --> recipe-category: crafting-with-fluid__0__0:noncoproduct-route,,,True,entity-operate: assembling-machine-1 --> recipe-category: crafting-with-fluid__0__0,False,False,1.3078213527406821e-44,3.1719326922282358e-45
939,1400,__pr_graph_lp_or_to_or_and__: 4683:entity-operate: assembling-machine-1 --> recipe-category: crafting-with-fluid__0__1:noncoproduct-route,,,True,entity-operate: assembling-machine-1 --> recipe-category: crafting-with-fluid__0__1,False,False,1.3078213527406821e-44,3.1719326922282358e-45
940,461,__pr_graph_lp_or_cost_row__: item: small-lamp,,,True,node-cost:item: small-lamp,False,False,1.2504544501447146e-44,3.0327975164531215e-45
941,1409,__pr_graph_lp_or_to_or_and__: 4695:entity-operate: burner-mining-drill --> resource-category: basic-solid__0__0:noncoproduct-route,,,True,entity-operate: burner-mining-drill --> resource-category: basic-solid__0__0,False,False,1.2283262151882584e-44,2.9791286634919726e-45
942,904,__pr_graph_lp_or_to_or_and__: 2333:item-craft: micro-mine-mk01 --> item: micro-mine-mk01,,,True,item-craft: micro-mine-mk01 --> item: micro-mine-mk01,False,False,1.1103580746349512e-44,2.6930138964572691e-45
943,1522,__pr_graph_lp_or_to_or_and__: 4854:entity-operate: electrolyzer-mk01 --> recipe-category: electrolyzer__0__0:noncoproduct-route,,,True,entity-operate: electrolyzer-mk01 --> recipe-category: electrolyzer__0__0,False,False,1.0975970144585846e-44,2.6620637793972559e-45
944,1520,__pr_graph_lp_or_to_or_and__: 4852:entity-operate: electrolyzer-mk01 --> recipe-category: electrolyzer__3__0:noncoproduct-route,,,True,entity-operate: electrolyzer-mk01 --> recipe-category: electrolyzer__3__0,False,False,1.0247691161731022e-44,2.4854301810897364e-45
945,1521,__pr_graph_lp_or_to_or_and__: 4853:entity-operate: electrolyzer-mk01 --> recipe-category: electrolyzer__1__0:noncoproduct-route,,,True,entity-operate: electrolyzer-mk01 --> recipe-category: electrolyzer__1__0,False,False,1.0247691161731022e-44,2.4854301810897364e-45
946,1523,__pr_graph_lp_or_to_or_and__: 4855:entity-operate: electrolyzer-mk01 --> recipe-category: electrolyzer__1__1:noncoproduct-route,,,True,entity-operate: electrolyzer-mk01 --> recipe-category: electrolyzer__1__1,False,False,1.0247691161731022e-44,2.4854301810897364e-45
947,1524,__pr_graph_lp_or_to_or_and__: 4856:entity-operate: electrolyzer-mk01 --> recipe-category: electrolyzer__2__1:noncoproduct-route,,,True,entity-operate: electrolyzer-mk01 --> recipe-category: electrolyzer__2__1,False,False,1.0247691161731022e-44,2.4854301810897364e-45
948,1526,__pr_graph_lp_or_to_or_and__: 4858:entity-operate: electrolyzer-mk01 --> recipe-category: electrolyzer__0__1:noncoproduct-route,,,True,entity-operate: electrolyzer-mk01 --> recipe-category: electrolyzer__0__1,False,False,1.0247691161731022e-44,2.4854301810897364e-45
949,1527,__pr_graph_lp_or_to_or_and__: 4859:entity-operate: electrolyzer-mk01 --> recipe-category: electrolyzer__3__1:noncoproduct-route,,,True,entity-operate: electrolyzer-mk01 --> recipe-category: electrolyzer__3__1,False,False,1.0247691161731022e-44,2.4854301810897364e-45
950,714,__pr_graph_lp_or_to_or_and__: 1769:fluid-create-temperature: creamy-latex: 10 --> fluid-create: creamy-latex,,,True,fluid-create-temperature: creamy-latex: 10 --> fluid-create: creamy-latex,False,False,1.0228387506648154e-44,2.4807483570387271e-45
951,681,__pr_graph_lp_or_to_or_and__: 1688:fluid-create-temperature: oxygen: 15 --> fluid-create: oxygen,,,True,fluid-create-temperature: oxygen: 15 --> fluid-create: oxygen,False,False,1.0047698135154171e-44,2.436924747386012e-45
952,416,__pr_graph_lp_or_cost_row__: item: py-check-valve,,,True,node-cost:item: py-check-valve,False,False,9.6356326322733167e-45,2.3369841830888931e-45
953,2077,fluid-temperature: creamy-latex: 10,fluid-temperature,creamy-latex: 10,False,,False,False,9.3451689842806286e-45,2.2665364006726532e-45
954,1542,__pr_graph_lp_or_to_or_and__: 4878:entity-operate: electronics-factory-mk01 --> recipe-category: electronic__1__0:noncoproduct-route,,,True,entity-operate: electronics-factory-mk01 --> recipe-category: electronic__1__0,False,False,9.2460876164174101e-45,2.2425056391884928e-45
955,1543,__pr_graph_lp_or_to_or_and__: 4879:entity-operate: electronics-factory-mk01 --> recipe-category: electronic__2__0:noncoproduct-route,,,True,entity-operate: electronics-factory-mk01 --> recipe-category: electronic__2__0,False,False,9.2460876164174101e-45,2.2425056391884928e-45
956,1676,entity-build: biofactory-mk01,entity-build,biofactory-mk01,False,,False,False,8.6328651178298109e-45,2.0937773372072076e-45
957,587,__pr_graph_lp_or_to_or_and__: 1348:item: splitter --> entity-build-item: splitter,,,True,item: splitter --> entity-build-item: splitter,False,False,8.4597448465502833e-45,2.0517895040059681e-45
958,236,__pr_graph_lp_or_cost_row__: entity: volcanic-pipe,,,True,node-cost:entity: volcanic-pipe,False,False,8.3063473283471823e-45,2.0145851410495566e-45
959,575,__pr_graph_lp_or_to_or_and__: 1169:item: small-lamp --> entity-build-item: small-lamp,,,True,item: small-lamp --> entity-build-item: small-lamp,False,False,8.2932364874503764e-45,2.0114052950578978e-45
960,1198,__pr_graph_lp_or_to_or_and__: 4366:entity-build: genlab-mk01 --> entity: genlab-mk01:noncoproduct-route,,,True,entity-build: genlab-mk01 --> entity: genlab-mk01,False,False,8.1854771048463304e-45,1.9852698058444962e-45
961,1243,__pr_graph_lp_or_to_or_and__: 4456:entity-build: offshore-pump --> entity: offshore-pump:noncoproduct-route,,,True,entity-build: offshore-pump --> entity: offshore-pump,False,False,7.627375082279741e-45,1.8499101829672671e-45
962,1290,__pr_graph_lp_or_to_or_and__: 4539:fluid-temperature: light-oil: 25 --> fluid: light-oil:noncoproduct-route,,,True,fluid-temperature: light-oil: 25 --> fluid: light-oil,False,False,7.5213385533202688e-45,1.8241925471393982e-45
963,1275,__pr_graph_lp_or_to_or_and__: 4518:fluid-temperature: water: 15 --> fluid-temperature-range: water: nil: 101:noncoproduct-route,,,True,fluid-temperature: water: 15 --> fluid-temperature-range: water: nil: 101,False,False,7.3070455111230451e-45,1.7722188502091572e-45
964,936,__pr_graph_lp_or_to_or_and__: 2427:item-craft: sodium-alginate --> item: sodium-alginate,,,True,item-craft: sodium-alginate --> item: sodium-alginate,False,False,7.2727666253849823e-45,1.7639049992311273e-45
965,1042,__pr_graph_lp_or_to_or_and__: 3980:item: coal-dust --> energy-source-burner: chemical_2_1,,,True,item: coal-dust --> energy-source-burner: chemical_2_1,False,False,7.2156393538428813e-45,1.7500496007210435e-45
966,1613,__pr_graph_lp_or_to_or_and__: 4967:entity-operate: slaughterhouse-mk01 --> recipe-category: slaughterhouse__1__1:noncoproduct-route,,,True,entity-operate: slaughterhouse-mk01 --> recipe-category: slaughterhouse__1__1,False,False,6.8854091357873011e-45,1.6699570083790489e-45
967,1639,__pr_graph_lp_or_to_or_and__: 883:item: assembling-machine-1 --> entity-build-item: assembling-machine-1,,,True,item: assembling-machine-1 --> entity-build-item: assembling-machine-1,False,False,6.7866318565047691e-45,1.6459999992088715e-45
968,853,__pr_graph_lp_or_to_or_and__: 2194:item-craft: py-underflow-valve --> item: py-underflow-valve,,,True,item-craft: py-underflow-valve --> item: py-underflow-valve,False,False,6.7177195299485236e-45,1.6292863050148445e-45
969,166,__pr_graph_lp_or_cost_row__: entity: py-gas-vent,,,True,node-cost:entity: py-gas-vent,False,False,6.6951870943911535e-45,1.6238213866733471e-45
970,771,__pr_graph_lp_or_to_or_and__: 1875:item-craft: burner-inserter --> item: burner-inserter,,,True,item-craft: burner-inserter --> item: burner-inserter,False,False,6.6471173822219267e-45,1.6121627689870671e-45
971,1476,__pr_graph_lp_or_to_or_and__: 4791:entity-operate: hpf --> recipe-category: hpf__1__1:noncoproduct-route,,,True,entity-operate: hpf --> recipe-category: hpf__1__1,False,False,6.6079405277671413e-45,1.6026609861049182e-45
972,679,__pr_graph_lp_or_to_or_and__: 1683:fluid-craft-temperature: chlorine: 15 --> fluid-craft-temperature: chlorine,,,True,fluid-craft-temperature: chlorine: 15 --> fluid-craft-temperature: chlorine,False,False,6.2597413752042576e-45,1.5182102870009578e-45
973,220,__pr_graph_lp_or_cost_row__: entity: tree-03,,,True,node-cost:entity: tree-03,False,False,6.1105423709790562e-45,1.4820242132564002e-45
974,1614,__pr_graph_lp_or_to_or_and__: 4968:entity-operate: slaughterhouse-mk01 --> recipe-category: slaughterhouse__1__2:noncoproduct-route,,,True,entity-operate: slaughterhouse-mk01 --> recipe-category: slaughterhouse__1__2,False,False,5.8822462567323233e-45,1.4266542724942026e-45
975,1610,__pr_graph_lp_or_to_or_and__: 4964:entity-operate: slaughterhouse-mk01 --> recipe-category: slaughterhouse__0__0:noncoproduct-route,,,True,entity-operate: slaughterhouse-mk01 --> recipe-category: slaughterhouse__0__0,False,False,5.8526943971325313e-45,1.4194868937551812e-45
976,604,__pr_graph_lp_or_to_or_and__: 1484:item: caravan --> entity-build-item: caravan,,,True,item: caravan --> entity-build-item: caravan,False,False,5.7389485457060049e-45,1.3918994725841588e-45
977,232,__pr_graph_lp_or_cost_row__: entity: underground-belt,,,True,node-cost:entity: underground-belt,False,False,5.6001294572798221e-45,1.3582308982057406e-45
978,1566,__pr_graph_lp_or_to_or_and__: 4909:entity-operate: fwf-mk01 --> recipe-category: fwf__0__0:noncoproduct-route,,,True,entity-operate: fwf-mk01 --> recipe-category: fwf__0__0,False,False,5.593734752160598e-45,1.3566799544027265e-45
979,2104,fluid-temperature: water: 15,fluid-temperature,water: 15,False,,False,False,5.5763953595116103e-45,1.352474533968854e-45
980,495,__pr_graph_lp_or_cost_row__: item: treated-wood,,,True,node-cost:item: treated-wood,False,False,5.5727391256877977e-45,1.3515877670131165e-45
981,1760,entity-build: underground-belt,entity-build,underground-belt,False,,False,False,5.4397706386170594e-45,1.3193381718912795e-45
982,180,__pr_graph_lp_or_cost_row__: entity: py-underflow-valve,,,True,node-cost:entity: py-underflow-valve,False,False,5.4173815099967164e-45,1.3139080105873258e-45
983,864,__pr_graph_lp_or_to_or_and__: 2225:item-craft: grade-2-copper --> item: grade-2-copper,,,True,item-craft: grade-2-copper --> item: grade-2-copper,False,False,5.3756207160133496e-45,1.3037795303165564e-45
984,599,__pr_graph_lp_or_to_or_and__: 1396:item: py-tank-10000 --> entity-build-item: py-tank-10000,,,True,item: py-tank-10000 --> entity-build-item: py-tank-10000,False,False,5.3239298493265823e-45,1.2912426536560116e-45
985,1548,__pr_graph_lp_or_to_or_and__: 4885:entity-operate: pulp-mill-mk01 --> recipe-category: pulp__3__0:noncoproduct-route,,,True,entity-operate: pulp-mill-mk01 --> recipe-category: pulp__3__0,False,False,5.2031590610896729e-45,1.2619514350448421e-45
986,176,__pr_graph_lp_or_cost_row__: entity: py-tank-6500,,,True,node-cost:entity: py-tank-6500,False,False,5.1709658843858464e-45,1.2541434428110744e-45
987,1346,__pr_graph_lp_or_to_or_and__: 4613:fluid-temperature: acetylene: 15 --> fluid-temperature-range: acetylene: 15: 15:noncoproduct-route,,,True,fluid-temperature: acetylene: 15 --> fluid-temperature-range: acetylene: 15: 15,False,False,4.9895753468330074e-45,1.2101497754100202e-45
988,1204,__pr_graph_lp_or_to_or_and__: 4378:entity-build: pulp-mill-mk01 --> entity: pulp-mill-mk01:noncoproduct-route,,,True,entity-build: pulp-mill-mk01 --> entity: pulp-mill-mk01,False,False,4.9279907242539217e-45,1.195213310480175e-45
989,1254,__pr_graph_lp_or_to_or_and__: 4478:entity-build: py-tank-1500 --> entity: py-tank-1500:noncoproduct-route,,,True,entity-build: py-tank-1500 --> entity: py-tank-1500,False,False,4.8806330662448443e-45,1.1837273912946866e-45
990,784,__pr_graph_lp_or_to_or_and__: 1915:item-craft: automation-science-pack --> item: automation-science-pack,,,True,item-craft: automation-science-pack --> item: automation-science-pack,False,False,4.8229692753066669e-45,1.1697418677175313e-45
991,189,__pr_graph_lp_or_cost_row__: entity: regolites,,,True,node-cost:entity: regolites,False,False,4.7826455760298493e-45,1.1599619341096513e-45
992,1611,__pr_graph_lp_or_to_or_and__: 4965:entity-operate: slaughterhouse-mk01 --> recipe-category: slaughterhouse__0__2:noncoproduct-route,,,True,entity-operate: slaughterhouse-mk01 --> recipe-category: slaughterhouse__0__2,False,False,4.7808392693584222e-45,1.1595238403920894e-45
993,1615,__pr_graph_lp_or_to_or_and__: 4969:entity-operate: slaughterhouse-mk01 --> recipe-category: slaughterhouse__1__0:noncoproduct-route,,,True,entity-operate: slaughterhouse-mk01 --> recipe-category: slaughterhouse__1__0,False,False,4.7808392693584222e-45,1.1595238403920894e-45
994,1753,entity-build: steel-chest,entity-build,steel-chest,False,,False,False,4.7422906245668373e-45,1.1501744207332587e-45
995,588,__pr_graph_lp_or_to_or_and__: 1352:item: storage-tank --> entity-build-item: storage-tank,,,True,item: storage-tank --> entity-build-item: storage-tank,False,False,4.7281358149248104e-45,1.1467413751294595e-45
996,892,__pr_graph_lp_or_to_or_and__: 2296:item-craft: pulp-mill-mk01 --> item: pulp-mill-mk01,,,True,item-craft: pulp-mill-mk01 --> item: pulp-mill-mk01,False,False,4.6274512744638897e-45,1.1223217871772741e-45
997,1470,__pr_graph_lp_or_to_or_and__: 4784:entity-operate: tar-processing-unit --> recipe-category: tar__2__4:noncoproduct-route,,,True,entity-operate: tar-processing-unit --> recipe-category: tar__2__4,False,False,4.5998178349723961e-45,1.115619693658301e-45
998,1468,__pr_graph_lp_or_to_or_and__: 4782:entity-operate: tar-processing-unit --> recipe-category: tar__1__0:noncoproduct-route,,,True,entity-operate: tar-processing-unit --> recipe-category: tar__1__0,False,False,4.5949060005478649e-45,1.1144283988260724e-45
999,946,__pr_graph_lp_or_to_or_and__: 2449:item-craft: outpost --> item: outpost,,,True,item-craft: outpost --> item: outpost,False,False,4.5361097026167262e-45,1.1001682019575212e-45
1000,1230,__pr_graph_lp_or_to_or_and__: 4430:entity-build: barrel-machine-mk01 --> entity: barrel-machine-mk01:noncoproduct-route,,,True,entity-build: barrel-machine-mk01 --> entity: barrel-machine-mk01,False,False,4.4563925022302407e-45,1.0808339409356384e-45
1001,1276,__pr_graph_lp_or_to_or_and__: 4519:fluid-temperature: water: 15 --> fluid-temperature-range: water: 15: 15:noncoproduct-route,,,True,fluid-temperature: water: 15 --> fluid-temperature-range: water: 15: 15,False,False,4.441068716294857e-45,1.0771173769358771e-45
1002,1550,__pr_graph_lp_or_to_or_and__: 4887:entity-operate: pulp-mill-mk01 --> recipe-category: pulp__1__1:noncoproduct-route,,,True,entity-operate: pulp-mill-mk01 --> recipe-category: pulp__1__1,False,False,4.4252172285502905e-45,1.073272826447993e-45
1003,498,__pr_graph_lp_or_cost_row__: item: vacuum-barrel,,,True,node-cost:item: vacuum-barrel,False,False,4.3598131863704577e-45,1.0574100161980045e-45
1004,1246,__pr_graph_lp_or_to_or_and__: 4462:entity-build: pump --> entity: pump:noncoproduct-route,,,True,entity-build: pump --> entity: pump,False,False,4.3463185089826162e-45,1.0541370761830807e-45
1005,560,__pr_graph_lp_or_to_or_and__: 1107:item: iron-chest --> entity-build-item: iron-chest,,,True,item: iron-chest --> entity-build-item: iron-chest,False,False,4.278765740146031e-45,1.0377531231703646e-45
1006,1763,entity-build: washer,entity-build,washer,False,,False,False,4.186418363014521e-45,1.0153555943373079e-45
1007,820,__pr_graph_lp_or_to_or_and__: 2095:item-craft: gunpowder --> item: gunpowder,,,True,item-craft: gunpowder --> item: gunpowder,False,False,4.174296804011043e-45,1.0124156844479845e-45
1008,1544,__pr_graph_lp_or_to_or_and__: 4881:entity-operate: pulp-mill-mk01 --> recipe-category: pulp__0__0:noncoproduct-route,,,True,entity-operate: pulp-mill-mk01 --> recipe-category: pulp__0__0,False,False,4.1433277440346408e-45,1.0049045841298202e-45
1009,533,__pr_graph_lp_or_to_or_and__: 1047:item: slaughterhouse-mk01 --> entity-build-item: slaughterhouse-mk01,,,True,item: slaughterhouse-mk01 --> entity-build-item: slaughterhouse-mk01,False,False,4.1339250665629643e-45,1.0026240998722121e-45
1010,356,__pr_graph_lp_or_cost_row__: item: lab,,,True,node-cost:item: lab,False,False,4.0930427187856371e-45,9.9270867410108523e-46
1011,110,__pr_graph_lp_or_cost_row__: entity: electrolyzer-mk01,,,True,node-cost:entity: electrolyzer-mk01,False,False,3.9933307467657018e-45,9.6852496864362491e-46
1012,772,__pr_graph_lp_or_to_or_and__: 1878:item-craft: inserter --> item: inserter,,,True,item-craft: inserter --> item: inserter,False,False,3.8837350866007715e-45,9.4194411670425399e-46
1013,1119,__pr_graph_lp_or_to_or_and__: 4057:item: cellulose --> energy-source-burner: chemical__biomass__nuke_2_1,,,True,item: cellulose --> energy-source-burner: chemical__biomass__nuke_2_1,False,False,3.8400881303785558e-45,9.3135817489596555e-46
1014,1545,__pr_graph_lp_or_to_or_and__: 4882:entity-operate: pulp-mill-mk01 --> recipe-category: pulp__1__0:noncoproduct-route,,,True,entity-operate: pulp-mill-mk01 --> recipe-category: pulp__1__0,False,False,3.8178475634393877e-45,9.2596404509221207e-46
1015,951,__pr_graph_lp_or_to_or_and__: 2550:item-craft: caravan --> item: caravan,,,True,item-craft: caravan --> item: caravan,False,False,3.7748552400146232e-45,9.1553687505862258e-46
1016,1292,__pr_graph_lp_or_to_or_and__: 4541:fluid-temperature: light-oil: 25 --> fluid-temperature-range: light-oil: 25: 25:noncoproduct-route,,,True,fluid-temperature: light-oil: 25 --> fluid-temperature-range: light-oil: 25: 25,False,False,3.7606692766601344e-45,9.1209627356969911e-46
1017,427,__pr_graph_lp_or_cost_row__: item: py-tank-5000,,,True,node-cost:item: py-tank-5000,False,False,3.723460185319604e-45,9.0307174334438961e-46
1018,286,__pr_graph_lp_or_cost_row__: item: coal-dust,,,True,node-cost:item: coal-dust,False,False,3.6071365601411978e-45,8.7485912020525276e-46
1019,563,__pr_graph_lp_or_to_or_and__: 1119:item: small-electric-pole --> entity-build-item: small-electric-pole,,,True,item: small-electric-pole --> entity-build-item: small-electric-pole,False,False,3.575182436558962e-45,8.6710910686974698e-46
1020,94,__pr_graph_lp_or_cost_row__: entity: caravan,,,True,node-cost:entity: caravan,False,False,3.5647086049096733e-45,8.6456882956416136e-46
1021,197,__pr_graph_lp_or_cost_row__: entity: small-electric-pole,,,True,node-cost:entity: small-electric-pole,False,False,3.5429069975634322e-45,8.5928116309964408e-46
1022,100,__pr_graph_lp_or_cost_row__: entity: copper-ore,,,True,node-cost:entity: copper-ore,False,False,3.5328809670824746e-45,8.5684949353031175e-46
1023,1739,entity-build: rc-mk01,entity-build,rc-mk01,False,,False,False,3.5301806644505185e-45,8.5619457394368307e-46
1024,1546,__pr_graph_lp_or_to_or_and__: 4883:entity-operate: pulp-mill-mk01 --> recipe-category: pulp__2__0:noncoproduct-route,,,True,entity-operate: pulp-mill-mk01 --> recipe-category: pulp__2__0,False,False,3.5179103194227981e-45,8.5321857814297331e-46
1025,1547,__pr_graph_lp_or_to_or_and__: 4884:entity-operate: pulp-mill-mk01 --> recipe-category: pulp__1__2:noncoproduct-route,,,True,entity-operate: pulp-mill-mk01 --> recipe-category: pulp__1__2,False,False,3.5179103194227981e-45,8.5321857814297331e-46
1026,1549,__pr_graph_lp_or_to_or_and__: 4886:entity-operate: pulp-mill-mk01 --> recipe-category: pulp__0__1:noncoproduct-route,,,True,entity-operate: pulp-mill-mk01 --> recipe-category: pulp__0__1,False,False,3.5179103194227981e-45,8.5321857814297331e-46
1027,482,__pr_graph_lp_or_cost_row__: item: sulfur,,,True,node-cost:item: sulfur,False,False,3.4548457082145966e-45,8.3792316324591886e-46
1028,1662,__pr_graph_lp_or_to_or_and__: 977:item: moondrop --> entity-operate-py-module: moondrop-greenhouse-mk01,,,True,item: moondrop --> entity-operate-py-module: moondrop-greenhouse-mk01,False,False,3.4344122026786396e-45,8.3296731020907227e-46
1029,1115,__pr_graph_lp_or_to_or_and__: 4053:item: wood --> energy-source-burner: chemical__biomass__nuke_2_1,,,True,item: wood --> energy-source-burner: chemical__biomass__nuke_2_1,False,False,3.3905926833867451e-45,8.2233951570882098e-46
1030,1116,__pr_graph_lp_or_to_or_and__: 4054:item: log --> energy-source-burner: chemical__biomass__nuke_2_1,,,True,item: log --> energy-source-burner: chemical__biomass__nuke_2_1,False,False,3.3735659294679585e-45,8.1820992130478824e-46
1031,1118,__pr_graph_lp_or_to_or_and__: 4056:item: raw-fiber --> energy-source-burner: chemical__biomass__nuke_2_1,,,True,item: raw-fiber --> energy-source-burner: chemical__biomass__nuke_2_1,False,False,3.3734250615114018e-45,8.1817575580689714e-46
1032,1111,__pr_graph_lp_or_to_or_and__: 4049:item: coal-dust --> energy-source-burner: chemical__biomass__nuke_2_1,,,True,item: coal-dust --> energy-source-burner: chemical__biomass__nuke_2_1,False,False,3.3734244988376035e-45,8.1817561933845579e-46
1033,1117,__pr_graph_lp_or_to_or_and__: 4055:item: treated-wood --> energy-source-burner: chemical__biomass__nuke_2_1,,,True,item: treated-wood --> energy-source-burner: chemical__biomass__nuke_2_1,False,False,3.3734243193465708e-45,8.181755758054859e-46
1034,1322,__pr_graph_lp_or_to_or_and__: 4581:fluid-temperature: water-saline: 25 --> fluid-temperature-range: water-saline: 25: 25:noncoproduct-route,,,True,fluid-temperature: water-saline: 25 --> fluid-temperature-range: water-saline: 25: 25,False,False,3.3135824226622295e-45,8.0366178398978954e-46
1035,1222,__pr_graph_lp_or_to_or_and__: 4414:entity-build: boiler --> entity: boiler:noncoproduct-route,,,True,entity-build: boiler --> entity: boiler,False,False,3.2269109820214447e-45,7.8264087196117741e-46
1036,128,__pr_graph_lp_or_cost_row__: entity: iron-chest,,,True,node-cost:entity: iron-chest,False,False,3.2068671554839059e-45,7.7777952996377558e-46
1037,1708,entity-build: moondrop-greenhouse-mk01,entity-build,moondrop-greenhouse-mk01,False,,False,False,3.1787078549508898e-45,7.7094989640841466e-46
1038,169,__pr_graph_lp_or_cost_row__: entity: py-sinkhole,,,True,node-cost:entity: py-sinkhole,False,False,3.1639041227466095e-45,7.67359463965379e-46
1039,956,__pr_graph_lp_or_to_or_and__: 2567:item-craft: sap-tree --> item: sap-tree,,,True,item-craft: sap-tree --> item: sap-tree,False,False,3.1221173449194504e-45,7.5722468168681457e-46
1040,510,__pr_graph_lp_or_cost_row__: item: wooden-chest,,,True,node-cost:item: wooden-chest,False,False,3.1088252540696712e-45,7.5400087612452366e-46
1041,839,__pr_graph_lp_or_to_or_and__: 2152:item-craft: vacuum-pump-mk01 --> item: vacuum-pump-mk01,,,True,item-craft: vacuum-pump-mk01 --> item: vacuum-pump-mk01,False,False,3.0936358407181767e-45,7.503169022633837e-46
1042,1256,__pr_graph_lp_or_to_or_and__: 4482:entity-build: py-tank-4000 --> entity: py-tank-4000:noncoproduct-route,,,True,entity-build: py-tank-4000 --> entity: py-tank-4000,False,False,3.0877349790963382e-45,7.4888573310167824e-46
1043,941,__pr_graph_lp_or_to_or_and__: 2437:item-craft: empty-planter-box --> item: empty-planter-box,,,True,item-craft: empty-planter-box --> item: empty-planter-box,False,False,3.0427248759942215e-45,7.3796917961285657e-46
1044,97,__pr_graph_lp_or_cost_row__: entity: chromium-rock,,,True,node-cost:entity: chromium-rock,False,False,2.9983174945307966e-45,7.27198807593398e-46
1045,1608,__pr_graph_lp_or_to_or_and__: 4961:entity-operate: research-center-mk01 --> recipe-category: research__2__0:noncoproduct-route,,,True,entity-operate: research-center-mk01 --> recipe-category: research__2__0,False,False,2.9779989573253076e-45,7.2227083847244074e-46
1046,1750,entity-build: solid-separator,entity-build,solid-separator,False,,False,False,2.9478579754073714e-45,7.1496057658376524e-46
1047,1738,entity-build: radar,entity-build,radar,False,,False,False,2.9460146659420516e-45,7.1451350837045849e-46
1048,170,__pr_graph_lp_or_cost_row__: entity: py-tank-1000,,,True,node-cost:entity: py-tank-1000,False,False,2.9129959879888744e-45,7.0650530267521129e-46
1049,1486,__pr_graph_lp_or_to_or_and__: 4803:entity-operate: evaporator --> recipe-category: evaporator__0__0:noncoproduct-route,,,True,entity-operate: evaporator --> recipe-category: evaporator__0__0,False,False,2.9091578462532389e-45,7.0557441657038091e-46
1050,1568,__pr_graph_lp_or_to_or_and__: 4911:entity-operate: fwf-mk01 --> recipe-category: fwf__2__0:noncoproduct-route,,,True,entity-operate: fwf-mk01 --> recipe-category: fwf__2__0,False,False,2.8869171557179006e-45,7.0018025679015304e-46
1051,1539,__pr_graph_lp_or_to_or_and__: 4874:entity-operate: moondrop-greenhouse-mk01 --> recipe-category: moon__1__2:noncoproduct-route,,,True,entity-operate: moondrop-greenhouse-mk01 --> recipe-category: moon__1__2,False,False,2.8676516196895791e-45,6.9550767796786408e-46
1052,1749,entity-build: soil-extractor-mk01,entity-build,soil-extractor-mk01,False,,False,False,2.8345704514845296e-45,6.8748431616032033e-46
1053,1194,__pr_graph_lp_or_to_or_and__: 4358:entity-build: wpu-mk01 --> entity: wpu-mk01:noncoproduct-route,,,True,entity-build: wpu-mk01 --> entity: wpu-mk01,False,False,2.7451484223012955e-45,6.6579628842034745e-46
1054,1741,entity-build: research-center-mk01,entity-build,research-center-mk01,False,,False,False,2.688602988784525e-45,6.5208200635940711e-46
1055,1642,__pr_graph_lp_or_to_or_and__: 896:item: tar-processing-unit --> entity-build-item: tar-processing-unit,,,True,item: tar-processing-unit --> entity-build-item: tar-processing-unit,False,False,2.6706474139210888e-45,6.4772713978701695e-46
1056,1240,__pr_graph_lp_or_to_or_and__: 4450:entity-build: borax-mine --> entity: borax-mine:noncoproduct-route,,,True,entity-build: borax-mine --> entity: borax-mine,False,False,2.5789673375424473e-45,6.2549145515914445e-46
1057,449,__pr_graph_lp_or_cost_row__: item: sap-seeds,,,True,node-cost:item: sap-seeds,False,False,2.5707313043646747e-45,6.2349392370455339e-46
1058,130,__pr_graph_lp_or_cost_row__: entity: iron-rock,,,True,node-cost:entity: iron-rock,False,False,2.5225707722839044e-45,6.118132789542614e-46
1059,534,__pr_graph_lp_or_to_or_and__: 1051:item: data-array --> entity-build-item: data-array,,,True,item: data-array --> entity-build-item: data-array,False,False,2.5179681832207852e-45,6.1069698713905242e-46
1060,1215,__pr_graph_lp_or_to_or_and__: 4400:entity-build: vrauks-paddock-mk01 --> entity: vrauks-paddock-mk01:noncoproduct-route,,,True,entity-build: vrauks-paddock-mk01 --> entity: vrauks-paddock-mk01,False,False,2.4983522831780965e-45,6.0593943256154869e-46
1061,1609,__pr_graph_lp_or_to_or_and__: 4962:entity-operate: research-center-mk01 --> recipe-category: research__3__0:noncoproduct-route,,,True,entity-operate: research-center-mk01 --> recipe-category: research__3__0,False,False,2.474828964544904e-45,6.0023418977391852e-46
1062,1690,entity-build: electronics-factory-mk01,entity-build,electronics-factory-mk01,False,,False,False,2.4395594722203203e-45,5.9168008140826149e-46
1063,333,__pr_graph_lp_or_cost_row__: item: graphite,,,True,node-cost:item: graphite,False,False,2.4307808494752408e-45,5.8955095265382547e-46
1064,504,__pr_graph_lp_or_cost_row__: item: washer,,,True,node-cost:item: washer,False,False,2.377584499649024e-45,5.7664894269907251e-46
1065,1737,entity-build: quenching-tower,entity-build,quenching-tower,False,,False,False,2.3268262495758378e-45,5.6433825879182185e-46
1066,1736,entity-build: py-underflow-valve,entity-build,py-underflow-valve,False,,False,False,2.2998415870968261e-45,5.5779351681108024e-46
1067,1415,__pr_graph_lp_or_to_or_and__: 4705:item-burn: coal-dust --> item: ash:noncoproduct-route,,,True,item-burn: coal-dust --> item: ash,False,False,2.2909280799786786e-45,5.5563167379091455e-46
1068,1173,__pr_graph_lp_or_to_or_and__: 4154:item: guts --> logic-or: workers-food-or-meat,,,True,item: guts --> logic-or: workers-food-or-meat,False,False,2.2759883640713659e-45,5.520082604554692e-46
1069,755,__pr_graph_lp_or_to_or_and__: 1823:item-craft: shotgun --> item: shotgun,,,True,item-craft: shotgun --> item: shotgun,False,False,2.2545638177068048e-45,5.468120447118205e-46
1070,473,__pr_graph_lp_or_cost_row__: item: steel-chest,,,True,node-cost:item: steel-chest,False,False,2.2119813964739093e-45,5.3648429056253975e-46
1071,580,__pr_graph_lp_or_to_or_and__: 1191:item: offshore-pump --> entity-build-item: offshore-pump,,,True,item: offshore-pump --> entity-build-item: offshore-pump,False,False,2.2040581309752368e-45,5.3456261641249047e-46
1072,1607,__pr_graph_lp_or_to_or_and__: 4960:entity-operate: research-center-mk01 --> recipe-category: research__1__0:noncoproduct-route,,,True,entity-operate: research-center-mk01 --> recipe-category: research__1__0,False,False,2.146198752111123e-45,5.2052965579546863e-46
1073,338,__pr_graph_lp_or_cost_row__: item: hazard-concrete,,,True,node-cost:item: hazard-concrete,False,False,2.1007087714057598e-45,5.0949671489220266e-46
1074,1278,__pr_graph_lp_or_to_or_and__: 4523:tile-fluid: water --> fluid-create-offshore-temperature: water: 15:noncoproduct-route,,,True,tile-fluid: water --> fluid-create-offshore-temperature: water: 15,False,False,2.0979087214161286e-45,5.0881760301783448e-46
1075,1694,entity-build: fluidavan,entity-build,fluidavan,False,,False,False,2.0887442145807449e-45,5.0659488362436492e-46
1076,227,__pr_graph_lp_or_cost_row__: entity: tree-08-brown,,,True,node-cost:entity: tree-08-brown,False,False,2.082019691475638e-45,5.0496394720999656e-46
1077,88,__pr_graph_lp_or_cost_row__: entity: borax,,,True,node-cost:entity: borax,False,False,2.0344676057733749e-45,4.9343087238241694e-46
1078,1715,entity-build: pcb-factory-mk01,entity-build,pcb-factory-mk01,False,,False,False,2.0221105963175174e-45,4.9043385737046065e-46
1079,1317,__pr_graph_lp_or_to_or_and__: 4575:fluid-temperature: flue-gas: 15 --> fluid: flue-gas:noncoproduct-route,,,True,fluid-temperature: flue-gas: 15 --> fluid: flue-gas,False,False,2.0093429238494619e-45,4.8733724194816166e-46
1080,1217,__pr_graph_lp_or_to_or_and__: 4404:entity-build: data-array --> entity: data-array:noncoproduct-route,,,True,entity-build: data-array --> entity: data-array,False,False,2.0031420062085982e-45,4.8583329851233597e-46
1081,1654,__pr_graph_lp_or_to_or_and__: 944:item: glassworks-mk01 --> entity-build-item: glassworks-mk01,,,True,item: glassworks-mk01 --> entity-build-item: glassworks-mk01,False,False,1.9818989890992527e-45,4.8068111008006332e-46
1082,216,__pr_graph_lp_or_cost_row__: entity: transport-belt,,,True,node-cost:entity: transport-belt,False,False,1.9810324634246965e-45,4.8047094673397483e-46
1083,1050,__pr_graph_lp_or_to_or_and__: 3988:item: cellulose --> energy-source-burner: biomass_2_1,,,True,item: cellulose --> energy-source-burner: biomass_2_1,False,False,1.9766276693339212e-45,4.7940262724601223e-46
1084,1277,__pr_graph_lp_or_to_or_and__: 4521:tile-fluid: deepwater --> fluid-create-offshore-temperature: water: 15:noncoproduct-route,,,True,tile-fluid: deepwater --> fluid-create-offshore-temperature: water: 15,False,False,1.9740639102001926e-45,4.7878082432207078e-46
1085,606,__pr_graph_lp_or_to_or_and__: 1496:item: py-overflow-valve --> entity-build-item: py-overflow-valve,,,True,item: py-overflow-valve --> entity-build-item: py-overflow-valve,False,False,1.947561528780487e-45,4.7235305267949119e-46
1086,1754,entity-build: stone-furnace,entity-build,stone-furnace,False,,False,False,1.9466554188424374e-45,4.7213328873931469e-46
1087,53,__pr_graph_lp_explicit_zero_free_source__: 1929:room-autoplace: planet: nauvis --> entity: tree-05,,,True,explicit-zero:room-autoplace: planet: nauvis --> entity: tree-05,False,False,1.9402826203180595e-45,4.705876580659741e-46
1088,960,__pr_graph_lp_or_to_or_and__: 3480:item: vrauks --> recipe-py-module: vrauks-cocoon-1,,,True,item: vrauks --> recipe-py-module: vrauks-cocoon-1,False,False,1.937827131864924e-45,4.6999211463922337e-46
1089,1540,__pr_graph_lp_or_to_or_and__: 4875:entity-operate: moondrop-greenhouse-mk01 --> recipe-category: moon__0__1:noncoproduct-route,,,True,entity-operate: moondrop-greenhouse-mk01 --> recipe-category: moon__0__1,False,False,1.937798877668792e-45,4.6998526199010462e-46
1090,357,__pr_graph_lp_or_cost_row__: item: landfill,,,True,node-cost:item: landfill,False,False,1.9140510746382823e-45,4.6422557373886024e-46
1091,1225,__pr_graph_lp_or_to_or_and__: 4420:entity-build: iron-chest --> entity: iron-chest:noncoproduct-route,,,True,entity-build: iron-chest --> entity: iron-chest,False,False,1.8233931549848688e-45,4.4223779853122589e-46
1092,1717,entity-build: pipe-to-ground,entity-build,pipe-to-ground,False,,False,False,1.8173328390818417e-45,4.4076795602576761e-46
1093,1692,entity-build: flora-collector-mk01,entity-build,flora-collector-mk01,False,,False,False,1.8154725479867852e-45,4.403167691622786e-46
1094,963,__pr_graph_lp_or_to_or_and__: 3483:item: vrauks --> recipe-py-module: vrauks-cocoon-4,,,True,item: vrauks --> recipe-py-module: vrauks-cocoon-4,False,False,1.7863229299017466e-45,4.3324694832045334e-46
1095,233,__pr_graph_lp_or_cost_row__: entity: uranium-ore,,,True,node-cost:entity: uranium-ore,False,False,1.716854749854348e-45,4.1639843985252107e-46
1096,1485,__pr_graph_lp_or_to_or_and__: 4802:entity-operate: evaporator --> recipe-category: evaporator__2__0:noncoproduct-route,,,True,entity-operate: evaporator --> recipe-category: evaporator__2__0,False,False,1.6891929352488063e-45,4.0968946435752685e-46
1097,586,__pr_graph_lp_or_to_or_and__: 1344:item: multiblade-turbine-mk01 --> entity-build-item: multiblade-turbine-mk01,,,True,item: multiblade-turbine-mk01 --> entity-build-item: multiblade-turbine-mk01,False,False,1.6868473047965155e-45,4.091205654096762e-46
1098,1320,__pr_graph_lp_or_to_or_and__: 4579:fluid-temperature: water-saline: 25 --> fluid: water-saline:noncoproduct-route,,,True,fluid-temperature: water-saline: 25 --> fluid: water-saline,False,False,1.6567912113311148e-45,4.0183089199489477e-46
1099,1535,__pr_graph_lp_or_to_or_and__: 4870:entity-operate: moondrop-greenhouse-mk01 --> recipe-category: moon__2__1:noncoproduct-route,,,True,entity-operate: moondrop-greenhouse-mk01 --> recipe-category: moon__2__1,False,False,1.6018168324527903e-45,3.8849764665265621e-46
1100,1536,__pr_graph_lp_or_to_or_and__: 4871:entity-operate: moondrop-greenhouse-mk01 --> recipe-category: moon__1__1:noncoproduct-route,,,True,entity-operate: moondrop-greenhouse-mk01 --> recipe-category: moon__1__1,False,False,1.6018168324527903e-45,3.8849764665265621e-46
1101,1538,__pr_graph_lp_or_to_or_and__: 4873:entity-operate: moondrop-greenhouse-mk01 --> recipe-category: moon__2__0:noncoproduct-route,,,True,entity-operate: moondrop-greenhouse-mk01 --> recipe-category: moon__2__0,False,False,1.6018168324527903e-45,3.8849764665265621e-46
1102,1656,__pr_graph_lp_or_to_or_and__: 953:item: automated-screener-mk01 --> entity-build-item: automated-screener-mk01,,,True,item: automated-screener-mk01 --> entity-build-item: automated-screener-mk01,False,False,1.5914141263611049e-45,3.8597461982864005e-46
1103,1630,__pr_graph_lp_or_to_or_and__: 4993:logic-and: smart-farm-ralesia-flowers-recipe-ralesia-super-1 --> logic-or: smart-farm-ralesia-flowers-recipe:noncoproduct-route,,,True,logic-and: smart-farm-ralesia-flowers-recipe-ralesia-super-1 --> logic-or: smart-farm-ralesia-flowers-recipe,False,False,1.551199151332631e-45,3.7622105572428857e-46
1104,225,__pr_graph_lp_or_cost_row__: entity: tree-07,,,True,node-cost:entity: tree-07,False,False,1.5402031577909353e-45,3.7355413555775792e-46
1105,1482,__pr_graph_lp_or_to_or_and__: 4799:entity-operate: evaporator --> recipe-category: evaporator__1__1:noncoproduct-route,,,True,entity-operate: evaporator --> recipe-category: evaporator__1__1,False,False,1.532783593834015e-45,3.7175462697596925e-46
1106,1483,__pr_graph_lp_or_to_or_and__: 4800:entity-operate: evaporator --> recipe-category: evaporator__2__2:noncoproduct-route,,,True,entity-operate: evaporator --> recipe-category: evaporator__2__2,False,False,1.532783593834015e-45,3.7175462697596925e-46
1107,1484,__pr_graph_lp_or_to_or_and__: 4801:entity-operate: evaporator --> recipe-category: evaporator__2__1:noncoproduct-route,,,True,entity-operate: evaporator --> recipe-category: evaporator__2__1,False,False,1.532783593834015e-45,3.7175462697596925e-46
1108,1046,__pr_graph_lp_or_to_or_and__: 3984:item: wood --> energy-source-burner: biomass_2_1,,,True,item: wood --> energy-source-burner: biomass_2_1,False,False,1.5271322223421102e-45,3.7038396805886759e-46
1109,75,__pr_graph_lp_or_cost_row__: entity: aluminium-rock,,,True,node-cost:entity: aluminium-rock,False,False,1.5245077897090999e-45,3.6974744964985471e-46
1110,597,__pr_graph_lp_or_to_or_and__: 1388:item: py-tank-8000 --> entity-build-item: py-tank-8000,,,True,item: py-tank-8000 --> entity-build-item: py-tank-8000,False,False,1.5198930394786269e-45,3.6862820831832036e-46
1111,1047,__pr_graph_lp_or_to_or_and__: 3985:item: log --> energy-source-burner: biomass_2_1,,,True,item: log --> energy-source-burner: biomass_2_1,False,False,1.5101054684233239e-45,3.6625437365483492e-46
1112,1049,__pr_graph_lp_or_to_or_and__: 3987:item: raw-fiber --> energy-source-burner: biomass_2_1,,,True,item: raw-fiber --> energy-source-burner: biomass_2_1,False,False,1.5099646004667672e-45,3.6622020815694382e-46
1113,1048,__pr_graph_lp_or_to_or_and__: 3986:item: treated-wood --> energy-source-burner: biomass_2_1,,,True,item: treated-wood --> energy-source-burner: biomass_2_1,False,False,1.5099638583019362e-45,3.6622002815553273e-46
1114,434,__pr_graph_lp_or_cost_row__: item: radar,,,True,node-cost:item: radar,False,False,1.4967313370320829e-45,3.6301067033854224e-46
1115,1633,__pr_graph_lp_or_to_or_and__: 4999:logic-and: smart-farm-yotoi-tree-fruit-recipe-yotoi-fruit-super-2 --> logic-or: smart-farm-yotoi-tree-fruit-recipe:noncoproduct-route,,,True,logic-and: smart-farm-yotoi-tree-fruit-recipe-yotoi-fruit-super-2 --> logic-or: smart-farm-yotoi-tree-fruit-recipe,False,False,1.4784703475963595e-45,3.5858172985196719e-46
1116,775,__pr_graph_lp_or_to_or_and__: 1887:item-craft: boiler --> item: boiler,,,True,item-craft: boiler --> item: boiler,False,False,1.4604612588800815e-45,3.5421388426382996e-46
1117,219,__pr_graph_lp_or_cost_row__: entity: tree-02-red,,,True,node-cost:entity: tree-02-red,False,False,1.4389340373783353e-45,3.4899276614160837e-46
1118,424,__pr_graph_lp_or_cost_row__: item: py-tank-1500,,,True,node-cost:item: py-tank-1500,False,False,1.420873851168771e-45,3.4461252759099911e-46
1119,589,__pr_graph_lp_or_to_or_and__: 1356:item: tailings-pond --> entity-build-item: tailings-pond,,,True,item: tailings-pond --> entity-build-item: tailings-pond,False,False,1.4190070991557936e-45,3.441597737247438e-46
1120,722,__pr_graph_lp_or_to_or_and__: 1782:item: coal-dust --> fuel-category: chemical__1,,,True,item: coal-dust --> fuel-category: chemical__1,False,False,1.3535516259562163e-45,3.2828448962023541e-46
1121,1221,__pr_graph_lp_or_to_or_and__: 4412:entity-build: seaweed-crop-mk01 --> entity: seaweed-crop-mk01:noncoproduct-route,,,True,entity-build: seaweed-crop-mk01 --> entity: seaweed-crop-mk01,False,False,1.3381640204173503e-45,3.2455244709305401e-46
1122,147,__pr_graph_lp_or_cost_row__: entity: ore-chromium,,,True,node-cost:entity: ore-chromium,False,False,1.3335665987830544e-45,3.2343740856342451e-46
1123,592,__pr_graph_lp_or_to_or_and__: 1368:item: py-tank-3000 --> entity-build-item: py-tank-3000,,,True,item: py-tank-3000 --> entity-build-item: py-tank-3000,False,False,1.328348771612185e-45,3.2217189958920613e-46
1124,361,__pr_graph_lp_or_cost_row__: item: light-armor,,,True,node-cost:item: light-armor,False,False,1.3160828269263696e-45,3.1919697102817081e-46
1125,1185,__pr_graph_lp_or_to_or_and__: 4340:entity-build: hpf --> entity: hpf:noncoproduct-route,,,True,entity-build: hpf --> entity: hpf,False,False,1.3031171807613079e-45,3.1605233993152765e-46
1126,417,__pr_graph_lp_or_cost_row__: item: py-gas-vent,,,True,node-cost:item: py-gas-vent,False,False,1.3006836281918282e-45,3.154621167380301e-46
1127,32,__pr_graph_lp_explicit_zero_free_source__: 1651:room-autoplace: planet: nauvis --> entity: uranium-rock,,,True,explicit-zero:room-autoplace: planet: nauvis --> entity: uranium-rock,False,False,1.2928275163544404e-45,3.1355672974319393e-46
1128,1206,__pr_graph_lp_or_to_or_and__: 4382:entity-build: chipshooter-mk01 --> entity: chipshooter-mk01:noncoproduct-route,,,True,entity-build: chipshooter-mk01 --> entity: chipshooter-mk01,False,False,1.2738031468545675e-45,3.089426423956201e-46
1129,780,__pr_graph_lp_or_to_or_and__: 1903:item-craft: pipe-to-ground --> item: pipe-to-ground,,,True,item-craft: pipe-to-ground --> item: pipe-to-ground,False,False,1.2676331592678918e-45,3.0744620059981929e-46
1130,546,__pr_graph_lp_or_to_or_and__: 1076:item: seaweed-crop-mk01 --> entity-build-item: seaweed-crop-mk01,,,True,item: seaweed-crop-mk01 --> entity-build-item: seaweed-crop-mk01,False,False,1.2627463160609064e-45,3.0626096702815854e-46
1131,192,__pr_graph_lp_or_cost_row__: entity: salt-rock,,,True,node-cost:entity: salt-rock,False,False,1.2372171276195802e-45,3.0006922935287116e-46
1132,886,__pr_graph_lp_or_to_or_and__: 2281:item-craft: formica --> item: formica,,,True,item-craft: formica --> item: formica,False,False,1.2312750055522514e-45,2.9862805306322939e-46
1133,525,__pr_graph_lp_or_to_or_and__: 1026:item: biofactory-mk01 --> entity-build-item: biofactory-mk01,,,True,item: biofactory-mk01 --> entity-build-item: biofactory-mk01,False,False,1.2256842294925317e-45,2.9727209069714711e-46
1134,134,__pr_graph_lp_or_cost_row__: entity: medium-worm-turret,,,True,node-cost:entity: medium-worm-turret,False,False,1.2233463218453718e-45,2.9670506480466595e-46
1135,1713,entity-build: outpost,entity-build,outpost,False,,False,False,1.2135071926364603e-45,2.9431872545216937e-46
1136,802,__pr_graph_lp_or_to_or_and__: 1998:item-craft: plastic-bar --> item: plastic-bar,,,True,item-craft: plastic-bar --> item: plastic-bar,False,False,1.2116810234541971e-45,2.9387581436812707e-46
1137,601,__pr_graph_lp_or_to_or_and__: 1404:item: outpost-fluid --> entity-build-item: outpost-fluid,,,True,item: outpost-fluid --> entity-build-item: outpost-fluid,False,False,1.1371318828501108e-45,2.7579499195579353e-46
1138,38,__pr_graph_lp_explicit_zero_free_source__: 1669:room-autoplace: planet: nauvis --> entity: sulfur-patch,,,True,explicit-zero:room-autoplace: planet: nauvis --> entity: sulfur-patch,False,False,1.1354365547841793e-45,2.7538381450368122e-46
1139,1319,__pr_graph_lp_or_to_or_and__: 4577:fluid-temperature: flue-gas: 15 --> fluid-temperature-range: flue-gas: 15: 15:noncoproduct-route,,,True,fluid-temperature: flue-gas: 15 --> fluid-temperature-range: flue-gas: 15: 15,False,False,1.1158448235902611e-45,2.7063212173302046e-46
1140,945,__pr_graph_lp_or_to_or_and__: 2446:item-craft: outpost-fluid --> item: outpost-fluid,,,True,item-craft: outpost-fluid --> item: outpost-fluid,False,False,1.069392767111486e-45,2.5936584318071772e-46
1141,9,__pr_graph_lp_explicit_zero_free_source__: 1557:room-autoplace: planet: nauvis --> entity: molybdenum-ore,,,True,explicit-zero:room-autoplace: planet: nauvis --> entity: molybdenum-ore,False,False,1.0650911640547764e-45,2.5832255119470044e-46
1142,123,__pr_graph_lp_or_cost_row__: entity: gun-turret,,,True,node-cost:entity: gun-turret,False,False,1.0641036854548874e-45,2.5808305245526636e-46
1143,67,__pr_graph_lp_explicit_zero_free_source__: 1999:room-autoplace: planet: nauvis --> entity: dry-hairy-tree,,,True,explicit-zero:room-autoplace: planet: nauvis --> entity: dry-hairy-tree,False,False,1.0554695252478564e-45,2.5598896101279024e-46
1144,1627,__pr_graph_lp_or_to_or_and__: 4987:logic-and: smart-farm-kicalk-tree-recipe-kicalk-super-1 --> logic-or: smart-farm-kicalk-tree-recipe:noncoproduct-route,,,True,logic-and: smart-farm-kicalk-tree-recipe-kicalk-super-1 --> logic-or: smart-farm-kicalk-tree-recipe,False,False,1.016201320525498e-45,2.4646502243639839e-46
1145,1629,__pr_graph_lp_or_to_or_and__: 4991:logic-and: smart-farm-kicalk-tree-recipe-kicalk-super-3 --> logic-or: smart-farm-kicalk-tree-recipe:noncoproduct-route,,,True,logic-and: smart-farm-kicalk-tree-recipe-kicalk-super-3 --> logic-or: smart-farm-kicalk-tree-recipe,False,False,1.016201320525498e-45,2.4646502243639839e-46
1146,28,__pr_graph_lp_explicit_zero_free_source__: 1639:room-autoplace: planet: nauvis --> entity: lead-rock,,,True,explicit-zero:room-autoplace: planet: nauvis --> entity: lead-rock,False,False,9.7596931527005791e-46,2.3670732789530519e-46
1147,471,__pr_graph_lp_or_cost_row__: item: splitter,,,True,node-cost:item: splitter,False,False,9.7241944323242065e-46,2.3584635746185784e-46
1148,875,__pr_graph_lp_or_to_or_and__: 2256:item-craft: solder --> item: solder,,,True,item-craft: solder --> item: solder,False,False,9.4205118215006048e-46,2.2848097227898109e-46
1149,568,__pr_graph_lp_or_to_or_and__: 1146:item: gate --> entity-build-item: gate,,,True,item: gate --> entity-build-item: gate,False,False,9.3273626634561844e-46,2.2622177335218992e-46
1150,1172,__pr_graph_lp_or_to_or_and__: 4153:item: dried-meat --> logic-or: workers-food-or-meat,,,True,item: dried-meat --> logic-or: workers-food-or-meat,False,False,9.2456961911722712e-46,2.2424107046220079e-46
1151,1224,__pr_graph_lp_or_to_or_and__: 4418:entity-build: wooden-chest --> entity: wooden-chest:noncoproduct-route,,,True,entity-build: wooden-chest --> entity: wooden-chest,False,False,9.1584933806160166e-46,2.2212609164588217e-46
1152,777,__pr_graph_lp_or_to_or_and__: 1893:item-craft: small-electric-pole --> item: small-electric-pole,,,True,item-craft: small-electric-pole --> item: small-electric-pole,False,False,9.0405304650092754e-46,2.1926507069910327e-46
1153,1237,__pr_graph_lp_or_to_or_and__: 4444:entity-build: lab --> entity: lab:noncoproduct-route,,,True,entity-build: lab --> entity: lab,False,False,8.8083256888730937e-46,2.136332776474422e-46
1154,1712,entity-build: olefin-plant,entity-build,olefin-plant,False,,False,False,8.7716505596949529e-46,2.1274377510959136e-46
1155,1236,__pr_graph_lp_or_to_or_and__: 4442:entity-build: burner-inserter --> entity: burner-inserter:noncoproduct-route,,,True,entity-build: burner-inserter --> entity: burner-inserter,False,False,8.7491947765070967e-46,2.1219914236847663e-46
1156,1638,__pr_graph_lp_or_to_or_and__: 879:item: gun-turret --> entity-build-item: gun-turret,,,True,item: gun-turret --> entity-build-item: gun-turret,False,False,8.6306365313022044e-46,2.0932368255807869e-46
1157,521,__pr_graph_lp_or_to_or_and__: 1018:item: tree-mk01 --> entity-operate-py-module: fwf-mk02,,,True,item: tree-mk01 --> entity-operate-py-module: fwf-mk02,False,False,8.5177326510037294e-46,2.065853612403569e-46
1158,1659,__pr_graph_lp_or_to_or_and__: 966:item: electrolyzer-mk01 --> entity-build-item: electrolyzer-mk01,,,True,item: electrolyzer-mk01 --> entity-build-item: electrolyzer-mk01,False,False,8.1576926447514982e-46,1.9785310844490991e-46
1159,163,__pr_graph_lp_or_cost_row__: entity: pulp-mill-mk01,,,True,node-cost:entity: pulp-mill-mk01,False,False,8.0219005667293018e-46,1.9455966679310032e-46
1160,159,__pr_graph_lp_or_cost_row__: entity: phosphate-rock-02,,,True,node-cost:entity: phosphate-rock-02,False,False,7.9422695117950978e-46,1.9262833002502336e-46
1161,1213,__pr_graph_lp_or_to_or_and__: 4396:entity-build: incubator-mk01 --> entity: incubator-mk01:noncoproduct-route,,,True,entity-build: incubator-mk01 --> entity: incubator-mk01,False,False,7.9063954268112424e-46,1.9175825566260676e-46
1162,1382,__pr_graph_lp_or_to_or_and__: 4661:fluid-temperature: pitch: 10 --> fluid-temperature-range: pitch: 10: 10:noncoproduct-route,,,True,fluid-temperature: pitch: 10 --> fluid-temperature-range: pitch: 10: 10,False,False,7.7980021017857041e-46,1.8912933137912322e-46
1163,321,__pr_graph_lp_or_cost_row__: item: formic-acid-barrel,,,True,node-cost:item: formic-acid-barrel,False,False,7.7958338968945509e-46,1.8907674468627497e-46
1164,1356,__pr_graph_lp_or_to_or_and__: 4627:fluid-temperature: kerosene: 10 --> fluid: kerosene:noncoproduct-route,,,True,fluid-temperature: kerosene: 10 --> fluid: kerosene,False,False,7.634149540911334e-46,1.851553230525763e-46
1165,747,__pr_graph_lp_or_to_or_and__: 1807:item: cellulose --> fuel-category: biomass__0,,,True,item: cellulose --> fuel-category: biomass__0,False,False,7.5738969181284327e-46,1.8369398229990338e-46
1166,331,__pr_graph_lp_or_cost_row__: item: grade-1-copper,,,True,node-cost:item: grade-1-copper,False,False,7.5387564701833803e-46,1.8284170124926237e-46
1167,1681,entity-build: burner-mining-drill,entity-build,burner-mining-drill,False,,False,False,7.4708322365166803e-46,1.8119429660251567e-46
1168,923,__pr_graph_lp_or_to_or_and__: 2383:item-craft: bio-container --> item: bio-container,,,True,item-craft: bio-container --> item: bio-container,False,False,7.4339171606824564e-46,1.8029897450344397e-46
1169,1718,entity-build: poorman-wood-fence,entity-build,poorman-wood-fence,False,,False,False,6.9712949759979031e-46,1.6907873843162978e-46
1170,1380,__pr_graph_lp_or_to_or_and__: 4659:fluid-temperature: pitch: 10 --> fluid: pitch:noncoproduct-route,,,True,fluid-temperature: pitch: 10 --> fluid: pitch,False,False,6.8336308315974275e-46,1.6573989250090365e-46
1171,15,__pr_graph_lp_explicit_zero_free_source__: 1582:room-autoplace: planet: nauvis --> entity: ore-chromium,,,True,explicit-zero:room-autoplace: planet: nauvis --> entity: ore-chromium,False,False,6.8327619143565445e-46,1.657188181622914e-46
1172,60,__pr_graph_lp_explicit_zero_free_source__: 1964:room-autoplace: planet: nauvis --> entity: tree-09,,,True,explicit-zero:room-autoplace: planet: nauvis --> entity: tree-09,False,False,6.8245090266015709e-46,1.655186562332907e-46
1173,422,__pr_graph_lp_or_cost_row__: item: py-tank-1000,,,True,node-cost:item: py-tank-1000,False,False,6.667422116643074e-46,1.6170873904410968e-46
1174,1255,__pr_graph_lp_or_to_or_and__: 4480:entity-build: py-tank-3000 --> entity: py-tank-3000:noncoproduct-route,,,True,entity-build: py-tank-3000 --> entity: py-tank-3000,False,False,6.6399874662359636e-46,1.610433510356955e-46
1175,318,__pr_graph_lp_or_cost_row__: item: flue-gas-barrel,,,True,node-cost:item: flue-gas-barrel,False,False,6.3620572170536777e-46,1.5430255236550255e-46
1176,968,__pr_graph_lp_or_to_or_and__: 3830:item: vrauks --> recipe-py-module: vrauks-cocoon-1-no-water,,,True,item: vrauks --> recipe-py-module: vrauks-cocoon-1-no-water,False,False,6.2881083776566068e-46,1.5250902956711456e-46
1177,542,__pr_graph_lp_or_to_or_and__: 1065:item: sap-tree --> entity-operate-py-module: sap-extractor-mk03,,,True,item: sap-tree --> entity-operate-py-module: sap-extractor-mk03,False,False,6.0978980295504784e-46,1.4789575100048473e-46
1178,863,__pr_graph_lp_or_to_or_and__: 2223:item-craft: grade-1-copper --> item: grade-1-copper,,,True,item-craft: grade-1-copper --> item: grade-1-copper,False,False,6.001643942018895e-46,1.4556124647230728e-46
1179,1991,entity-operate: py-gas-vent,entity-operate,py-gas-vent,False,,False,False,5.996513756599349e-46,1.454368211995791e-46
1180,519,__pr_graph_lp_or_to_or_and__: 1013:item: fwf-mk01 --> entity-build-item: fwf-mk01,,,True,item: fwf-mk01 --> entity-build-item: fwf-mk01,False,False,5.9644475985603018e-46,1.4465910263132768e-46
1181,262,__pr_graph_lp_or_cost_row__: item: boiler,,,True,node-cost:item: boiler,False,False,5.9073323397158582e-46,1.4327385413103277e-46
1182,595,__pr_graph_lp_or_to_or_and__: 1380:item: py-tank-7000 --> entity-build-item: py-tank-7000,,,True,item: py-tank-7000 --> entity-build-item: py-tank-7000,False,False,5.7013695348807024e-46,1.382785223705397e-46
1183,868,__pr_graph_lp_or_to_or_and__: 2240:item-craft: ore-tin --> item: ore-tin,,,True,item-craft: ore-tin --> item: ore-tin,False,False,5.6958041041404166e-46,1.3814354084822053e-46
1184,925,__pr_graph_lp_or_to_or_and__: 2387:item-craft: cocoon --> item: cocoon,,,True,item-craft: cocoon --> item: cocoon,False,False,5.47104171027547e-46,1.3269225208015081e-46
1185,2131,item-gun: submachine-gun,item-gun,submachine-gun,False,,False,False,5.4245023414559008e-46,1.3156350658960575e-46
1186,221,__pr_graph_lp_or_cost_row__: entity: tree-04,,,True,node-cost:entity: tree-04,False,False,5.4089387288578081e-46,1.3118603353867557e-46
1187,212,__pr_graph_lp_or_cost_row__: entity: tailings-pond,,,True,node-cost:entity: tailings-pond,False,False,5.3931415594828699e-46,1.3080289590386003e-46
1188,116,__pr_graph_lp_or_cost_row__: entity: fluidavan,,,True,node-cost:entity: fluidavan,False,False,5.3531326934920224e-46,1.2983253837185151e-46
1189,1079,__pr_graph_lp_or_to_or_and__: 4017:item: fish --> energy-source-burner: fish_2_0,,,True,item: fish --> energy-source-burner: fish_2_0,False,False,5.130965961371113e-46,1.2444420364812909e-46
1190,1195,__pr_graph_lp_or_to_or_and__: 4360:entity-build: glassworks-mk01 --> entity: glassworks-mk01:noncoproduct-route,,,True,entity-build: glassworks-mk01 --> entity: glassworks-mk01,False,False,5.0821183032298254e-46,1.2325947391824326e-46
1191,1210,__pr_graph_lp_or_to_or_and__: 4390:entity-build: fwf-mk01 --> entity: fwf-mk01:noncoproduct-route,,,True,entity-build: fwf-mk01 --> entity: fwf-mk01,False,False,4.9963727946599364e-46,1.2117983986673764e-46
1192,1238,__pr_graph_lp_or_to_or_and__: 4446:entity-build: small-lamp --> entity: small-lamp:noncoproduct-route,,,True,entity-build: small-lamp --> entity: small-lamp,False,False,4.9725439764019634e-46,1.2060190613373017e-46
1193,2619,tile-fluid: water,tile-fluid,water,False,,False,False,4.8373984583758987e-46,1.1732414586519911e-46
1194,30,__pr_graph_lp_explicit_zero_free_source__: 1645:room-autoplace: planet: nauvis --> entity: tin-rock,,,True,explicit-zero:room-autoplace: planet: nauvis --> entity: tin-rock,False,False,4.802700440749403e-46,1.1648259532594273e-46
1195,57,__pr_graph_lp_explicit_zero_free_source__: 1949:room-autoplace: planet: nauvis --> entity: tree-08,,,True,explicit-zero:room-autoplace: planet: nauvis --> entity: tree-08,False,False,4.7887864866130572e-46,1.1614513236962419e-46
1196,16,__pr_graph_lp_explicit_zero_free_source__: 1588:room-autoplace: planet: nauvis --> entity: ore-lead,,,True,explicit-zero:room-autoplace: planet: nauvis --> entity: ore-lead,False,False,4.7620796314407565e-46,1.1549739598842731e-46
1197,125,__pr_graph_lp_or_cost_row__: entity: huge-rock,,,True,node-cost:entity: huge-rock,False,False,4.7080175507035878e-46,1.1418619793419192e-46
1198,1703,entity-build: inserter,entity-build,inserter,False,,False,False,4.4758202033314094e-46,1.0855458505652294e-46
1199,1620,__pr_graph_lp_or_to_or_and__: 4977:entity-operate: offshore-pump --> tile-fluid-pump: deepwater-green:noncoproduct-route,,,True,entity-operate: offshore-pump --> tile-fluid-pump: deepwater-green,False,False,4.3878040987911861e-46,1.0641988096373032e-46
1200,305,__pr_graph_lp_or_cost_row__: item: electrolyzer-mk01,,,True,node-cost:item: electrolyzer-mk01,False,False,4.3824470299928168e-46,1.0628995296079279e-46
1201,1742,entity-build: retorter,entity-build,retorter,False,,False,False,4.0902866479908407e-46,9.9204022874822503e-47
1202,206,__pr_graph_lp_or_cost_row__: entity: steel-chest,,,True,node-cost:entity: steel-chest,False,False,3.5689741609239263e-46,8.6560337885820572e-47
1203,947,__pr_graph_lp_or_to_or_and__: 2452:item-craft: seaweed-crop-mk01 --> item: seaweed-crop-mk01,,,True,item-craft: seaweed-crop-mk01 --> item: seaweed-crop-mk01,False,False,3.5330902715286889e-46,8.5690025731499724e-47
1204,962,__pr_graph_lp_or_to_or_and__: 3482:item: vrauks --> recipe-py-module: vrauks-cocoon-3,,,True,item: vrauks --> recipe-py-module: vrauks-cocoon-3,False,False,3.4403415058716259e-46,8.3440537746501307e-47
1205,894,__pr_graph_lp_or_to_or_and__: 2302:item-craft: chipshooter-mk01 --> item: chipshooter-mk01,,,True,item-craft: chipshooter-mk01 --> item: chipshooter-mk01,False,False,3.3851602715734845e-46,8.2102196231423701e-47
1206,21,__pr_graph_lp_explicit_zero_free_source__: 1618:room-autoplace: planet: nauvis --> entity: quartz-rock,,,True,explicit-zero:room-autoplace: planet: nauvis --> entity: quartz-rock,False,False,3.3776707972228159e-46,8.1920549797140399e-47
1207,743,__pr_graph_lp_or_to_or_and__: 1803:item: wood --> fuel-category: biomass__0,,,True,item: wood --> fuel-category: biomass__0,False,False,3.0789424482103264e-46,7.4675323112758817e-47
1208,1343,__pr_graph_lp_or_to_or_and__: 4609:fluid-temperature: gasoline: 10 --> fluid-temperature-range: gasoline: 10: 10:noncoproduct-route,,,True,fluid-temperature: gasoline: 10 --> fluid-temperature-range: gasoline: 10: 10,False,False,3.0734496981705352e-46,7.4542104356351904e-47
1209,744,__pr_graph_lp_or_to_or_and__: 1804:item: log --> fuel-category: biomass__0,,,True,item: log --> fuel-category: biomass__0,False,False,2.9086749090224606e-46,7.0545728708726082e-47
1210,746,__pr_graph_lp_or_to_or_and__: 1806:item: raw-fiber --> fuel-category: biomass__0,,,True,item: raw-fiber --> fuel-category: biomass__0,False,False,2.9072662294568943e-46,7.0511563210835026e-47
1211,745,__pr_graph_lp_or_to_or_and__: 1805:item: treated-wood --> fuel-category: biomass__0,,,True,item: treated-wood --> fuel-category: biomass__0,False,False,2.9072588078085862e-46,7.0511383209423908e-47
1212,1626,__pr_graph_lp_or_to_or_and__: 4985:logic-and: smart-farm-ore-bioreserve-recipe-bioreserve-super-2 --> logic-or: smart-farm-ore-bioreserve-recipe:noncoproduct-route,,,True,logic-and: smart-farm-ore-bioreserve-recipe-bioreserve-super-2 --> logic-or: smart-farm-ore-bioreserve-recipe,False,False,2.8965117787504474e-46,7.0250729468433972e-47
1213,1625,__pr_graph_lp_or_to_or_and__: 4983:logic-and: smart-farm-ore-bioreserve-recipe-bioreserve-super-1 --> logic-or: smart-farm-ore-bioreserve-recipe:noncoproduct-route,,,True,logic-and: smart-farm-ore-bioreserve-recipe-bioreserve-super-1 --> logic-or: smart-farm-ore-bioreserve-recipe,False,False,2.896509191112118e-46,7.0250666708986013e-47
1214,39,__pr_graph_lp_explicit_zero_free_source__: 1672:room-autoplace: planet: nauvis --> entity: bitumen-seep,,,True,explicit-zero:room-autoplace: planet: nauvis --> entity: bitumen-seep,False,False,2.832353570706144e-46,6.8694664359510352e-47
1215,754,__pr_graph_lp_or_to_or_and__: 1820:item-craft: submachine-gun --> item: submachine-gun,,,True,item-craft: submachine-gun --> item: submachine-gun,False,False,2.8045038306084054e-46,6.8019208947339915e-47
1216,915,__pr_graph_lp_or_to_or_and__: 2366:item-craft: fluid-drill-mk01 --> item: fluid-drill-mk01,,,True,item-craft: fluid-drill-mk01 --> item: fluid-drill-mk01,False,False,2.7924778459638627e-46,6.7727535977095766e-47
1217,241,__pr_graph_lp_or_cost_row__: entity: zinc-rock,,,True,node-cost:entity: zinc-rock,False,False,2.7462472892788488e-46,6.6606280280958019e-47
1218,129,__pr_graph_lp_or_cost_row__: entity: iron-ore,,,True,node-cost:entity: iron-ore,False,False,2.6895868657094341e-46,6.5232063156434883e-47
1219,1623,__pr_graph_lp_or_to_or_and__: 4980:entity-operate: offshore-pump --> tile-fluid-pump: water-shallow:noncoproduct-route,,,True,entity-operate: offshore-pump --> tile-fluid-pump: water-shallow,False,False,2.6800597086540269e-46,6.5000995657309626e-47
1220,204,__pr_graph_lp_or_cost_row__: entity: splitter,,,True,node-cost:entity: splitter,False,False,2.6676995559336445e-46,6.4701217920751378e-47
1221,541,__pr_graph_lp_or_to_or_and__: 1064:item: sap-tree --> entity-operate-py-module: sap-extractor-mk02,,,True,item: sap-tree --> entity-operate-py-module: sap-extractor-mk02,False,False,2.5681046541164496e-46,6.2285686744484827e-47
1222,761,__pr_graph_lp_or_to_or_and__: 1848:item-craft: copper-ore --> item: copper-ore,,,True,item-craft: copper-ore --> item: copper-ore,False,False,2.5317902220105699e-46,6.1404932395620929e-47
1223,1701,entity-build: hpf,entity-build,hpf,False,,False,False,2.5011005399296554e-46,6.0660598273054833e-47
1224,749,__pr_graph_lp_or_to_or_and__: 1809:item: meat --> fuel-category: dingrit-food__0,,,True,item: meat --> fuel-category: dingrit-food__0,False,False,2.4861964745307547e-46,6.0299121591344356e-47
1225,1655,__pr_graph_lp_or_to_or_and__: 949:item: vacuum-pump-mk01 --> entity-build-item: vacuum-pump-mk01,,,True,item: vacuum-pump-mk01 --> entity-build-item: vacuum-pump-mk01,False,False,2.3898743141380717e-46,5.7962966053775435e-47
1226,443,__pr_graph_lp_or_cost_row__: item: research-center-mk01,,,True,node-cost:item: research-center-mk01,False,False,2.3660307383814947e-46,5.7384674398853171e-47
1227,412,__pr_graph_lp_or_cost_row__: item: pressured-water-barrel,,,True,node-cost:item: pressured-water-barrel,False,False,2.3451255465374255e-46,5.6877649021812601e-47
1228,152,__pr_graph_lp_or_cost_row__: entity: ore-tin,,,True,node-cost:entity: ore-tin,False,False,2.3341338671720809e-46,5.6611061639305319e-47
1229,1251,__pr_graph_lp_or_to_or_and__: 4472:entity-build: storage-tank --> entity: storage-tank:noncoproduct-route,,,True,entity-build: storage-tank --> entity: storage-tank,False,False,2.3309363563114938e-46,5.6533510609792018e-47
1230,965,__pr_graph_lp_or_to_or_and__: 3487:item: vrauks --> recipe-py-module: vrauks-mk02,,,True,item: vrauks --> recipe-py-module: vrauks-mk02,False,False,2.1208573961473646e-46,5.1438347418753026e-47
1231,523,__pr_graph_lp_or_to_or_and__: 1020:item: tree-mk01 --> entity-operate-py-module: fwf-mk04,,,True,item: tree-mk01 --> entity-operate-py-module: fwf-mk04,False,False,2.1015536265901215e-46,5.0970162237240693e-47
1232,1234,__pr_graph_lp_or_to_or_and__: 4438:entity-build: steam-engine --> entity: steam-engine:noncoproduct-route,,,True,entity-build: steam-engine --> entity: steam-engine,False,False,1.9251552837962664e-46,4.6691874004752608e-47
1233,1624,__pr_graph_lp_or_to_or_and__: 4981:entity-operate: offshore-pump --> tile-fluid-pump: water-mud:noncoproduct-route,,,True,entity-operate: offshore-pump --> tile-fluid-pump: water-mud,False,False,1.8833915516277867e-46,4.5678954716219387e-47
1234,522,__pr_graph_lp_or_to_or_and__: 1019:item: tree-mk01 --> entity-operate-py-module: fwf-mk03,,,True,item: tree-mk01 --> entity-operate-py-module: fwf-mk03,False,False,1.8022230172373574e-46,4.3710328594052798e-47
1235,1672,entity-build: advanced-foundry-mk01,entity-build,advanced-foundry-mk01,False,,False,False,1.7342679659330045e-46,4.2062176509805071e-47
1236,80,__pr_graph_lp_or_cost_row__: entity: behemoth-worm-turret,,,True,node-cost:entity: behemoth-worm-turret,False,False,1.7174628018501894e-46,4.16545914123387e-47
1237,536,__pr_graph_lp_or_to_or_and__: 1055:item: fish --> entity-operate-py-module: fish-farm-mk02,,,True,item: fish --> entity-operate-py-module: fish-farm-mk02,False,False,1.6181634479698752e-46,3.9246228326432101e-47
1238,17,__pr_graph_lp_explicit_zero_free_source__: 1594:room-autoplace: planet: nauvis --> entity: ore-nickel,,,True,explicit-zero:room-autoplace: planet: nauvis --> entity: ore-nickel,False,False,1.5616232492494862e-46,3.7874927082799302e-47
1239,1341,__pr_graph_lp_or_to_or_and__: 4607:fluid-temperature: gasoline: 10 --> fluid: gasoline:noncoproduct-route,,,True,fluid-temperature: gasoline: 10 --> fluid: gasoline,False,False,1.5367248490852676e-46,3.7271052178175952e-47
1240,1732,entity-build: py-tank-6500,entity-build,py-tank-6500,False,,False,False,1.534614165671517e-46,3.7219860586075168e-47
1241,1207,__pr_graph_lp_or_to_or_and__: 4384:entity-build: reformer-mk01 --> entity: reformer-mk01:noncoproduct-route,,,True,entity-build: reformer-mk01 --> entity: reformer-mk01,False,False,1.5325750636677497e-46,3.7170405098175514e-47
1242,44,__pr_graph_lp_explicit_zero_free_source__: 1689:room-autoplace: planet: nauvis --> entity: antimonium,,,True,explicit-zero:room-autoplace: planet: nauvis --> entity: antimonium,False,False,1.4875227531940412e-46,3.6077726070168335e-47
1243,1261,__pr_graph_lp_or_to_or_and__: 4492:entity-build: py-check-valve --> entity: py-check-valve:noncoproduct-route,,,True,entity-build: py-check-valve --> entity: py-check-valve,False,False,1.4535405328043608e-46,3.5253536163934982e-47
1244,970,__pr_graph_lp_or_to_or_and__: 3832:item: vrauks --> recipe-py-module: vrauks-cocoon-3-no-water,,,True,item: vrauks --> recipe-py-module: vrauks-cocoon-3-no-water,False,False,1.4475887489545487e-46,3.5109184202325448e-47
1245,537,__pr_graph_lp_or_to_or_and__: 1056:item: fish --> entity-operate-py-module: fish-farm-mk03,,,True,item: fish --> entity-operate-py-module: fish-farm-mk03,False,False,1.4394107411324213e-46,3.491083837845628e-47
1246,184,__pr_graph_lp_or_cost_row__: entity: rare-earth-bolide,,,True,node-cost:entity: rare-earth-bolide,False,False,1.4245398992411347e-46,3.455016748516431e-47
1247,1725,entity-build: py-sinkhole,entity-build,py-sinkhole,False,,False,False,1.3082267600784486e-46,3.1729159494488305e-47
1248,0,__pr_graph_lp_explicit_zero_free_source__: 1042:entity-character: character --> entity: character,,,True,explicit-zero:entity-character: character --> entity: character,False,False,1.174401867371655e-46,2.8483429094682072e-47
1249,50,__pr_graph_lp_explicit_zero_free_source__: 1914:room-autoplace: planet: nauvis --> entity: tree-02-red,,,True,explicit-zero:room-autoplace: planet: nauvis --> entity: tree-02-red,False,False,1.110760752422724e-46,2.6939905335467263e-47
1250,72,__pr_graph_lp_explicit_zero_free_source__: 2061:room-autoplace: planet: nauvis --> entity: biter-spawner,,,True,explicit-zero:room-autoplace: planet: nauvis --> entity: biter-spawner,False,False,1.0977147504410475e-46,2.6623493310982152e-47
1251,24,__pr_graph_lp_explicit_zero_free_source__: 1627:room-autoplace: planet: nauvis --> entity: copper-rock,,,True,explicit-zero:room-autoplace: planet: nauvis --> entity: copper-rock,False,False,1.0641601449031234e-46,2.5809674588283346e-47
1252,1391,__pr_graph_lp_or_to_or_and__: 4673:fluid-temperature: formic-acid: 15 --> fluid-temperature-range: formic-acid: 15: 15:noncoproduct-route,,,True,fluid-temperature: formic-acid: 15 --> fluid-temperature-range: formic-acid: 15: 15,False,False,8.6655423144324885e-47,2.1017027215096732e-47
1253,585,__pr_graph_lp_or_to_or_and__: 1211:item: py-local-radar --> entity-build-item: py-local-radar,,,True,item: py-local-radar --> entity-build-item: py-local-radar,False,False,8.3503586866999749e-47,2.0252594633563493e-47
1254,600,__pr_graph_lp_or_to_or_and__: 1400:item: py-tank-9000 --> entity-build-item: py-tank-9000,,,True,item: py-tank-9000 --> entity-build-item: py-tank-9000,False,False,7.8516499991343041e-47,1.9043048401065601e-47
1255,457,__pr_graph_lp_or_cost_row__: item: shotgun-shell,,,True,node-cost:item: shotgun-shell,False,False,7.5941156353841284e-47,1.841843582226077e-47
1256,43,__pr_graph_lp_explicit_zero_free_source__: 1686:room-autoplace: planet: nauvis --> entity: ree,,,True,explicit-zero:room-autoplace: planet: nauvis --> entity: ree,False,False,6.8311039310124131e-47,1.6567860615962453e-47
1257,8,__pr_graph_lp_explicit_zero_free_source__: 1554:room-autoplace: planet: nauvis --> entity: niobium,,,True,explicit-zero:room-autoplace: planet: nauvis --> entity: niobium,False,False,6.1861716064745957e-47,1.5003669971583308e-47
1258,14,__pr_graph_lp_explicit_zero_free_source__: 1576:room-autoplace: planet: nauvis --> entity: ore-aluminium,,,True,explicit-zero:room-autoplace: planet: nauvis --> entity: ore-aluminium,False,False,4.7575869144668886e-47,1.1538843159649047e-47
1259,73,__pr_graph_lp_explicit_zero_free_source__: 2064:room-autoplace: planet: nauvis --> entity: spitter-spawner,,,True,explicit-zero:room-autoplace: planet: nauvis --> entity: spitter-spawner,False,False,4.5816327673009595e-47,1.1112091669042811e-47
1260,82,__pr_graph_lp_or_cost_row__: entity: big-sand-rock,,,True,node-cost:entity: big-sand-rock,False,False,3.9784317055630895e-47,9.6491142037310737e-48
1261,961,__pr_graph_lp_or_to_or_and__: 3481:item: vrauks --> recipe-py-module: vrauks-cocoon-2,,,True,item: vrauks --> recipe-py-module: vrauks-cocoon-2,False,False,3.809737526388008e-47,9.2399707218688776e-48
1262,969,__pr_graph_lp_or_to_or_and__: 3831:item: vrauks --> recipe-py-module: vrauks-cocoon-2-no-water,,,True,item: vrauks --> recipe-py-module: vrauks-cocoon-2-no-water,False,False,3.809737526388008e-47,9.2399707218688776e-48
1263,1653,__pr_graph_lp_or_to_or_and__: 940:item: wpu-mk01 --> entity-build-item: wpu-mk01,,,True,item: wpu-mk01 --> entity-build-item: wpu-mk01,False,False,3.761484426202212e-47,9.1229397637338495e-48
1264,913,__pr_graph_lp_or_to_or_and__: 2360:item-craft: research-center-mk01 --> item: research-center-mk01,,,True,item-craft: research-center-mk01 --> item: research-center-mk01,False,False,3.6652550802938119e-47,8.8895493181665367e-48
1265,514,__pr_graph_lp_or_to_or_and__: 1004:item: moss-farm-mk01 --> entity-build-item: moss-farm-mk01,,,True,item: moss-farm-mk01 --> entity-build-item: moss-farm-mk01,False,False,3.271642896372153e-47,7.9348995476729818e-48
1266,966,__pr_graph_lp_or_to_or_and__: 3488:item: vrauks --> recipe-py-module: vrauks-mk03,,,True,item: vrauks --> recipe-py-module: vrauks-mk03,False,False,3.2654893083325787e-47,7.9199749044590389e-48
1267,967,__pr_graph_lp_or_to_or_and__: 3489:item: vrauks --> recipe-py-module: vrauks-mk04,,,True,item: vrauks --> recipe-py-module: vrauks-mk04,False,False,3.2654893083325787e-47,7.9199749044590389e-48
1268,748,__pr_graph_lp_or_to_or_and__: 1808:item: fish --> fuel-category: fish__0,,,True,item: fish --> fuel-category: fish__0,False,False,2.776772705917235e-47,6.7346630381346562e-48
1269,1393,__pr_graph_lp_or_to_or_and__: 4676:entity-operate: assembling-machine-1 --> fuel-category-burn: biomass:noncoproduct-route,,,True,entity-operate: assembling-machine-1 --> fuel-category-burn: biomass,False,False,2.6325633133369842e-47,6.3849038864790456e-48
1270,1973,entity-operate: ore-lead,entity-operate,ore-lead,False,,False,False,2.6279717391511523e-47,6.3737676833284317e-48
1271,1408,__pr_graph_lp_or_to_or_and__: 4694:entity-operate: burner-mining-drill --> fuel-category-burn: biomass:noncoproduct-route,,,True,entity-operate: burner-mining-drill --> fuel-category-burn: biomass,False,False,2.6152259984584986e-47,6.3428547214739939e-48
1272,1403,__pr_graph_lp_or_to_or_and__: 4687:entity-operate: car --> fuel-category-burn: biomass:noncoproduct-route,,,True,entity-operate: car --> fuel-category-burn: biomass,False,False,2.5776014340324375e-47,6.2516017489760484e-48
1273,1998,entity-operate: py-tank-3000,entity-operate,py-tank-3000,False,,False,False,2.36331240828996e-47,5.7318745210072629e-48
1274,1996,entity-operate: py-tank-10000,entity-operate,py-tank-10000,False,,False,False,2.2659583804340283e-47,5.4957563210488331e-48
1275,971,__pr_graph_lp_or_to_or_and__: 3833:item: vrauks --> recipe-py-module: vrauks-cocoon-4-no-water,,,True,item: vrauks --> recipe-py-module: vrauks-cocoon-4-no-water,False,False,2.1769928722217196e-47,5.2799832696393605e-48
1276,1263,__pr_graph_lp_or_to_or_and__: 4496:entity-build: py-tank-9000 --> entity: py-tank-9000:noncoproduct-route,,,True,entity-build: py-tank-9000 --> entity: py-tank-9000,False,False,2.1345974563805961e-47,5.1771592828423393e-48
1277,1193,__pr_graph_lp_or_to_or_and__: 4356:entity-build: botanical-nursery --> entity: botanical-nursery:noncoproduct-route,,,True,entity-build: botanical-nursery --> entity: botanical-nursery,False,False,2.0717098367281631e-47,5.0246344014478394e-48
1278,13,__pr_graph_lp_explicit_zero_free_source__: 1571:room-autoplace: planet: nauvis --> entity: raw-coal,,,True,explicit-zero:room-autoplace: planet: nauvis --> entity: raw-coal,False,False,1.6489347699621525e-47,3.9992542507691222e-48
1279,551,__pr_graph_lp_or_to_or_and__: 1084:item: moondrop --> entity-operate-py-module: moondrop-greenhouse-mk02,,,True,item: moondrop --> entity-operate-py-module: moondrop-greenhouse-mk02,False,False,1.6273797603735646e-47,3.9469756735367993e-48
1280,2003,entity-operate: py-tank-8000,entity-operate,py-tank-8000,False,,False,False,1.4065962633397024e-47,3.4114970390286482e-48
1281,1197,__pr_graph_lp_or_to_or_and__: 4364:entity-build: automated-screener-mk01 --> entity: automated-screener-mk01:noncoproduct-route,,,True,entity-build: automated-screener-mk01 --> entity: automated-screener-mk01,False,False,1.2049817535321625e-47,2.9225100275029929e-48
1282,1650,__pr_graph_lp_or_to_or_and__: 928:item: advanced-foundry-mk01 --> entity-build-item: advanced-foundry-mk01,,,True,item: advanced-foundry-mk01 --> entity-build-item: advanced-foundry-mk01,False,False,1.1469952707000951e-47,2.7818721489296525e-48
1283,964,__pr_graph_lp_or_to_or_and__: 3484:item: vrauks --> recipe-py-module: vrauks-cocoon-5,,,True,item: vrauks --> recipe-py-module: vrauks-cocoon-5,False,False,1.0884964361108596e-47,2.6399916348196796e-48
1284,972,__pr_graph_lp_or_to_or_and__: 3834:item: vrauks --> recipe-py-module: vrauks-cocoon-5-no-water,,,True,item: vrauks --> recipe-py-module: vrauks-cocoon-5-no-water,False,False,1.0884964361108596e-47,2.6399916348196796e-48
1285,2002,entity-operate: py-tank-7000,entity-operate,py-tank-7000,False,,False,False,1.0855220329106194e-47,2.6327776474268767e-48
1286,452,__pr_graph_lp_or_cost_row__: item: scrude-barrel,,,True,node-cost:item: scrude-barrel,False,False,1.0506377895717159e-47,2.5481709298056718e-48
1287,96,__pr_graph_lp_or_cost_row__: entity: chipshooter-mk01,,,True,node-cost:entity: chipshooter-mk01,False,False,9.6700087850525611e-48,2.3453216247895517e-48
1288,42,__pr_graph_lp_explicit_zero_free_source__: 1683:room-autoplace: planet: nauvis --> entity: geothermal-crack,,,True,explicit-zero:room-autoplace: planet: nauvis --> entity: geothermal-crack,False,False,8.6448134709287491e-48,2.0966752384942136e-48
1289,1938,entity-operate: fish,entity-operate,fish,False,,False,False,8.2723868254627151e-48,2.0063485092559241e-48
1290,1929,entity-operate: dead-dry-hairy-tree,entity-operate,dead-dry-hairy-tree,False,,False,False,5.8782395153857565e-48,1.4256824949773543e-48
1291,543,__pr_graph_lp_or_to_or_and__: 1066:item: sap-tree --> entity-operate-py-module: sap-extractor-mk04,,,True,item: sap-tree --> entity-operate-py-module: sap-extractor-mk04,False,False,5.535512145833722e-48,1.3425588981859933e-48
1292,2042,entity-operate: tree-01,entity-operate,tree-01,False,,False,False,4.1223020217963029e-48,9.9980509744490459e-49
1293,109,__pr_graph_lp_or_cost_row__: entity: dry-tree,,,True,node-cost:entity: dry-tree,False,False,3.0459003570490971e-48,7.3873934689529195e-49
1294,2054,entity-operate: tree-09,entity-operate,tree-09,False,,False,False,2.8620345821103145e-48,6.9414534624772453e-49
1295,2035,entity-operate: storage-tank,entity-operate,storage-tank,False,,False,False,2.6345451677624516e-48,6.3897105894971635e-49
1296,2055,entity-operate: tree-09-brown,entity-operate,tree-09-brown,False,,False,False,2.3985319695329996e-48,5.817294504003123e-49
1297,1964,entity-operate: multiblade-turbine-mk01,entity-operate,multiblade-turbine-mk01,False,,False,False,2.2773601424581771e-48,5.5234096558392583e-49
1298,1622,__pr_graph_lp_or_to_or_and__: 4979:entity-operate: offshore-pump --> tile-fluid-pump: water-green:noncoproduct-route,,,True,entity-operate: offshore-pump --> tile-fluid-pump: water-green,False,False,2.2211551759486352e-48,5.3870925890138789e-49
1299,162,__pr_graph_lp_or_cost_row__: entity: poorman-wood-fence,,,True,node-cost:entity: poorman-wood-fence,False,False,2.1855054924301589e-48,5.3006294062688682e-49
1300,1979,entity-operate: ore-zinc,entity-operate,ore-zinc,False,,False,False,1.9593903093223558e-48,4.7522195336163096e-49
1301,2047,entity-operate: tree-05,entity-operate,tree-05,False,,False,False,1.7513496531810057e-48,4.247646827914198e-49
1302,2048,entity-operate: tree-06,entity-operate,tree-06,False,,False,False,1.6582946409704037e-48,4.0219552724215791e-49
1303,1931,entity-operate: dead-tree-desert,entity-operate,dead-tree-desert,False,,False,False,1.4887433697584565e-48,3.6107330370306349e-49
1304,2032,entity-operate: stone,entity-operate,stone,False,,False,False,1.4827800438570828e-48,3.5962698472827848e-49
1305,2049,entity-operate: tree-06-brown,entity-operate,tree-06-brown,False,,False,False,1.2010610544655785e-48,2.9130009355160598e-49
1306,529,__pr_graph_lp_or_to_or_and__: 1041:item: vrauks --> entity-operate-py-module: vrauks-paddock-mk01,,,True,item: vrauks --> entity-operate-py-module: vrauks-paddock-mk01,False,False,1.0884964361108596e-48,2.6399916348196799e-49
1307,530,__pr_graph_lp_or_to_or_and__: 1043:item: vrauks --> entity-operate-py-module: vrauks-paddock-mk02,,,True,item: vrauks --> entity-operate-py-module: vrauks-paddock-mk02,False,False,1.0884964361108596e-48,2.6399916348196799e-49
1308,531,__pr_graph_lp_or_to_or_and__: 1044:item: vrauks --> entity-operate-py-module: vrauks-paddock-mk03,,,True,item: vrauks --> entity-operate-py-module: vrauks-paddock-mk03,False,False,1.0884964361108596e-48,2.6399916348196799e-49
1309,532,__pr_graph_lp_or_to_or_and__: 1045:item: vrauks --> entity-operate-py-module: vrauks-paddock-mk04,,,True,item: vrauks --> entity-operate-py-module: vrauks-paddock-mk04,False,False,1.0884964361108596e-48,2.6399916348196799e-49
1310,2043,entity-operate: tree-02,entity-operate,tree-02,False,,False,False,1.030892386836591e-48,2.5002812938660956e-49
1311,2053,entity-operate: tree-08-red,entity-operate,tree-08-red,False,,False,False,9.7688912508873642e-49,2.3693041454459294e-49
1312,2019,entity-operate: seaweed,entity-operate,seaweed,False,,False,False,9.5663349203828856e-49,2.3201770192219598e-49
1313,1999,entity-operate: py-tank-4000,entity-operate,py-tank-4000,False,,False,False,8.9041072578118266e-49,2.1595632191639383e-49
1314,2010,entity-operate: raw-coal,entity-operate,raw-coal,False,,False,False,6.8237195853494346e-49,1.6549950947053906e-49
1315,1980,entity-operate: outpost,entity-operate,outpost,False,,False,False,6.4307221209018517e-49,1.5596792090279021e-49
1316,1080,__pr_graph_lp_or_to_or_and__: 4018:item: meat --> energy-source-burner: dingrit-food_2_0,,,True,item: meat --> energy-source-burner: dingrit-food_2_0,False,False,6.0612865774091689e-49,1.4700779285762669e-49
1317,1916,entity-operate: burner-inserter,entity-operate,burner-inserter,False,,False,False,3.5046117033968377e-49,8.4999318999299886e-50
1318,1944,entity-operate: gate,entity-operate,gate,False,,False,False,3.5026889497367304e-49,8.4952685373225388e-50
1319,1952,entity-operate: inserter,entity-operate,inserter,False,,False,False,1.9710708195957173e-49,4.7805489322152402e-50
1320,1975,entity-operate: ore-nickel,entity-operate,ore-nickel,False,,False,False,1.9359223349207869e-49,4.6953013352180977e-50
1321,1981,entity-operate: outpost-fluid,entity-operate,outpost-fluid,False,,False,False,1.347299573304291e-49,3.2676814412254063e-50
1322,1985,entity-operate: pipe,entity-operate,pipe,False,,False,False,7.7479248688311903e-50,1.8791478007965194e-50
1323,2023,entity-operate: small-lamp,entity-operate,small-lamp,False,,False,False,2.2413850812300527e-50,5.436157316232423e-51
1324,1954,entity-operate: iron-ore,entity-operate,iron-ore,False,,False,False,1.4509558901223608e-50,3.5190849371097533e-51
1325,2064,entity-operate: wooden-chest,entity-operate,wooden-chest,False,,False,False,1.97351202995215e-51,4.7864697370116658e-52
1326,520,__pr_graph_lp_or_to_or_and__: 1016:item: tree-mk01 --> entity-operate-py-module: fwf-mk01,,,True,item: tree-mk01 --> entity-operate-py-module: fwf-mk01,False,False,2.3961243395049976e-53,5.8114551434661459e-54
1327,535,__pr_graph_lp_or_to_or_and__: 1054:item: fish --> entity-operate-py-module: fish-farm-mk01,,,True,item: fish --> entity-operate-py-module: fish-farm-mk01,False,False,5.9056101352566466e-54,1.4323208453753723e-54
1328,538,__pr_graph_lp_or_to_or_and__: 1057:item: fish --> entity-operate-py-module: fish-farm-mk04,,,True,item: fish --> entity-operate-py-module: fish-farm-mk04,False,False,5.9056101352566466e-54,1.4323208453753723e-54
1329,2006,entity-operate: quartz-rock,entity-operate,quartz-rock,False,,False,False,3.8923569986367028e-57,9.4403523752889699e-58
1330,2004,entity-operate: py-tank-9000,entity-operate,py-tank-9000,False,,False,False,3.2910695053029848e-57,7.982015995066739e-58
1331,1965,entity-operate: nickel-rock,entity-operate,nickel-rock,False,,False,False,2.9357812993606043e-57,7.1203155241040138e-58
1332,2059,entity-operate: uranium-rock,entity-operate,uranium-rock,False,,False,False,1.8179850209398604e-57,4.4092613336033955e-58
1333,1906,entity-operate: big-rock,entity-operate,big-rock,False,,False,False,1.6035600079166275e-57,3.8892042880332599e-58
1334,1983,entity-operate: phosphate-rock,entity-operate,phosphate-rock,False,,False,False,1.4730806220693862e-57,3.5727452940250845e-58
1335,1926,entity-operate: copper-rock,entity-operate,copper-rock,False,,False,False,1.0267473235237279e-57,2.490228038652091e-58
1336,1993,entity-operate: py-overflow-valve,entity-operate,py-overflow-valve,False,,False,False,8.8414223707470305e-58,2.1443599008993462e-58
1337,1986,entity-operate: pipe-to-ground,entity-operate,pipe-to-ground,False,,False,False,8.3526639175182e-58,2.0258185639537006e-58
1338,1971,entity-operate: ore-bioreserve,entity-operate,ore-bioreserve,False,,False,False,6.1382419112786726e-58,1.4887423385761867e-58
1339,2000,entity-operate: py-tank-5000,entity-operate,py-tank-5000,False,,False,False,5.7547022041687199e-58,1.3957202959860223e-58
1340,1968,entity-operate: oil-sand,entity-operate,oil-sand,False,,False,False,2.7811501798558335e-58,6.7452799719124382e-59
1341,1911,entity-operate: bitumen-seep,entity-operate,bitumen-seep,False,,False,False,2.5739740460155329e-58,6.242804040776756e-59
1342,1966,entity-operate: niobium,entity-operate,niobium,False,,False,False,2.2568228930524802e-58,5.4735995096278808e-59
1343,1930,entity-operate: dead-grey-trunk,entity-operate,dead-grey-trunk,False,,False,False,2.1440941428633128e-58,5.2001921307609372e-59
1344,2024,entity-operate: small-worm-turret,entity-operate,small-worm-turret,False,,False,False,1.5386020326279801e-58,3.731658056655992e-59
1345,2036,entity-operate: sulfur-patch,entity-operate,sulfur-patch,False,,False,False,1.4976422131797315e-58,3.632315902543429e-59
1346,1978,entity-operate: ore-titanium,entity-operate,ore-titanium,False,,False,False,1.1351308475462343e-58,2.7530966960764807e-59
1347,1933,entity-operate: dry-hairy-tree,entity-operate,dry-hairy-tree,False,,False,False,8.9696457663679222e-59,2.1754586423005399e-59
1348,1,__pr_graph_lp_explicit_zero_free_source__: 1121:room-autoplace: planet: nauvis --> entity: fish,,,True,explicit-zero:room-autoplace: planet: nauvis --> entity: fish,False,False,0,0
1349,2,__pr_graph_lp_explicit_zero_free_source__: 1126:room-autoplace: planet: nauvis --> entity: seaweed,,,True,explicit-zero:room-autoplace: planet: nauvis --> entity: seaweed,False,False,0,0
1350,3,__pr_graph_lp_explicit_zero_free_source__: 1530:room-autoplace: planet: nauvis --> entity: iron-ore,,,True,explicit-zero:room-autoplace: planet: nauvis --> entity: iron-ore,False,False,0,0
1351,4,__pr_graph_lp_explicit_zero_free_source__: 1535:room-autoplace: planet: nauvis --> entity: copper-ore,,,True,explicit-zero:room-autoplace: planet: nauvis --> entity: copper-ore,False,False,0,0
1352,5,__pr_graph_lp_explicit_zero_free_source__: 1540:room-autoplace: planet: nauvis --> entity: stone,,,True,explicit-zero:room-autoplace: planet: nauvis --> entity: stone,False,False,0,0
1353,6,__pr_graph_lp_explicit_zero_free_source__: 1545:room-autoplace: planet: nauvis --> entity: uranium-ore,,,True,explicit-zero:room-autoplace: planet: nauvis --> entity: uranium-ore,False,False,0,0
1354,7,__pr_graph_lp_explicit_zero_free_source__: 1548:room-autoplace: planet: nauvis --> entity: borax,,,True,explicit-zero:room-autoplace: planet: nauvis --> entity: borax,False,False,0,0
1355,10,__pr_graph_lp_explicit_zero_free_source__: 1560:room-autoplace: planet: nauvis --> entity: volcanic-pipe,,,True,explicit-zero:room-autoplace: planet: nauvis --> entity: volcanic-pipe,False,False,0,0
1356,11,__pr_graph_lp_explicit_zero_free_source__: 1563:room-autoplace: planet: nauvis --> entity: regolites,,,True,explicit-zero:room-autoplace: planet: nauvis --> entity: regolites,False,False,0,0
1357,12,__pr_graph_lp_explicit_zero_free_source__: 1566:room-autoplace: planet: nauvis --> entity: ore-quartz,,,True,explicit-zero:room-autoplace: planet: nauvis --> entity: ore-quartz,False,False,0,0
1358,18,__pr_graph_lp_explicit_zero_free_source__: 1600:room-autoplace: planet: nauvis --> entity: ore-tin,,,True,explicit-zero:room-autoplace: planet: nauvis --> entity: ore-tin,False,False,0,0
1359,19,__pr_graph_lp_explicit_zero_free_source__: 1606:room-autoplace: planet: nauvis --> entity: ore-titanium,,,True,explicit-zero:room-autoplace: planet: nauvis --> entity: ore-titanium,False,False,0,0
1360,20,__pr_graph_lp_explicit_zero_free_source__: 1612:room-autoplace: planet: nauvis --> entity: ore-zinc,,,True,explicit-zero:room-autoplace: planet: nauvis --> entity: ore-zinc,False,False,0,0
1361,22,__pr_graph_lp_explicit_zero_free_source__: 1621:room-autoplace: planet: nauvis --> entity: chromium-rock,,,True,explicit-zero:room-autoplace: planet: nauvis --> entity: chromium-rock,False,False,0,0
1362,23,__pr_graph_lp_explicit_zero_free_source__: 1624:room-autoplace: planet: nauvis --> entity: aluminium-rock,,,True,explicit-zero:room-autoplace: planet: nauvis --> entity: aluminium-rock,False,False,0,0
1363,25,__pr_graph_lp_explicit_zero_free_source__: 1630:room-autoplace: planet: nauvis --> entity: salt-rock,,,True,explicit-zero:room-autoplace: planet: nauvis --> entity: salt-rock,False,False,0,0
1364,26,__pr_graph_lp_explicit_zero_free_source__: 1633:room-autoplace: planet: nauvis --> entity: iron-rock,,,True,explicit-zero:room-autoplace: planet: nauvis --> entity: iron-rock,False,False,0,0
1365,27,__pr_graph_lp_explicit_zero_free_source__: 1636:room-autoplace: planet: nauvis --> entity: coal-rock,,,True,explicit-zero:room-autoplace: planet: nauvis --> entity: coal-rock,False,False,0,0
1366,29,__pr_graph_lp_explicit_zero_free_source__: 1642:room-autoplace: planet: nauvis --> entity: nickel-rock,,,True,explicit-zero:room-autoplace: planet: nauvis --> entity: nickel-rock,False,False,0,0
1367,31,__pr_graph_lp_explicit_zero_free_source__: 1648:room-autoplace: planet: nauvis --> entity: titanium-rock,,,True,explicit-zero:room-autoplace: planet: nauvis --> entity: titanium-rock,False,False,0,0
1368,33,__pr_graph_lp_explicit_zero_free_source__: 1654:room-autoplace: planet: nauvis --> entity: zinc-rock,,,True,explicit-zero:room-autoplace: planet: nauvis --> entity: zinc-rock,False,False,0,0
1369,34,__pr_graph_lp_explicit_zero_free_source__: 1657:room-autoplace: planet: nauvis --> entity: phosphate-rock-02,,,True,explicit-zero:room-autoplace: planet: nauvis --> entity: phosphate-rock-02,False,False,0,0
1370,35,__pr_graph_lp_explicit_zero_free_source__: 1660:room-autoplace: planet: nauvis --> entity: phosphate-rock,,,True,explicit-zero:room-autoplace: planet: nauvis --> entity: phosphate-rock,False,False,0,0
1371,36,__pr_graph_lp_explicit_zero_free_source__: 1663:room-autoplace: planet: nauvis --> entity: rare-earth-bolide,,,True,explicit-zero:room-autoplace: planet: nauvis --> entity: rare-earth-bolide,False,False,0,0
1372,37,__pr_graph_lp_explicit_zero_free_source__: 1666:room-autoplace: planet: nauvis --> entity: oil-sand,,,True,explicit-zero:room-autoplace: planet: nauvis --> entity: oil-sand,False,False,0,0
1373,40,__pr_graph_lp_explicit_zero_free_source__: 1675:room-autoplace: planet: nauvis --> entity: ore-bioreserve,,,True,explicit-zero:room-autoplace: planet: nauvis --> entity: ore-bioreserve,False,False,0,0
1374,41,__pr_graph_lp_explicit_zero_free_source__: 1680:room-autoplace: planet: nauvis --> entity: ore-nexelit,,,True,explicit-zero:room-autoplace: planet: nauvis --> entity: ore-nexelit,False,False,0,0
1375,45,__pr_graph_lp_explicit_zero_free_source__: 1705:room-autoplace: planet: nauvis --> entity: huge-rock,,,True,explicit-zero:room-autoplace: planet: nauvis --> entity: huge-rock,False,False,0,0
1376,46,__pr_graph_lp_explicit_zero_free_source__: 1710:room-autoplace: planet: nauvis --> entity: big-rock,,,True,explicit-zero:room-autoplace: planet: nauvis --> entity: big-rock,False,False,0,0
1377,47,__pr_graph_lp_explicit_zero_free_source__: 1715:room-autoplace: planet: nauvis --> entity: big-sand-rock,,,True,explicit-zero:room-autoplace: planet: nauvis --> entity: big-sand-rock,False,False,0,0
1378,48,__pr_graph_lp_explicit_zero_free_source__: 1904:room-autoplace: planet: nauvis --> entity: tree-01,,,True,explicit-zero:room-autoplace: planet: nauvis --> entity: tree-01,False,False,0,0
1379,49,__pr_graph_lp_explicit_zero_free_source__: 1909:room-autoplace: planet: nauvis --> entity: tree-02,,,True,explicit-zero:room-autoplace: planet: nauvis --> entity: tree-02,False,False,0,0
1380,51,__pr_graph_lp_explicit_zero_free_source__: 1919:room-autoplace: planet: nauvis --> entity: tree-03,,,True,explicit-zero:room-autoplace: planet: nauvis --> entity: tree-03,False,False,0,0
1381,52,__pr_graph_lp_explicit_zero_free_source__: 1924:room-autoplace: planet: nauvis --> entity: tree-04,,,True,explicit-zero:room-autoplace: planet: nauvis --> entity: tree-04,False,False,0,0
1382,54,__pr_graph_lp_explicit_zero_free_source__: 1934:room-autoplace: planet: nauvis --> entity: tree-06,,,True,explicit-zero:room-autoplace: planet: nauvis --> entity: tree-06,False,False,0,0
1383,55,__pr_graph_lp_explicit_zero_free_source__: 1939:room-autoplace: planet: nauvis --> entity: tree-06-brown,,,True,explicit-zero:room-autoplace: planet: nauvis --> entity: tree-06-brown,False,False,0,0
1384,56,__pr_graph_lp_explicit_zero_free_source__: 1944:room-autoplace: planet: nauvis --> entity: tree-07,,,True,explicit-zero:room-autoplace: planet: nauvis --> entity: tree-07,False,False,0,0
1385,58,__pr_graph_lp_explicit_zero_free_source__: 1954:room-autoplace: planet: nauvis --> entity: tree-08-brown,,,True,explicit-zero:room-autoplace: planet: nauvis --> entity: tree-08-brown,False,False,0,0
1386,59,__pr_graph_lp_explicit_zero_free_source__: 1959:room-autoplace: planet: nauvis --> entity: tree-08-red,,,True,explicit-zero:room-autoplace: planet: nauvis --> entity: tree-08-red,False,False,0,0
1387,61,__pr_graph_lp_explicit_zero_free_source__: 1969:room-autoplace: planet: nauvis --> entity: tree-09-brown,,,True,explicit-zero:room-autoplace: planet: nauvis --> entity: tree-09-brown,False,False,0,0
1388,62,__pr_graph_lp_explicit_zero_free_source__: 1974:room-autoplace: planet: nauvis --> entity: tree-09-red,,,True,explicit-zero:room-autoplace: planet: nauvis --> entity: tree-09-red,False,False,0,0
1389,63,__pr_graph_lp_explicit_zero_free_source__: 1979:room-autoplace: planet: nauvis --> entity: dry-tree,,,True,explicit-zero:room-autoplace: planet: nauvis --> entity: dry-tree,False,False,0,0
1390,64,__pr_graph_lp_explicit_zero_free_source__: 1984:room-autoplace: planet: nauvis --> entity: dead-tree-desert,,,True,explicit-zero:room-autoplace: planet: nauvis --> entity: dead-tree-desert,False,False,0,0
1391,65,__pr_graph_lp_explicit_zero_free_source__: 1989:room-autoplace: planet: nauvis --> entity: dead-grey-trunk,,,True,explicit-zero:room-autoplace: planet: nauvis --> entity: dead-grey-trunk,False,False,0,0
1392,66,__pr_graph_lp_explicit_zero_free_source__: 1994:room-autoplace: planet: nauvis --> entity: dead-dry-hairy-tree,,,True,explicit-zero:room-autoplace: planet: nauvis --> entity: dead-dry-hairy-tree,False,False,0,0
1393,68,__pr_graph_lp_explicit_zero_free_source__: 2004:room-autoplace: planet: nauvis --> entity: small-worm-turret,,,True,explicit-zero:room-autoplace: planet: nauvis --> entity: small-worm-turret,False,False,0,0
1394,69,__pr_graph_lp_explicit_zero_free_source__: 2007:room-autoplace: planet: nauvis --> entity: medium-worm-turret,,,True,explicit-zero:room-autoplace: planet: nauvis --> entity: medium-worm-turret,False,False,0,0
1395,70,__pr_graph_lp_explicit_zero_free_source__: 2010:room-autoplace: planet: nauvis --> entity: big-worm-turret,,,True,explicit-zero:room-autoplace: planet: nauvis --> entity: big-worm-turret,False,False,0,0
1396,71,__pr_graph_lp_explicit_zero_free_source__: 2013:room-autoplace: planet: nauvis --> entity: behemoth-worm-turret,,,True,explicit-zero:room-autoplace: planet: nauvis --> entity: behemoth-worm-turret,False,False,0,0
1397,74,__pr_graph_lp_or_cost_row__: entity: advanced-foundry-mk01,,,True,node-cost:entity: advanced-foundry-mk01,False,False,0,0
1398,76,__pr_graph_lp_or_cost_row__: entity: antimonium,,,True,node-cost:entity: antimonium,False,False,0,0
1399,77,__pr_graph_lp_or_cost_row__: entity: assembling-machine-1,,,True,node-cost:entity: assembling-machine-1,False,False,0,0
1400,78,__pr_graph_lp_or_cost_row__: entity: automated-screener-mk01,,,True,node-cost:entity: automated-screener-mk01,False,False,0,0
1401,79,__pr_graph_lp_or_cost_row__: entity: barrel-machine-mk01,,,True,node-cost:entity: barrel-machine-mk01,False,False,0,0
1402,81,__pr_graph_lp_or_cost_row__: entity: big-rock,,,True,node-cost:entity: big-rock,False,False,0,0
1403,83,__pr_graph_lp_or_cost_row__: entity: big-worm-turret,,,True,node-cost:entity: big-worm-turret,False,False,0,0
1404,84,__pr_graph_lp_or_cost_row__: entity: biofactory-mk01,,,True,node-cost:entity: biofactory-mk01,False,False,0,0
1405,85,__pr_graph_lp_or_cost_row__: entity: biter-spawner,,,True,node-cost:entity: biter-spawner,False,False,0,0
1406,86,__pr_graph_lp_or_cost_row__: entity: bitumen-seep,,,True,node-cost:entity: bitumen-seep,False,False,0,0
1407,87,__pr_graph_lp_or_cost_row__: entity: boiler,,,True,node-cost:entity: boiler,False,False,0,0
1408,89,__pr_graph_lp_or_cost_row__: entity: borax-mine,,,True,node-cost:entity: borax-mine,False,False,0,0
1409,90,__pr_graph_lp_or_cost_row__: entity: botanical-nursery,,,True,node-cost:entity: botanical-nursery,False,False,0,0
1410,91,__pr_graph_lp_or_cost_row__: entity: burner-inserter,,,True,node-cost:entity: burner-inserter,False,False,0,0
1411,92,__pr_graph_lp_or_cost_row__: entity: burner-mining-drill,,,True,node-cost:entity: burner-mining-drill,False,False,0,0
1412,93,__pr_graph_lp_or_cost_row__: entity: car,,,True,node-cost:entity: car,False,False,0,0
1413,95,__pr_graph_lp_or_cost_row__: entity: character,,,True,node-cost:entity: character,False,False,0,0
1414,98,__pr_graph_lp_or_cost_row__: entity: clay-pit-mk01,,,True,node-cost:entity: clay-pit-mk01,False,False,0,0
1415,99,__pr_graph_lp_or_cost_row__: entity: coal-rock,,,True,node-cost:entity: coal-rock,False,False,0,0
1416,101,__pr_graph_lp_or_cost_row__: entity: copper-rock,,,True,node-cost:entity: copper-rock,False,False,0,0
1417,102,__pr_graph_lp_or_cost_row__: entity: creature-chamber-mk01,,,True,node-cost:entity: creature-chamber-mk01,False,False,0,0
1418,103,__pr_graph_lp_or_cost_row__: entity: data-array,,,True,node-cost:entity: data-array,False,False,0,0
1419,104,__pr_graph_lp_or_cost_row__: entity: dead-dry-hairy-tree,,,True,node-cost:entity: dead-dry-hairy-tree,False,False,0,0
1420,105,__pr_graph_lp_or_cost_row__: entity: dead-grey-trunk,,,True,node-cost:entity: dead-grey-trunk,False,False,0,0
1421,106,__pr_graph_lp_or_cost_row__: entity: dead-tree-desert,,,True,node-cost:entity: dead-tree-desert,False,False,0,0
1422,107,__pr_graph_lp_or_cost_row__: entity: distilator,,,True,node-cost:entity: distilator,False,False,0,0
1423,108,__pr_graph_lp_or_cost_row__: entity: dry-hairy-tree,,,True,node-cost:entity: dry-hairy-tree,False,False,0,0
1424,111,__pr_graph_lp_or_cost_row__: entity: electronics-factory-mk01,,,True,node-cost:entity: electronics-factory-mk01,False,False,0,0
1425,112,__pr_graph_lp_or_cost_row__: entity: evaporator,,,True,node-cost:entity: evaporator,False,False,0,0
1426,113,__pr_graph_lp_or_cost_row__: entity: fish,,,True,node-cost:entity: fish,False,False,0,0
1427,114,__pr_graph_lp_or_cost_row__: entity: flora-collector-mk01,,,True,node-cost:entity: flora-collector-mk01,False,False,0,0
1428,115,__pr_graph_lp_or_cost_row__: entity: fluid-drill-mk01,,,True,node-cost:entity: fluid-drill-mk01,False,False,0,0
1429,117,__pr_graph_lp_or_cost_row__: entity: fwf-mk01,,,True,node-cost:entity: fwf-mk01,False,False,0,0
1430,118,__pr_graph_lp_or_cost_row__: entity: gasifier,,,True,node-cost:entity: gasifier,False,False,0,0
1431,119,__pr_graph_lp_or_cost_row__: entity: gate,,,True,node-cost:entity: gate,False,False,0,0
1432,120,__pr_graph_lp_or_cost_row__: entity: genlab-mk01,,,True,node-cost:entity: genlab-mk01,False,False,0,0
1433,121,__pr_graph_lp_or_cost_row__: entity: geothermal-crack,,,True,node-cost:entity: geothermal-crack,False,False,0,0
1434,122,__pr_graph_lp_or_cost_row__: entity: glassworks-mk01,,,True,node-cost:entity: glassworks-mk01,False,False,0,0
1435,124,__pr_graph_lp_or_cost_row__: entity: hpf,,,True,node-cost:entity: hpf,False,False,0,0
1436,126,__pr_graph_lp_or_cost_row__: entity: incubator-mk01,,,True,node-cost:entity: incubator-mk01,False,False,0,0
1437,127,__pr_graph_lp_or_cost_row__: entity: inserter,,,True,node-cost:entity: inserter,False,False,0,0
1438,131,__pr_graph_lp_or_cost_row__: entity: jaw-crusher,,,True,node-cost:entity: jaw-crusher,False,False,0,0
1439,132,__pr_graph_lp_or_cost_row__: entity: lab,,,True,node-cost:entity: lab,False,False,0,0
1440,133,__pr_graph_lp_or_cost_row__: entity: lead-rock,,,True,node-cost:entity: lead-rock,False,False,0,0
1441,135,__pr_graph_lp_or_cost_row__: entity: micro-mine-mk01,,,True,node-cost:entity: micro-mine-mk01,False,False,0,0
1442,136,__pr_graph_lp_or_cost_row__: entity: molybdenum-ore,,,True,node-cost:entity: molybdenum-ore,False,False,0,0
1443,137,__pr_graph_lp_or_cost_row__: entity: moondrop-greenhouse-mk01,,,True,node-cost:entity: moondrop-greenhouse-mk01,False,False,0,0
1444,138,__pr_graph_lp_or_cost_row__: entity: moss-farm-mk01,,,True,node-cost:entity: moss-farm-mk01,False,False,0,0
1445,139,__pr_graph_lp_or_cost_row__: entity: multiblade-turbine-mk01,,,True,node-cost:entity: multiblade-turbine-mk01,False,False,0,0
1446,140,__pr_graph_lp_or_cost_row__: entity: nickel-rock,,,True,node-cost:entity: nickel-rock,False,False,0,0
1447,141,__pr_graph_lp_or_cost_row__: entity: niobium,,,True,node-cost:entity: niobium,False,False,0,0
1448,142,__pr_graph_lp_or_cost_row__: entity: offshore-pump,,,True,node-cost:entity: offshore-pump,False,False,0,0
1449,143,__pr_graph_lp_or_cost_row__: entity: oil-sand,,,True,node-cost:entity: oil-sand,False,False,0,0
1450,144,__pr_graph_lp_or_cost_row__: entity: olefin-plant,,,True,node-cost:entity: olefin-plant,False,False,0,0
1451,145,__pr_graph_lp_or_cost_row__: entity: ore-aluminium,,,True,node-cost:entity: ore-aluminium,False,False,0,0
1452,146,__pr_graph_lp_or_cost_row__: entity: ore-bioreserve,,,True,node-cost:entity: ore-bioreserve,False,False,0,0
1453,148,__pr_graph_lp_or_cost_row__: entity: ore-lead,,,True,node-cost:entity: ore-lead,False,False,0,0
1454,149,__pr_graph_lp_or_cost_row__: entity: ore-nexelit,,,True,node-cost:entity: ore-nexelit,False,False,0,0
1455,150,__pr_graph_lp_or_cost_row__: entity: ore-nickel,,,True,node-cost:entity: ore-nickel,False,False,0,0
1456,151,__pr_graph_lp_or_cost_row__: entity: ore-quartz,,,True,node-cost:entity: ore-quartz,False,False,0,0
1457,153,__pr_graph_lp_or_cost_row__: entity: ore-titanium,,,True,node-cost:entity: ore-titanium,False,False,0,0
1458,154,__pr_graph_lp_or_cost_row__: entity: ore-zinc,,,True,node-cost:entity: ore-zinc,False,False,0,0
1459,155,__pr_graph_lp_or_cost_row__: entity: outpost,,,True,node-cost:entity: outpost,False,False,0,0
1460,156,__pr_graph_lp_or_cost_row__: entity: outpost-fluid,,,True,node-cost:entity: outpost-fluid,False,False,0,0
1461,157,__pr_graph_lp_or_cost_row__: entity: pcb-factory-mk01,,,True,node-cost:entity: pcb-factory-mk01,False,False,0,0
1462,158,__pr_graph_lp_or_cost_row__: entity: phosphate-rock,,,True,node-cost:entity: phosphate-rock,False,False,0,0
1463,160,__pr_graph_lp_or_cost_row__: entity: pipe,,,True,node-cost:entity: pipe,False,False,0,0
1464,161,__pr_graph_lp_or_cost_row__: entity: pipe-to-ground,,,True,node-cost:entity: pipe-to-ground,False,False,0,0
1465,164,__pr_graph_lp_or_cost_row__: entity: pump,,,True,node-cost:entity: pump,False,False,0,0
1466,165,__pr_graph_lp_or_cost_row__: entity: py-check-valve,,,True,node-cost:entity: py-check-valve,False,False,0,0
1467,167,__pr_graph_lp_or_cost_row__: entity: py-local-radar,,,True,node-cost:entity: py-local-radar,False,False,0,0
1468,168,__pr_graph_lp_or_cost_row__: entity: py-overflow-valve,,,True,node-cost:entity: py-overflow-valve,False,False,0,0
1469,171,__pr_graph_lp_or_cost_row__: entity: py-tank-10000,,,True,node-cost:entity: py-tank-10000,False,False,0,0
1470,172,__pr_graph_lp_or_cost_row__: entity: py-tank-1500,,,True,node-cost:entity: py-tank-1500,False,False,0,0
1471,173,__pr_graph_lp_or_cost_row__: entity: py-tank-3000,,,True,node-cost:entity: py-tank-3000,False,False,0,0
1472,174,__pr_graph_lp_or_cost_row__: entity: py-tank-4000,,,True,node-cost:entity: py-tank-4000,False,False,0,0
1473,175,__pr_graph_lp_or_cost_row__: entity: py-tank-5000,,,True,node-cost:entity: py-tank-5000,False,False,0,0
1474,177,__pr_graph_lp_or_cost_row__: entity: py-tank-7000,,,True,node-cost:entity: py-tank-7000,False,False,0,0
1475,178,__pr_graph_lp_or_cost_row__: entity: py-tank-8000,,,True,node-cost:entity: py-tank-8000,False,False,0,0
1476,179,__pr_graph_lp_or_cost_row__: entity: py-tank-9000,,,True,node-cost:entity: py-tank-9000,False,False,0,0
1477,181,__pr_graph_lp_or_cost_row__: entity: quartz-rock,,,True,node-cost:entity: quartz-rock,False,False,0,0
1478,182,__pr_graph_lp_or_cost_row__: entity: quenching-tower,,,True,node-cost:entity: quenching-tower,False,False,0,0
1479,183,__pr_graph_lp_or_cost_row__: entity: radar,,,True,node-cost:entity: radar,False,False,0,0
1480,185,__pr_graph_lp_or_cost_row__: entity: raw-coal,,,True,node-cost:entity: raw-coal,False,False,0,0
1481,186,__pr_graph_lp_or_cost_row__: entity: rc-mk01,,,True,node-cost:entity: rc-mk01,False,False,0,0
1482,187,__pr_graph_lp_or_cost_row__: entity: ree,,,True,node-cost:entity: ree,False,False,0,0
1483,188,__pr_graph_lp_or_cost_row__: entity: reformer-mk01,,,True,node-cost:entity: reformer-mk01,False,False,0,0
1484,190,__pr_graph_lp_or_cost_row__: entity: research-center-mk01,,,True,node-cost:entity: research-center-mk01,False,False,0,0
1485,191,__pr_graph_lp_or_cost_row__: entity: retorter,,,True,node-cost:entity: retorter,False,False,0,0
1486,193,__pr_graph_lp_or_cost_row__: entity: sap-extractor-mk01,,,True,node-cost:entity: sap-extractor-mk01,False,False,0,0
1487,194,__pr_graph_lp_or_cost_row__: entity: seaweed,,,True,node-cost:entity: seaweed,False,False,0,0
1488,195,__pr_graph_lp_or_cost_row__: entity: seaweed-crop-mk01,,,True,node-cost:entity: seaweed-crop-mk01,False,False,0,0
1489,196,__pr_graph_lp_or_cost_row__: entity: slaughterhouse-mk01,,,True,node-cost:entity: slaughterhouse-mk01,False,False,0,0
1490,198,__pr_graph_lp_or_cost_row__: entity: small-lamp,,,True,node-cost:entity: small-lamp,False,False,0,0
1491,199,__pr_graph_lp_or_cost_row__: entity: small-worm-turret,,,True,node-cost:entity: small-worm-turret,False,False,0,0
1492,200,__pr_graph_lp_or_cost_row__: entity: smelter-mk01,,,True,node-cost:entity: smelter-mk01,False,False,0,0
1493,201,__pr_graph_lp_or_cost_row__: entity: soil-extractor-mk01,,,True,node-cost:entity: soil-extractor-mk01,False,False,0,0
1494,202,__pr_graph_lp_or_cost_row__: entity: solid-separator,,,True,node-cost:entity: solid-separator,False,False,0,0
1495,203,__pr_graph_lp_or_cost_row__: entity: spitter-spawner,,,True,node-cost:entity: spitter-spawner,False,False,0,0
1496,205,__pr_graph_lp_or_cost_row__: entity: steam-engine,,,True,node-cost:entity: steam-engine,False,False,0,0
1497,207,__pr_graph_lp_or_cost_row__: entity: stone,,,True,node-cost:entity: stone,False,False,0,0
1498,208,__pr_graph_lp_or_cost_row__: entity: stone-furnace,,,True,node-cost:entity: stone-furnace,False,False,0,0
1499,209,__pr_graph_lp_or_cost_row__: entity: stone-wall,,,True,node-cost:entity: stone-wall,False,False,0,0
1500,210,__pr_graph_lp_or_cost_row__: entity: storage-tank,,,True,node-cost:entity: storage-tank,False,False,0,0
1501,211,__pr_graph_lp_or_cost_row__: entity: sulfur-patch,,,True,node-cost:entity: sulfur-patch,False,False,0,0
1502,213,__pr_graph_lp_or_cost_row__: entity: tar-processing-unit,,,True,node-cost:entity: tar-processing-unit,False,False,0,0
1503,214,__pr_graph_lp_or_cost_row__: entity: tin-rock,,,True,node-cost:entity: tin-rock,False,False,0,0
1504,215,__pr_graph_lp_or_cost_row__: entity: titanium-rock,,,True,node-cost:entity: titanium-rock,False,False,0,0
1505,217,__pr_graph_lp_or_cost_row__: entity: tree-01,,,True,node-cost:entity: tree-01,False,False,0,0
1506,218,__pr_graph_lp_or_cost_row__: entity: tree-02,,,True,node-cost:entity: tree-02,False,False,0,0
1507,222,__pr_graph_lp_or_cost_row__: entity: tree-05,,,True,node-cost:entity: tree-05,False,False,0,0
1508,223,__pr_graph_lp_or_cost_row__: entity: tree-06,,,True,node-cost:entity: tree-06,False,False,0,0
1509,224,__pr_graph_lp_or_cost_row__: entity: tree-06-brown,,,True,node-cost:entity: tree-06-brown,False,False,0,0
1510,226,__pr_graph_lp_or_cost_row__: entity: tree-08,,,True,node-cost:entity: tree-08,False,False,0,0
1511,228,__pr_graph_lp_or_cost_row__: entity: tree-08-red,,,True,node-cost:entity: tree-08-red,False,False,0,0
1512,229,__pr_graph_lp_or_cost_row__: entity: tree-09,,,True,node-cost:entity: tree-09,False,False,0,0
1513,230,__pr_graph_lp_or_cost_row__: entity: tree-09-brown,,,True,node-cost:entity: tree-09-brown,False,False,0,0
1514,231,__pr_graph_lp_or_cost_row__: entity: tree-09-red,,,True,node-cost:entity: tree-09-red,False,False,0,0
1515,234,__pr_graph_lp_or_cost_row__: entity: uranium-rock,,,True,node-cost:entity: uranium-rock,False,False,0,0
1516,235,__pr_graph_lp_or_cost_row__: entity: vacuum-pump-mk01,,,True,node-cost:entity: vacuum-pump-mk01,False,False,0,0
1517,237,__pr_graph_lp_or_cost_row__: entity: vrauks-paddock-mk01,,,True,node-cost:entity: vrauks-paddock-mk01,False,False,0,0
1518,238,__pr_graph_lp_or_cost_row__: entity: washer,,,True,node-cost:entity: washer,False,False,0,0
1519,239,__pr_graph_lp_or_cost_row__: entity: wooden-chest,,,True,node-cost:entity: wooden-chest,False,False,0,0
1520,240,__pr_graph_lp_or_cost_row__: entity: wpu-mk01,,,True,node-cost:entity: wpu-mk01,False,False,0,0
1521,242,__pr_graph_lp_or_cost_row__: item: acetylene-barrel,,,True,node-cost:item: acetylene-barrel,False,False,0,0
1522,243,__pr_graph_lp_or_cost_row__: item: acetylene-canister,,,True,node-cost:item: acetylene-canister,False,False,0,0
1523,244,__pr_graph_lp_or_cost_row__: item: acidgas-barrel,,,True,node-cost:item: acidgas-barrel,False,False,0,0
1524,245,__pr_graph_lp_or_cost_row__: item: advanced-foundry-mk01,,,True,node-cost:item: advanced-foundry-mk01,False,False,0,0
1525,246,__pr_graph_lp_or_cost_row__: item: agar,,,True,node-cost:item: agar,False,False,0,0
1526,247,__pr_graph_lp_or_cost_row__: item: aluminium-plate,,,True,node-cost:item: aluminium-plate,False,False,0,0
1527,248,__pr_graph_lp_or_cost_row__: item: anthracene-oil-barrel,,,True,node-cost:item: anthracene-oil-barrel,False,False,0,0
1528,249,__pr_graph_lp_or_cost_row__: item: anthracene-oil-canister,,,True,node-cost:item: anthracene-oil-canister,False,False,0,0
1529,250,__pr_graph_lp_or_cost_row__: item: aromatics-barrel,,,True,node-cost:item: aromatics-barrel,False,False,0,0
1530,251,__pr_graph_lp_or_cost_row__: item: aromatics-canister,,,True,node-cost:item: aromatics-canister,False,False,0,0
1531,252,__pr_graph_lp_or_cost_row__: item: ash,,,True,node-cost:item: ash,False,False,0,0
1532,253,__pr_graph_lp_or_cost_row__: item: assembling-machine-1,,,True,node-cost:item: assembling-machine-1,False,False,0,0
1533,254,__pr_graph_lp_or_cost_row__: item: automated-screener-mk01,,,True,node-cost:item: automated-screener-mk01,False,False,0,0
1534,255,__pr_graph_lp_or_cost_row__: item: automation-science-pack,,,True,node-cost:item: automation-science-pack,False,False,0,0
1535,256,__pr_graph_lp_or_cost_row__: item: barrel,,,True,node-cost:item: barrel,False,False,0,0
1536,257,__pr_graph_lp_or_cost_row__: item: barrel-machine-mk01,,,True,node-cost:item: barrel-machine-mk01,False,False,0,0
1537,258,__pr_graph_lp_or_cost_row__: item: battery-mk00,,,True,node-cost:item: battery-mk00,False,False,0,0
1538,259,__pr_graph_lp_or_cost_row__: item: bio-container,,,True,node-cost:item: bio-container,False,False,0,0
1539,260,__pr_graph_lp_or_cost_row__: item: bio-sample,,,True,node-cost:item: bio-sample,False,False,0,0
1540,261,__pr_graph_lp_or_cost_row__: item: biofactory-mk01,,,True,node-cost:item: biofactory-mk01,False,False,0,0
1541,263,__pr_graph_lp_or_cost_row__: item: bolts,,,True,node-cost:item: bolts,False,False,0,0
1542,264,__pr_graph_lp_or_cost_row__: item: borax-mine,,,True,node-cost:item: borax-mine,False,False,0,0
1543,265,__pr_graph_lp_or_cost_row__: item: botanical-nursery,,,True,node-cost:item: botanical-nursery,False,False,0,0
1544,266,__pr_graph_lp_or_cost_row__: item: brain,,,True,node-cost:item: brain,False,False,0,0
1545,267,__pr_graph_lp_or_cost_row__: item: burner-inserter,,,True,node-cost:item: burner-inserter,False,False,0,0
1546,268,__pr_graph_lp_or_cost_row__: item: burner-mining-drill,,,True,node-cost:item: burner-mining-drill,False,False,0,0
1547,269,__pr_graph_lp_or_cost_row__: item: cage,,,True,node-cost:item: cage,False,False,0,0
1548,270,__pr_graph_lp_or_cost_row__: item: caged-vrauks,,,True,node-cost:item: caged-vrauks,False,False,0,0
1549,271,__pr_graph_lp_or_cost_row__: item: calcium-carbide,,,True,node-cost:item: calcium-carbide,False,False,0,0
1550,272,__pr_graph_lp_or_cost_row__: item: capacitor1,,,True,node-cost:item: capacitor1,False,False,0,0
1551,273,__pr_graph_lp_or_cost_row__: item: car,,,True,node-cost:item: car,False,False,0,0
1552,274,__pr_graph_lp_or_cost_row__: item: caravan,,,True,node-cost:item: caravan,False,False,0,0
1553,275,__pr_graph_lp_or_cost_row__: item: carbolic-oil-barrel,,,True,node-cost:item: carbolic-oil-barrel,False,False,0,0
1554,276,__pr_graph_lp_or_cost_row__: item: carbolic-oil-canister,,,True,node-cost:item: carbolic-oil-canister,False,False,0,0
1555,277,__pr_graph_lp_or_cost_row__: item: carbon-dioxide-barrel,,,True,node-cost:item: carbon-dioxide-barrel,False,False,0,0
1556,278,__pr_graph_lp_or_cost_row__: item: cellulose,,,True,node-cost:item: cellulose,False,False,0,0
1557,279,__pr_graph_lp_or_cost_row__: item: ceramic,,,True,node-cost:item: ceramic,False,False,0,0
1558,280,__pr_graph_lp_or_cost_row__: item: chipshooter-mk01,,,True,node-cost:item: chipshooter-mk01,False,False,0,0
1559,281,__pr_graph_lp_or_cost_row__: item: chitin,,,True,node-cost:item: chitin,False,False,0,0
1560,282,__pr_graph_lp_or_cost_row__: item: chlorine-barrel,,,True,node-cost:item: chlorine-barrel,False,False,0,0
1561,283,__pr_graph_lp_or_cost_row__: item: clay,,,True,node-cost:item: clay,False,False,0,0
1562,284,__pr_graph_lp_or_cost_row__: item: clay-pit-mk01,,,True,node-cost:item: clay-pit-mk01,False,False,0,0
1563,285,__pr_graph_lp_or_cost_row__: item: coal,,,True,node-cost:item: coal,False,False,0,0
1564,287,__pr_graph_lp_or_cost_row__: item: coal-gas-barrel,,,True,node-cost:item: coal-gas-barrel,False,False,0,0
1565,288,__pr_graph_lp_or_cost_row__: item: coal-gas-canister,,,True,node-cost:item: coal-gas-canister,False,False,0,0
1566,289,__pr_graph_lp_or_cost_row__: item: cocoon,,,True,node-cost:item: cocoon,False,False,0,0
1567,290,__pr_graph_lp_or_cost_row__: item: coke,,,True,node-cost:item: coke,False,False,0,0
1568,291,__pr_graph_lp_or_cost_row__: item: concrete,,,True,node-cost:item: concrete,False,False,0,0
1569,292,__pr_graph_lp_or_cost_row__: item: condensates-barrel,,,True,node-cost:item: condensates-barrel,False,False,0,0
1570,293,__pr_graph_lp_or_cost_row__: item: condensates-canister,,,True,node-cost:item: condensates-canister,False,False,0,0
1571,294,__pr_graph_lp_or_cost_row__: item: copper-cable,,,True,node-cost:item: copper-cable,False,False,0,0
1572,295,__pr_graph_lp_or_cost_row__: item: copper-ore,,,True,node-cost:item: copper-ore,False,False,0,0
1573,296,__pr_graph_lp_or_cost_row__: item: copper-plate,,,True,node-cost:item: copper-plate,False,False,0,0
1574,297,__pr_graph_lp_or_cost_row__: item: creamy-latex-barrel,,,True,node-cost:item: creamy-latex-barrel,False,False,0,0
1575,298,__pr_graph_lp_or_cost_row__: item: creature-chamber-mk01,,,True,node-cost:item: creature-chamber-mk01,False,False,0,0
1576,299,__pr_graph_lp_or_cost_row__: item: creosote-barrel,,,True,node-cost:item: creosote-barrel,False,False,0,0
1577,300,__pr_graph_lp_or_cost_row__: item: data-array,,,True,node-cost:item: data-array,False,False,0,0
1578,301,__pr_graph_lp_or_cost_row__: item: distilator,,,True,node-cost:item: distilator,False,False,0,0
1579,302,__pr_graph_lp_or_cost_row__: item: dried-meat,,,True,node-cost:item: dried-meat,False,False,0,0
1580,303,__pr_graph_lp_or_cost_row__: item: duralumin,,,True,node-cost:item: duralumin,False,False,0,0
1581,304,__pr_graph_lp_or_cost_row__: item: earth-generic-sample,,,True,node-cost:item: earth-generic-sample,False,False,0,0
1582,306,__pr_graph_lp_or_cost_row__: item: electronic-circuit,,,True,node-cost:item: electronic-circuit,False,False,0,0
1583,307,__pr_graph_lp_or_cost_row__: item: electronics-factory-mk01,,,True,node-cost:item: electronics-factory-mk01,False,False,0,0
1584,308,__pr_graph_lp_or_cost_row__: item: empty-fuel-canister,,,True,node-cost:item: empty-fuel-canister,False,False,0,0
1585,309,__pr_graph_lp_or_cost_row__: item: empty-petri-dish,,,True,node-cost:item: empty-petri-dish,False,False,0,0
1586,310,__pr_graph_lp_or_cost_row__: item: empty-planter-box,,,True,node-cost:item: empty-planter-box,False,False,0,0
1587,311,__pr_graph_lp_or_cost_row__: item: engine-unit,,,True,node-cost:item: engine-unit,False,False,0,0
1588,312,__pr_graph_lp_or_cost_row__: item: evaporator,,,True,node-cost:item: evaporator,False,False,0,0
1589,313,__pr_graph_lp_or_cost_row__: item: fawogae-substrate,,,True,node-cost:item: fawogae-substrate,False,False,0,0
1590,314,__pr_graph_lp_or_cost_row__: item: firearm-magazine,,,True,node-cost:item: firearm-magazine,False,False,0,0
1591,315,__pr_graph_lp_or_cost_row__: item: fish,,,True,node-cost:item: fish,False,False,0,0
1592,316,__pr_graph_lp_or_cost_row__: item: flask,,,True,node-cost:item: flask,False,False,0,0
1593,317,__pr_graph_lp_or_cost_row__: item: flora-collector-mk01,,,True,node-cost:item: flora-collector-mk01,False,False,0,0
1594,319,__pr_graph_lp_or_cost_row__: item: fluid-drill-mk01,,,True,node-cost:item: fluid-drill-mk01,False,False,0,0
1595,320,__pr_graph_lp_or_cost_row__: item: fluidavan,,,True,node-cost:item: fluidavan,False,False,0,0
1596,322,__pr_graph_lp_or_cost_row__: item: formica,,,True,node-cost:item: formica,False,False,0,0
1597,323,__pr_graph_lp_or_cost_row__: item: fwf-mk01,,,True,node-cost:item: fwf-mk01,False,False,0,0
1598,324,__pr_graph_lp_or_cost_row__: item: gasifier,,,True,node-cost:item: gasifier,False,False,0,0
1599,325,__pr_graph_lp_or_cost_row__: item: gasoline-barrel,,,True,node-cost:item: gasoline-barrel,False,False,0,0
1600,326,__pr_graph_lp_or_cost_row__: item: gasoline-canister,,,True,node-cost:item: gasoline-canister,False,False,0,0
1601,327,__pr_graph_lp_or_cost_row__: item: gate,,,True,node-cost:item: gate,False,False,0,0
1602,328,__pr_graph_lp_or_cost_row__: item: genlab-mk01,,,True,node-cost:item: genlab-mk01,False,False,0,0
1603,329,__pr_graph_lp_or_cost_row__: item: glass,,,True,node-cost:item: glass,False,False,0,0
1604,330,__pr_graph_lp_or_cost_row__: item: glassworks-mk01,,,True,node-cost:item: glassworks-mk01,False,False,0,0
1605,332,__pr_graph_lp_or_cost_row__: item: grade-2-copper,,,True,node-cost:item: grade-2-copper,False,False,0,0
1606,334,__pr_graph_lp_or_cost_row__: item: gravel,,,True,node-cost:item: gravel,False,False,0,0
1607,335,__pr_graph_lp_or_cost_row__: item: gun-turret,,,True,node-cost:item: gun-turret,False,False,0,0
1608,336,__pr_graph_lp_or_cost_row__: item: gunpowder,,,True,node-cost:item: gunpowder,False,False,0,0
1609,337,__pr_graph_lp_or_cost_row__: item: guts,,,True,node-cost:item: guts,False,False,0,0
1610,339,__pr_graph_lp_or_cost_row__: item: heavy-oil-barrel,,,True,node-cost:item: heavy-oil-barrel,False,False,0,0
1611,340,__pr_graph_lp_or_cost_row__: item: heavy-oil-canister,,,True,node-cost:item: heavy-oil-canister,False,False,0,0
1612,341,__pr_graph_lp_or_cost_row__: item: hpf,,,True,node-cost:item: hpf,False,False,0,0
1613,342,__pr_graph_lp_or_cost_row__: item: hydrogen-barrel,,,True,node-cost:item: hydrogen-barrel,False,False,0,0
1614,343,__pr_graph_lp_or_cost_row__: item: incubator-mk01,,,True,node-cost:item: incubator-mk01,False,False,0,0
1615,344,__pr_graph_lp_or_cost_row__: item: inductor1,,,True,node-cost:item: inductor1,False,False,0,0
1616,345,__pr_graph_lp_or_cost_row__: item: inserter,,,True,node-cost:item: inserter,False,False,0,0
1617,346,__pr_graph_lp_or_cost_row__: item: iron-chest,,,True,node-cost:item: iron-chest,False,False,0,0
1618,347,__pr_graph_lp_or_cost_row__: item: iron-gear-wheel,,,True,node-cost:item: iron-gear-wheel,False,False,0,0
1619,349,__pr_graph_lp_or_cost_row__: item: iron-oxide,,,True,node-cost:item: iron-oxide,False,False,0,0
1620,350,__pr_graph_lp_or_cost_row__: item: iron-plate,,,True,node-cost:item: iron-plate,False,False,0,0
1621,351,__pr_graph_lp_or_cost_row__: item: iron-stick,,,True,node-cost:item: iron-stick,False,False,0,0
1622,352,__pr_graph_lp_or_cost_row__: item: jaw-crusher,,,True,node-cost:item: jaw-crusher,False,False,0,0
1623,353,__pr_graph_lp_or_cost_row__: item: kerogen,,,True,node-cost:item: kerogen,False,False,0,0
1624,354,__pr_graph_lp_or_cost_row__: item: kerosene-barrel,,,True,node-cost:item: kerosene-barrel,False,False,0,0
1625,355,__pr_graph_lp_or_cost_row__: item: kerosene-canister,,,True,node-cost:item: kerosene-canister,False,False,0,0
1626,358,__pr_graph_lp_or_cost_row__: item: latex,,,True,node-cost:item: latex,False,False,0,0
1627,359,__pr_graph_lp_or_cost_row__: item: latex-slab,,,True,node-cost:item: latex-slab,False,False,0,0
1628,360,__pr_graph_lp_or_cost_row__: item: lead-plate,,,True,node-cost:item: lead-plate,False,False,0,0
1629,362,__pr_graph_lp_or_cost_row__: item: light-oil-barrel,,,True,node-cost:item: light-oil-barrel,False,False,0,0
1630,363,__pr_graph_lp_or_cost_row__: item: light-oil-canister,,,True,node-cost:item: light-oil-canister,False,False,0,0
1631,364,__pr_graph_lp_or_cost_row__: item: lime,,,True,node-cost:item: lime,False,False,0,0
1632,365,__pr_graph_lp_or_cost_row__: item: limestone,,,True,node-cost:item: limestone,False,False,0,0
1633,366,__pr_graph_lp_or_cost_row__: item: log,,,True,node-cost:item: log,False,False,0,0
1634,367,__pr_graph_lp_or_cost_row__: item: meat,,,True,node-cost:item: meat,False,False,0,0
1635,368,__pr_graph_lp_or_cost_row__: item: methanal-barrel,,,True,node-cost:item: methanal-barrel,False,False,0,0
1636,369,__pr_graph_lp_or_cost_row__: item: methane-barrel,,,True,node-cost:item: methane-barrel,False,False,0,0
1637,370,__pr_graph_lp_or_cost_row__: item: methane-canister,,,True,node-cost:item: methane-canister,False,False,0,0
1638,371,__pr_graph_lp_or_cost_row__: item: micro-mine-mk01,,,True,node-cost:item: micro-mine-mk01,False,False,0,0
1639,372,__pr_graph_lp_or_cost_row__: item: middle-oil-barrel,,,True,node-cost:item: middle-oil-barrel,False,False,0,0
1640,373,__pr_graph_lp_or_cost_row__: item: middle-oil-canister,,,True,node-cost:item: middle-oil-canister,False,False,0,0
1641,374,__pr_graph_lp_or_cost_row__: item: molten-glass-barrel,,,True,node-cost:item: molten-glass-barrel,False,False,0,0
1642,375,__pr_graph_lp_or_cost_row__: item: moondrop,,,True,node-cost:item: moondrop,False,False,0,0
1643,376,__pr_graph_lp_or_cost_row__: item: moondrop-codex,,,True,node-cost:item: moondrop-codex,False,False,0,0
1644,377,__pr_graph_lp_or_cost_row__: item: moondrop-greenhouse-mk01,,,True,node-cost:item: moondrop-greenhouse-mk01,False,False,0,0
1645,378,__pr_graph_lp_or_cost_row__: item: moondrop-seeds,,,True,node-cost:item: moondrop-seeds,False,False,0,0
1646,379,__pr_graph_lp_or_cost_row__: item: moss,,,True,node-cost:item: moss,False,False,0,0
1647,380,__pr_graph_lp_or_cost_row__: item: moss-farm-mk01,,,True,node-cost:item: moss-farm-mk01,False,False,0,0
1648,381,__pr_graph_lp_or_cost_row__: item: moss-gen,,,True,node-cost:item: moss-gen,False,False,0,0
1649,382,__pr_graph_lp_or_cost_row__: item: muddy-sludge-barrel,,,True,node-cost:item: muddy-sludge-barrel,False,False,0,0
1650,383,__pr_graph_lp_or_cost_row__: item: multiblade-turbine-mk01,,,True,node-cost:item: multiblade-turbine-mk01,False,False,0,0
1651,384,__pr_graph_lp_or_cost_row__: item: naphthalene-oil-barrel,,,True,node-cost:item: naphthalene-oil-barrel,False,False,0,0
1652,385,__pr_graph_lp_or_cost_row__: item: naphthalene-oil-canister,,,True,node-cost:item: naphthalene-oil-canister,False,False,0,0
1653,386,__pr_graph_lp_or_cost_row__: item: native-flora,,,True,node-cost:item: native-flora,False,False,0,0
1654,387,__pr_graph_lp_or_cost_row__: item: offshore-pump,,,True,node-cost:item: offshore-pump,False,False,0,0
1655,388,__pr_graph_lp_or_cost_row__: item: olefin-plant,,,True,node-cost:item: olefin-plant,False,False,0,0
1656,389,__pr_graph_lp_or_cost_row__: item: ore-aluminium,,,True,node-cost:item: ore-aluminium,False,False,0,0
1657,390,__pr_graph_lp_or_cost_row__: item: ore-chromium,,,True,node-cost:item: ore-chromium,False,False,0,0
1658,391,__pr_graph_lp_or_cost_row__: item: ore-lead,,,True,node-cost:item: ore-lead,False,False,0,0
1659,392,__pr_graph_lp_or_cost_row__: item: ore-nickel,,,True,node-cost:item: ore-nickel,False,False,0,0
1660,393,__pr_graph_lp_or_cost_row__: item: ore-quartz,,,True,node-cost:item: ore-quartz,False,False,0,0
1661,394,__pr_graph_lp_or_cost_row__: item: ore-tin,,,True,node-cost:item: ore-tin,False,False,0,0
1662,395,__pr_graph_lp_or_cost_row__: item: ore-titanium,,,True,node-cost:item: ore-titanium,False,False,0,0
1663,396,__pr_graph_lp_or_cost_row__: item: ore-zinc,,,True,node-cost:item: ore-zinc,False,False,0,0
1664,397,__pr_graph_lp_or_cost_row__: item: outpost,,,True,node-cost:item: outpost,False,False,0,0
1665,398,__pr_graph_lp_or_cost_row__: item: outpost-fluid,,,True,node-cost:item: outpost-fluid,False,False,0,0
1666,399,__pr_graph_lp_or_cost_row__: item: oxygen-barrel,,,True,node-cost:item: oxygen-barrel,False,False,0,0
1667,400,__pr_graph_lp_or_cost_row__: item: pcb-factory-mk01,,,True,node-cost:item: pcb-factory-mk01,False,False,0,0
1668,401,__pr_graph_lp_or_cost_row__: item: pcb1,,,True,node-cost:item: pcb1,False,False,0,0
1669,402,__pr_graph_lp_or_cost_row__: item: petri-dish,,,True,node-cost:item: petri-dish,False,False,0,0
1670,403,__pr_graph_lp_or_cost_row__: item: petri-dish-bacteria,,,True,node-cost:item: petri-dish-bacteria,False,False,0,0
1671,404,__pr_graph_lp_or_cost_row__: item: pipe,,,True,node-cost:item: pipe,False,False,0,0
1672,405,__pr_graph_lp_or_cost_row__: item: pipe-to-ground,,,True,node-cost:item: pipe-to-ground,False,False,0,0
1673,406,__pr_graph_lp_or_cost_row__: item: pitch-barrel,,,True,node-cost:item: pitch-barrel,False,False,0,0
1674,407,__pr_graph_lp_or_cost_row__: item: pitch-canister,,,True,node-cost:item: pitch-canister,False,False,0,0
1675,408,__pr_graph_lp_or_cost_row__: item: planter-box,,,True,node-cost:item: planter-box,False,False,0,0
1676,409,__pr_graph_lp_or_cost_row__: item: plastic-bar,,,True,node-cost:item: plastic-bar,False,False,0,0
1677,410,__pr_graph_lp_or_cost_row__: item: poorman-wood-fence,,,True,node-cost:item: poorman-wood-fence,False,False,0,0
1678,411,__pr_graph_lp_or_cost_row__: item: pressured-air-barrel,,,True,node-cost:item: pressured-air-barrel,False,False,0,0
1679,413,__pr_graph_lp_or_cost_row__: item: processed-iron-ore,,,True,node-cost:item: processed-iron-ore,False,False,0,0
1680,414,__pr_graph_lp_or_cost_row__: item: pulp-mill-mk01,,,True,node-cost:item: pulp-mill-mk01,False,False,0,0
1681,415,__pr_graph_lp_or_cost_row__: item: pump,,,True,node-cost:item: pump,False,False,0,0
1682,418,__pr_graph_lp_or_cost_row__: item: py-local-radar,,,True,node-cost:item: py-local-radar,False,False,0,0
1683,419,__pr_graph_lp_or_cost_row__: item: py-overflow-valve,,,True,node-cost:item: py-overflow-valve,False,False,0,0
1684,420,__pr_graph_lp_or_cost_row__: item: py-science-pack-1,,,True,node-cost:item: py-science-pack-1,False,False,0,0
1685,421,__pr_graph_lp_or_cost_row__: item: py-sinkhole,,,True,node-cost:item: py-sinkhole,False,False,0,0
1686,423,__pr_graph_lp_or_cost_row__: item: py-tank-10000,,,True,node-cost:item: py-tank-10000,False,False,0,0
1687,425,__pr_graph_lp_or_cost_row__: item: py-tank-3000,,,True,node-cost:item: py-tank-3000,False,False,0,0
1688,426,__pr_graph_lp_or_cost_row__: item: py-tank-4000,,,True,node-cost:item: py-tank-4000,False,False,0,0
1689,428,__pr_graph_lp_or_cost_row__: item: py-tank-6500,,,True,node-cost:item: py-tank-6500,False,False,0,0
1690,429,__pr_graph_lp_or_cost_row__: item: py-tank-7000,,,True,node-cost:item: py-tank-7000,False,False,0,0
1691,430,__pr_graph_lp_or_cost_row__: item: py-tank-8000,,,True,node-cost:item: py-tank-8000,False,False,0,0
1692,431,__pr_graph_lp_or_cost_row__: item: py-tank-9000,,,True,node-cost:item: py-tank-9000,False,False,0,0
1693,432,__pr_graph_lp_or_cost_row__: item: py-underflow-valve,,,True,node-cost:item: py-underflow-valve,False,False,0,0
1694,433,__pr_graph_lp_or_cost_row__: item: quenching-tower,,,True,node-cost:item: quenching-tower,False,False,0,0
1695,435,__pr_graph_lp_or_cost_row__: item: raw-borax,,,True,node-cost:item: raw-borax,False,False,0,0
1696,436,__pr_graph_lp_or_cost_row__: item: raw-coal,,,True,node-cost:item: raw-coal,False,False,0,0
1697,437,__pr_graph_lp_or_cost_row__: item: raw-fiber,,,True,node-cost:item: raw-fiber,False,False,0,0
1698,438,__pr_graph_lp_or_cost_row__: item: rc-mk01,,,True,node-cost:item: rc-mk01,False,False,0,0
1699,439,__pr_graph_lp_or_cost_row__: item: refined-concrete,,,True,node-cost:item: refined-concrete,False,False,0,0
1700,440,__pr_graph_lp_or_cost_row__: item: refined-hazard-concrete,,,True,node-cost:item: refined-hazard-concrete,False,False,0,0
1701,441,__pr_graph_lp_or_cost_row__: item: reformer-mk01,,,True,node-cost:item: reformer-mk01,False,False,0,0
1702,442,__pr_graph_lp_or_cost_row__: item: repair-pack,,,True,node-cost:item: repair-pack,False,False,0,0
1703,444,__pr_graph_lp_or_cost_row__: item: resistor1,,,True,node-cost:item: resistor1,False,False,0,0
1704,445,__pr_graph_lp_or_cost_row__: item: retorter,,,True,node-cost:item: retorter,False,False,0,0
1705,446,__pr_graph_lp_or_cost_row__: item: rich-clay,,,True,node-cost:item: rich-clay,False,False,0,0
1706,447,__pr_graph_lp_or_cost_row__: item: sand,,,True,node-cost:item: sand,False,False,0,0
1707,448,__pr_graph_lp_or_cost_row__: item: sap-extractor-mk01,,,True,node-cost:item: sap-extractor-mk01,False,False,0,0
1708,450,__pr_graph_lp_or_cost_row__: item: sap-tree,,,True,node-cost:item: sap-tree,False,False,0,0
1709,451,__pr_graph_lp_or_cost_row__: item: saps,,,True,node-cost:item: saps,False,False,0,0
1710,453,__pr_graph_lp_or_cost_row__: item: scrude-canister,,,True,node-cost:item: scrude-canister,False,False,0,0
1711,454,__pr_graph_lp_or_cost_row__: item: seaweed,,,True,node-cost:item: seaweed,False,False,0,0
1712,455,__pr_graph_lp_or_cost_row__: item: seaweed-crop-mk01,,,True,node-cost:item: seaweed-crop-mk01,False,False,0,0
1713,456,__pr_graph_lp_or_cost_row__: item: shotgun,,,True,node-cost:item: shotgun,False,False,0,0
1714,458,__pr_graph_lp_or_cost_row__: item: slacked-lime-barrel,,,True,node-cost:item: slacked-lime-barrel,False,False,0,0
1715,459,__pr_graph_lp_or_cost_row__: item: slaughterhouse-mk01,,,True,node-cost:item: slaughterhouse-mk01,False,False,0,0
1716,460,__pr_graph_lp_or_cost_row__: item: small-electric-pole,,,True,node-cost:item: small-electric-pole,False,False,0,0
1717,462,__pr_graph_lp_or_cost_row__: item: small-parts-01,,,True,node-cost:item: small-parts-01,False,False,0,0
1718,463,__pr_graph_lp_or_cost_row__: item: smelter-mk01,,,True,node-cost:item: smelter-mk01,False,False,0,0
1719,464,__pr_graph_lp_or_cost_row__: item: sodium-alginate,,,True,node-cost:item: sodium-alginate,False,False,0,0
1720,465,__pr_graph_lp_or_cost_row__: item: sodium-hydroxide,,,True,node-cost:item: sodium-hydroxide,False,False,0,0
1721,466,__pr_graph_lp_or_cost_row__: item: soil,,,True,node-cost:item: soil,False,False,0,0
1722,467,__pr_graph_lp_or_cost_row__: item: soil-extractor-mk01,,,True,node-cost:item: soil-extractor-mk01,False,False,0,0
1723,468,__pr_graph_lp_or_cost_row__: item: solder,,,True,node-cost:item: solder,False,False,0,0
1724,469,__pr_graph_lp_or_cost_row__: item: solid-separator,,,True,node-cost:item: solid-separator,False,False,0,0
1725,470,__pr_graph_lp_or_cost_row__: item: soot,,,True,node-cost:item: soot,False,False,0,0
1726,472,__pr_graph_lp_or_cost_row__: item: steam-engine,,,True,node-cost:item: steam-engine,False,False,0,0
1727,474,__pr_graph_lp_or_cost_row__: item: steel-plate,,,True,node-cost:item: steel-plate,False,False,0,0
1728,475,__pr_graph_lp_or_cost_row__: item: stone,,,True,node-cost:item: stone,False,False,0,0
1729,476,__pr_graph_lp_or_cost_row__: item: stone-brick,,,True,node-cost:item: stone-brick,False,False,0,0
1730,477,__pr_graph_lp_or_cost_row__: item: stone-furnace,,,True,node-cost:item: stone-furnace,False,False,0,0
1731,478,__pr_graph_lp_or_cost_row__: item: stone-wall,,,True,node-cost:item: stone-wall,False,False,0,0
1732,479,__pr_graph_lp_or_cost_row__: item: stopper,,,True,node-cost:item: stopper,False,False,0,0
1733,480,__pr_graph_lp_or_cost_row__: item: storage-tank,,,True,node-cost:item: storage-tank,False,False,0,0
1734,481,__pr_graph_lp_or_cost_row__: item: submachine-gun,,,True,node-cost:item: submachine-gun,False,False,0,0
1735,483,__pr_graph_lp_or_cost_row__: item: syngas-barrel,,,True,node-cost:item: syngas-barrel,False,False,0,0
1736,484,__pr_graph_lp_or_cost_row__: item: syngas-canister,,,True,node-cost:item: syngas-canister,False,False,0,0
1737,485,__pr_graph_lp_or_cost_row__: item: tailings-barrel,,,True,node-cost:item: tailings-barrel,False,False,0,0
1738,487,__pr_graph_lp_or_cost_row__: item: tailings-pond,,,True,node-cost:item: tailings-pond,False,False,0,0
1739,488,__pr_graph_lp_or_cost_row__: item: tar-barrel,,,True,node-cost:item: tar-barrel,False,False,0,0
1740,489,__pr_graph_lp_or_cost_row__: item: tar-canister,,,True,node-cost:item: tar-canister,False,False,0,0
1741,490,__pr_graph_lp_or_cost_row__: item: tar-processing-unit,,,True,node-cost:item: tar-processing-unit,False,False,0,0
1742,491,__pr_graph_lp_or_cost_row__: item: tin-plate,,,True,node-cost:item: tin-plate,False,False,0,0
1743,492,__pr_graph_lp_or_cost_row__: item: tinned-cable,,,True,node-cost:item: tinned-cable,False,False,0,0
1744,493,__pr_graph_lp_or_cost_row__: item: titanium-plate,,,True,node-cost:item: titanium-plate,False,False,0,0
1745,494,__pr_graph_lp_or_cost_row__: item: transport-belt,,,True,node-cost:item: transport-belt,False,False,0,0
1746,496,__pr_graph_lp_or_cost_row__: item: tree-mk01,,,True,node-cost:item: tree-mk01,False,False,0,0
1747,497,__pr_graph_lp_or_cost_row__: item: underground-belt,,,True,node-cost:item: underground-belt,False,False,0,0
1748,499,__pr_graph_lp_or_cost_row__: item: vacuum-pump-mk01,,,True,node-cost:item: vacuum-pump-mk01,False,False,0,0
1749,500,__pr_graph_lp_or_cost_row__: item: vacuum-tube,,,True,node-cost:item: vacuum-tube,False,False,0,0
1750,501,__pr_graph_lp_or_cost_row__: item: vrauks,,,True,node-cost:item: vrauks,False,False,0,0
1751,502,__pr_graph_lp_or_cost_row__: item: vrauks-codex,,,True,node-cost:item: vrauks-codex,False,False,0,0
1752,503,__pr_graph_lp_or_cost_row__: item: vrauks-paddock-mk01,,,True,node-cost:item: vrauks-paddock-mk01,False,False,0,0
1753,505,__pr_graph_lp_or_cost_row__: item: water-barrel,,,True,node-cost:item: water-barrel,False,False,0,0
1754,506,__pr_graph_lp_or_cost_row__: item: water-saline-barrel,,,True,node-cost:item: water-saline-barrel,False,False,0,0
1755,507,__pr_graph_lp_or_cost_row__: item: wood,,,True,node-cost:item: wood,False,False,0,0
1756,508,__pr_graph_lp_or_cost_row__: item: wood-seedling,,,True,node-cost:item: wood-seedling,False,False,0,0
1757,509,__pr_graph_lp_or_cost_row__: item: wood-seeds,,,True,node-cost:item: wood-seeds,False,False,0,0
1758,511,__pr_graph_lp_or_cost_row__: item: wpu-mk01,,,True,node-cost:item: wpu-mk01,False,False,0,0
1759,512,__pr_graph_lp_or_cost_row__: item: zinc-plate,,,True,node-cost:item: zinc-plate,False,False,0,0
1760,513,__pr_graph_lp_or_to_or_and__: 1000:item: retorter --> entity-build-item: retorter,,,True,item: retorter --> entity-build-item: retorter,False,False,0,0
1761,515,__pr_graph_lp_or_to_or_and__: 1007:item: moss --> entity-operate-py-module: moss-farm-mk01,,,True,item: moss --> entity-operate-py-module: moss-farm-mk01,False,False,0,0
1762,526,__pr_graph_lp_or_to_or_and__: 1030:item: incubator-mk01 --> entity-build-item: incubator-mk01,,,True,item: incubator-mk01 --> entity-build-item: incubator-mk01,False,False,0,0
1763,527,__pr_graph_lp_or_to_or_and__: 1034:item: creature-chamber-mk01 --> entity-build-item: creature-chamber-mk01,,,True,item: creature-chamber-mk01 --> entity-build-item: creature-chamber-mk01,False,False,0,0
1764,528,__pr_graph_lp_or_to_or_and__: 1038:item: vrauks-paddock-mk01 --> entity-build-item: vrauks-paddock-mk01,,,True,item: vrauks-paddock-mk01 --> entity-build-item: vrauks-paddock-mk01,False,False,0,0
1765,539,__pr_graph_lp_or_to_or_and__: 1059:item: sap-extractor-mk01 --> entity-build-item: sap-extractor-mk01,,,True,item: sap-extractor-mk01 --> entity-build-item: sap-extractor-mk01,False,False,0,0
1766,540,__pr_graph_lp_or_to_or_and__: 1062:item: sap-tree --> entity-operate-py-module: sap-extractor-mk01,,,True,item: sap-tree --> entity-operate-py-module: sap-extractor-mk01,False,False,0,0
1767,544,__pr_graph_lp_or_to_or_and__: 1068:item: research-center-mk01 --> entity-build-item: research-center-mk01,,,True,item: research-center-mk01 --> entity-build-item: research-center-mk01,False,False,0,0
1768,545,__pr_graph_lp_or_to_or_and__: 1072:item: rc-mk01 --> entity-build-item: rc-mk01,,,True,item: rc-mk01 --> entity-build-item: rc-mk01,False,False,0,0
1769,547,__pr_graph_lp_or_to_or_and__: 1079:item: seaweed --> entity-operate-py-module: seaweed-crop-mk01,,,True,item: seaweed --> entity-operate-py-module: seaweed-crop-mk01,False,False,0,0
1770,552,__pr_graph_lp_or_to_or_and__: 1085:item: moondrop --> entity-operate-py-module: moondrop-greenhouse-mk03,,,True,item: moondrop --> entity-operate-py-module: moondrop-greenhouse-mk03,False,False,0,0
1771,553,__pr_graph_lp_or_to_or_and__: 1086:item: moondrop --> entity-operate-py-module: moondrop-greenhouse-mk04,,,True,item: moondrop --> entity-operate-py-module: moondrop-greenhouse-mk04,False,False,0,0
1772,554,__pr_graph_lp_or_to_or_and__: 1088:item: boiler --> entity-build-item: boiler,,,True,item: boiler --> entity-build-item: boiler,False,False,0,0
1773,555,__pr_graph_lp_or_to_or_and__: 1092:fluid: water --> entity-operate-fluid: boiler,,,True,fluid: water --> entity-operate-fluid: boiler,False,False,0,0
1774,558,__pr_graph_lp_or_to_or_and__: 1097:item: car --> entity-build-item: car,,,True,item: car --> entity-build-item: car,False,False,0,0
1775,559,__pr_graph_lp_or_to_or_and__: 1103:item: wooden-chest --> entity-build-item: wooden-chest,,,True,item: wooden-chest --> entity-build-item: wooden-chest,False,False,0,0
1776,561,__pr_graph_lp_or_to_or_and__: 1111:item: steel-chest --> entity-build-item: steel-chest,,,True,item: steel-chest --> entity-build-item: steel-chest,False,False,0,0
1777,562,__pr_graph_lp_or_to_or_and__: 1115:item: outpost --> entity-build-item: outpost,,,True,item: outpost --> entity-build-item: outpost,False,False,0,0
1778,565,__pr_graph_lp_or_to_or_and__: 1134:item: barrel-machine-mk01 --> entity-build-item: barrel-machine-mk01,,,True,item: barrel-machine-mk01 --> entity-build-item: barrel-machine-mk01,False,False,0,0
1779,566,__pr_graph_lp_or_to_or_and__: 1138:item: py-sinkhole --> entity-build-item: py-sinkhole,,,True,item: py-sinkhole --> entity-build-item: py-sinkhole,False,False,0,0
1780,567,__pr_graph_lp_or_to_or_and__: 1142:item: py-gas-vent --> entity-build-item: py-gas-vent,,,True,item: py-gas-vent --> entity-build-item: py-gas-vent,False,False,0,0
1781,572,__pr_graph_lp_or_to_or_and__: 1157:item: inserter --> entity-build-item: inserter,,,True,item: inserter --> entity-build-item: inserter,False,False,0,0
1782,574,__pr_graph_lp_or_to_or_and__: 1165:item: lab --> entity-build-item: lab,,,True,item: lab --> entity-build-item: lab,False,False,0,0
1783,577,__pr_graph_lp_or_to_or_and__: 1178:item: borax-mine --> entity-build-item: borax-mine,,,True,item: borax-mine --> entity-build-item: borax-mine,False,False,0,0
1784,578,__pr_graph_lp_or_to_or_and__: 1182:item: flora-collector-mk01 --> entity-build-item: flora-collector-mk01,,,True,item: flora-collector-mk01 --> entity-build-item: flora-collector-mk01,False,False,0,0
1785,582,__pr_graph_lp_or_to_or_and__: 1199:item: pipe-to-ground --> entity-build-item: pipe-to-ground,,,True,item: pipe-to-ground --> entity-build-item: pipe-to-ground,False,False,0,0
1786,584,__pr_graph_lp_or_to_or_and__: 1207:item: radar --> entity-build-item: radar,,,True,item: radar --> entity-build-item: radar,False,False,0,0
1787,590,__pr_graph_lp_or_to_or_and__: 1360:item: py-tank-1000 --> entity-build-item: py-tank-1000,,,True,item: py-tank-1000 --> entity-build-item: py-tank-1000,False,False,0,0
1788,591,__pr_graph_lp_or_to_or_and__: 1364:item: py-tank-1500 --> entity-build-item: py-tank-1500,,,True,item: py-tank-1500 --> entity-build-item: py-tank-1500,False,False,0,0
1789,594,__pr_graph_lp_or_to_or_and__: 1376:item: py-tank-5000 --> entity-build-item: py-tank-5000,,,True,item: py-tank-5000 --> entity-build-item: py-tank-5000,False,False,0,0
1790,596,__pr_graph_lp_or_to_or_and__: 1384:item: py-tank-6500 --> entity-build-item: py-tank-6500,,,True,item: py-tank-6500 --> entity-build-item: py-tank-6500,False,False,0,0
1791,598,__pr_graph_lp_or_to_or_and__: 1392:item: py-check-valve --> entity-build-item: py-check-valve,,,True,item: py-check-valve --> entity-build-item: py-check-valve,False,False,0,0
1792,603,__pr_graph_lp_or_to_or_and__: 1480:item: underground-belt --> entity-build-item: underground-belt,,,True,item: underground-belt --> entity-build-item: underground-belt,False,False,0,0
1793,605,__pr_graph_lp_or_to_or_and__: 1488:item: fluidavan --> entity-build-item: fluidavan,,,True,item: fluidavan --> entity-build-item: fluidavan,False,False,0,0
1794,607,__pr_graph_lp_or_to_or_and__: 1500:item: py-underflow-valve --> entity-build-item: py-underflow-valve,,,True,item: py-underflow-valve --> entity-build-item: py-underflow-valve,False,False,0,0
1795,609,__pr_graph_lp_or_to_or_and__: 1508:item: poorman-wood-fence --> entity-build-item: poorman-wood-fence,,,True,item: poorman-wood-fence --> entity-build-item: poorman-wood-fence,False,False,0,0
1796,611,__pr_graph_lp_or_to_or_and__: 1513:fluid-craft-temperature: water: 15 --> fluid-craft-temperature: water,,,True,fluid-craft-temperature: water: 15 --> fluid-craft-temperature: water,False,False,0,0
1797,612,__pr_graph_lp_or_to_or_and__: 1514:fluid-craft-temperature: water: 15 --> fluid-create-temperature: water: 15,,,True,fluid-craft-temperature: water: 15 --> fluid-create-temperature: water: 15,False,False,0,0
1798,613,__pr_graph_lp_or_to_or_and__: 1515:fluid-create-offshore-temperature: water: 15 --> fluid-create-temperature: water: 15,,,True,fluid-create-offshore-temperature: water: 15 --> fluid-create-temperature: water: 15,False,False,0,0
1799,614,__pr_graph_lp_or_to_or_and__: 1520:fluid-create-temperature: steam: 250 --> fluid-create: steam,,,True,fluid-create-temperature: steam: 250 --> fluid-create: steam,False,False,0,0
1800,615,__pr_graph_lp_or_to_or_and__: 1522:fluid-create-temperature: heavy-oil: 25 --> fluid-create: heavy-oil,,,True,fluid-create-temperature: heavy-oil: 25 --> fluid-create: heavy-oil,False,False,0,0
1801,618,__pr_graph_lp_or_to_or_and__: 1529:fluid-create-temperature: light-oil: 25 --> fluid-create: light-oil,,,True,fluid-create-temperature: light-oil: 25 --> fluid-create: light-oil,False,False,0,0
1802,619,__pr_graph_lp_or_to_or_and__: 1530:fluid-craft-temperature: light-oil: 25 --> fluid-craft-temperature: light-oil,,,True,fluid-craft-temperature: light-oil: 25 --> fluid-craft-temperature: light-oil,False,False,0,0
1803,621,__pr_graph_lp_or_to_or_and__: 1538:fluid-create-temperature: acidgas: 15 --> fluid-create: acidgas,,,True,fluid-create-temperature: acidgas: 15 --> fluid-create: acidgas,False,False,0,0
1804,624,__pr_graph_lp_or_to_or_and__: 1544:fluid-create-temperature: carbon-dioxide: 15 --> fluid-create: carbon-dioxide,,,True,fluid-create-temperature: carbon-dioxide: 15 --> fluid-create: carbon-dioxide,False,False,0,0
1805,625,__pr_graph_lp_or_to_or_and__: 1545:fluid-craft-temperature: carbon-dioxide: 15 --> fluid-craft-temperature: carbon-dioxide,,,True,fluid-craft-temperature: carbon-dioxide: 15 --> fluid-craft-temperature: carbon-dioxide,False,False,0,0
1806,626,__pr_graph_lp_or_to_or_and__: 1546:fluid-craft-temperature: carbon-dioxide: 15 --> fluid-create-temperature: carbon-dioxide: 15,,,True,fluid-craft-temperature: carbon-dioxide: 15 --> fluid-create-temperature: carbon-dioxide: 15,False,False,0,0
1807,627,__pr_graph_lp_or_to_or_and__: 1552:fluid-create-temperature: coal-gas: 15 --> fluid-create: coal-gas,,,True,fluid-create-temperature: coal-gas: 15 --> fluid-create: coal-gas,False,False,0,0
1808,628,__pr_graph_lp_or_to_or_and__: 1553:fluid-craft-temperature: coal-gas: 15 --> fluid-craft-temperature: coal-gas,,,True,fluid-craft-temperature: coal-gas: 15 --> fluid-craft-temperature: coal-gas,False,False,0,0
1809,630,__pr_graph_lp_or_to_or_and__: 1563:fluid-create-temperature: creosote: 10 --> fluid-create: creosote,,,True,fluid-create-temperature: creosote: 10 --> fluid-create: creosote,False,False,0,0
1810,631,__pr_graph_lp_or_to_or_and__: 1564:fluid-craft-temperature: creosote: 10 --> fluid-craft-temperature: creosote,,,True,fluid-craft-temperature: creosote: 10 --> fluid-craft-temperature: creosote,False,False,0,0
1811,632,__pr_graph_lp_or_to_or_and__: 1565:fluid-craft-temperature: creosote: 10 --> fluid-create-temperature: creosote: 10,,,True,fluid-craft-temperature: creosote: 10 --> fluid-create-temperature: creosote: 10,False,False,0,0
1812,633,__pr_graph_lp_or_to_or_and__: 1572:fluid-create-temperature: syngas: 15 --> fluid-create: syngas,,,True,fluid-create-temperature: syngas: 15 --> fluid-create: syngas,False,False,0,0
1813,634,__pr_graph_lp_or_to_or_and__: 1573:fluid-craft-temperature: syngas: 15 --> fluid-craft-temperature: syngas,,,True,fluid-craft-temperature: syngas: 15 --> fluid-craft-temperature: syngas,False,False,0,0
1814,636,__pr_graph_lp_or_to_or_and__: 1579:fluid-create-temperature: tar: 10 --> fluid-create: tar,,,True,fluid-create-temperature: tar: 10 --> fluid-create: tar,False,False,0,0
1815,637,__pr_graph_lp_or_to_or_and__: 1580:fluid-craft-temperature: tar: 10 --> fluid-craft-temperature: tar,,,True,fluid-craft-temperature: tar: 10 --> fluid-craft-temperature: tar,False,False,0,0
1816,639,__pr_graph_lp_or_to_or_and__: 1591:fluid-create-temperature: muddy-sludge: 10 --> fluid-create: muddy-sludge,,,True,fluid-create-temperature: muddy-sludge: 10 --> fluid-create: muddy-sludge,False,False,0,0
1817,640,__pr_graph_lp_or_to_or_and__: 1592:fluid-craft-temperature: muddy-sludge: 10 --> fluid-craft-temperature: muddy-sludge,,,True,fluid-craft-temperature: muddy-sludge: 10 --> fluid-craft-temperature: muddy-sludge,False,False,0,0
1818,641,__pr_graph_lp_or_to_or_and__: 1593:fluid-craft-temperature: muddy-sludge: 10 --> fluid-create-temperature: muddy-sludge: 10,,,True,fluid-craft-temperature: muddy-sludge: 10 --> fluid-create-temperature: muddy-sludge: 10,False,False,0,0
1819,642,__pr_graph_lp_or_to_or_and__: 1598:fluid-create-temperature: tailings: 10 --> fluid-create: tailings,,,True,fluid-create-temperature: tailings: 10 --> fluid-create: tailings,False,False,0,0
1820,643,__pr_graph_lp_or_to_or_and__: 1599:fluid-craft-temperature: tailings: 10 --> fluid-craft-temperature: tailings,,,True,fluid-craft-temperature: tailings: 10 --> fluid-craft-temperature: tailings,False,False,0,0
1821,644,__pr_graph_lp_or_to_or_and__: 1600:fluid-craft-temperature: tailings: 10 --> fluid-create-temperature: tailings: 10,,,True,fluid-craft-temperature: tailings: 10 --> fluid-create-temperature: tailings: 10,False,False,0,0
1822,645,__pr_graph_lp_or_to_or_and__: 1604:fluid-create-temperature: flue-gas: 15 --> fluid-create: flue-gas,,,True,fluid-create-temperature: flue-gas: 15 --> fluid-create: flue-gas,False,False,0,0
1823,646,__pr_graph_lp_or_to_or_and__: 1605:fluid-craft-temperature: flue-gas: 15 --> fluid-craft-temperature: flue-gas,,,True,fluid-craft-temperature: flue-gas: 15 --> fluid-craft-temperature: flue-gas,False,False,0,0
1824,647,__pr_graph_lp_or_to_or_and__: 1606:fluid-craft-temperature: flue-gas: 15 --> fluid-create-temperature: flue-gas: 15,,,True,fluid-craft-temperature: flue-gas: 15 --> fluid-create-temperature: flue-gas: 15,False,False,0,0
1825,648,__pr_graph_lp_or_to_or_and__: 1611:fluid-create-temperature: water-saline: 25 --> fluid-create: water-saline,,,True,fluid-create-temperature: water-saline: 25 --> fluid-create: water-saline,False,False,0,0
1826,649,__pr_graph_lp_or_to_or_and__: 1612:fluid-craft-temperature: water-saline: 25 --> fluid-craft-temperature: water-saline,,,True,fluid-craft-temperature: water-saline: 25 --> fluid-craft-temperature: water-saline,False,False,0,0
1827,650,__pr_graph_lp_or_to_or_and__: 1613:fluid-craft-temperature: water-saline: 25 --> fluid-create-temperature: water-saline: 25,,,True,fluid-craft-temperature: water-saline: 25 --> fluid-create-temperature: water-saline: 25,False,False,0,0
1828,651,__pr_graph_lp_or_to_or_and__: 1620:fluid-create-temperature: aromatics: 10 --> fluid-create: aromatics,,,True,fluid-create-temperature: aromatics: 10 --> fluid-create: aromatics,False,False,0,0
1829,652,__pr_graph_lp_or_to_or_and__: 1621:fluid-craft-temperature: aromatics: 10 --> fluid-craft-temperature: aromatics,,,True,fluid-craft-temperature: aromatics: 10 --> fluid-craft-temperature: aromatics,False,False,0,0
1830,654,__pr_graph_lp_or_to_or_and__: 1628:fluid-create-temperature: slacked-lime: 10 --> fluid-create: slacked-lime,,,True,fluid-create-temperature: slacked-lime: 10 --> fluid-create: slacked-lime,False,False,0,0
1831,655,__pr_graph_lp_or_to_or_and__: 1629:fluid-craft-temperature: slacked-lime: 10 --> fluid-craft-temperature: slacked-lime,,,True,fluid-craft-temperature: slacked-lime: 10 --> fluid-craft-temperature: slacked-lime,False,False,0,0
1832,656,__pr_graph_lp_or_to_or_and__: 1630:fluid-craft-temperature: slacked-lime: 10 --> fluid-create-temperature: slacked-lime: 10,,,True,fluid-craft-temperature: slacked-lime: 10 --> fluid-create-temperature: slacked-lime: 10,False,False,0,0
1833,657,__pr_graph_lp_or_to_or_and__: 1634:fluid-create-temperature: molten-glass: 10 --> fluid-create: molten-glass,,,True,fluid-create-temperature: molten-glass: 10 --> fluid-create: molten-glass,False,False,0,0
1834,658,__pr_graph_lp_or_to_or_and__: 1635:fluid-craft-temperature: molten-glass: 10 --> fluid-craft-temperature: molten-glass,,,True,fluid-craft-temperature: molten-glass: 10 --> fluid-craft-temperature: molten-glass,False,False,0,0
1835,659,__pr_graph_lp_or_to_or_and__: 1636:fluid-craft-temperature: molten-glass: 10 --> fluid-create-temperature: molten-glass: 10,,,True,fluid-craft-temperature: molten-glass: 10 --> fluid-create-temperature: molten-glass: 10,False,False,0,0
1836,660,__pr_graph_lp_or_to_or_and__: 1641:fluid-create-temperature: vacuum: 15 --> fluid-create: vacuum,,,True,fluid-create-temperature: vacuum: 15 --> fluid-create: vacuum,False,False,0,0
1837,666,__pr_graph_lp_or_to_or_and__: 1653:fluid-create-temperature: pressured-air: 15 --> fluid-create: pressured-air,,,True,fluid-create-temperature: pressured-air: 15 --> fluid-create: pressured-air,False,False,0,0
1838,669,__pr_graph_lp_or_to_or_and__: 1659:fluid-create-temperature: gasoline: 10 --> fluid-create: gasoline,,,True,fluid-create-temperature: gasoline: 10 --> fluid-create: gasoline,False,False,0,0
1839,670,__pr_graph_lp_or_to_or_and__: 1660:fluid-craft-temperature: gasoline: 10 --> fluid-craft-temperature: gasoline,,,True,fluid-craft-temperature: gasoline: 10 --> fluid-craft-temperature: gasoline,False,False,0,0
1840,672,__pr_graph_lp_or_to_or_and__: 1667:fluid-create-temperature: acetylene: 15 --> fluid-create: acetylene,,,True,fluid-create-temperature: acetylene: 15 --> fluid-create: acetylene,False,False,0,0
1841,673,__pr_graph_lp_or_to_or_and__: 1668:fluid-craft-temperature: acetylene: 15 --> fluid-craft-temperature: acetylene,,,True,fluid-craft-temperature: acetylene: 15 --> fluid-craft-temperature: acetylene,False,False,0,0
1842,675,__pr_graph_lp_or_to_or_and__: 1674:fluid-create-temperature: hydrogen: 15 --> fluid-create: hydrogen,,,True,fluid-create-temperature: hydrogen: 15 --> fluid-create: hydrogen,False,False,0,0
1843,676,__pr_graph_lp_or_to_or_and__: 1675:fluid-craft-temperature: hydrogen: 15 --> fluid-craft-temperature: hydrogen,,,True,fluid-craft-temperature: hydrogen: 15 --> fluid-craft-temperature: hydrogen,False,False,0,0
1844,677,__pr_graph_lp_or_to_or_and__: 1676:fluid-craft-temperature: hydrogen: 15 --> fluid-create-temperature: hydrogen: 15,,,True,fluid-craft-temperature: hydrogen: 15 --> fluid-create-temperature: hydrogen: 15,False,False,0,0
1845,678,__pr_graph_lp_or_to_or_and__: 1682:fluid-create-temperature: chlorine: 15 --> fluid-create: chlorine,,,True,fluid-create-temperature: chlorine: 15 --> fluid-create: chlorine,False,False,0,0
1846,682,__pr_graph_lp_or_to_or_and__: 1689:fluid-craft-temperature: oxygen: 15 --> fluid-craft-temperature: oxygen,,,True,fluid-craft-temperature: oxygen: 15 --> fluid-craft-temperature: oxygen,False,False,0,0
1847,683,__pr_graph_lp_or_to_or_and__: 1690:fluid-craft-temperature: oxygen: 15 --> fluid-create-temperature: oxygen: 15,,,True,fluid-craft-temperature: oxygen: 15 --> fluid-create-temperature: oxygen: 15,False,False,0,0
1848,684,__pr_graph_lp_or_to_or_and__: 1695:fluid-create-temperature: kerosene: 10 --> fluid-create: kerosene,,,True,fluid-create-temperature: kerosene: 10 --> fluid-create: kerosene,False,False,0,0
1849,687,__pr_graph_lp_or_to_or_and__: 1702:fluid-create-temperature: methane: 15 --> fluid-create: methane,,,True,fluid-create-temperature: methane: 15 --> fluid-create: methane,False,False,0,0
1850,688,__pr_graph_lp_or_to_or_and__: 1703:fluid-craft-temperature: methane: 15 --> fluid-craft-temperature: methane,,,True,fluid-craft-temperature: methane: 15 --> fluid-craft-temperature: methane,False,False,0,0
1851,690,__pr_graph_lp_or_to_or_and__: 1709:fluid-create-temperature: methanal: 10 --> fluid-create: methanal,,,True,fluid-create-temperature: methanal: 10 --> fluid-create: methanal,False,False,0,0
1852,693,__pr_graph_lp_or_to_or_and__: 1715:fluid-create-temperature: scrude: 10 --> fluid-create: scrude,,,True,fluid-create-temperature: scrude: 10 --> fluid-create: scrude,False,False,0,0
1853,694,__pr_graph_lp_or_to_or_and__: 1716:fluid-craft-temperature: scrude: 10 --> fluid-craft-temperature: scrude,,,True,fluid-craft-temperature: scrude: 10 --> fluid-craft-temperature: scrude,False,False,0,0
1854,696,__pr_graph_lp_or_to_or_and__: 1722:fluid-create-temperature: condensates: 10 --> fluid-create: condensates,,,True,fluid-create-temperature: condensates: 10 --> fluid-create: condensates,False,False,0,0
1855,697,__pr_graph_lp_or_to_or_and__: 1723:fluid-craft-temperature: condensates: 10 --> fluid-craft-temperature: condensates,,,True,fluid-craft-temperature: condensates: 10 --> fluid-craft-temperature: condensates,False,False,0,0
1856,699,__pr_graph_lp_or_to_or_and__: 1729:fluid-create-temperature: anthracene-oil: 10 --> fluid-create: anthracene-oil,,,True,fluid-create-temperature: anthracene-oil: 10 --> fluid-create: anthracene-oil,False,False,0,0
1857,700,__pr_graph_lp_or_to_or_and__: 1730:fluid-craft-temperature: anthracene-oil: 10 --> fluid-craft-temperature: anthracene-oil,,,True,fluid-craft-temperature: anthracene-oil: 10 --> fluid-craft-temperature: anthracene-oil,False,False,0,0
1858,702,__pr_graph_lp_or_to_or_and__: 1737:fluid-create-temperature: carbolic-oil: 10 --> fluid-create: carbolic-oil,,,True,fluid-create-temperature: carbolic-oil: 10 --> fluid-create: carbolic-oil,False,False,0,0
1859,703,__pr_graph_lp_or_to_or_and__: 1738:fluid-craft-temperature: carbolic-oil: 10 --> fluid-craft-temperature: carbolic-oil,,,True,fluid-craft-temperature: carbolic-oil: 10 --> fluid-craft-temperature: carbolic-oil,False,False,0,0
1860,705,__pr_graph_lp_or_to_or_and__: 1746:fluid-create-temperature: naphthalene-oil: 10 --> fluid-create: naphthalene-oil,,,True,fluid-create-temperature: naphthalene-oil: 10 --> fluid-create: naphthalene-oil,False,False,0,0
1861,706,__pr_graph_lp_or_to_or_and__: 1747:fluid-craft-temperature: naphthalene-oil: 10 --> fluid-craft-temperature: naphthalene-oil,,,True,fluid-craft-temperature: naphthalene-oil: 10 --> fluid-craft-temperature: naphthalene-oil,False,False,0,0
1862,708,__pr_graph_lp_or_to_or_and__: 1755:fluid-create-temperature: pitch: 10 --> fluid-create: pitch,,,True,fluid-create-temperature: pitch: 10 --> fluid-create: pitch,False,False,0,0
1863,711,__pr_graph_lp_or_to_or_and__: 1762:fluid-create-temperature: middle-oil: 10 --> fluid-create: middle-oil,,,True,fluid-create-temperature: middle-oil: 10 --> fluid-create: middle-oil,False,False,0,0
1864,715,__pr_graph_lp_or_to_or_and__: 1770:fluid-craft-temperature: creamy-latex: 10 --> fluid-craft-temperature: creamy-latex,,,True,fluid-craft-temperature: creamy-latex: 10 --> fluid-craft-temperature: creamy-latex,False,False,0,0
1865,716,__pr_graph_lp_or_to_or_and__: 1771:fluid-craft-temperature: creamy-latex: 10 --> fluid-create-temperature: creamy-latex: 10,,,True,fluid-craft-temperature: creamy-latex: 10 --> fluid-create-temperature: creamy-latex: 10,False,False,0,0
1866,718,__pr_graph_lp_or_to_or_and__: 1776:fluid-craft-temperature: formic-acid: 15 --> fluid-craft-temperature: formic-acid,,,True,fluid-craft-temperature: formic-acid: 15 --> fluid-craft-temperature: formic-acid,False,False,0,0
1867,719,__pr_graph_lp_or_to_or_and__: 1777:fluid-craft-temperature: formic-acid: 15 --> fluid-create-temperature: formic-acid: 15,,,True,fluid-craft-temperature: formic-acid: 15 --> fluid-create-temperature: formic-acid: 15,False,False,0,0
1868,750,__pr_graph_lp_or_to_or_and__: 1810:item-craft: firearm-magazine --> item: firearm-magazine,,,True,item-craft: firearm-magazine --> item: firearm-magazine,False,False,0,0
1869,751,__pr_graph_lp_or_to_or_and__: 1813:item-craft: shotgun-shell --> item: shotgun-shell,,,True,item-craft: shotgun-shell --> item: shotgun-shell,False,False,0,0
1870,752,__pr_graph_lp_or_to_or_and__: 1816:item-craft: light-armor --> item: light-armor,,,True,item-craft: light-armor --> item: light-armor,False,False,0,0
1871,753,__pr_graph_lp_or_to_or_and__: 1818:item-craft: dried-meat --> item: dried-meat,,,True,item-craft: dried-meat --> item: dried-meat,False,False,0,0
1872,756,__pr_graph_lp_or_to_or_and__: 1826:item-craft: stone-brick --> item: stone-brick,,,True,item-craft: stone-brick --> item: stone-brick,False,False,0,0
1873,757,__pr_graph_lp_or_to_or_and__: 1830:item-craft: wood --> item: wood,,,True,item-craft: wood --> item: wood,False,False,0,0
1874,758,__pr_graph_lp_or_to_or_and__: 1832:item-craft: coal --> item: coal,,,True,item-craft: coal --> item: coal,False,False,0,0
1875,759,__pr_graph_lp_or_to_or_and__: 1837:item-craft: stone --> item: stone,,,True,item-craft: stone --> item: stone,False,False,0,0
1876,760,__pr_graph_lp_or_to_or_and__: 1845:item-craft: iron-ore --> item: iron-ore,,,True,item-craft: iron-ore --> item: iron-ore,False,False,0,0
1877,762,__pr_graph_lp_or_to_or_and__: 1851:item-craft: iron-plate --> item: iron-plate,,,True,item-craft: iron-plate --> item: iron-plate,False,False,0,0
1878,763,__pr_graph_lp_or_to_or_and__: 1855:item-craft: copper-plate --> item: copper-plate,,,True,item-craft: copper-plate --> item: copper-plate,False,False,0,0
1879,764,__pr_graph_lp_or_to_or_and__: 1858:item-craft: copper-cable --> item: copper-cable,,,True,item-craft: copper-cable --> item: copper-cable,False,False,0,0
1880,765,__pr_graph_lp_or_to_or_and__: 1860:item-craft: iron-stick --> item: iron-stick,,,True,item-craft: iron-stick --> item: iron-stick,False,False,0,0
1881,766,__pr_graph_lp_or_to_or_and__: 1862:item-craft: iron-gear-wheel --> item: iron-gear-wheel,,,True,item-craft: iron-gear-wheel --> item: iron-gear-wheel,False,False,0,0
1882,767,__pr_graph_lp_or_to_or_and__: 1864:item-craft: electronic-circuit --> item: electronic-circuit,,,True,item-craft: electronic-circuit --> item: electronic-circuit,False,False,0,0
1883,768,__pr_graph_lp_or_to_or_and__: 1866:item-craft: wooden-chest --> item: wooden-chest,,,True,item-craft: wooden-chest --> item: wooden-chest,False,False,0,0
1884,769,__pr_graph_lp_or_to_or_and__: 1869:item-craft: stone-furnace --> item: stone-furnace,,,True,item-craft: stone-furnace --> item: stone-furnace,False,False,0,0
1885,770,__pr_graph_lp_or_to_or_and__: 1872:item-craft: burner-mining-drill --> item: burner-mining-drill,,,True,item-craft: burner-mining-drill --> item: burner-mining-drill,False,False,0,0
1886,773,__pr_graph_lp_or_to_or_and__: 1881:item-craft: offshore-pump --> item: offshore-pump,,,True,item-craft: offshore-pump --> item: offshore-pump,False,False,0,0
1887,774,__pr_graph_lp_or_to_or_and__: 1884:item-craft: pipe --> item: pipe,,,True,item-craft: pipe --> item: pipe,False,False,0,0
1888,776,__pr_graph_lp_or_to_or_and__: 1890:item-craft: steam-engine --> item: steam-engine,,,True,item-craft: steam-engine --> item: steam-engine,False,False,0,0
1889,778,__pr_graph_lp_or_to_or_and__: 1897:item-craft: radar --> item: radar,,,True,item-craft: radar --> item: radar,False,False,0,0
1890,779,__pr_graph_lp_or_to_or_and__: 1900:item-craft: small-lamp --> item: small-lamp,,,True,item-craft: small-lamp --> item: small-lamp,False,False,0,0
1891,781,__pr_graph_lp_or_to_or_and__: 1906:item-craft: assembling-machine-1 --> item: assembling-machine-1,,,True,item-craft: assembling-machine-1 --> item: assembling-machine-1,False,False,0,0
1892,782,__pr_graph_lp_or_to_or_and__: 1909:item-craft: stone-wall --> item: stone-wall,,,True,item-craft: stone-wall --> item: stone-wall,False,False,0,0
1893,783,__pr_graph_lp_or_to_or_and__: 1912:item-craft: lab --> item: lab,,,True,item-craft: lab --> item: lab,False,False,0,0
1894,785,__pr_graph_lp_or_to_or_and__: 1917:item-craft: steel-plate --> item: steel-plate,,,True,item-craft: steel-plate --> item: steel-plate,False,False,0,0
1895,786,__pr_graph_lp_or_to_or_and__: 1920:item-craft: engine-unit --> item: engine-unit,,,True,item-craft: engine-unit --> item: engine-unit,False,False,0,0
1896,787,__pr_graph_lp_or_to_or_and__: 1922:item-craft: iron-chest --> item: iron-chest,,,True,item-craft: iron-chest --> item: iron-chest,False,False,0,0
1897,788,__pr_graph_lp_or_to_or_and__: 1925:item-craft: gate --> item: gate,,,True,item-craft: gate --> item: gate,False,False,0,0
1898,789,__pr_graph_lp_or_to_or_and__: 1928:item-craft: steel-chest --> item: steel-chest,,,True,item-craft: steel-chest --> item: steel-chest,False,False,0,0
1899,790,__pr_graph_lp_or_to_or_and__: 1931:item-craft: concrete --> item: concrete,,,True,item-craft: concrete --> item: concrete,False,False,0,0
1900,791,__pr_graph_lp_or_to_or_and__: 1933:item-craft: refined-concrete --> item: refined-concrete,,,True,item-craft: refined-concrete --> item: refined-concrete,False,False,0,0
1901,792,__pr_graph_lp_or_to_or_and__: 1935:item-craft: hazard-concrete --> item: hazard-concrete,,,True,item-craft: hazard-concrete --> item: hazard-concrete,False,False,0,0
1902,793,__pr_graph_lp_or_to_or_and__: 1937:item-craft: refined-hazard-concrete --> item: refined-hazard-concrete,,,True,item-craft: refined-hazard-concrete --> item: refined-hazard-concrete,False,False,0,0
1903,794,__pr_graph_lp_or_to_or_and__: 1939:item-craft: landfill --> item: landfill,,,True,item-craft: landfill --> item: landfill,False,False,0,0
1904,795,__pr_graph_lp_or_to_or_and__: 1941:item-craft: transport-belt --> item: transport-belt,,,True,item-craft: transport-belt --> item: transport-belt,False,False,0,0
1905,796,__pr_graph_lp_or_to_or_and__: 1944:item-craft: underground-belt --> item: underground-belt,,,True,item-craft: underground-belt --> item: underground-belt,False,False,0,0
1906,797,__pr_graph_lp_or_to_or_and__: 1947:item-craft: splitter --> item: splitter,,,True,item-craft: splitter --> item: splitter,False,False,0,0
1907,798,__pr_graph_lp_or_to_or_and__: 1950:item-craft: storage-tank --> item: storage-tank,,,True,item-craft: storage-tank --> item: storage-tank,False,False,0,0
1908,799,__pr_graph_lp_or_to_or_and__: 1953:item-craft: pump --> item: pump,,,True,item-craft: pump --> item: pump,False,False,0,0
1909,800,__pr_graph_lp_or_to_or_and__: 1956:item-craft: sulfur --> item: sulfur,,,True,item-craft: sulfur --> item: sulfur,False,False,0,0
1910,803,__pr_graph_lp_or_to_or_and__: 2000:item-craft: gun-turret --> item: gun-turret,,,True,item-craft: gun-turret --> item: gun-turret,False,False,0,0
1911,804,__pr_graph_lp_or_to_or_and__: 2003:item-craft: ash --> item: ash,,,True,item-craft: ash --> item: ash,False,False,0,0
1912,805,__pr_graph_lp_or_to_or_and__: 2009:item-craft: gravel --> item: gravel,,,True,item-craft: gravel --> item: gravel,False,False,0,0
1913,806,__pr_graph_lp_or_to_or_and__: 2012:item-craft: coke --> item: coke,,,True,item-craft: coke --> item: coke,False,False,0,0
1914,807,__pr_graph_lp_or_to_or_and__: 2018:item-craft: iron-oxide --> item: iron-oxide,,,True,item-craft: iron-oxide --> item: iron-oxide,False,False,0,0
1915,808,__pr_graph_lp_or_to_or_and__: 2024:item-craft: tailings-dust --> item: tailings-dust,,,True,item-craft: tailings-dust --> item: tailings-dust,False,False,0,0
1916,809,__pr_graph_lp_or_to_or_and__: 2026:item-craft: soil --> item: soil,,,True,item-craft: soil --> item: soil,False,False,0,0
1917,810,__pr_graph_lp_or_to_or_and__: 2029:item-craft: sand --> item: sand,,,True,item-craft: sand --> item: sand,False,False,0,0
1918,811,__pr_graph_lp_or_to_or_and__: 2032:item-craft: limestone --> item: limestone,,,True,item-craft: limestone --> item: limestone,False,False,0,0
1919,812,__pr_graph_lp_or_to_or_and__: 2034:item-craft: coal-dust --> item: coal-dust,,,True,item-craft: coal-dust --> item: coal-dust,False,False,0,0
1920,813,__pr_graph_lp_or_to_or_and__: 2039:item-craft: lime --> item: lime,,,True,item-craft: lime --> item: lime,False,False,0,0
1921,814,__pr_graph_lp_or_to_or_and__: 2042:item-craft: fawogae-substrate --> item: fawogae-substrate,,,True,item-craft: fawogae-substrate --> item: fawogae-substrate,False,False,0,0
1922,815,__pr_graph_lp_or_to_or_and__: 2044:item-craft: flask --> item: flask,,,True,item-craft: flask --> item: flask,False,False,0,0
1923,816,__pr_graph_lp_or_to_or_and__: 2047:item-craft: rich-clay --> item: rich-clay,,,True,item-craft: rich-clay --> item: rich-clay,False,False,0,0
1924,817,__pr_graph_lp_or_to_or_and__: 2050:item-craft: log --> item: log,,,True,item-craft: log --> item: log,False,False,0,0
1925,818,__pr_graph_lp_or_to_or_and__: 2074:item-craft: treated-wood --> item: treated-wood,,,True,item-craft: treated-wood --> item: treated-wood,False,False,0,0
1926,821,__pr_graph_lp_or_to_or_and__: 2099:item-craft: distilator --> item: distilator,,,True,item-craft: distilator --> item: distilator,False,False,0,0
1927,824,__pr_graph_lp_or_to_or_and__: 2108:item-craft: tailings-pond --> item: tailings-pond,,,True,item-craft: tailings-pond --> item: tailings-pond,False,False,0,0
1928,825,__pr_graph_lp_or_to_or_and__: 2111:item-craft: quenching-tower --> item: quenching-tower,,,True,item-craft: quenching-tower --> item: quenching-tower,False,False,0,0
1929,827,__pr_graph_lp_or_to_or_and__: 2117:item-craft: evaporator --> item: evaporator,,,True,item-craft: evaporator --> item: evaporator,False,False,0,0
1930,831,__pr_graph_lp_or_to_or_and__: 2129:item-craft: washer --> item: washer,,,True,item-craft: washer --> item: washer,False,False,0,0
1931,833,__pr_graph_lp_or_to_or_and__: 2135:item-craft: borax-mine --> item: borax-mine,,,True,item-craft: borax-mine --> item: borax-mine,False,False,0,0
1932,835,__pr_graph_lp_or_to_or_and__: 2141:item-craft: botanical-nursery --> item: botanical-nursery,,,True,item-craft: botanical-nursery --> item: botanical-nursery,False,False,0,0
1933,836,__pr_graph_lp_or_to_or_and__: 2144:item-craft: wpu-mk01 --> item: wpu-mk01,,,True,item-craft: wpu-mk01 --> item: wpu-mk01,False,False,0,0
1934,837,__pr_graph_lp_or_to_or_and__: 2147:item-craft: glassworks-mk01 --> item: glassworks-mk01,,,True,item-craft: glassworks-mk01 --> item: glassworks-mk01,False,False,0,0
1935,838,__pr_graph_lp_or_to_or_and__: 2150:item-craft: calcium-carbide --> item: calcium-carbide,,,True,item-craft: calcium-carbide --> item: calcium-carbide,False,False,0,0
1936,841,__pr_graph_lp_or_to_or_and__: 2158:item-craft: genlab-mk01 --> item: genlab-mk01,,,True,item-craft: genlab-mk01 --> item: genlab-mk01,False,False,0,0
1937,842,__pr_graph_lp_or_to_or_and__: 2161:item-craft: poorman-wood-fence --> item: poorman-wood-fence,,,True,item-craft: poorman-wood-fence --> item: poorman-wood-fence,False,False,0,0
1938,843,__pr_graph_lp_or_to_or_and__: 2164:item-craft: py-tank-1000 --> item: py-tank-1000,,,True,item-craft: py-tank-1000 --> item: py-tank-1000,False,False,0,0
1939,844,__pr_graph_lp_or_to_or_and__: 2167:item-craft: py-tank-1500 --> item: py-tank-1500,,,True,item-craft: py-tank-1500 --> item: py-tank-1500,False,False,0,0
1940,846,__pr_graph_lp_or_to_or_and__: 2173:item-craft: py-tank-4000 --> item: py-tank-4000,,,True,item-craft: py-tank-4000 --> item: py-tank-4000,False,False,0,0
1941,847,__pr_graph_lp_or_to_or_and__: 2176:item-craft: py-tank-5000 --> item: py-tank-5000,,,True,item-craft: py-tank-5000 --> item: py-tank-5000,False,False,0,0
1942,849,__pr_graph_lp_or_to_or_and__: 2182:item-craft: py-tank-6500 --> item: py-tank-6500,,,True,item-craft: py-tank-6500 --> item: py-tank-6500,False,False,0,0
1943,851,__pr_graph_lp_or_to_or_and__: 2188:item-craft: py-check-valve --> item: py-check-valve,,,True,item-craft: py-check-valve --> item: py-check-valve,False,False,0,0
1944,852,__pr_graph_lp_or_to_or_and__: 2191:item-craft: py-overflow-valve --> item: py-overflow-valve,,,True,item-craft: py-overflow-valve --> item: py-overflow-valve,False,False,0,0
1945,854,__pr_graph_lp_or_to_or_and__: 2197:item-craft: py-local-radar --> item: py-local-radar,,,True,item-craft: py-local-radar --> item: py-local-radar,False,False,0,0
1946,856,__pr_graph_lp_or_to_or_and__: 2203:item-craft: py-sinkhole --> item: py-sinkhole,,,True,item-craft: py-sinkhole --> item: py-sinkhole,False,False,0,0
1947,857,__pr_graph_lp_or_to_or_and__: 2206:item-craft: py-gas-vent --> item: py-gas-vent,,,True,item-craft: py-gas-vent --> item: py-gas-vent,False,False,0,0
1948,858,__pr_graph_lp_or_to_or_and__: 2210:item-craft: glass --> item: glass,,,True,item-craft: glass --> item: glass,False,False,0,0
1949,859,__pr_graph_lp_or_to_or_and__: 2212:item-craft: ore-aluminium --> item: ore-aluminium,,,True,item-craft: ore-aluminium --> item: ore-aluminium,False,False,0,0
1950,860,__pr_graph_lp_or_to_or_and__: 2215:item-craft: aluminium-plate --> item: aluminium-plate,,,True,item-craft: aluminium-plate --> item: aluminium-plate,False,False,0,0
1951,861,__pr_graph_lp_or_to_or_and__: 2217:item-craft: ore-titanium --> item: ore-titanium,,,True,item-craft: ore-titanium --> item: ore-titanium,False,False,0,0
1952,862,__pr_graph_lp_or_to_or_and__: 2220:item-craft: titanium-plate --> item: titanium-plate,,,True,item-craft: titanium-plate --> item: titanium-plate,False,False,0,0
1953,865,__pr_graph_lp_or_to_or_and__: 2228:item-craft: processed-iron-ore --> item: processed-iron-ore,,,True,item-craft: processed-iron-ore --> item: processed-iron-ore,False,False,0,0
1954,867,__pr_graph_lp_or_to_or_and__: 2237:item-craft: lead-plate --> item: lead-plate,,,True,item-craft: lead-plate --> item: lead-plate,False,False,0,0
1955,869,__pr_graph_lp_or_to_or_and__: 2243:item-craft: tin-plate --> item: tin-plate,,,True,item-craft: tin-plate --> item: tin-plate,False,False,0,0
1956,871,__pr_graph_lp_or_to_or_and__: 2248:item-craft: zinc-plate --> item: zinc-plate,,,True,item-craft: zinc-plate --> item: zinc-plate,False,False,0,0
1957,872,__pr_graph_lp_or_to_or_and__: 2250:item-craft: sodium-hydroxide --> item: sodium-hydroxide,,,True,item-craft: sodium-hydroxide --> item: sodium-hydroxide,False,False,0,0
1958,873,__pr_graph_lp_or_to_or_and__: 2252:item-craft: duralumin --> item: duralumin,,,True,item-craft: duralumin --> item: duralumin,False,False,0,0
1959,874,__pr_graph_lp_or_to_or_and__: 2254:item-craft: tinned-cable --> item: tinned-cable,,,True,item-craft: tinned-cable --> item: tinned-cable,False,False,0,0
1960,876,__pr_graph_lp_or_to_or_and__: 2258:item-craft: smelter-mk01 --> item: smelter-mk01,,,True,item-craft: smelter-mk01 --> item: smelter-mk01,False,False,0,0
1961,877,__pr_graph_lp_or_to_or_and__: 2261:item-craft: electrolyzer-mk01 --> item: electrolyzer-mk01,,,True,item-craft: electrolyzer-mk01 --> item: electrolyzer-mk01,False,False,0,0
1962,878,__pr_graph_lp_or_to_or_and__: 2264:item-craft: clay --> item: clay,,,True,item-craft: clay --> item: clay,False,False,0,0
1963,879,__pr_graph_lp_or_to_or_and__: 2266:item-craft: ceramic --> item: ceramic,,,True,item-craft: ceramic --> item: ceramic,False,False,0,0
1964,880,__pr_graph_lp_or_to_or_and__: 2268:item-craft: inductor1 --> item: inductor1,,,True,item-craft: inductor1 --> item: inductor1,False,False,0,0
1965,881,__pr_graph_lp_or_to_or_and__: 2271:item-craft: capacitor1 --> item: capacitor1,,,True,item-craft: capacitor1 --> item: capacitor1,False,False,0,0
1966,882,__pr_graph_lp_or_to_or_and__: 2273:item-craft: resistor1 --> item: resistor1,,,True,item-craft: resistor1 --> item: resistor1,False,False,0,0
1967,883,__pr_graph_lp_or_to_or_and__: 2275:item-craft: graphite --> item: graphite,,,True,item-craft: graphite --> item: graphite,False,False,0,0
1968,884,__pr_graph_lp_or_to_or_and__: 2277:item-craft: vacuum-tube --> item: vacuum-tube,,,True,item-craft: vacuum-tube --> item: vacuum-tube,False,False,0,0
1969,885,__pr_graph_lp_or_to_or_and__: 2279:item-craft: pcb1 --> item: pcb1,,,True,item-craft: pcb1 --> item: pcb1,False,False,0,0
1970,887,__pr_graph_lp_or_to_or_and__: 2283:item-craft: raw-fiber --> item: raw-fiber,,,True,item-craft: raw-fiber --> item: raw-fiber,False,False,0,0
1971,888,__pr_graph_lp_or_to_or_and__: 2285:item-craft: meat --> item: meat,,,True,item-craft: meat --> item: meat,False,False,0,0
1972,889,__pr_graph_lp_or_to_or_and__: 2287:item-craft: clay-pit-mk01 --> item: clay-pit-mk01,,,True,item-craft: clay-pit-mk01 --> item: clay-pit-mk01,False,False,0,0
1973,890,__pr_graph_lp_or_to_or_and__: 2290:item-craft: moondrop-greenhouse-mk01 --> item: moondrop-greenhouse-mk01,,,True,item-craft: moondrop-greenhouse-mk01 --> item: moondrop-greenhouse-mk01,False,False,0,0
1974,893,__pr_graph_lp_or_to_or_and__: 2299:item-craft: pcb-factory-mk01 --> item: pcb-factory-mk01,,,True,item-craft: pcb-factory-mk01 --> item: pcb-factory-mk01,False,False,0,0
1975,895,__pr_graph_lp_or_to_or_and__: 2305:item-craft: small-parts-01 --> item: small-parts-01,,,True,item-craft: small-parts-01 --> item: small-parts-01,False,False,0,0
1976,896,__pr_graph_lp_or_to_or_and__: 2307:item-craft: bolts --> item: bolts,,,True,item-craft: bolts --> item: bolts,False,False,0,0
1977,897,__pr_graph_lp_or_to_or_and__: 2309:item-craft: soot --> item: soot,,,True,item-craft: soot --> item: soot,False,False,0,0
1978,898,__pr_graph_lp_or_to_or_and__: 2315:item-craft: py-tank-10000 --> item: py-tank-10000,,,True,item-craft: py-tank-10000 --> item: py-tank-10000,False,False,0,0
1979,899,__pr_graph_lp_or_to_or_and__: 2318:item-craft: py-tank-9000 --> item: py-tank-9000,,,True,item-craft: py-tank-9000 --> item: py-tank-9000,False,False,0,0
1980,901,__pr_graph_lp_or_to_or_and__: 2324:item-craft: retorter --> item: retorter,,,True,item-craft: retorter --> item: retorter,False,False,0,0
1981,903,__pr_graph_lp_or_to_or_and__: 2330:item-craft: fwf-mk01 --> item: fwf-mk01,,,True,item-craft: fwf-mk01 --> item: fwf-mk01,False,False,0,0
1982,905,__pr_graph_lp_or_to_or_and__: 2336:item-craft: biofactory-mk01 --> item: biofactory-mk01,,,True,item-craft: biofactory-mk01 --> item: biofactory-mk01,False,False,0,0
1983,906,__pr_graph_lp_or_to_or_and__: 2339:item-craft: incubator-mk01 --> item: incubator-mk01,,,True,item-craft: incubator-mk01 --> item: incubator-mk01,False,False,0,0
1984,907,__pr_graph_lp_or_to_or_and__: 2342:item-craft: creature-chamber-mk01 --> item: creature-chamber-mk01,,,True,item-craft: creature-chamber-mk01 --> item: creature-chamber-mk01,False,False,0,0
1985,908,__pr_graph_lp_or_to_or_and__: 2345:item-craft: vrauks-paddock-mk01 --> item: vrauks-paddock-mk01,,,True,item-craft: vrauks-paddock-mk01 --> item: vrauks-paddock-mk01,False,False,0,0
1986,909,__pr_graph_lp_or_to_or_and__: 2348:item-craft: slaughterhouse-mk01 --> item: slaughterhouse-mk01,,,True,item-craft: slaughterhouse-mk01 --> item: slaughterhouse-mk01,False,False,0,0
1987,910,__pr_graph_lp_or_to_or_and__: 2351:item-craft: data-array --> item: data-array,,,True,item-craft: data-array --> item: data-array,False,False,0,0
1988,911,__pr_graph_lp_or_to_or_and__: 2354:item-craft: sap-extractor-mk01 --> item: sap-extractor-mk01,,,True,item-craft: sap-extractor-mk01 --> item: sap-extractor-mk01,False,False,0,0
1989,912,__pr_graph_lp_or_to_or_and__: 2357:item-craft: flora-collector-mk01 --> item: flora-collector-mk01,,,True,item-craft: flora-collector-mk01 --> item: flora-collector-mk01,False,False,0,0
1990,914,__pr_graph_lp_or_to_or_and__: 2363:item-craft: rc-mk01 --> item: rc-mk01,,,True,item-craft: rc-mk01 --> item: rc-mk01,False,False,0,0
1991,916,__pr_graph_lp_or_to_or_and__: 2369:item-craft: wood-seedling --> item: wood-seedling,,,True,item-craft: wood-seedling --> item: wood-seedling,False,False,0,0
1992,917,__pr_graph_lp_or_to_or_and__: 2371:item-craft: wood-seeds --> item: wood-seeds,,,True,item-craft: wood-seeds --> item: wood-seeds,False,False,0,0
1993,918,__pr_graph_lp_or_to_or_and__: 2373:item-craft: empty-petri-dish --> item: empty-petri-dish,,,True,item-craft: empty-petri-dish --> item: empty-petri-dish,False,False,0,0
1994,919,__pr_graph_lp_or_to_or_and__: 2375:item-craft: petri-dish --> item: petri-dish,,,True,item-craft: petri-dish --> item: petri-dish,False,False,0,0
1995,920,__pr_graph_lp_or_to_or_and__: 2377:item-craft: petri-dish-bacteria --> item: petri-dish-bacteria,,,True,item-craft: petri-dish-bacteria --> item: petri-dish-bacteria,False,False,0,0
1996,921,__pr_graph_lp_or_to_or_and__: 2379:item-craft: agar --> item: agar,,,True,item-craft: agar --> item: agar,False,False,0,0
1997,922,__pr_graph_lp_or_to_or_and__: 2381:item-craft: moss-gen --> item: moss-gen,,,True,item-craft: moss-gen --> item: moss-gen,False,False,0,0
1998,924,__pr_graph_lp_or_to_or_and__: 2385:item-craft: bio-sample --> item: bio-sample,,,True,item-craft: bio-sample --> item: bio-sample,False,False,0,0
1999,926,__pr_graph_lp_or_to_or_and__: 2389:item-craft: cage --> item: cage,,,True,item-craft: cage --> item: cage,False,False,0,0
2000,927,__pr_graph_lp_or_to_or_and__: 2393:item-craft: py-science-pack-1 --> item: py-science-pack-1,,,True,item-craft: py-science-pack-1 --> item: py-science-pack-1,False,False,0,0
2001,928,__pr_graph_lp_or_to_or_and__: 2395:item-craft: guts --> item: guts,,,True,item-craft: guts --> item: guts,False,False,0,0
2002,929,__pr_graph_lp_or_to_or_and__: 2397:item-craft: brain --> item: brain,,,True,item-craft: brain --> item: brain,False,False,0,0
2003,930,__pr_graph_lp_or_to_or_and__: 2399:item-craft: cellulose --> item: cellulose,,,True,item-craft: cellulose --> item: cellulose,False,False,0,0
2004,931,__pr_graph_lp_or_to_or_and__: 2402:item-craft: chitin --> item: chitin,,,True,item-craft: chitin --> item: chitin,False,False,0,0
2005,932,__pr_graph_lp_or_to_or_and__: 2404:item-craft: vrauks-codex --> item: vrauks-codex,,,True,item-craft: vrauks-codex --> item: vrauks-codex,False,False,0,0
2006,933,__pr_graph_lp_or_to_or_and__: 2406:item-craft: earth-generic-sample --> item: earth-generic-sample,,,True,item-craft: earth-generic-sample --> item: earth-generic-sample,False,False,0,0
2007,934,__pr_graph_lp_or_to_or_and__: 2408:item-craft: saps --> item: saps,,,True,item-craft: saps --> item: saps,False,False,0,0
2008,935,__pr_graph_lp_or_to_or_and__: 2425:item-craft: sap-seeds --> item: sap-seeds,,,True,item-craft: sap-seeds --> item: sap-seeds,False,False,0,0
2009,937,__pr_graph_lp_or_to_or_and__: 2429:item-craft: latex-slab --> item: latex-slab,,,True,item-craft: latex-slab --> item: latex-slab,False,False,0,0
2010,938,__pr_graph_lp_or_to_or_and__: 2431:item-craft: latex --> item: latex,,,True,item-craft: latex --> item: latex,False,False,0,0
2011,939,__pr_graph_lp_or_to_or_and__: 2433:item-craft: stopper --> item: stopper,,,True,item-craft: stopper --> item: stopper,False,False,0,0
2012,940,__pr_graph_lp_or_to_or_and__: 2435:item-craft: caged-vrauks --> item: caged-vrauks,,,True,item-craft: caged-vrauks --> item: caged-vrauks,False,False,0,0
2013,942,__pr_graph_lp_or_to_or_and__: 2439:item-craft: planter-box --> item: planter-box,,,True,item-craft: planter-box --> item: planter-box,False,False,0,0
2014,943,__pr_graph_lp_or_to_or_and__: 2442:item-craft: moondrop-codex --> item: moondrop-codex,,,True,item-craft: moondrop-codex --> item: moondrop-codex,False,False,0,0
2015,944,__pr_graph_lp_or_to_or_and__: 2444:item-craft: moondrop-seeds --> item: moondrop-seeds,,,True,item-craft: moondrop-seeds --> item: moondrop-seeds,False,False,0,0
2016,948,__pr_graph_lp_or_to_or_and__: 2455:item-craft: battery-mk00 --> item: battery-mk00,,,True,item-craft: battery-mk00 --> item: battery-mk00,False,False,0,0
2017,950,__pr_graph_lp_or_to_or_and__: 2547:item-craft: car --> item: car,,,True,item-craft: car --> item: car,False,False,0,0
2018,952,__pr_graph_lp_or_to_or_and__: 2553:item-craft: fluidavan --> item: fluidavan,,,True,item-craft: fluidavan --> item: fluidavan,False,False,0,0
2019,953,__pr_graph_lp_or_to_or_and__: 2556:item-craft: tree-mk01 --> item: tree-mk01,,,True,item-craft: tree-mk01 --> item: tree-mk01,False,False,0,0
2020,954,__pr_graph_lp_or_to_or_and__: 2558:item-craft: seaweed --> item: seaweed,,,True,item-craft: seaweed --> item: seaweed,False,False,0,0
2021,955,__pr_graph_lp_or_to_or_and__: 2561:item-craft: moss --> item: moss,,,True,item-craft: moss --> item: moss,False,False,0,0
2022,957,__pr_graph_lp_or_to_or_and__: 2570:item-craft: vrauks --> item: vrauks,,,True,item-craft: vrauks --> item: vrauks,False,False,0,0
2023,958,__pr_graph_lp_or_to_or_and__: 2574:item-craft: moondrop --> item: moondrop,,,True,item-craft: moondrop --> item: moondrop,False,False,0,0
2024,959,__pr_graph_lp_or_to_or_and__: 2578:item-craft: repair-pack --> item: repair-pack,,,True,item-craft: repair-pack --> item: repair-pack,False,False,0,0
2025,973,__pr_graph_lp_or_to_or_and__: 3911:item: coal --> energy-source-burner: chemical__biomass_2_1,,,True,item: coal --> energy-source-burner: chemical__biomass_2_1,False,False,0,0
2026,974,__pr_graph_lp_or_to_or_and__: 3912:item: coke --> energy-source-burner: chemical__biomass_2_1,,,True,item: coke --> energy-source-burner: chemical__biomass_2_1,False,False,0,0
2027,975,__pr_graph_lp_or_to_or_and__: 3913:item: coal-dust --> energy-source-burner: chemical__biomass_2_1,,,True,item: coal-dust --> energy-source-burner: chemical__biomass_2_1,False,False,0,0
2028,976,__pr_graph_lp_or_to_or_and__: 3914:item: gunpowder --> energy-source-burner: chemical__biomass_2_1,,,True,item: gunpowder --> energy-source-burner: chemical__biomass_2_1,False,False,0,0
2029,977,__pr_graph_lp_or_to_or_and__: 3915:item: raw-coal --> energy-source-burner: chemical__biomass_2_1,,,True,item: raw-coal --> energy-source-burner: chemical__biomass_2_1,False,False,0,0
2030,978,__pr_graph_lp_or_to_or_and__: 3916:item: kerogen --> energy-source-burner: chemical__biomass_2_1,,,True,item: kerogen --> energy-source-burner: chemical__biomass_2_1,False,False,0,0
2031,979,__pr_graph_lp_or_to_or_and__: 3917:item: wood --> energy-source-burner: chemical__biomass_2_1,,,True,item: wood --> energy-source-burner: chemical__biomass_2_1,False,False,0,0
2032,980,__pr_graph_lp_or_to_or_and__: 3918:item: log --> energy-source-burner: chemical__biomass_2_1,,,True,item: log --> energy-source-burner: chemical__biomass_2_1,False,False,0,0
2033,981,__pr_graph_lp_or_to_or_and__: 3919:item: treated-wood --> energy-source-burner: chemical__biomass_2_1,,,True,item: treated-wood --> energy-source-burner: chemical__biomass_2_1,False,False,0,0
2034,982,__pr_graph_lp_or_to_or_and__: 3920:item: raw-fiber --> energy-source-burner: chemical__biomass_2_1,,,True,item: raw-fiber --> energy-source-burner: chemical__biomass_2_1,False,False,0,0
2035,983,__pr_graph_lp_or_to_or_and__: 3921:item: cellulose --> energy-source-burner: chemical__biomass_2_1,,,True,item: cellulose --> energy-source-burner: chemical__biomass_2_1,False,False,0,0
2036,1154,__pr_graph_lp_or_to_or_and__: 4092:fluid: heavy-oil --> energy-source-fluid: ,,,True,fluid: heavy-oil --> energy-source-fluid: ,False,False,0,0
2037,1155,__pr_graph_lp_or_to_or_and__: 4093:fluid: light-oil --> energy-source-fluid: ,,,True,fluid: light-oil --> energy-source-fluid: ,False,False,0,0
2038,1156,__pr_graph_lp_or_to_or_and__: 4094:fluid: coal-gas --> energy-source-fluid: ,,,True,fluid: coal-gas --> energy-source-fluid: ,False,False,0,0
2039,1157,__pr_graph_lp_or_to_or_and__: 4095:fluid: syngas --> energy-source-fluid: ,,,True,fluid: syngas --> energy-source-fluid: ,False,False,0,0
2040,1158,__pr_graph_lp_or_to_or_and__: 4096:fluid: tar --> energy-source-fluid: ,,,True,fluid: tar --> energy-source-fluid: ,False,False,0,0
2041,1159,__pr_graph_lp_or_to_or_and__: 4097:fluid: aromatics --> energy-source-fluid: ,,,True,fluid: aromatics --> energy-source-fluid: ,False,False,0,0
2042,1160,__pr_graph_lp_or_to_or_and__: 4098:fluid: gasoline --> energy-source-fluid: ,,,True,fluid: gasoline --> energy-source-fluid: ,False,False,0,0
2043,1161,__pr_graph_lp_or_to_or_and__: 4099:fluid: acetylene --> energy-source-fluid: ,,,True,fluid: acetylene --> energy-source-fluid: ,False,False,0,0
2044,1162,__pr_graph_lp_or_to_or_and__: 4100:fluid: hydrogen --> energy-source-fluid: ,,,True,fluid: hydrogen --> energy-source-fluid: ,False,False,0,0
2045,1163,__pr_graph_lp_or_to_or_and__: 4101:fluid: kerosene --> energy-source-fluid: ,,,True,fluid: kerosene --> energy-source-fluid: ,False,False,0,0
2046,1164,__pr_graph_lp_or_to_or_and__: 4102:fluid: methane --> energy-source-fluid: ,,,True,fluid: methane --> energy-source-fluid: ,False,False,0,0
2047,1165,__pr_graph_lp_or_to_or_and__: 4103:fluid: scrude --> energy-source-fluid: ,,,True,fluid: scrude --> energy-source-fluid: ,False,False,0,0
2048,1166,__pr_graph_lp_or_to_or_and__: 4104:fluid: condensates --> energy-source-fluid: ,,,True,fluid: condensates --> energy-source-fluid: ,False,False,0,0
2049,1167,__pr_graph_lp_or_to_or_and__: 4105:fluid: anthracene-oil --> energy-source-fluid: ,,,True,fluid: anthracene-oil --> energy-source-fluid: ,False,False,0,0
2050,1168,__pr_graph_lp_or_to_or_and__: 4106:fluid: carbolic-oil --> energy-source-fluid: ,,,True,fluid: carbolic-oil --> energy-source-fluid: ,False,False,0,0
2051,1169,__pr_graph_lp_or_to_or_and__: 4107:fluid: naphthalene-oil --> energy-source-fluid: ,,,True,fluid: naphthalene-oil --> energy-source-fluid: ,False,False,0,0
2052,1170,__pr_graph_lp_or_to_or_and__: 4108:fluid: pitch --> energy-source-fluid: ,,,True,fluid: pitch --> energy-source-fluid: ,False,False,0,0
2053,1171,__pr_graph_lp_or_to_or_and__: 4109:fluid: middle-oil --> energy-source-fluid: ,,,True,fluid: middle-oil --> energy-source-fluid: ,False,False,0,0
2054,1175,__pr_graph_lp_or_to_or_and__: 4157:entity-build: gun-turret --> entity: gun-turret:noncoproduct-route,,,True,entity-build: gun-turret --> entity: gun-turret,False,False,0,0
2055,1176,__pr_graph_lp_or_to_or_and__: 4278:entity-operate: character --> recipe-category: crafting__0__0:noncoproduct-route,,,True,entity-operate: character --> recipe-category: crafting__0__0,False,False,0,0
2056,1180,__pr_graph_lp_or_to_or_and__: 4283:entity-build: assembling-machine-1 --> entity: assembling-machine-1:noncoproduct-route,,,True,entity-build: assembling-machine-1 --> entity: assembling-machine-1,False,False,0,0
2057,1181,__pr_graph_lp_or_to_or_and__: 4285:entity-build: distilator --> entity: distilator:noncoproduct-route,,,True,entity-build: distilator --> entity: distilator,False,False,0,0
2058,1182,__pr_graph_lp_or_to_or_and__: 4334:entity-build: gasifier --> entity: gasifier:noncoproduct-route,,,True,entity-build: gasifier --> entity: gasifier,False,False,0,0
2059,1183,__pr_graph_lp_or_to_or_and__: 4336:entity-build: tar-processing-unit --> entity: tar-processing-unit:noncoproduct-route,,,True,entity-build: tar-processing-unit --> entity: tar-processing-unit,False,False,0,0
2060,1184,__pr_graph_lp_or_to_or_and__: 4338:entity-build: quenching-tower --> entity: quenching-tower:noncoproduct-route,,,True,entity-build: quenching-tower --> entity: quenching-tower,False,False,0,0
2061,1186,__pr_graph_lp_or_to_or_and__: 4342:entity-build: evaporator --> entity: evaporator:noncoproduct-route,,,True,entity-build: evaporator --> entity: evaporator,False,False,0,0
2062,1187,__pr_graph_lp_or_to_or_and__: 4344:entity-build: olefin-plant --> entity: olefin-plant:noncoproduct-route,,,True,entity-build: olefin-plant --> entity: olefin-plant,False,False,0,0
2063,1188,__pr_graph_lp_or_to_or_and__: 4346:entity-build: soil-extractor-mk01 --> entity: soil-extractor-mk01:noncoproduct-route,,,True,entity-build: soil-extractor-mk01 --> entity: soil-extractor-mk01,False,False,0,0
2064,1189,__pr_graph_lp_or_to_or_and__: 4348:entity-build: solid-separator --> entity: solid-separator:noncoproduct-route,,,True,entity-build: solid-separator --> entity: solid-separator,False,False,0,0
2065,1190,__pr_graph_lp_or_to_or_and__: 4350:entity-build: washer --> entity: washer:noncoproduct-route,,,True,entity-build: washer --> entity: washer,False,False,0,0
2066,1191,__pr_graph_lp_or_to_or_and__: 4352:entity-build: advanced-foundry-mk01 --> entity: advanced-foundry-mk01:noncoproduct-route,,,True,entity-build: advanced-foundry-mk01 --> entity: advanced-foundry-mk01,False,False,0,0
2067,1192,__pr_graph_lp_or_to_or_and__: 4354:entity-build: jaw-crusher --> entity: jaw-crusher:noncoproduct-route,,,True,entity-build: jaw-crusher --> entity: jaw-crusher,False,False,0,0
2068,1196,__pr_graph_lp_or_to_or_and__: 4362:entity-build: vacuum-pump-mk01 --> entity: vacuum-pump-mk01:noncoproduct-route,,,True,entity-build: vacuum-pump-mk01 --> entity: vacuum-pump-mk01,False,False,0,0
2069,1199,__pr_graph_lp_or_to_or_and__: 4368:entity-build: smelter-mk01 --> entity: smelter-mk01:noncoproduct-route,,,True,entity-build: smelter-mk01 --> entity: smelter-mk01,False,False,0,0
2070,1200,__pr_graph_lp_or_to_or_and__: 4370:entity-build: electrolyzer-mk01 --> entity: electrolyzer-mk01:noncoproduct-route,,,True,entity-build: electrolyzer-mk01 --> entity: electrolyzer-mk01,False,False,0,0
2071,1201,__pr_graph_lp_or_to_or_and__: 4372:entity-build: clay-pit-mk01 --> entity: clay-pit-mk01:noncoproduct-route,,,True,entity-build: clay-pit-mk01 --> entity: clay-pit-mk01,False,False,0,0
2072,1202,__pr_graph_lp_or_to_or_and__: 4374:entity-build: moondrop-greenhouse-mk01 --> entity: moondrop-greenhouse-mk01:noncoproduct-route,,,True,entity-build: moondrop-greenhouse-mk01 --> entity: moondrop-greenhouse-mk01,False,False,0,0
2073,1203,__pr_graph_lp_or_to_or_and__: 4376:entity-build: electronics-factory-mk01 --> entity: electronics-factory-mk01:noncoproduct-route,,,True,entity-build: electronics-factory-mk01 --> entity: electronics-factory-mk01,False,False,0,0
2074,1205,__pr_graph_lp_or_to_or_and__: 4380:entity-build: pcb-factory-mk01 --> entity: pcb-factory-mk01:noncoproduct-route,,,True,entity-build: pcb-factory-mk01 --> entity: pcb-factory-mk01,False,False,0,0
2075,1208,__pr_graph_lp_or_to_or_and__: 4386:entity-build: retorter --> entity: retorter:noncoproduct-route,,,True,entity-build: retorter --> entity: retorter,False,False,0,0
2076,1209,__pr_graph_lp_or_to_or_and__: 4388:entity-build: moss-farm-mk01 --> entity: moss-farm-mk01:noncoproduct-route,,,True,entity-build: moss-farm-mk01 --> entity: moss-farm-mk01,False,False,0,0
2077,1211,__pr_graph_lp_or_to_or_and__: 4392:entity-build: micro-mine-mk01 --> entity: micro-mine-mk01:noncoproduct-route,,,True,entity-build: micro-mine-mk01 --> entity: micro-mine-mk01,False,False,0,0
2078,1212,__pr_graph_lp_or_to_or_and__: 4394:entity-build: biofactory-mk01 --> entity: biofactory-mk01:noncoproduct-route,,,True,entity-build: biofactory-mk01 --> entity: biofactory-mk01,False,False,0,0
2079,1214,__pr_graph_lp_or_to_or_and__: 4398:entity-build: creature-chamber-mk01 --> entity: creature-chamber-mk01:noncoproduct-route,,,True,entity-build: creature-chamber-mk01 --> entity: creature-chamber-mk01,False,False,0,0
2080,1216,__pr_graph_lp_or_to_or_and__: 4402:entity-build: slaughterhouse-mk01 --> entity: slaughterhouse-mk01:noncoproduct-route,,,True,entity-build: slaughterhouse-mk01 --> entity: slaughterhouse-mk01,False,False,0,0
2081,1218,__pr_graph_lp_or_to_or_and__: 4406:entity-build: sap-extractor-mk01 --> entity: sap-extractor-mk01:noncoproduct-route,,,True,entity-build: sap-extractor-mk01 --> entity: sap-extractor-mk01,False,False,0,0
2082,1219,__pr_graph_lp_or_to_or_and__: 4408:entity-build: research-center-mk01 --> entity: research-center-mk01:noncoproduct-route,,,True,entity-build: research-center-mk01 --> entity: research-center-mk01,False,False,0,0
2083,1220,__pr_graph_lp_or_to_or_and__: 4410:entity-build: rc-mk01 --> entity: rc-mk01:noncoproduct-route,,,True,entity-build: rc-mk01 --> entity: rc-mk01,False,False,0,0
2084,1223,__pr_graph_lp_or_to_or_and__: 4416:entity-build: car --> entity: car:noncoproduct-route,,,True,entity-build: car --> entity: car,False,False,0,0
2085,1226,__pr_graph_lp_or_to_or_and__: 4422:entity-build: steel-chest --> entity: steel-chest:noncoproduct-route,,,True,entity-build: steel-chest --> entity: steel-chest,False,False,0,0
2086,1227,__pr_graph_lp_or_to_or_and__: 4424:entity-build: outpost --> entity: outpost:noncoproduct-route,,,True,entity-build: outpost --> entity: outpost,False,False,0,0
2087,1228,__pr_graph_lp_or_to_or_and__: 4426:entity-build: small-electric-pole --> entity: small-electric-pole:noncoproduct-route,,,True,entity-build: small-electric-pole --> entity: small-electric-pole,False,False,0,0
2088,1229,__pr_graph_lp_or_to_or_and__: 4428:entity-build: stone-furnace --> entity: stone-furnace:noncoproduct-route,,,True,entity-build: stone-furnace --> entity: stone-furnace,False,False,0,0
2089,1231,__pr_graph_lp_or_to_or_and__: 4432:entity-build: py-sinkhole --> entity: py-sinkhole:noncoproduct-route,,,True,entity-build: py-sinkhole --> entity: py-sinkhole,False,False,0,0
2090,1232,__pr_graph_lp_or_to_or_and__: 4434:entity-build: py-gas-vent --> entity: py-gas-vent:noncoproduct-route,,,True,entity-build: py-gas-vent --> entity: py-gas-vent,False,False,0,0
2091,1233,__pr_graph_lp_or_to_or_and__: 4436:entity-build: gate --> entity: gate:noncoproduct-route,,,True,entity-build: gate --> entity: gate,False,False,0,0
2092,1235,__pr_graph_lp_or_to_or_and__: 4440:entity-build: inserter --> entity: inserter:noncoproduct-route,,,True,entity-build: inserter --> entity: inserter,False,False,0,0
2093,1239,__pr_graph_lp_or_to_or_and__: 4448:entity-build: burner-mining-drill --> entity: burner-mining-drill:noncoproduct-route,,,True,entity-build: burner-mining-drill --> entity: burner-mining-drill,False,False,0,0
2094,1241,__pr_graph_lp_or_to_or_and__: 4452:entity-build: flora-collector-mk01 --> entity: flora-collector-mk01:noncoproduct-route,,,True,entity-build: flora-collector-mk01 --> entity: flora-collector-mk01,False,False,0,0
2095,1242,__pr_graph_lp_or_to_or_and__: 4454:entity-build: fluid-drill-mk01 --> entity: fluid-drill-mk01:noncoproduct-route,,,True,entity-build: fluid-drill-mk01 --> entity: fluid-drill-mk01,False,False,0,0
2096,1244,__pr_graph_lp_or_to_or_and__: 4458:entity-build: pipe --> entity: pipe:noncoproduct-route,,,True,entity-build: pipe --> entity: pipe,False,False,0,0
2097,1245,__pr_graph_lp_or_to_or_and__: 4460:entity-build: pipe-to-ground --> entity: pipe-to-ground:noncoproduct-route,,,True,entity-build: pipe-to-ground --> entity: pipe-to-ground,False,False,0,0
2098,1247,__pr_graph_lp_or_to_or_and__: 4464:entity-build: radar --> entity: radar:noncoproduct-route,,,True,entity-build: radar --> entity: radar,False,False,0,0
2099,1248,__pr_graph_lp_or_to_or_and__: 4466:entity-build: py-local-radar --> entity: py-local-radar:noncoproduct-route,,,True,entity-build: py-local-radar --> entity: py-local-radar,False,False,0,0
2100,1249,__pr_graph_lp_or_to_or_and__: 4468:entity-build: multiblade-turbine-mk01 --> entity: multiblade-turbine-mk01:noncoproduct-route,,,True,entity-build: multiblade-turbine-mk01 --> entity: multiblade-turbine-mk01,False,False,0,0
2101,1250,__pr_graph_lp_or_to_or_and__: 4470:entity-build: splitter --> entity: splitter:noncoproduct-route,,,True,entity-build: splitter --> entity: splitter,False,False,0,0
2102,1252,__pr_graph_lp_or_to_or_and__: 4474:entity-build: tailings-pond --> entity: tailings-pond:noncoproduct-route,,,True,entity-build: tailings-pond --> entity: tailings-pond,False,False,0,0
2103,1253,__pr_graph_lp_or_to_or_and__: 4476:entity-build: py-tank-1000 --> entity: py-tank-1000:noncoproduct-route,,,True,entity-build: py-tank-1000 --> entity: py-tank-1000,False,False,0,0
2104,1257,__pr_graph_lp_or_to_or_and__: 4484:entity-build: py-tank-5000 --> entity: py-tank-5000:noncoproduct-route,,,True,entity-build: py-tank-5000 --> entity: py-tank-5000,False,False,0,0
2105,1258,__pr_graph_lp_or_to_or_and__: 4486:entity-build: py-tank-7000 --> entity: py-tank-7000:noncoproduct-route,,,True,entity-build: py-tank-7000 --> entity: py-tank-7000,False,False,0,0
2106,1259,__pr_graph_lp_or_to_or_and__: 4488:entity-build: py-tank-6500 --> entity: py-tank-6500:noncoproduct-route,,,True,entity-build: py-tank-6500 --> entity: py-tank-6500,False,False,0,0
2107,1260,__pr_graph_lp_or_to_or_and__: 4490:entity-build: py-tank-8000 --> entity: py-tank-8000:noncoproduct-route,,,True,entity-build: py-tank-8000 --> entity: py-tank-8000,False,False,0,0
2108,1262,__pr_graph_lp_or_to_or_and__: 4494:entity-build: py-tank-10000 --> entity: py-tank-10000:noncoproduct-route,,,True,entity-build: py-tank-10000 --> entity: py-tank-10000,False,False,0,0
2109,1264,__pr_graph_lp_or_to_or_and__: 4498:entity-build: outpost-fluid --> entity: outpost-fluid:noncoproduct-route,,,True,entity-build: outpost-fluid --> entity: outpost-fluid,False,False,0,0
2110,1265,__pr_graph_lp_or_to_or_and__: 4500:entity-build: transport-belt --> entity: transport-belt:noncoproduct-route,,,True,entity-build: transport-belt --> entity: transport-belt,False,False,0,0
2111,1266,__pr_graph_lp_or_to_or_and__: 4502:entity-build: underground-belt --> entity: underground-belt:noncoproduct-route,,,True,entity-build: underground-belt --> entity: underground-belt,False,False,0,0
2112,1267,__pr_graph_lp_or_to_or_and__: 4504:entity-build: caravan --> entity: caravan:noncoproduct-route,,,True,entity-build: caravan --> entity: caravan,False,False,0,0
2113,1268,__pr_graph_lp_or_to_or_and__: 4506:entity-build: fluidavan --> entity: fluidavan:noncoproduct-route,,,True,entity-build: fluidavan --> entity: fluidavan,False,False,0,0
2114,1269,__pr_graph_lp_or_to_or_and__: 4508:entity-build: py-overflow-valve --> entity: py-overflow-valve:noncoproduct-route,,,True,entity-build: py-overflow-valve --> entity: py-overflow-valve,False,False,0,0
2115,1270,__pr_graph_lp_or_to_or_and__: 4510:entity-build: py-underflow-valve --> entity: py-underflow-valve:noncoproduct-route,,,True,entity-build: py-underflow-valve --> entity: py-underflow-valve,False,False,0,0
2116,1271,__pr_graph_lp_or_to_or_and__: 4512:entity-build: stone-wall --> entity: stone-wall:noncoproduct-route,,,True,entity-build: stone-wall --> entity: stone-wall,False,False,0,0
2117,1272,__pr_graph_lp_or_to_or_and__: 4514:entity-build: poorman-wood-fence --> entity: poorman-wood-fence:noncoproduct-route,,,True,entity-build: poorman-wood-fence --> entity: poorman-wood-fence,False,False,0,0
2118,1273,__pr_graph_lp_or_to_or_and__: 4516:fluid-temperature: water: 15 --> fluid: water:noncoproduct-route,,,True,fluid-temperature: water: 15 --> fluid: water,False,False,0,0
2119,1274,__pr_graph_lp_or_to_or_and__: 4517:fluid-temperature: water: 15 --> fluid-temperature-range: water: nil: nil:noncoproduct-route,,,True,fluid-temperature: water: 15 --> fluid-temperature-range: water: nil: nil,False,False,0,0
2120,1279,__pr_graph_lp_or_to_or_and__: 4525:fluid-temperature: steam: 250 --> fluid: steam:noncoproduct-route,,,True,fluid-temperature: steam: 250 --> fluid: steam,False,False,0,0
2121,1280,__pr_graph_lp_or_to_or_and__: 4526:fluid-temperature: steam: 250 --> fluid-temperature-range: steam: nil: nil:noncoproduct-route,,,True,fluid-temperature: steam: 250 --> fluid-temperature-range: steam: nil: nil,False,False,0,0
2122,1282,__pr_graph_lp_or_to_or_and__: 4528:fluid-temperature: steam: 250 --> fluid-temperature-range: steam: 250: nil:noncoproduct-route,,,True,fluid-temperature: steam: 250 --> fluid-temperature-range: steam: 250: nil,False,False,0,0
2123,1284,__pr_graph_lp_or_to_or_and__: 4531:entity-operate: boiler --> fluid-create-temperature: steam: 250:noncoproduct-route,,,True,entity-operate: boiler --> fluid-create-temperature: steam: 250,False,False,0,0
2124,1285,__pr_graph_lp_or_to_or_and__: 4532:entity-operate: boiler --> fuel-category-burn: chemical:noncoproduct-route,,,True,entity-operate: boiler --> fuel-category-burn: chemical,False,False,0,0
2125,1286,__pr_graph_lp_or_to_or_and__: 4533:entity-operate: boiler --> fuel-category-burn: biomass:noncoproduct-route,,,True,entity-operate: boiler --> fuel-category-burn: biomass,False,False,0,0
2126,1288,__pr_graph_lp_or_to_or_and__: 4536:fluid-temperature: heavy-oil: 25 --> fluid-temperature-range: heavy-oil: nil: nil:noncoproduct-route,,,True,fluid-temperature: heavy-oil: 25 --> fluid-temperature-range: heavy-oil: nil: nil,False,False,0,0
2127,1291,__pr_graph_lp_or_to_or_and__: 4540:fluid-temperature: light-oil: 25 --> fluid-temperature-range: light-oil: nil: nil:noncoproduct-route,,,True,fluid-temperature: light-oil: 25 --> fluid-temperature-range: light-oil: nil: nil,False,False,0,0
2128,1293,__pr_graph_lp_or_to_or_and__: 4543:fluid-temperature: acidgas: 15 --> fluid: acidgas:noncoproduct-route,,,True,fluid-temperature: acidgas: 15 --> fluid: acidgas,False,False,0,0
2129,1294,__pr_graph_lp_or_to_or_and__: 4544:fluid-temperature: acidgas: 15 --> fluid-temperature-range: acidgas: nil: nil:noncoproduct-route,,,True,fluid-temperature: acidgas: 15 --> fluid-temperature-range: acidgas: nil: nil,False,False,0,0
2130,1295,__pr_graph_lp_or_to_or_and__: 4545:fluid-temperature: acidgas: 15 --> fluid-temperature-range: acidgas: 15: 15:noncoproduct-route,,,True,fluid-temperature: acidgas: 15 --> fluid-temperature-range: acidgas: 15: 15,False,False,0,0
2131,1297,__pr_graph_lp_or_to_or_and__: 4548:fluid-temperature: carbon-dioxide: 15 --> fluid-temperature-range: carbon-dioxide: nil: nil:noncoproduct-route,,,True,fluid-temperature: carbon-dioxide: 15 --> fluid-temperature-range: carbon-dioxide: nil: nil,False,False,0,0
2132,1300,__pr_graph_lp_or_to_or_and__: 4552:fluid-temperature: coal-gas: 15 --> fluid-temperature-range: coal-gas: nil: nil:noncoproduct-route,,,True,fluid-temperature: coal-gas: 15 --> fluid-temperature-range: coal-gas: nil: nil,False,False,0,0
2133,1303,__pr_graph_lp_or_to_or_and__: 4556:fluid-temperature: creosote: 10 --> fluid-temperature-range: creosote: nil: nil:noncoproduct-route,,,True,fluid-temperature: creosote: 10 --> fluid-temperature-range: creosote: nil: nil,False,False,0,0
2134,1306,__pr_graph_lp_or_to_or_and__: 4560:fluid-temperature: syngas: 15 --> fluid-temperature-range: syngas: nil: nil:noncoproduct-route,,,True,fluid-temperature: syngas: 15 --> fluid-temperature-range: syngas: nil: nil,False,False,0,0
2135,1309,__pr_graph_lp_or_to_or_and__: 4564:fluid-temperature: tar: 10 --> fluid-temperature-range: tar: nil: nil:noncoproduct-route,,,True,fluid-temperature: tar: 10 --> fluid-temperature-range: tar: nil: nil,False,False,0,0
2136,1311,__pr_graph_lp_or_to_or_and__: 4567:fluid-temperature: muddy-sludge: 10 --> fluid: muddy-sludge:noncoproduct-route,,,True,fluid-temperature: muddy-sludge: 10 --> fluid: muddy-sludge,False,False,0,0
2137,1312,__pr_graph_lp_or_to_or_and__: 4568:fluid-temperature: muddy-sludge: 10 --> fluid-temperature-range: muddy-sludge: nil: nil:noncoproduct-route,,,True,fluid-temperature: muddy-sludge: 10 --> fluid-temperature-range: muddy-sludge: nil: nil,False,False,0,0
2138,1313,__pr_graph_lp_or_to_or_and__: 4569:fluid-temperature: muddy-sludge: 10 --> fluid-temperature-range: muddy-sludge: 10: 10:noncoproduct-route,,,True,fluid-temperature: muddy-sludge: 10 --> fluid-temperature-range: muddy-sludge: 10: 10,False,False,0,0
2139,1314,__pr_graph_lp_or_to_or_and__: 4571:fluid-temperature: tailings: 10 --> fluid: tailings:noncoproduct-route,,,True,fluid-temperature: tailings: 10 --> fluid: tailings,False,False,0,0
2140,1315,__pr_graph_lp_or_to_or_and__: 4572:fluid-temperature: tailings: 10 --> fluid-temperature-range: tailings: nil: nil:noncoproduct-route,,,True,fluid-temperature: tailings: 10 --> fluid-temperature-range: tailings: nil: nil,False,False,0,0
2141,1316,__pr_graph_lp_or_to_or_and__: 4573:fluid-temperature: tailings: 10 --> fluid-temperature-range: tailings: 10: 10:noncoproduct-route,,,True,fluid-temperature: tailings: 10 --> fluid-temperature-range: tailings: 10: 10,False,False,0,0
2142,1318,__pr_graph_lp_or_to_or_and__: 4576:fluid-temperature: flue-gas: 15 --> fluid-temperature-range: flue-gas: nil: nil:noncoproduct-route,,,True,fluid-temperature: flue-gas: 15 --> fluid-temperature-range: flue-gas: nil: nil,False,False,0,0
2143,1321,__pr_graph_lp_or_to_or_and__: 4580:fluid-temperature: water-saline: 25 --> fluid-temperature-range: water-saline: nil: nil:noncoproduct-route,,,True,fluid-temperature: water-saline: 25 --> fluid-temperature-range: water-saline: nil: nil,False,False,0,0
2144,1327,__pr_graph_lp_or_to_or_and__: 4588:fluid-temperature: slacked-lime: 10 --> fluid-temperature-range: slacked-lime: nil: nil:noncoproduct-route,,,True,fluid-temperature: slacked-lime: 10 --> fluid-temperature-range: slacked-lime: nil: nil,False,False,0,0
2145,1330,__pr_graph_lp_or_to_or_and__: 4592:fluid-temperature: molten-glass: 10 --> fluid-temperature-range: molten-glass: nil: nil:noncoproduct-route,,,True,fluid-temperature: molten-glass: 10 --> fluid-temperature-range: molten-glass: nil: nil,False,False,0,0
2146,1338,__pr_graph_lp_or_to_or_and__: 4603:fluid-temperature: pressured-air: 15 --> fluid: pressured-air:noncoproduct-route,,,True,fluid-temperature: pressured-air: 15 --> fluid: pressured-air,False,False,0,0
2147,1339,__pr_graph_lp_or_to_or_and__: 4604:fluid-temperature: pressured-air: 15 --> fluid-temperature-range: pressured-air: nil: nil:noncoproduct-route,,,True,fluid-temperature: pressured-air: 15 --> fluid-temperature-range: pressured-air: nil: nil,False,False,0,0
2148,1340,__pr_graph_lp_or_to_or_and__: 4605:fluid-temperature: pressured-air: 15 --> fluid-temperature-range: pressured-air: 15: 15:noncoproduct-route,,,True,fluid-temperature: pressured-air: 15 --> fluid-temperature-range: pressured-air: 15: 15,False,False,0,0
2149,1342,__pr_graph_lp_or_to_or_and__: 4608:fluid-temperature: gasoline: 10 --> fluid-temperature-range: gasoline: nil: nil:noncoproduct-route,,,True,fluid-temperature: gasoline: 10 --> fluid-temperature-range: gasoline: nil: nil,False,False,0,0
2150,1344,__pr_graph_lp_or_to_or_and__: 4611:fluid-temperature: acetylene: 15 --> fluid: acetylene:noncoproduct-route,,,True,fluid-temperature: acetylene: 15 --> fluid: acetylene,False,False,0,0
2151,1345,__pr_graph_lp_or_to_or_and__: 4612:fluid-temperature: acetylene: 15 --> fluid-temperature-range: acetylene: nil: nil:noncoproduct-route,,,True,fluid-temperature: acetylene: 15 --> fluid-temperature-range: acetylene: nil: nil,False,False,0,0
2152,1348,__pr_graph_lp_or_to_or_and__: 4616:fluid-temperature: hydrogen: 15 --> fluid-temperature-range: hydrogen: nil: nil:noncoproduct-route,,,True,fluid-temperature: hydrogen: 15 --> fluid-temperature-range: hydrogen: nil: nil,False,False,0,0
2153,1350,__pr_graph_lp_or_to_or_and__: 4619:fluid-temperature: chlorine: 15 --> fluid: chlorine:noncoproduct-route,,,True,fluid-temperature: chlorine: 15 --> fluid: chlorine,False,False,0,0
2154,1351,__pr_graph_lp_or_to_or_and__: 4620:fluid-temperature: chlorine: 15 --> fluid-temperature-range: chlorine: nil: nil:noncoproduct-route,,,True,fluid-temperature: chlorine: 15 --> fluid-temperature-range: chlorine: nil: nil,False,False,0,0
2155,1352,__pr_graph_lp_or_to_or_and__: 4621:fluid-temperature: chlorine: 15 --> fluid-temperature-range: chlorine: 15: 15:noncoproduct-route,,,True,fluid-temperature: chlorine: 15 --> fluid-temperature-range: chlorine: 15: 15,False,False,0,0
2156,1354,__pr_graph_lp_or_to_or_and__: 4624:fluid-temperature: oxygen: 15 --> fluid-temperature-range: oxygen: nil: nil:noncoproduct-route,,,True,fluid-temperature: oxygen: 15 --> fluid-temperature-range: oxygen: nil: nil,False,False,0,0
2157,1357,__pr_graph_lp_or_to_or_and__: 4628:fluid-temperature: kerosene: 10 --> fluid-temperature-range: kerosene: nil: nil:noncoproduct-route,,,True,fluid-temperature: kerosene: 10 --> fluid-temperature-range: kerosene: nil: nil,False,False,0,0
2158,1358,__pr_graph_lp_or_to_or_and__: 4629:fluid-temperature: kerosene: 10 --> fluid-temperature-range: kerosene: 10: 10:noncoproduct-route,,,True,fluid-temperature: kerosene: 10 --> fluid-temperature-range: kerosene: 10: 10,False,False,0,0
2159,1369,__pr_graph_lp_or_to_or_and__: 4644:fluid-temperature: condensates: 10 --> fluid-temperature-range: condensates: nil: nil:noncoproduct-route,,,True,fluid-temperature: condensates: 10 --> fluid-temperature-range: condensates: nil: nil,False,False,0,0
2160,1372,__pr_graph_lp_or_to_or_and__: 4648:fluid-temperature: anthracene-oil: 10 --> fluid-temperature-range: anthracene-oil: nil: nil:noncoproduct-route,,,True,fluid-temperature: anthracene-oil: 10 --> fluid-temperature-range: anthracene-oil: nil: nil,False,False,0,0
2161,1375,__pr_graph_lp_or_to_or_and__: 4652:fluid-temperature: carbolic-oil: 10 --> fluid-temperature-range: carbolic-oil: nil: nil:noncoproduct-route,,,True,fluid-temperature: carbolic-oil: 10 --> fluid-temperature-range: carbolic-oil: nil: nil,False,False,0,0
2162,1378,__pr_graph_lp_or_to_or_and__: 4656:fluid-temperature: naphthalene-oil: 10 --> fluid-temperature-range: naphthalene-oil: nil: nil:noncoproduct-route,,,True,fluid-temperature: naphthalene-oil: 10 --> fluid-temperature-range: naphthalene-oil: nil: nil,False,False,0,0
2163,1381,__pr_graph_lp_or_to_or_and__: 4660:fluid-temperature: pitch: 10 --> fluid-temperature-range: pitch: nil: nil:noncoproduct-route,,,True,fluid-temperature: pitch: 10 --> fluid-temperature-range: pitch: nil: nil,False,False,0,0
2164,1384,__pr_graph_lp_or_to_or_and__: 4664:fluid-temperature: middle-oil: 10 --> fluid-temperature-range: middle-oil: nil: nil:noncoproduct-route,,,True,fluid-temperature: middle-oil: 10 --> fluid-temperature-range: middle-oil: nil: nil,False,False,0,0
2165,1386,__pr_graph_lp_or_to_or_and__: 4667:fluid-temperature: creamy-latex: 10 --> fluid: creamy-latex:noncoproduct-route,,,True,fluid-temperature: creamy-latex: 10 --> fluid: creamy-latex,False,False,0,0
2166,1387,__pr_graph_lp_or_to_or_and__: 4668:fluid-temperature: creamy-latex: 10 --> fluid-temperature-range: creamy-latex: nil: nil:noncoproduct-route,,,True,fluid-temperature: creamy-latex: 10 --> fluid-temperature-range: creamy-latex: nil: nil,False,False,0,0
2167,1388,__pr_graph_lp_or_to_or_and__: 4669:fluid-temperature: creamy-latex: 10 --> fluid-temperature-range: creamy-latex: 10: 10:noncoproduct-route,,,True,fluid-temperature: creamy-latex: 10 --> fluid-temperature-range: creamy-latex: 10: 10,False,False,0,0
2168,1389,__pr_graph_lp_or_to_or_and__: 4671:fluid-temperature: formic-acid: 15 --> fluid: formic-acid:noncoproduct-route,,,True,fluid-temperature: formic-acid: 15 --> fluid: formic-acid,False,False,0,0
2169,1390,__pr_graph_lp_or_to_or_and__: 4672:fluid-temperature: formic-acid: 15 --> fluid-temperature-range: formic-acid: nil: nil:noncoproduct-route,,,True,fluid-temperature: formic-acid: 15 --> fluid-temperature-range: formic-acid: nil: nil,False,False,0,0
2170,1392,__pr_graph_lp_or_to_or_and__: 4675:entity-operate: assembling-machine-1 --> fuel-category-burn: chemical:noncoproduct-route,,,True,entity-operate: assembling-machine-1 --> fuel-category-burn: chemical,False,False,0,0
2171,1394,__pr_graph_lp_or_to_or_and__: 4677:entity-operate: assembling-machine-1 --> recipe-category: crafting__0__0:noncoproduct-route,,,True,entity-operate: assembling-machine-1 --> recipe-category: crafting__0__0,False,False,0,0
2172,1398,__pr_graph_lp_or_to_or_and__: 4681:entity-operate: assembling-machine-1 --> recipe-category: crafting-with-fluid__1__0:noncoproduct-route,,,True,entity-operate: assembling-machine-1 --> recipe-category: crafting-with-fluid__1__0,False,False,0,0
2173,1401,__pr_graph_lp_or_to_or_and__: 4685:entity-operate: car --> fuel-category-burn: chemical:noncoproduct-route,,,True,entity-operate: car --> fuel-category-burn: chemical,False,False,0,0
2174,1402,__pr_graph_lp_or_to_or_and__: 4686:entity-operate: car --> fuel-category-burn: jerry:noncoproduct-route,,,True,entity-operate: car --> fuel-category-burn: jerry,False,False,0,0
2175,1404,__pr_graph_lp_or_to_or_and__: 4689:entity-operate: stone-furnace --> fuel-category-burn: chemical:noncoproduct-route,,,True,entity-operate: stone-furnace --> fuel-category-burn: chemical,False,False,0,0
2176,1405,__pr_graph_lp_or_to_or_and__: 4690:entity-operate: stone-furnace --> fuel-category-burn: biomass:noncoproduct-route,,,True,entity-operate: stone-furnace --> fuel-category-burn: biomass,False,False,0,0
2177,1406,__pr_graph_lp_or_to_or_and__: 4691:entity-operate: stone-furnace --> recipe-category: smelting__0__0:noncoproduct-route,,,True,entity-operate: stone-furnace --> recipe-category: smelting__0__0,False,False,0,0
2178,1407,__pr_graph_lp_or_to_or_and__: 4693:entity-operate: burner-mining-drill --> fuel-category-burn: chemical:noncoproduct-route,,,True,entity-operate: burner-mining-drill --> fuel-category-burn: chemical,False,False,0,0
2179,1410,__pr_graph_lp_or_to_or_and__: 4697:entity-operate: fluid-drill-mk01 --> fuel-category-burn: chemical:noncoproduct-route,,,True,entity-operate: fluid-drill-mk01 --> fuel-category-burn: chemical,False,False,0,0
2180,1411,__pr_graph_lp_or_to_or_and__: 4698:entity-operate: fluid-drill-mk01 --> fuel-category-burn: biomass:noncoproduct-route,,,True,entity-operate: fluid-drill-mk01 --> fuel-category-burn: biomass,False,False,0,0
2181,1412,__pr_graph_lp_or_to_or_and__: 4699:entity-operate: fluid-drill-mk01 --> resource-category: basic-with-fluid__1__0:noncoproduct-route,,,True,entity-operate: fluid-drill-mk01 --> resource-category: basic-with-fluid__1__0,False,False,0,0
2182,1413,__pr_graph_lp_or_to_or_and__: 4701:item-burn: coal --> item: ash:noncoproduct-route,,,True,item-burn: coal --> item: ash,False,False,0,0
2183,1414,__pr_graph_lp_or_to_or_and__: 4703:item-burn: coke --> item: ash:noncoproduct-route,,,True,item-burn: coke --> item: ash,False,False,0,0
2184,1416,__pr_graph_lp_or_to_or_and__: 4707:item-burn: gunpowder --> item: ash:noncoproduct-route,,,True,item-burn: gunpowder --> item: ash,False,False,0,0
2185,1417,__pr_graph_lp_or_to_or_and__: 4709:item-burn: raw-coal --> item: ash:noncoproduct-route,,,True,item-burn: raw-coal --> item: ash,False,False,0,0
2186,1418,__pr_graph_lp_or_to_or_and__: 4711:item-burn: kerogen --> item: ash:noncoproduct-route,,,True,item-burn: kerogen --> item: ash,False,False,0,0
2187,1419,__pr_graph_lp_or_to_or_and__: 4713:item-burn: heavy-oil-canister --> item: empty-fuel-canister:noncoproduct-route,,,True,item-burn: heavy-oil-canister --> item: empty-fuel-canister,False,False,0,0
2188,1420,__pr_graph_lp_or_to_or_and__: 4715:item-burn: light-oil-canister --> item: empty-fuel-canister:noncoproduct-route,,,True,item-burn: light-oil-canister --> item: empty-fuel-canister,False,False,0,0
2189,1421,__pr_graph_lp_or_to_or_and__: 4717:item-burn: coal-gas-canister --> item: empty-fuel-canister:noncoproduct-route,,,True,item-burn: coal-gas-canister --> item: empty-fuel-canister,False,False,0,0
2190,1422,__pr_graph_lp_or_to_or_and__: 4719:item-burn: syngas-canister --> item: empty-fuel-canister:noncoproduct-route,,,True,item-burn: syngas-canister --> item: empty-fuel-canister,False,False,0,0
2191,1423,__pr_graph_lp_or_to_or_and__: 4721:item-burn: tar-canister --> item: empty-fuel-canister:noncoproduct-route,,,True,item-burn: tar-canister --> item: empty-fuel-canister,False,False,0,0
2192,1424,__pr_graph_lp_or_to_or_and__: 4723:item-burn: aromatics-canister --> item: empty-fuel-canister:noncoproduct-route,,,True,item-burn: aromatics-canister --> item: empty-fuel-canister,False,False,0,0
2193,1425,__pr_graph_lp_or_to_or_and__: 4725:item-burn: gasoline-canister --> item: empty-fuel-canister:noncoproduct-route,,,True,item-burn: gasoline-canister --> item: empty-fuel-canister,False,False,0,0
2194,1426,__pr_graph_lp_or_to_or_and__: 4727:item-burn: acetylene-canister --> item: empty-fuel-canister:noncoproduct-route,,,True,item-burn: acetylene-canister --> item: empty-fuel-canister,False,False,0,0
2195,1427,__pr_graph_lp_or_to_or_and__: 4729:item-burn: kerosene-canister --> item: empty-fuel-canister:noncoproduct-route,,,True,item-burn: kerosene-canister --> item: empty-fuel-canister,False,False,0,0
2196,1428,__pr_graph_lp_or_to_or_and__: 4731:item-burn: methane-canister --> item: empty-fuel-canister:noncoproduct-route,,,True,item-burn: methane-canister --> item: empty-fuel-canister,False,False,0,0
2197,1429,__pr_graph_lp_or_to_or_and__: 4733:item-burn: scrude-canister --> item: empty-fuel-canister:noncoproduct-route,,,True,item-burn: scrude-canister --> item: empty-fuel-canister,False,False,0,0
2198,1430,__pr_graph_lp_or_to_or_and__: 4735:item-burn: condensates-canister --> item: empty-fuel-canister:noncoproduct-route,,,True,item-burn: condensates-canister --> item: empty-fuel-canister,False,False,0,0
2199,1431,__pr_graph_lp_or_to_or_and__: 4737:item-burn: anthracene-oil-canister --> item: empty-fuel-canister:noncoproduct-route,,,True,item-burn: anthracene-oil-canister --> item: empty-fuel-canister,False,False,0,0
2200,1432,__pr_graph_lp_or_to_or_and__: 4739:item-burn: carbolic-oil-canister --> item: empty-fuel-canister:noncoproduct-route,,,True,item-burn: carbolic-oil-canister --> item: empty-fuel-canister,False,False,0,0
2201,1433,__pr_graph_lp_or_to_or_and__: 4741:item-burn: naphthalene-oil-canister --> item: empty-fuel-canister:noncoproduct-route,,,True,item-burn: naphthalene-oil-canister --> item: empty-fuel-canister,False,False,0,0
2202,1434,__pr_graph_lp_or_to_or_and__: 4743:item-burn: pitch-canister --> item: empty-fuel-canister:noncoproduct-route,,,True,item-burn: pitch-canister --> item: empty-fuel-canister,False,False,0,0
2203,1435,__pr_graph_lp_or_to_or_and__: 4745:item-burn: middle-oil-canister --> item: empty-fuel-canister:noncoproduct-route,,,True,item-burn: middle-oil-canister --> item: empty-fuel-canister,False,False,0,0
2204,1436,__pr_graph_lp_or_to_or_and__: 4747:entity-operate: advanced-foundry-mk01 --> recipe-category: smelting__0__0:noncoproduct-route,,,True,entity-operate: advanced-foundry-mk01 --> recipe-category: smelting__0__0,False,False,0,0
2205,1437,__pr_graph_lp_or_to_or_and__: 4748:entity-operate: advanced-foundry-mk01 --> recipe-category: smelting__1__0:noncoproduct-route,,,True,entity-operate: advanced-foundry-mk01 --> recipe-category: smelting__1__0,False,False,0,0
2206,1438,__pr_graph_lp_or_to_or_and__: 4749:entity-operate: advanced-foundry-mk01 --> recipe-category: advanced-foundry__0__0:noncoproduct-route,,,True,entity-operate: advanced-foundry-mk01 --> recipe-category: advanced-foundry__0__0,False,False,0,0
2207,1439,__pr_graph_lp_or_to_or_and__: 4750:entity-operate: advanced-foundry-mk01 --> recipe-category: advanced-foundry__1__0:noncoproduct-route,,,True,entity-operate: advanced-foundry-mk01 --> recipe-category: advanced-foundry__1__0,False,False,0,0
2208,1440,__pr_graph_lp_or_to_or_and__: 4751:entity-operate: advanced-foundry-mk01 --> recipe-category: advanced-foundry__0__1:noncoproduct-route,,,True,entity-operate: advanced-foundry-mk01 --> recipe-category: advanced-foundry__0__1,False,False,0,0
2209,1441,__pr_graph_lp_or_to_or_and__: 4752:entity-operate: advanced-foundry-mk01 --> recipe-category: advanced-foundry__2__1:noncoproduct-route,,,True,entity-operate: advanced-foundry-mk01 --> recipe-category: advanced-foundry__2__1,False,False,0,0
2210,1442,__pr_graph_lp_or_to_or_and__: 4753:entity-operate: advanced-foundry-mk01 --> recipe-category: advanced-foundry__1__1:noncoproduct-route,,,True,entity-operate: advanced-foundry-mk01 --> recipe-category: advanced-foundry__1__1,False,False,0,0
2211,1443,__pr_graph_lp_or_to_or_and__: 4755:entity-operate: distilator --> recipe-category: distilator__1__3:noncoproduct-route,,,True,entity-operate: distilator --> recipe-category: distilator__1__3,False,False,0,0
2212,1444,__pr_graph_lp_or_to_or_and__: 4756:entity-operate: distilator --> recipe-category: distilator__1__2:noncoproduct-route,,,True,entity-operate: distilator --> recipe-category: distilator__1__2,False,False,0,0
2213,1445,__pr_graph_lp_or_to_or_and__: 4757:entity-operate: distilator --> recipe-category: distilator__2__3:noncoproduct-route,,,True,entity-operate: distilator --> recipe-category: distilator__2__3,False,False,0,0
2214,1446,__pr_graph_lp_or_to_or_and__: 4758:entity-operate: distilator --> recipe-category: distilator__0__2:noncoproduct-route,,,True,entity-operate: distilator --> recipe-category: distilator__0__2,False,False,0,0
2215,1447,__pr_graph_lp_or_to_or_and__: 4759:entity-operate: distilator --> recipe-category: distilator__1__1:noncoproduct-route,,,True,entity-operate: distilator --> recipe-category: distilator__1__1,False,False,0,0
2216,1448,__pr_graph_lp_or_to_or_and__: 4760:entity-operate: distilator --> recipe-category: distilator__0__1:noncoproduct-route,,,True,entity-operate: distilator --> recipe-category: distilator__0__1,False,False,0,0
2217,1449,__pr_graph_lp_or_to_or_and__: 4761:entity-operate: distilator --> recipe-category: distilator__3__0:noncoproduct-route,,,True,entity-operate: distilator --> recipe-category: distilator__3__0,False,False,0,0
2218,1450,__pr_graph_lp_or_to_or_and__: 4762:entity-operate: distilator --> recipe-category: distilator__2__2:noncoproduct-route,,,True,entity-operate: distilator --> recipe-category: distilator__2__2,False,False,0,0
2219,1451,__pr_graph_lp_or_to_or_and__: 4763:entity-operate: distilator --> recipe-category: distilator__2__5:noncoproduct-route,,,True,entity-operate: distilator --> recipe-category: distilator__2__5,False,False,0,0
2220,1452,__pr_graph_lp_or_to_or_and__: 4764:entity-operate: distilator --> recipe-category: distilator__2__1:noncoproduct-route,,,True,entity-operate: distilator --> recipe-category: distilator__2__1,False,False,0,0
2221,1453,__pr_graph_lp_or_to_or_and__: 4765:entity-operate: distilator --> recipe-category: distilator__2__4:noncoproduct-route,,,True,entity-operate: distilator --> recipe-category: distilator__2__4,False,False,0,0
2222,1454,__pr_graph_lp_or_to_or_and__: 4766:entity-operate: distilator --> recipe-category: distilator__3__1:noncoproduct-route,,,True,entity-operate: distilator --> recipe-category: distilator__3__1,False,False,0,0
2223,1455,__pr_graph_lp_or_to_or_and__: 4767:entity-operate: distilator --> recipe-category: distilator__2__0:noncoproduct-route,,,True,entity-operate: distilator --> recipe-category: distilator__2__0,False,False,0,0
2224,1456,__pr_graph_lp_or_to_or_and__: 4768:entity-operate: distilator --> recipe-category: distilator__4__0:noncoproduct-route,,,True,entity-operate: distilator --> recipe-category: distilator__4__0,False,False,0,0
2225,1457,__pr_graph_lp_or_to_or_and__: 4769:entity-operate: distilator --> recipe-category: distilator__0__0:noncoproduct-route,,,True,entity-operate: distilator --> recipe-category: distilator__0__0,False,False,0,0
2226,1458,__pr_graph_lp_or_to_or_and__: 4770:entity-operate: distilator --> recipe-category: distilator__0__4:noncoproduct-route,,,True,entity-operate: distilator --> recipe-category: distilator__0__4,False,False,0,0
2227,1459,__pr_graph_lp_or_to_or_and__: 4771:entity-operate: distilator --> recipe-category: distilator__3__2:noncoproduct-route,,,True,entity-operate: distilator --> recipe-category: distilator__3__2,False,False,0,0
2228,1460,__pr_graph_lp_or_to_or_and__: 4773:entity-operate: gasifier --> recipe-category: gasifier__2__2:noncoproduct-route,,,True,entity-operate: gasifier --> recipe-category: gasifier__2__2,False,False,0,0
2229,1461,__pr_graph_lp_or_to_or_and__: 4774:entity-operate: gasifier --> recipe-category: gasifier__1__1:noncoproduct-route,,,True,entity-operate: gasifier --> recipe-category: gasifier__1__1,False,False,0,0
2230,1462,__pr_graph_lp_or_to_or_and__: 4775:entity-operate: gasifier --> recipe-category: gasifier__0__1:noncoproduct-route,,,True,entity-operate: gasifier --> recipe-category: gasifier__0__1,False,False,0,0
2231,1463,__pr_graph_lp_or_to_or_and__: 4776:entity-operate: gasifier --> recipe-category: gasifier__3__2:noncoproduct-route,,,True,entity-operate: gasifier --> recipe-category: gasifier__3__2,False,False,0,0
2232,1464,__pr_graph_lp_or_to_or_and__: 4777:entity-operate: gasifier --> recipe-category: gasifier__0__2:noncoproduct-route,,,True,entity-operate: gasifier --> recipe-category: gasifier__0__2,False,False,0,0
2233,1465,__pr_graph_lp_or_to_or_and__: 4778:entity-operate: gasifier --> recipe-category: gasifier__2__1:noncoproduct-route,,,True,entity-operate: gasifier --> recipe-category: gasifier__2__1,False,False,0,0
2234,1466,__pr_graph_lp_or_to_or_and__: 4779:entity-operate: gasifier --> recipe-category: gasifier__1__2:noncoproduct-route,,,True,entity-operate: gasifier --> recipe-category: gasifier__1__2,False,False,0,0
2235,1467,__pr_graph_lp_or_to_or_and__: 4780:entity-operate: gasifier --> recipe-category: gasifier__3__1:noncoproduct-route,,,True,entity-operate: gasifier --> recipe-category: gasifier__3__1,False,False,0,0
2236,1469,__pr_graph_lp_or_to_or_and__: 4783:entity-operate: tar-processing-unit --> recipe-category: tar__1__1:noncoproduct-route,,,True,entity-operate: tar-processing-unit --> recipe-category: tar__1__1,False,False,0,0
2237,1471,__pr_graph_lp_or_to_or_and__: 4785:entity-operate: tar-processing-unit --> recipe-category: tar__2__3:noncoproduct-route,,,True,entity-operate: tar-processing-unit --> recipe-category: tar__2__3,False,False,0,0
2238,1472,__pr_graph_lp_or_to_or_and__: 4786:entity-operate: tar-processing-unit --> recipe-category: tar__2__2:noncoproduct-route,,,True,entity-operate: tar-processing-unit --> recipe-category: tar__2__2,False,False,0,0
2239,1473,__pr_graph_lp_or_to_or_and__: 4788:entity-operate: hpf --> recipe-category: hpf__0__1:noncoproduct-route,,,True,entity-operate: hpf --> recipe-category: hpf__0__1,False,False,0,0
2240,1474,__pr_graph_lp_or_to_or_and__: 4789:entity-operate: hpf --> recipe-category: hpf__1__0:noncoproduct-route,,,True,entity-operate: hpf --> recipe-category: hpf__1__0,False,False,0,0
2241,1475,__pr_graph_lp_or_to_or_and__: 4790:entity-operate: hpf --> recipe-category: hpf__0__0:noncoproduct-route,,,True,entity-operate: hpf --> recipe-category: hpf__0__0,False,False,0,0
2242,1477,__pr_graph_lp_or_to_or_and__: 4793:entity-operate: quenching-tower --> recipe-category: quenching-tower__2__3:noncoproduct-route,,,True,entity-operate: quenching-tower --> recipe-category: quenching-tower__2__3,False,False,0,0
2243,1478,__pr_graph_lp_or_to_or_and__: 4794:entity-operate: quenching-tower --> recipe-category: quenching-tower__1__1:noncoproduct-route,,,True,entity-operate: quenching-tower --> recipe-category: quenching-tower__1__1,False,False,0,0
2244,1479,__pr_graph_lp_or_to_or_and__: 4795:entity-operate: quenching-tower --> recipe-category: quenching-tower__2__1:noncoproduct-route,,,True,entity-operate: quenching-tower --> recipe-category: quenching-tower__2__1,False,False,0,0
2245,1480,__pr_graph_lp_or_to_or_and__: 4796:entity-operate: quenching-tower --> recipe-category: quenching-tower__2__2:noncoproduct-route,,,True,entity-operate: quenching-tower --> recipe-category: quenching-tower__2__2,False,False,0,0
2246,1481,__pr_graph_lp_or_to_or_and__: 4798:entity-operate: evaporator --> recipe-category: evaporator__1__0:noncoproduct-route,,,True,entity-operate: evaporator --> recipe-category: evaporator__1__0,False,False,0,0
2247,1487,__pr_graph_lp_or_to_or_and__: 4805:entity-operate: olefin-plant --> recipe-category: olefin__2__2:noncoproduct-route,,,True,entity-operate: olefin-plant --> recipe-category: olefin__2__2,False,False,0,0
2248,1488,__pr_graph_lp_or_to_or_and__: 4806:entity-operate: olefin-plant --> recipe-category: olefin__2__1:noncoproduct-route,,,True,entity-operate: olefin-plant --> recipe-category: olefin__2__1,False,False,0,0
2249,1489,__pr_graph_lp_or_to_or_and__: 4807:entity-operate: olefin-plant --> recipe-category: olefin__1__1:noncoproduct-route,,,True,entity-operate: olefin-plant --> recipe-category: olefin__1__1,False,False,0,0
2250,1490,__pr_graph_lp_or_to_or_and__: 4809:entity-operate: soil-extractor-mk01 --> recipe-category: soil-extraction__1__0:noncoproduct-route,,,True,entity-operate: soil-extractor-mk01 --> recipe-category: soil-extraction__1__0,False,False,0,0
2251,1491,__pr_graph_lp_or_to_or_and__: 4811:entity-operate: solid-separator --> recipe-category: solid-separator__0__0:noncoproduct-route,,,True,entity-operate: solid-separator --> recipe-category: solid-separator__0__0,False,False,0,0
2252,1492,__pr_graph_lp_or_to_or_and__: 4813:entity-operate: washer --> recipe-category: washer__1__1:noncoproduct-route,,,True,entity-operate: washer --> recipe-category: washer__1__1,False,False,0,0
2253,1493,__pr_graph_lp_or_to_or_and__: 4814:entity-operate: washer --> recipe-category: washer__1__0:noncoproduct-route,,,True,entity-operate: washer --> recipe-category: washer__1__0,False,False,0,0
2254,1494,__pr_graph_lp_or_to_or_and__: 4816:entity-operate: jaw-crusher --> recipe-category: crusher__0__0:noncoproduct-route,,,True,entity-operate: jaw-crusher --> recipe-category: crusher__0__0,False,False,0,0
2255,1495,__pr_graph_lp_or_to_or_and__: 4818:entity-operate: botanical-nursery --> recipe-category: nursery__0__0:noncoproduct-route,,,True,entity-operate: botanical-nursery --> recipe-category: nursery__0__0,False,False,0,0
2256,1496,__pr_graph_lp_or_to_or_and__: 4819:entity-operate: botanical-nursery --> recipe-category: nursery__1__0:noncoproduct-route,,,True,entity-operate: botanical-nursery --> recipe-category: nursery__1__0,False,False,0,0
2257,1497,__pr_graph_lp_or_to_or_and__: 4820:entity-operate: botanical-nursery --> recipe-category: nursery__2__0:noncoproduct-route,,,True,entity-operate: botanical-nursery --> recipe-category: nursery__2__0,False,False,0,0
2258,1498,__pr_graph_lp_or_to_or_and__: 4821:entity-operate: botanical-nursery --> recipe-category: nursery__0__1:noncoproduct-route,,,True,entity-operate: botanical-nursery --> recipe-category: nursery__0__1,False,False,0,0
2259,1499,__pr_graph_lp_or_to_or_and__: 4822:entity-operate: botanical-nursery --> recipe-category: nursery__1__1:noncoproduct-route,,,True,entity-operate: botanical-nursery --> recipe-category: nursery__1__1,False,False,0,0
2260,1500,__pr_graph_lp_or_to_or_and__: 4824:entity-operate: wpu-mk01 --> recipe-category: wpu__0__0:noncoproduct-route,,,True,entity-operate: wpu-mk01 --> recipe-category: wpu__0__0,False,False,0,0
2261,1501,__pr_graph_lp_or_to_or_and__: 4825:entity-operate: wpu-mk01 --> recipe-category: wpu-handcrafting__0__0:noncoproduct-route,,,True,entity-operate: wpu-mk01 --> recipe-category: wpu-handcrafting__0__0,False,False,0,0
2262,1502,__pr_graph_lp_or_to_or_and__: 4827:entity-operate: glassworks-mk01 --> recipe-category: glassworks__1__0:noncoproduct-route,,,True,entity-operate: glassworks-mk01 --> recipe-category: glassworks__1__0,False,False,0,0
2263,1503,__pr_graph_lp_or_to_or_and__: 4828:entity-operate: glassworks-mk01 --> recipe-category: glassworks__0__1:noncoproduct-route,,,True,entity-operate: glassworks-mk01 --> recipe-category: glassworks__0__1,False,False,0,0
2264,1504,__pr_graph_lp_or_to_or_and__: 4829:entity-operate: glassworks-mk01 --> recipe-category: glassworks__1__1:noncoproduct-route,,,True,entity-operate: glassworks-mk01 --> recipe-category: glassworks__1__1,False,False,0,0
2265,1505,__pr_graph_lp_or_to_or_and__: 4830:entity-operate: glassworks-mk01 --> recipe-category: glassworks__3__0:noncoproduct-route,,,True,entity-operate: glassworks-mk01 --> recipe-category: glassworks__3__0,False,False,0,0
2266,1506,__pr_graph_lp_or_to_or_and__: 4831:entity-operate: glassworks-mk01 --> recipe-category: glassworks__2__0:noncoproduct-route,,,True,entity-operate: glassworks-mk01 --> recipe-category: glassworks__2__0,False,False,0,0
2267,1507,__pr_graph_lp_or_to_or_and__: 4832:entity-operate: glassworks-mk01 --> recipe-category: glassworks__0__0:noncoproduct-route,,,True,entity-operate: glassworks-mk01 --> recipe-category: glassworks__0__0,False,False,0,0
2268,1508,__pr_graph_lp_or_to_or_and__: 4834:entity-operate: vacuum-pump-mk01 --> recipe-category: vacuum__0__1:noncoproduct-route,,,True,entity-operate: vacuum-pump-mk01 --> recipe-category: vacuum__0__1,False,False,0,0
2269,1509,__pr_graph_lp_or_to_or_and__: 4835:entity-operate: vacuum-pump-mk01 --> recipe-category: vacuum__1__1:noncoproduct-route,,,True,entity-operate: vacuum-pump-mk01 --> recipe-category: vacuum__1__1,False,False,0,0
2270,1510,__pr_graph_lp_or_to_or_and__: 4837:entity-operate: automated-screener-mk01 --> recipe-category: screener__0__0:noncoproduct-route,,,True,entity-operate: automated-screener-mk01 --> recipe-category: screener__0__0,False,False,0,0
2271,1511,__pr_graph_lp_or_to_or_and__: 4839:entity-operate: genlab-mk01 --> recipe-category: genlab__1__1:noncoproduct-route,,,True,entity-operate: genlab-mk01 --> recipe-category: genlab__1__1,False,False,0,0
2272,1512,__pr_graph_lp_or_to_or_and__: 4840:entity-operate: genlab-mk01 --> recipe-category: genlab__1__0:noncoproduct-route,,,True,entity-operate: genlab-mk01 --> recipe-category: genlab__1__0,False,False,0,0
2273,1513,__pr_graph_lp_or_to_or_and__: 4841:entity-operate: genlab-mk01 --> recipe-category: genlab__3__0:noncoproduct-route,,,True,entity-operate: genlab-mk01 --> recipe-category: genlab__3__0,False,False,0,0
2274,1514,__pr_graph_lp_or_to_or_and__: 4842:entity-operate: genlab-mk01 --> recipe-category: genlab__0__0:noncoproduct-route,,,True,entity-operate: genlab-mk01 --> recipe-category: genlab__0__0,False,False,0,0
2275,1515,__pr_graph_lp_or_to_or_and__: 4843:entity-operate: genlab-mk01 --> recipe-category: genlab__2__0:noncoproduct-route,,,True,entity-operate: genlab-mk01 --> recipe-category: genlab__2__0,False,False,0,0
2276,1516,__pr_graph_lp_or_to_or_and__: 4845:entity-operate: py-gas-vent --> recipe-category: py-venting__1__0:noncoproduct-route,,,True,entity-operate: py-gas-vent --> recipe-category: py-venting__1__0,False,False,0,0
2277,1517,__pr_graph_lp_or_to_or_and__: 4847:entity-operate: py-sinkhole --> recipe-category: py-runoff__1__0:noncoproduct-route,,,True,entity-operate: py-sinkhole --> recipe-category: py-runoff__1__0,False,False,0,0
2278,1518,__pr_graph_lp_or_to_or_and__: 4849:entity-operate: barrel-machine-mk01 --> recipe-category: py-barreling__0__1:noncoproduct-route,,,True,entity-operate: barrel-machine-mk01 --> recipe-category: py-barreling__0__1,False,False,0,0
2279,1519,__pr_graph_lp_or_to_or_and__: 4850:entity-operate: barrel-machine-mk01 --> recipe-category: py-unbarreling__1__0:noncoproduct-route,,,True,entity-operate: barrel-machine-mk01 --> recipe-category: py-unbarreling__1__0,False,False,0,0
2280,1525,__pr_graph_lp_or_to_or_and__: 4857:entity-operate: electrolyzer-mk01 --> recipe-category: electrolyzer__1__2:noncoproduct-route,,,True,entity-operate: electrolyzer-mk01 --> recipe-category: electrolyzer__1__2,False,False,0,0
2281,1528,__pr_graph_lp_or_to_or_and__: 4861:entity-operate: smelter-mk01 --> recipe-category: py-rawores-smelter__0__0:noncoproduct-route,,,True,entity-operate: smelter-mk01 --> recipe-category: py-rawores-smelter__0__0,False,False,0,0
2282,1529,__pr_graph_lp_or_to_or_and__: 4862:entity-operate: smelter-mk01 --> recipe-category: py-rawores-smelter__1__0:noncoproduct-route,,,True,entity-operate: smelter-mk01 --> recipe-category: py-rawores-smelter__1__0,False,False,0,0
2283,1530,__pr_graph_lp_or_to_or_and__: 4863:entity-operate: smelter-mk01 --> recipe-category: py-rawores-smelter__2__0:noncoproduct-route,,,True,entity-operate: smelter-mk01 --> recipe-category: py-rawores-smelter__2__0,False,False,0,0
2284,1531,__pr_graph_lp_or_to_or_and__: 4864:entity-operate: smelter-mk01 --> recipe-category: py-rawores-smelter__1__1:noncoproduct-route,,,True,entity-operate: smelter-mk01 --> recipe-category: py-rawores-smelter__1__1,False,False,0,0
2285,1532,__pr_graph_lp_or_to_or_and__: 4865:entity-operate: smelter-mk01 --> recipe-category: py-rawores-smelter__2__1:noncoproduct-route,,,True,entity-operate: smelter-mk01 --> recipe-category: py-rawores-smelter__2__1,False,False,0,0
2286,1533,__pr_graph_lp_or_to_or_and__: 4866:entity-operate: smelter-mk01 --> recipe-category: py-rawores-smelter__3__1:noncoproduct-route,,,True,entity-operate: smelter-mk01 --> recipe-category: py-rawores-smelter__3__1,False,False,0,0
2287,1534,__pr_graph_lp_or_to_or_and__: 4868:entity-operate: clay-pit-mk01 --> recipe-category: clay__1__0:noncoproduct-route,,,True,entity-operate: clay-pit-mk01 --> recipe-category: clay__1__0,False,False,0,0
2288,1537,__pr_graph_lp_or_to_or_and__: 4872:entity-operate: moondrop-greenhouse-mk01 --> recipe-category: moon__1__0:noncoproduct-route,,,True,entity-operate: moondrop-greenhouse-mk01 --> recipe-category: moon__1__0,False,False,0,0
2289,1541,__pr_graph_lp_or_to_or_and__: 4877:entity-operate: electronics-factory-mk01 --> recipe-category: electronic__0__0:noncoproduct-route,,,True,entity-operate: electronics-factory-mk01 --> recipe-category: electronic__0__0,False,False,0,0
2290,1551,__pr_graph_lp_or_to_or_and__: 4889:entity-operate: chipshooter-mk01 --> recipe-category: chip__0__0:noncoproduct-route,,,True,entity-operate: chipshooter-mk01 --> recipe-category: chip__0__0,False,False,0,0
2291,1552,__pr_graph_lp_or_to_or_and__: 4891:entity-operate: pcb-factory-mk01 --> recipe-category: pcb__1__0:noncoproduct-route,,,True,entity-operate: pcb-factory-mk01 --> recipe-category: pcb__1__0,False,False,0,0
2292,1553,__pr_graph_lp_or_to_or_and__: 4892:entity-operate: pcb-factory-mk01 --> recipe-category: pcb__0__0:noncoproduct-route,,,True,entity-operate: pcb-factory-mk01 --> recipe-category: pcb__0__0,False,False,0,0
2293,1554,__pr_graph_lp_or_to_or_and__: 4893:entity-operate: pcb-factory-mk01 --> recipe-category: pcb__2__0:noncoproduct-route,,,True,entity-operate: pcb-factory-mk01 --> recipe-category: pcb__2__0,False,False,0,0
2294,1555,__pr_graph_lp_or_to_or_and__: 4895:entity-operate: reformer-mk01 --> recipe-category: reformer__2__3:noncoproduct-route,,,True,entity-operate: reformer-mk01 --> recipe-category: reformer__2__3,False,False,0,0
2295,1556,__pr_graph_lp_or_to_or_and__: 4896:entity-operate: reformer-mk01 --> recipe-category: reformer__2__0:noncoproduct-route,,,True,entity-operate: reformer-mk01 --> recipe-category: reformer__2__0,False,False,0,0
2296,1557,__pr_graph_lp_or_to_or_and__: 4897:entity-operate: reformer-mk01 --> recipe-category: reformer__1__1:noncoproduct-route,,,True,entity-operate: reformer-mk01 --> recipe-category: reformer__1__1,False,False,0,0
2297,1558,__pr_graph_lp_or_to_or_and__: 4898:entity-operate: reformer-mk01 --> recipe-category: reformer__2__1:noncoproduct-route,,,True,entity-operate: reformer-mk01 --> recipe-category: reformer__2__1,False,False,0,0
2298,1559,__pr_graph_lp_or_to_or_and__: 4899:entity-operate: reformer-mk01 --> recipe-category: reformer__1__0:noncoproduct-route,,,True,entity-operate: reformer-mk01 --> recipe-category: reformer__1__0,False,False,0,0
2299,1560,__pr_graph_lp_or_to_or_and__: 4900:entity-operate: reformer-mk01 --> recipe-category: reformer__3__2:noncoproduct-route,,,True,entity-operate: reformer-mk01 --> recipe-category: reformer__3__2,False,False,0,0
2300,1561,__pr_graph_lp_or_to_or_and__: 4902:entity-operate: retorter --> recipe-category: kerogen__1__1:noncoproduct-route,,,True,entity-operate: retorter --> recipe-category: kerogen__1__1,False,False,0,0
2301,1562,__pr_graph_lp_or_to_or_and__: 4904:entity-operate: moss-farm-mk01 --> recipe-category: moss__2__0:noncoproduct-route,,,True,entity-operate: moss-farm-mk01 --> recipe-category: moss__2__0,False,False,0,0
2302,1563,__pr_graph_lp_or_to_or_and__: 4905:entity-operate: moss-farm-mk01 --> recipe-category: moss__1__0:noncoproduct-route,,,True,entity-operate: moss-farm-mk01 --> recipe-category: moss__1__0,False,False,0,0
2303,1564,__pr_graph_lp_or_to_or_and__: 4906:entity-operate: moss-farm-mk01 --> recipe-category: moss__1__1:noncoproduct-route,,,True,entity-operate: moss-farm-mk01 --> recipe-category: moss__1__1,False,False,0,0
2304,1565,__pr_graph_lp_or_to_or_and__: 4907:entity-operate: moss-farm-mk01 --> recipe-category: moss__2__1:noncoproduct-route,,,True,entity-operate: moss-farm-mk01 --> recipe-category: moss__2__1,False,False,0,0
2305,1567,__pr_graph_lp_or_to_or_and__: 4910:entity-operate: fwf-mk01 --> recipe-category: fwf__1__0:noncoproduct-route,,,True,entity-operate: fwf-mk01 --> recipe-category: fwf__1__0,False,False,0,0
2306,1569,__pr_graph_lp_or_to_or_and__: 4913:entity-operate: micro-mine-mk01 --> recipe-category: micro-mine__0__0:noncoproduct-route,,,True,entity-operate: micro-mine-mk01 --> recipe-category: micro-mine__0__0,False,False,0,0
2307,1570,__pr_graph_lp_or_to_or_and__: 4915:entity-operate: seaweed-crop-mk01 --> recipe-category: seaweed__1__0:noncoproduct-route,,,True,entity-operate: seaweed-crop-mk01 --> recipe-category: seaweed__1__0,False,False,0,0
2308,1571,__pr_graph_lp_or_to_or_and__: 4916:entity-operate: seaweed-crop-mk01 --> recipe-category: seaweed__2__0:noncoproduct-route,,,True,entity-operate: seaweed-crop-mk01 --> recipe-category: seaweed__2__0,False,False,0,0
2309,1572,__pr_graph_lp_or_to_or_and__: 4917:entity-operate: seaweed-crop-mk01 --> recipe-category: seaweed__3__0:noncoproduct-route,,,True,entity-operate: seaweed-crop-mk01 --> recipe-category: seaweed__3__0,False,False,0,0
2310,1573,__pr_graph_lp_or_to_or_and__: 4918:entity-operate: seaweed-crop-mk01 --> recipe-category: seaweed__1__1:noncoproduct-route,,,True,entity-operate: seaweed-crop-mk01 --> recipe-category: seaweed__1__1,False,False,0,0
2311,1574,__pr_graph_lp_or_to_or_and__: 4919:entity-operate: seaweed-crop-mk01 --> recipe-category: seaweed__2__1:noncoproduct-route,,,True,entity-operate: seaweed-crop-mk01 --> recipe-category: seaweed__2__1,False,False,0,0
2312,1575,__pr_graph_lp_or_to_or_and__: 4920:entity-operate: seaweed-crop-mk01 --> recipe-category: seaweed__0__0:noncoproduct-route,,,True,entity-operate: seaweed-crop-mk01 --> recipe-category: seaweed__0__0,False,False,0,0
2313,1576,__pr_graph_lp_or_to_or_and__: 4922:entity-operate: biofactory-mk01 --> recipe-category: biofactory__2__0:noncoproduct-route,,,True,entity-operate: biofactory-mk01 --> recipe-category: biofactory__2__0,False,False,0,0
2314,1577,__pr_graph_lp_or_to_or_and__: 4923:entity-operate: biofactory-mk01 --> recipe-category: biofactory__1__1:noncoproduct-route,,,True,entity-operate: biofactory-mk01 --> recipe-category: biofactory__1__1,False,False,0,0
2315,1578,__pr_graph_lp_or_to_or_and__: 4924:entity-operate: biofactory-mk01 --> recipe-category: biofactory__2__1:noncoproduct-route,,,True,entity-operate: biofactory-mk01 --> recipe-category: biofactory__2__1,False,False,0,0
2316,1579,__pr_graph_lp_or_to_or_and__: 4925:entity-operate: biofactory-mk01 --> recipe-category: biofactory__0__1:noncoproduct-route,,,True,entity-operate: biofactory-mk01 --> recipe-category: biofactory__0__1,False,False,0,0
2317,1580,__pr_graph_lp_or_to_or_and__: 4926:entity-operate: biofactory-mk01 --> recipe-category: biofactory__1__0:noncoproduct-route,,,True,entity-operate: biofactory-mk01 --> recipe-category: biofactory__1__0,False,False,0,0
2318,1581,__pr_graph_lp_or_to_or_and__: 4927:entity-operate: biofactory-mk01 --> recipe-category: biofactory__0__0:noncoproduct-route,,,True,entity-operate: biofactory-mk01 --> recipe-category: biofactory__0__0,False,False,0,0
2319,1582,__pr_graph_lp_or_to_or_and__: 4928:entity-operate: biofactory-mk01 --> recipe-category: biofactory__2__2:noncoproduct-route,,,True,entity-operate: biofactory-mk01 --> recipe-category: biofactory__2__2,False,False,0,0
2320,1583,__pr_graph_lp_or_to_or_and__: 4929:entity-operate: biofactory-mk01 --> recipe-category: biofactory__3__1:noncoproduct-route,,,True,entity-operate: biofactory-mk01 --> recipe-category: biofactory__3__1,False,False,0,0
2321,1584,__pr_graph_lp_or_to_or_and__: 4930:entity-operate: biofactory-mk01 --> recipe-category: biofactory__3__0:noncoproduct-route,,,True,entity-operate: biofactory-mk01 --> recipe-category: biofactory__3__0,False,False,0,0
2322,1585,__pr_graph_lp_or_to_or_and__: 4931:entity-operate: biofactory-mk01 --> recipe-category: biofactory__3__2:noncoproduct-route,,,True,entity-operate: biofactory-mk01 --> recipe-category: biofactory__3__2,False,False,0,0
2323,1586,__pr_graph_lp_or_to_or_and__: 4933:entity-operate: incubator-mk01 --> recipe-category: incubator__1__1:noncoproduct-route,,,True,entity-operate: incubator-mk01 --> recipe-category: incubator__1__1,False,False,0,0
2324,1587,__pr_graph_lp_or_to_or_and__: 4934:entity-operate: incubator-mk01 --> recipe-category: incubator__0__1:noncoproduct-route,,,True,entity-operate: incubator-mk01 --> recipe-category: incubator__0__1,False,False,0,0
2325,1588,__pr_graph_lp_or_to_or_and__: 4935:entity-operate: incubator-mk01 --> recipe-category: incubator__0__0:noncoproduct-route,,,True,entity-operate: incubator-mk01 --> recipe-category: incubator__0__0,False,False,0,0
2326,1589,__pr_graph_lp_or_to_or_and__: 4936:entity-operate: incubator-mk01 --> recipe-category: incubator__1__0:noncoproduct-route,,,True,entity-operate: incubator-mk01 --> recipe-category: incubator__1__0,False,False,0,0
2327,1590,__pr_graph_lp_or_to_or_and__: 4937:entity-operate: incubator-mk01 --> recipe-category: incubator__2__0:noncoproduct-route,,,True,entity-operate: incubator-mk01 --> recipe-category: incubator__2__0,False,False,0,0
2328,1591,__pr_graph_lp_or_to_or_and__: 4939:entity-operate: creature-chamber-mk01 --> recipe-category: creature-chamber__2__0:noncoproduct-route,,,True,entity-operate: creature-chamber-mk01 --> recipe-category: creature-chamber__2__0,False,False,0,0
2329,1592,__pr_graph_lp_or_to_or_and__: 4940:entity-operate: creature-chamber-mk01 --> recipe-category: creature-chamber__1__0:noncoproduct-route,,,True,entity-operate: creature-chamber-mk01 --> recipe-category: creature-chamber__1__0,False,False,0,0
2330,1593,__pr_graph_lp_or_to_or_and__: 4941:entity-operate: creature-chamber-mk01 --> recipe-category: creature-chamber__3__0:noncoproduct-route,,,True,entity-operate: creature-chamber-mk01 --> recipe-category: creature-chamber__3__0,False,False,0,0
2331,1594,__pr_graph_lp_or_to_or_and__: 4942:entity-operate: creature-chamber-mk01 --> recipe-category: creature-chamber__0__0:noncoproduct-route,,,True,entity-operate: creature-chamber-mk01 --> recipe-category: creature-chamber__0__0,False,False,0,0
2332,1595,__pr_graph_lp_or_to_or_and__: 4944:entity-operate: vrauks-paddock-mk01 --> recipe-category: vrauks__0__0:noncoproduct-route,,,True,entity-operate: vrauks-paddock-mk01 --> recipe-category: vrauks__0__0,False,False,0,0
2333,1603,__pr_graph_lp_or_to_or_and__: 4954:entity-operate: data-array --> recipe-category: data-array__0__0:noncoproduct-route,,,True,entity-operate: data-array --> recipe-category: data-array__0__0,False,False,0,0
2334,1604,__pr_graph_lp_or_to_or_and__: 4956:entity-operate: sap-extractor-mk01 --> recipe-category: sap-extractor__0__0:noncoproduct-route,,,True,entity-operate: sap-extractor-mk01 --> recipe-category: sap-extractor__0__0,False,False,0,0
2335,1605,__pr_graph_lp_or_to_or_and__: 4957:entity-operate: sap-extractor-mk01 --> recipe-category: sap-extractor__1__0:noncoproduct-route,,,True,entity-operate: sap-extractor-mk01 --> recipe-category: sap-extractor__1__0,False,False,0,0
2336,1606,__pr_graph_lp_or_to_or_and__: 4959:entity-operate: research-center-mk01 --> recipe-category: research__0__0:noncoproduct-route,,,True,entity-operate: research-center-mk01 --> recipe-category: research__0__0,False,False,0,0
2337,1612,__pr_graph_lp_or_to_or_and__: 4966:entity-operate: slaughterhouse-mk01 --> recipe-category: slaughterhouse__0__1:noncoproduct-route,,,True,entity-operate: slaughterhouse-mk01 --> recipe-category: slaughterhouse__0__1,False,False,0,0
2338,1616,__pr_graph_lp_or_to_or_and__: 4971:entity-operate: borax-mine --> resource-category: borax__1__0:noncoproduct-route,,,True,entity-operate: borax-mine --> resource-category: borax__1__0,False,False,0,0
2339,1617,__pr_graph_lp_or_to_or_and__: 4972:entity-operate: borax-mine --> resource-category: borax__0__0:noncoproduct-route,,,True,entity-operate: borax-mine --> resource-category: borax__0__0,False,False,0,0
2340,1618,__pr_graph_lp_or_to_or_and__: 4974:entity-operate: flora-collector-mk01 --> resource-category: ore-bioreserve__0__0:noncoproduct-route,,,True,entity-operate: flora-collector-mk01 --> resource-category: ore-bioreserve__0__0,False,False,0,0
2341,1619,__pr_graph_lp_or_to_or_and__: 4976:entity-operate: offshore-pump --> tile-fluid-pump: deepwater:noncoproduct-route,,,True,entity-operate: offshore-pump --> tile-fluid-pump: deepwater,False,False,0,0
2342,1621,__pr_graph_lp_or_to_or_and__: 4978:entity-operate: offshore-pump --> tile-fluid-pump: water:noncoproduct-route,,,True,entity-operate: offshore-pump --> tile-fluid-pump: water,False,False,0,0
2343,1628,__pr_graph_lp_or_to_or_and__: 4989:logic-and: smart-farm-kicalk-tree-recipe-kicalk-super-2 --> logic-or: smart-farm-kicalk-tree-recipe:noncoproduct-route,,,True,logic-and: smart-farm-kicalk-tree-recipe-kicalk-super-2 --> logic-or: smart-farm-kicalk-tree-recipe,False,False,0,0
2344,1631,__pr_graph_lp_or_to_or_and__: 4995:logic-and: smart-farm-ralesia-flowers-recipe-ralesia-super-3 --> logic-or: smart-farm-ralesia-flowers-recipe:noncoproduct-route,,,True,logic-and: smart-farm-ralesia-flowers-recipe-ralesia-super-3 --> logic-or: smart-farm-ralesia-flowers-recipe,False,False,0,0
2345,1632,__pr_graph_lp_or_to_or_and__: 4997:logic-and: smart-farm-yotoi-tree-fruit-recipe-yotoi-fruit-super-1 --> logic-or: smart-farm-yotoi-tree-fruit-recipe:noncoproduct-route,,,True,logic-and: smart-farm-yotoi-tree-fruit-recipe-yotoi-fruit-super-1 --> logic-or: smart-farm-yotoi-tree-fruit-recipe,False,False,0,0
2346,1634,__pr_graph_lp_or_to_or_and__: 5001:logic-and: smart-farm-yotoi-tree-fruit-recipe-yotoi-fruit-super-3 --> logic-or: smart-farm-yotoi-tree-fruit-recipe:noncoproduct-route,,,True,logic-and: smart-farm-yotoi-tree-fruit-recipe-yotoi-fruit-super-3 --> logic-or: smart-farm-yotoi-tree-fruit-recipe,False,False,0,0
2347,1635,__pr_graph_lp_or_to_or_and__: 5003:logic-and: smart-farm-yotoi-tree-recipe-yotoi-super-1 --> logic-or: smart-farm-yotoi-tree-recipe:noncoproduct-route,,,True,logic-and: smart-farm-yotoi-tree-recipe-yotoi-super-1 --> logic-or: smart-farm-yotoi-tree-recipe,False,False,0,0
2348,1636,__pr_graph_lp_or_to_or_and__: 5005:logic-and: smart-farm-yotoi-tree-recipe-yotoi-super-2 --> logic-or: smart-farm-yotoi-tree-recipe:noncoproduct-route,,,True,logic-and: smart-farm-yotoi-tree-recipe-yotoi-super-2 --> logic-or: smart-farm-yotoi-tree-recipe,False,False,0,0
2349,1637,__pr_graph_lp_or_to_or_and__: 5007:logic-and: smart-farm-yotoi-tree-recipe-yotoi-super-3 --> logic-or: smart-farm-yotoi-tree-recipe:noncoproduct-route,,,True,logic-and: smart-farm-yotoi-tree-recipe-yotoi-super-3 --> logic-or: smart-farm-yotoi-tree-recipe,False,False,0,0
2350,1644,__pr_graph_lp_or_to_or_and__: 904:item: hpf --> entity-build-item: hpf,,,True,item: hpf --> entity-build-item: hpf,False,False,0,0
2351,1645,__pr_graph_lp_or_to_or_and__: 908:item: evaporator --> entity-build-item: evaporator,,,True,item: evaporator --> entity-build-item: evaporator,False,False,0,0
2352,1646,__pr_graph_lp_or_to_or_and__: 912:item: olefin-plant --> entity-build-item: olefin-plant,,,True,item: olefin-plant --> entity-build-item: olefin-plant,False,False,0,0
2353,1648,__pr_graph_lp_or_to_or_and__: 920:item: solid-separator --> entity-build-item: solid-separator,,,True,item: solid-separator --> entity-build-item: solid-separator,False,False,0,0
2354,1649,__pr_graph_lp_or_to_or_and__: 924:item: washer --> entity-build-item: washer,,,True,item: washer --> entity-build-item: washer,False,False,0,0
2355,1651,__pr_graph_lp_or_to_or_and__: 932:item: jaw-crusher --> entity-build-item: jaw-crusher,,,True,item: jaw-crusher --> entity-build-item: jaw-crusher,False,False,0,0
2356,1652,__pr_graph_lp_or_to_or_and__: 936:item: botanical-nursery --> entity-build-item: botanical-nursery,,,True,item: botanical-nursery --> entity-build-item: botanical-nursery,False,False,0,0
2357,1658,__pr_graph_lp_or_to_or_and__: 961:item: smelter-mk01 --> entity-build-item: smelter-mk01,,,True,item: smelter-mk01 --> entity-build-item: smelter-mk01,False,False,0,0
2358,1660,__pr_graph_lp_or_to_or_and__: 970:item: clay-pit-mk01 --> entity-build-item: clay-pit-mk01,,,True,item: clay-pit-mk01 --> entity-build-item: clay-pit-mk01,False,False,0,0
2359,1661,__pr_graph_lp_or_to_or_and__: 974:item: moondrop-greenhouse-mk01 --> entity-build-item: moondrop-greenhouse-mk01,,,True,item: moondrop-greenhouse-mk01 --> entity-build-item: moondrop-greenhouse-mk01,False,False,0,0
2360,1664,__pr_graph_lp_or_to_or_and__: 984:item: pulp-mill-mk01 --> entity-build-item: pulp-mill-mk01,,,True,item: pulp-mill-mk01 --> entity-build-item: pulp-mill-mk01,False,False,0,0
2361,1665,__pr_graph_lp_or_to_or_and__: 988:item: pcb-factory-mk01 --> entity-build-item: pcb-factory-mk01,,,True,item: pcb-factory-mk01 --> entity-build-item: pcb-factory-mk01,False,False,0,0
2362,1666,__pr_graph_lp_or_to_or_and__: 992:item: chipshooter-mk01 --> entity-build-item: chipshooter-mk01,,,True,item: chipshooter-mk01 --> entity-build-item: chipshooter-mk01,False,False,0,0
2363,1667,__pr_graph_lp_or_to_or_and__: 996:item: reformer-mk01 --> entity-build-item: reformer-mk01,,,True,item: reformer-mk01 --> entity-build-item: reformer-mk01,False,False,0,0
2364,1668,base: ,base,,False,,False,False,0,0
2365,1669,cost-unit: ,cost-unit,,False,,False,False,0,0
2366,1670,energy-source-electric: ,energy-source-electric,,False,,False,False,0,0
2367,1671,energy-source-void: ,energy-source-void,,False,,False,False,0,0
2368,1673,entity-build: assembling-machine-1,entity-build,assembling-machine-1,False,,False,False,0,0
2369,1674,entity-build: automated-screener-mk01,entity-build,automated-screener-mk01,False,,False,False,0,0
2370,1675,entity-build: barrel-machine-mk01,entity-build,barrel-machine-mk01,False,,False,False,0,0
2371,1677,entity-build: boiler,entity-build,boiler,False,,False,False,0,0
2372,1678,entity-build: borax-mine,entity-build,borax-mine,False,,False,False,0,0
2373,1679,entity-build: botanical-nursery,entity-build,botanical-nursery,False,,False,False,0,0
2374,1680,entity-build: burner-inserter,entity-build,burner-inserter,False,,False,False,0,0
2375,1682,entity-build: car,entity-build,car,False,,False,False,0,0
2376,1683,entity-build: caravan,entity-build,caravan,False,,False,False,0,0
2377,1684,entity-build: chipshooter-mk01,entity-build,chipshooter-mk01,False,,False,False,0,0
2378,1685,entity-build: clay-pit-mk01,entity-build,clay-pit-mk01,False,,False,False,0,0
2379,1686,entity-build: creature-chamber-mk01,entity-build,creature-chamber-mk01,False,,False,False,0,0
2380,1687,entity-build: data-array,entity-build,data-array,False,,False,False,0,0
2381,1688,entity-build: distilator,entity-build,distilator,False,,False,False,0,0
2382,1689,entity-build: electrolyzer-mk01,entity-build,electrolyzer-mk01,False,,False,False,0,0
2383,1691,entity-build: evaporator,entity-build,evaporator,False,,False,False,0,0
2384,1693,entity-build: fluid-drill-mk01,entity-build,fluid-drill-mk01,False,,False,False,0,0
2385,1695,entity-build: fwf-mk01,entity-build,fwf-mk01,False,,False,False,0,0
2386,1696,entity-build: gasifier,entity-build,gasifier,False,,False,False,0,0
2387,1697,entity-build: gate,entity-build,gate,False,,False,False,0,0
2388,1698,entity-build: genlab-mk01,entity-build,genlab-mk01,False,,False,False,0,0
2389,1699,entity-build: glassworks-mk01,entity-build,glassworks-mk01,False,,False,False,0,0
2390,1700,entity-build: gun-turret,entity-build,gun-turret,False,,False,False,0,0
2391,1702,entity-build: incubator-mk01,entity-build,incubator-mk01,False,,False,False,0,0
2392,1704,entity-build: iron-chest,entity-build,iron-chest,False,,False,False,0,0
2393,1705,entity-build: jaw-crusher,entity-build,jaw-crusher,False,,False,False,0,0
2394,1706,entity-build: lab,entity-build,lab,False,,False,False,0,0
2395,1707,entity-build: micro-mine-mk01,entity-build,micro-mine-mk01,False,,False,False,0,0
2396,1709,entity-build: moss-farm-mk01,entity-build,moss-farm-mk01,False,,False,False,0,0
2397,1710,entity-build: multiblade-turbine-mk01,entity-build,multiblade-turbine-mk01,False,,False,False,0,0
2398,1711,entity-build: offshore-pump,entity-build,offshore-pump,False,,False,False,0,0
2399,1714,entity-build: outpost-fluid,entity-build,outpost-fluid,False,,False,False,0,0
2400,1716,entity-build: pipe,entity-build,pipe,False,,False,False,0,0
2401,1719,entity-build: pulp-mill-mk01,entity-build,pulp-mill-mk01,False,,False,False,0,0
2402,1720,entity-build: pump,entity-build,pump,False,,False,False,0,0
2403,1721,entity-build: py-check-valve,entity-build,py-check-valve,False,,False,False,0,0
2404,1722,entity-build: py-gas-vent,entity-build,py-gas-vent,False,,False,False,0,0
2405,1723,entity-build: py-local-radar,entity-build,py-local-radar,False,,False,False,0,0
2406,1724,entity-build: py-overflow-valve,entity-build,py-overflow-valve,False,,False,False,0,0
2407,1726,entity-build: py-tank-1000,entity-build,py-tank-1000,False,,False,False,0,0
2408,1727,entity-build: py-tank-10000,entity-build,py-tank-10000,False,,False,False,0,0
2409,1728,entity-build: py-tank-1500,entity-build,py-tank-1500,False,,False,False,0,0
2410,1729,entity-build: py-tank-3000,entity-build,py-tank-3000,False,,False,False,0,0
2411,1730,entity-build: py-tank-4000,entity-build,py-tank-4000,False,,False,False,0,0
2412,1731,entity-build: py-tank-5000,entity-build,py-tank-5000,False,,False,False,0,0
2413,1733,entity-build: py-tank-7000,entity-build,py-tank-7000,False,,False,False,0,0
2414,1734,entity-build: py-tank-8000,entity-build,py-tank-8000,False,,False,False,0,0
2415,1735,entity-build: py-tank-9000,entity-build,py-tank-9000,False,,False,False,0,0
2416,1740,entity-build: reformer-mk01,entity-build,reformer-mk01,False,,False,False,0,0
2417,1743,entity-build: sap-extractor-mk01,entity-build,sap-extractor-mk01,False,,False,False,0,0
2418,1744,entity-build: seaweed-crop-mk01,entity-build,seaweed-crop-mk01,False,,False,False,0,0
2419,1745,entity-build: slaughterhouse-mk01,entity-build,slaughterhouse-mk01,False,,False,False,0,0
2420,1746,entity-build: small-electric-pole,entity-build,small-electric-pole,False,,False,False,0,0
2421,1747,entity-build: small-lamp,entity-build,small-lamp,False,,False,False,0,0
2422,1748,entity-build: smelter-mk01,entity-build,smelter-mk01,False,,False,False,0,0
2423,1751,entity-build: splitter,entity-build,splitter,False,,False,False,0,0
2424,1752,entity-build: steam-engine,entity-build,steam-engine,False,,False,False,0,0
2425,1755,entity-build: stone-wall,entity-build,stone-wall,False,,False,False,0,0
2426,1756,entity-build: storage-tank,entity-build,storage-tank,False,,False,False,0,0
2427,1757,entity-build: tailings-pond,entity-build,tailings-pond,False,,False,False,0,0
2428,1758,entity-build: tar-processing-unit,entity-build,tar-processing-unit,False,,False,False,0,0
2429,1759,entity-build: transport-belt,entity-build,transport-belt,False,,False,False,0,0
2430,1761,entity-build: vacuum-pump-mk01,entity-build,vacuum-pump-mk01,False,,False,False,0,0
2431,1762,entity-build: vrauks-paddock-mk01,entity-build,vrauks-paddock-mk01,False,,False,False,0,0
2432,1764,entity-build: wooden-chest,entity-build,wooden-chest,False,,False,False,0,0
2433,1765,entity-build: wpu-mk01,entity-build,wpu-mk01,False,,False,False,0,0
2434,1783,entity-mine: copper-ore,entity-mine,copper-ore,False,,True,False,0,0
2435,1810,entity-mine: iron-ore,entity-mine,iron-ore,False,,True,False,0,0
2436,1820,entity-mine: ore-bioreserve,entity-mine,ore-bioreserve,False,,True,False,0,0
2437,1824,entity-mine: ore-quartz,entity-mine,ore-quartz,False,,True,False,0,0
2438,1854,entity-mine: raw-coal,entity-mine,raw-coal,False,,True,False,0,0
2439,1871,entity-mine: stone,entity-mine,stone,False,,True,False,0,0
2440,1900,entity-operate: aluminium-rock,entity-operate,aluminium-rock,False,,False,False,0,0
2441,1901,entity-operate: antimonium,entity-operate,antimonium,False,,False,False,0,0
2442,1905,entity-operate: behemoth-worm-turret,entity-operate,behemoth-worm-turret,False,,False,False,0,0
2443,1907,entity-operate: big-sand-rock,entity-operate,big-sand-rock,False,,False,False,0,0
2444,1908,entity-operate: big-worm-turret,entity-operate,big-worm-turret,False,,False,False,0,0
2445,1910,entity-operate: biter-spawner,entity-operate,biter-spawner,False,,False,False,0,0
2446,1913,entity-operate: borax,entity-operate,borax,False,,False,False,0,0
2447,1919,entity-operate: caravan,entity-operate,caravan,False,,False,False,0,0
2448,1920,entity-operate: character,entity-operate,character,False,,False,False,0,0
2449,1922,entity-operate: chromium-rock,entity-operate,chromium-rock,False,,False,False,0,0
2450,1924,entity-operate: coal-rock,entity-operate,coal-rock,False,,False,False,0,0
2451,1925,entity-operate: copper-ore,entity-operate,copper-ore,False,,False,False,0,0
2452,1934,entity-operate: dry-tree,entity-operate,dry-tree,False,,False,False,0,0
2453,1941,entity-operate: fluidavan,entity-operate,fluidavan,False,,False,False,0,0
2454,1946,entity-operate: geothermal-crack,entity-operate,geothermal-crack,False,,False,False,0,0
2455,1948,entity-operate: gun-turret,entity-operate,gun-turret,False,,False,False,0,0
2456,1950,entity-operate: huge-rock,entity-operate,huge-rock,False,,False,False,0,0
2457,1953,entity-operate: iron-chest,entity-operate,iron-chest,False,,False,False,0,0
2458,1955,entity-operate: iron-rock,entity-operate,iron-rock,False,,False,False,0,0
2459,1958,entity-operate: lead-rock,entity-operate,lead-rock,False,,False,False,0,0
2460,1959,entity-operate: medium-worm-turret,entity-operate,medium-worm-turret,False,,False,False,0,0
2461,1961,entity-operate: molybdenum-ore,entity-operate,molybdenum-ore,False,,False,False,0,0
2462,1967,entity-operate: offshore-pump,entity-operate,offshore-pump,False,,False,False,0,0
2463,1970,entity-operate: ore-aluminium,entity-operate,ore-aluminium,False,,False,False,0,0
2464,1972,entity-operate: ore-chromium,entity-operate,ore-chromium,False,,False,False,0,0
2465,1974,entity-operate: ore-nexelit,entity-operate,ore-nexelit,False,,False,False,0,0
2466,1976,entity-operate: ore-quartz,entity-operate,ore-quartz,False,,False,False,0,0
2467,1977,entity-operate: ore-tin,entity-operate,ore-tin,False,,False,False,0,0
2468,1984,entity-operate: phosphate-rock-02,entity-operate,phosphate-rock-02,False,,False,False,0,0
2469,1987,entity-operate: poorman-wood-fence,entity-operate,poorman-wood-fence,False,,False,False,0,0
2470,1990,entity-operate: py-check-valve,entity-operate,py-check-valve,False,,False,False,0,0
2471,1994,entity-operate: py-sinkhole,entity-operate,py-sinkhole,False,,False,False,0,0
2472,1995,entity-operate: py-tank-1000,entity-operate,py-tank-1000,False,,False,False,0,0
2473,1997,entity-operate: py-tank-1500,entity-operate,py-tank-1500,False,,False,False,0,0
2474,2001,entity-operate: py-tank-6500,entity-operate,py-tank-6500,False,,False,False,0,0
2475,2005,entity-operate: py-underflow-valve,entity-operate,py-underflow-valve,False,,False,False,0,0
2476,2009,entity-operate: rare-earth-bolide,entity-operate,rare-earth-bolide,False,,False,False,0,0
2477,2012,entity-operate: ree,entity-operate,ree,False,,False,False,0,0
2478,2014,entity-operate: regolites,entity-operate,regolites,False,,False,False,0,0
2479,2017,entity-operate: salt-rock,entity-operate,salt-rock,False,,False,False,0,0
2480,2022,entity-operate: small-electric-pole,entity-operate,small-electric-pole,False,,False,False,0,0
2481,2028,entity-operate: spitter-spawner,entity-operate,spitter-spawner,False,,False,False,0,0
2482,2029,entity-operate: splitter,entity-operate,splitter,False,,False,False,0,0
2483,2030,entity-operate: steam-engine,entity-operate,steam-engine,False,,False,False,0,0
2484,2031,entity-operate: steel-chest,entity-operate,steel-chest,False,,False,False,0,0
2485,2034,entity-operate: stone-wall,entity-operate,stone-wall,False,,False,False,0,0
2486,2037,entity-operate: tailings-pond,entity-operate,tailings-pond,False,,False,False,0,0
2487,2039,entity-operate: tin-rock,entity-operate,tin-rock,False,,False,False,0,0
2488,2040,entity-operate: titanium-rock,entity-operate,titanium-rock,False,,False,False,0,0
2489,2041,entity-operate: transport-belt,entity-operate,transport-belt,False,,False,False,0,0
2490,2044,entity-operate: tree-02-red,entity-operate,tree-02-red,False,,False,False,0,0
2491,2045,entity-operate: tree-03,entity-operate,tree-03,False,,False,False,0,0
2492,2046,entity-operate: tree-04,entity-operate,tree-04,False,,False,False,0,0
2493,2050,entity-operate: tree-07,entity-operate,tree-07,False,,False,False,0,0
2494,2051,entity-operate: tree-08,entity-operate,tree-08,False,,False,False,0,0
2495,2052,entity-operate: tree-08-brown,entity-operate,tree-08-brown,False,,False,False,0,0
2496,2056,entity-operate: tree-09-red,entity-operate,tree-09-red,False,,False,False,0,0
2497,2057,entity-operate: underground-belt,entity-operate,underground-belt,False,,False,False,0,0
2498,2058,entity-operate: uranium-ore,entity-operate,uranium-ore,False,,False,False,0,0
2499,2061,entity-operate: volcanic-pipe,entity-operate,volcanic-pipe,False,,False,False,0,0
2500,2066,entity-operate: zinc-rock,entity-operate,zinc-rock,False,,False,False,0,0
2501,2067,fluid-ingredient: ,fluid-ingredient,,False,,False,False,0,0
2502,2068,fluid-temperature: acetylene: 15,fluid-temperature,acetylene: 15,False,,False,False,0,0
2503,2069,fluid-temperature: acidgas: 15,fluid-temperature,acidgas: 15,False,,False,False,0,0
2504,2070,fluid-temperature: anthracene-oil: 10,fluid-temperature,anthracene-oil: 10,False,,False,False,0,0
2505,2071,fluid-temperature: aromatics: 10,fluid-temperature,aromatics: 10,False,,False,False,0,0
2506,2072,fluid-temperature: carbolic-oil: 10,fluid-temperature,carbolic-oil: 10,False,,False,False,0,0
2507,2073,fluid-temperature: carbon-dioxide: 15,fluid-temperature,carbon-dioxide: 15,False,,False,False,0,0
2508,2074,fluid-temperature: chlorine: 15,fluid-temperature,chlorine: 15,False,,False,False,0,0
2509,2075,fluid-temperature: coal-gas: 15,fluid-temperature,coal-gas: 15,False,,False,False,0,0
2510,2076,fluid-temperature: condensates: 10,fluid-temperature,condensates: 10,False,,False,False,0,0
2511,2078,fluid-temperature: creosote: 10,fluid-temperature,creosote: 10,False,,False,False,0,0
2512,2079,fluid-temperature: flue-gas: 15,fluid-temperature,flue-gas: 15,False,,False,False,0,0
2513,2081,fluid-temperature: gasoline: 10,fluid-temperature,gasoline: 10,False,,False,False,0,0
2514,2082,fluid-temperature: heavy-oil: 25,fluid-temperature,heavy-oil: 25,False,,False,False,0,0
2515,2083,fluid-temperature: hydrogen: 15,fluid-temperature,hydrogen: 15,False,,False,False,0,0
2516,2084,fluid-temperature: kerosene: 10,fluid-temperature,kerosene: 10,False,,False,False,0,0
2517,2085,fluid-temperature: light-oil: 25,fluid-temperature,light-oil: 25,False,,False,False,0,0
2518,2086,fluid-temperature: methanal: 10,fluid-temperature,methanal: 10,False,,False,False,0,0
2519,2087,fluid-temperature: methane: 15,fluid-temperature,methane: 15,False,,False,False,0,0
2520,2088,fluid-temperature: middle-oil: 10,fluid-temperature,middle-oil: 10,False,,False,False,0,0
2521,2089,fluid-temperature: molten-glass: 10,fluid-temperature,molten-glass: 10,False,,False,False,0,0
2522,2090,fluid-temperature: muddy-sludge: 10,fluid-temperature,muddy-sludge: 10,False,,False,False,0,0
2523,2091,fluid-temperature: naphthalene-oil: 10,fluid-temperature,naphthalene-oil: 10,False,,False,False,0,0
2524,2092,fluid-temperature: oxygen: 15,fluid-temperature,oxygen: 15,False,,False,False,0,0
2525,2093,fluid-temperature: pitch: 10,fluid-temperature,pitch: 10,False,,False,False,0,0
2526,2094,fluid-temperature: pressured-air: 15,fluid-temperature,pressured-air: 15,False,,False,False,0,0
2527,2095,fluid-temperature: pressured-water: 10,fluid-temperature,pressured-water: 10,False,,False,False,0,0
2528,2096,fluid-temperature: scrude: 10,fluid-temperature,scrude: 10,False,,False,False,0,0
2529,2097,fluid-temperature: slacked-lime: 10,fluid-temperature,slacked-lime: 10,False,,False,False,0,0
2530,2098,fluid-temperature: steam: 250,fluid-temperature,steam: 250,False,,False,False,0,0
2531,2099,fluid-temperature: syngas: 15,fluid-temperature,syngas: 15,False,,False,False,0,0
2532,2100,fluid-temperature: tailings: 10,fluid-temperature,tailings: 10,False,,False,False,0,0
2533,2101,fluid-temperature: tar: 10,fluid-temperature,tar: 10,False,,False,False,0,0
2534,2102,fluid-temperature: vacuum: 15,fluid-temperature,vacuum: 15,False,,False,False,0,0
2535,2103,fluid-temperature: water-saline: 25,fluid-temperature,water-saline: 25,False,,False,False,0,0
2536,2105,item-ammo: firearm-magazine,item-ammo,firearm-magazine,False,,False,False,0,0
2537,2106,item-ammo: shotgun-shell,item-ammo,shotgun-shell,False,,False,False,0,0
2538,2130,item-gun: shotgun,item-gun,shotgun,False,,False,False,0,0
2539,2132,item-ingredient: ,item-ingredient,,False,,False,False,0,0
2540,2133,logic-and: ,logic-and,,False,,False,False,0,0
2541,2147,orand: ,orand,,False,,False,False,0,0
2542,2330,recipe: grade-1-copper-crush,recipe,grade-1-copper-crush,False,,True,True,0,0
2543,2331,recipe: grade-1-iron-crush,recipe,grade-1-iron-crush,False,,True,True,0,0
2544,2418,recipe: pressured-air,recipe,pressured-air,False,,True,True,0,0
2545,2504,recipe: tailings-classification,recipe,tailings-classification,False,,True,True,0,0
2546,2524,recipe: vacuum,recipe,vacuum,False,,True,True,0,0
2547,2545,room-autoplace: planet: nauvis,room-autoplace,planet: nauvis,False,,False,False,0,0
2548,2546,satisfied: ,satisfied,,False,,False,False,0,0
2549,2547,science-pack-set-science: automation-science-pack,science-pack-set-science,automation-science-pack,False,,False,False,0,0
2550,2548,slot: ,slot,,False,,False,False,0,0
2551,2549,starting-character: ,starting-character,,False,,False,False,0,0
2552,2550,starting-planet: ,starting-planet,,False,,False,False,0,0
2553,2551,technology: acetylene,technology,acetylene,False,,False,False,0,0
2554,2552,technology: alloys-mk01,technology,alloys-mk01,False,,False,False,0,0
2555,2553,technology: ash-separation,technology,ash-separation,False,,False,False,0,0
2556,2554,technology: automation,technology,automation,False,,False,False,0,0
2557,2555,technology: automation-science-pack,technology,automation-science-pack,False,,False,False,0,0
2558,2556,technology: automobilism,technology,automobilism,False,,False,False,0,0
2559,2557,technology: basic-substrate,technology,basic-substrate,False,,False,False,0,0
2560,2558,technology: biotech-machines-mk01,technology,biotech-machines-mk01,False,,False,False,0,0
2561,2559,technology: biotech-mk01,technology,biotech-mk01,False,,False,False,0,0
2562,2560,technology: botany-mk01,technology,botany-mk01,False,,False,False,0,0
2563,2561,technology: cellulose-mk01,technology,cellulose-mk01,False,,False,False,0,0
2564,2562,technology: ceramic,technology,ceramic,False,,False,False,0,0
2565,2563,technology: coal-processing-1,technology,coal-processing-1,False,,False,False,0,0
2566,2564,technology: concrete,technology,concrete,False,,False,False,0,0
2567,2565,technology: copper-mk01,technology,copper-mk01,False,,False,False,0,0
2568,2566,technology: creosote,technology,creosote,False,,False,False,0,0
2569,2567,technology: crusher,technology,crusher,False,,False,False,0,0
2570,2568,technology: electrolysis,technology,electrolysis,False,,False,False,0,0
2571,2569,technology: electronics,technology,electronics,False,,False,False,0,0
2572,2570,technology: engine,technology,engine,False,,False,False,0,0
2573,2571,technology: fast-wood-forestry-upgrade,technology,fast-wood-forestry-upgrade,False,,False,False,0,0
2574,2572,technology: fluid-handling,technology,fluid-handling,False,,False,False,0,0
2575,2573,technology: fluid-pressurization,technology,fluid-pressurization,False,,False,False,0,0
2576,2574,technology: fluid-processing-machines-1,technology,fluid-processing-machines-1,False,,False,False,0,0
2577,2575,technology: gate,technology,gate,False,,False,False,0,0
2578,2576,technology: genetics-mk01,technology,genetics-mk01,False,,False,False,0,0
2579,2577,technology: glass,technology,glass,False,,False,False,0,0
2580,2578,technology: gun-turret,technology,gun-turret,False,,False,False,0,0
2581,2579,technology: kerogen,technology,kerogen,False,,False,False,0,0
2582,2580,technology: lamp,technology,lamp,False,,False,False,0,0
2583,2581,technology: land-animals-mk01,technology,land-animals-mk01,False,,False,False,0,0
2584,2582,technology: landfill,technology,landfill,False,,False,False,0,0
2585,2583,technology: latex,technology,latex,False,,False,False,0,0
2586,2584,technology: logistics,technology,logistics,False,,False,False,0,0
2587,2585,technology: military,technology,military,False,,False,False,0,0
2588,2586,technology: mining-with-fluid,technology,mining-with-fluid,False,,False,False,0,0
2589,2587,technology: moondrop,technology,moondrop,False,,False,False,0,0
2590,2588,technology: moondrop-upgrade,technology,moondrop-upgrade,False,,False,False,0,0
2591,2589,technology: moss-mk01,technology,moss-mk01,False,,False,False,0,0
2592,2590,technology: petri-dish,technology,petri-dish,False,,False,False,0,0
2593,2591,technology: plastics,technology,plastics,False,,False,False,0,0
2594,2592,technology: py-science-pack-1,technology,py-science-pack-1,False,,False,False,0,0
2595,2593,technology: py-storage-tanks,technology,py-storage-tanks,False,,False,False,0,0
2596,2594,technology: radars-mk01,technology,radars-mk01,False,,False,False,0,0
2597,2595,technology: rendering,technology,rendering,False,,False,False,0,0
2598,2596,technology: repair-pack,technology,repair-pack,False,,False,False,0,0
2599,2597,technology: sap-mk01,technology,sap-mk01,False,,False,False,0,0
2600,2598,technology: scrude,technology,scrude,False,,False,False,0,0
2601,2599,technology: seaweed-mk01,technology,seaweed-mk01,False,,False,False,0,0
2602,2600,technology: soil-washing,technology,soil-washing,False,,False,False,0,0
2603,2601,technology: solder-mk01,technology,solder-mk01,False,,False,False,0,0
2604,2602,technology: steam-power,technology,steam-power,False,,False,False,0,0
2605,2603,technology: steel-axe,technology,steel-axe,False,,False,False,0,0
2606,2604,technology: steel-processing,technology,steel-processing,False,,False,False,0,0
2607,2605,technology: stone-wall,technology,stone-wall,False,,False,False,0,0
2608,2606,technology: syngas,technology,syngas,False,,False,False,0,0
2609,2607,technology: tar-processing,technology,tar-processing,False,,False,False,0,0
2610,2608,technology: vrauks,technology,vrauks,False,,False,False,0,0
2611,2609,technology: wood-processing,technology,wood-processing,False,,False,False,0,0
2612,2610,technology: xenobiology,technology,xenobiology,False,,False,False,0,0
2613,2611,technology: zoology,technology,zoology,False,,False,False,0,0
2614,2612,tile-build-item-place-as-tile: concrete__concrete,tile-build-item-place-as-tile,concrete__concrete,False,,False,False,0,0
2615,2613,tile-build-item-place-as-tile: hazard-concrete-left__hazard-concrete,tile-build-item-place-as-tile,hazard-concrete-left__hazard-concrete,False,,False,False,0,0
2616,2614,tile-build-item-place-as-tile: landfill__landfill,tile-build-item-place-as-tile,landfill__landfill,False,,False,False,0,0
2617,2615,tile-build-item-place-as-tile: refined-concrete__refined-concrete,tile-build-item-place-as-tile,refined-concrete__refined-concrete,False,,False,False,0,0
2618,2616,tile-build-item-place-as-tile: refined-hazard-concrete-left__refined-hazard-concrete,tile-build-item-place-as-tile,refined-hazard-concrete-left__refined-hazard-concrete,False,,False,False,0,0
2619,2617,tile-build-item-place-as-tile: stone-path__stone-brick,tile-build-item-place-as-tile,stone-path__stone-brick,False,,False,False,0,0
2620,2618,tile-fluid: deepwater,tile-fluid,deepwater,False,,False,False,0,0
2621,2620,tile-mine: concrete,tile-mine,concrete,False,,True,False,0,0
2622,2621,tile-mine: hazard-concrete-left,tile-mine,hazard-concrete-left,False,,True,False,0,0
2623,2622,tile-mine: landfill,tile-mine,landfill,False,,True,False,0,0
2624,2623,tile-mine: refined-concrete,tile-mine,refined-concrete,False,,True,False,0,0
2625,2624,tile-mine: refined-hazard-concrete-left,tile-mine,refined-hazard-concrete-left,False,,True,False,0,0
2626,2625,tile-mine: stone-path,tile-mine,stone-path,False,,True,False,0,0
2627,2626,true: ,true,,False,,False,False,0,0
