rank_by_abs_component_1,matrix_index,action_key,node_type,name,synthetic,source,coproduct,is_original_recipe,component_1,absolute_share_1
1,3581,item-burn: auog,item-burn,auog,False,,False,False,1,1
2,4183,recipe: generator-1,recipe,generator-1,False,,True,True,4.0000000000001397e-18,4.0000000000001397e-18
3,3745,recipe: biomass-auog,recipe,biomass-auog,False,,True,True,4.0000000000000064e-18,4.0000000000000064e-18
4,3713,recipe: auog-pyvoid,recipe,auog-pyvoid,False,,True,True,4.0000000000000003e-18,4.0000000000000003e-18
5,3841,recipe: caged-auog,recipe,caged-auog,False,,True,True,4.0000000000000003e-18,4.0000000000000003e-18
6,2150,__pr_graph_lp_or_to_or_and__: 6537:item: auog --> recipe-py-module: auog-mk02,,,True,item: auog --> recipe-py-module: auog-mk02,False,False,8.3333333333333311e-21,8.3333333333333311e-21
7,2151,__pr_graph_lp_or_to_or_and__: 6538:item: auog --> recipe-py-module: auog-mk03,,,True,item: auog --> recipe-py-module: auog-mk03,False,False,8.3333333333333311e-21,8.3333333333333311e-21
8,2152,__pr_graph_lp_or_to_or_and__: 6539:item: auog --> recipe-py-module: auog-mk04,,,True,item: auog --> recipe-py-module: auog-mk04,False,False,8.3333333333333311e-21,8.3333333333333311e-21
9,2145,__pr_graph_lp_or_to_or_and__: 6510:item: auog --> recipe-py-module: auog-pup-breeding-1,,,True,item: auog --> recipe-py-module: auog-pup-breeding-1,False,False,4.1666666666666656e-21,4.1666666666666656e-21
10,2146,__pr_graph_lp_or_to_or_and__: 6517:item: auog --> recipe-py-module: auog-pup-breeding-2,,,True,item: auog --> recipe-py-module: auog-pup-breeding-2,False,False,4.1666666666666656e-21,4.1666666666666656e-21
11,2147,__pr_graph_lp_or_to_or_and__: 6518:item: auog --> recipe-py-module: auog-pup-breeding-3,,,True,item: auog --> recipe-py-module: auog-pup-breeding-3,False,False,3.3333333333333325e-21,3.3333333333333325e-21
12,2148,__pr_graph_lp_or_to_or_and__: 6519:item: auog --> recipe-py-module: auog-pup-breeding-4,,,True,item: auog --> recipe-py-module: auog-pup-breeding-4,False,False,3.3333333333333325e-21,3.3333333333333325e-21
13,2149,__pr_graph_lp_or_to_or_and__: 6520:item: auog --> recipe-py-module: auog-pup-breeding-5,,,True,item: auog --> recipe-py-module: auog-pup-breeding-5,False,False,2.7777777777777778e-21,2.7777777777777778e-21
14,3594,item-burn: light-oil-canister,item-burn,light-oil-canister,False,,False,False,1.2380851679720611e-21,1.2380851679720611e-21
15,3596,item-burn: middle-oil-canister,item-burn,middle-oil-canister,False,,False,False,1.2380851679720611e-21,1.2380851679720611e-21
16,3582,item-burn: carbolic-oil-canister,item-burn,carbolic-oil-canister,False,,False,False,1.2380851679720606e-21,1.2380851679720606e-21
17,3602,item-burn: tall-oil-canister,item-burn,tall-oil-canister,False,,False,False,1.2380851679720606e-21,1.2380851679720606e-21
18,3579,item-burn: anthracene-oil-canister,item-burn,anthracene-oil-canister,False,,False,False,1.2380851679720602e-21,1.2380851679720602e-21
19,3578,item-burn: acetylene-canister,item-burn,acetylene-canister,False,,False,False,1.2380851679720559e-21,1.2380851679720559e-21
20,3580,item-burn: aromatics-canister,item-burn,aromatics-canister,False,,False,False,1.2380851679720559e-21,1.2380851679720559e-21
21,3585,item-burn: coal-gas-canister,item-burn,coal-gas-canister,False,,False,False,1.2380851679720559e-21,1.2380851679720559e-21
22,3587,item-burn: condensates-canister,item-burn,condensates-canister,False,,False,False,1.2380851679720559e-21,1.2380851679720559e-21
23,3589,item-burn: gasoline-canister,item-burn,gasoline-canister,False,,False,False,1.2380851679720559e-21,1.2380851679720559e-21
24,3591,item-burn: heavy-oil-canister,item-burn,heavy-oil-canister,False,,False,False,1.2380851679720559e-21,1.2380851679720559e-21
25,3593,item-burn: kerosene-canister,item-burn,kerosene-canister,False,,False,False,1.2380851679720559e-21,1.2380851679720559e-21
26,3595,item-burn: methane-canister,item-burn,methane-canister,False,,False,False,1.2380851679720559e-21,1.2380851679720559e-21
27,3597,item-burn: naphthalene-oil-canister,item-burn,naphthalene-oil-canister,False,,False,False,1.2380851679720559e-21,1.2380851679720559e-21
28,3598,item-burn: pitch-canister,item-burn,pitch-canister,False,,False,False,1.2380851679720559e-21,1.2380851679720559e-21
29,3600,item-burn: scrude-canister,item-burn,scrude-canister,False,,False,False,1.2380851679720559e-21,1.2380851679720559e-21
30,3601,item-burn: syngas-canister,item-burn,syngas-canister,False,,False,False,1.2380851679720559e-21,1.2380851679720559e-21
31,3603,item-burn: tar-canister,item-burn,tar-canister,False,,False,False,1.2380851679720559e-21,1.2380851679720559e-21
32,3392,entity-operate: py-coal-powerplant-mk01,entity-operate,py-coal-powerplant-mk01,False,,False,False,3.7619531125084072e-22,3.7619531125084072e-22
33,1363,__pr_graph_lp_or_to_or_and__: 1807:item: auog --> entity-operate-py-module: auog-paddock-mk01,,,True,item: auog --> entity-operate-py-module: auog-paddock-mk01,False,False,2.7777777777777779e-22,2.7777777777777779e-22
34,1364,__pr_graph_lp_or_to_or_and__: 1809:item: auog --> entity-operate-py-module: auog-paddock-mk02,,,True,item: auog --> entity-operate-py-module: auog-paddock-mk02,False,False,2.7777777777777779e-22,2.7777777777777779e-22
35,1365,__pr_graph_lp_or_to_or_and__: 1810:item: auog --> entity-operate-py-module: auog-paddock-mk03,,,True,item: auog --> entity-operate-py-module: auog-paddock-mk03,False,False,2.7777777777777779e-22,2.7777777777777779e-22
36,1366,__pr_graph_lp_or_to_or_and__: 1811:item: auog --> entity-operate-py-module: auog-paddock-mk04,,,True,item: auog --> entity-operate-py-module: auog-paddock-mk04,False,False,2.7777777777777779e-22,2.7777777777777779e-22
37,1735,__pr_graph_lp_or_to_or_and__: 3001:item: auog --> fuel-category: auog__1,,,True,item: auog --> fuel-category: auog__1,False,False,8.0000000000000003e-27,8.0000000000000003e-27
38,2278,__pr_graph_lp_or_to_or_and__: 8713:item: auog --> energy-source-burner: auog_2_1,,,True,item: auog --> energy-source-burner: auog_2_1,False,False,8.0000000000000003e-27,8.0000000000000003e-27
39,4484,recipe: py-biomass-powerplant-mk01,recipe,py-biomass-powerplant-mk01,False,,True,True,3.3672003750737829e-31,3.3672003750737829e-31
40,4572,recipe: rc-mk01,recipe,rc-mk01,False,,True,True,3.1216005472504477e-31,3.1216005472504477e-31
41,4490,recipe: py-coal-powerplant-mk01,recipe,py-coal-powerplant-mk01,False,,True,True,2.416800841089929e-31,2.416800841089929e-31
42,3664,recipe: aerial-blimp-mk01,recipe,aerial-blimp-mk01,False,,True,True,2.2715811611937602e-31,2.2715811611937602e-31
43,4508,recipe: py-oil-powerplant-mk01,recipe,py-oil-powerplant-mk01,False,,True,True,1.8536005684289604e-31,1.8536005684289604e-31
44,4690,recipe: steam-turbine-mk01,recipe,steam-turbine-mk01,False,,True,True,1.5560005494345486e-31,1.5560005494345486e-31
45,4466,recipe: prandium-lab-mk01,recipe,prandium-lab-mk01,False,,True,True,1.4107203029456611e-31,1.4107203029456611e-31
46,4494,recipe: py-deposit-basic,recipe,py-deposit-basic,False,,True,True,1.3920800018284768e-31,1.3920800018284768e-31
47,4424,recipe: pcb-factory-mk01,recipe,pcb-factory-mk01,False,,True,True,1.2801602717909259e-31,1.2801602717909259e-31
48,3874,recipe: chipshooter-mk01,recipe,chipshooter-mk01,False,,True,True,1.1201602713871558e-31,1.1201602713871558e-31
49,4367,recipe: moondrop-greenhouse-mk01,recipe,moondrop-greenhouse-mk01,False,,True,True,1.0801601095751901e-31,1.0801601095751901e-31
50,4245,recipe: heavy-oil-refinery-mk01,recipe,heavy-oil-refinery-mk01,False,,True,True,1.008320032418456e-31,1.008320032418456e-31
51,3972,recipe: dino-dig-site,recipe,dino-dig-site,False,,True,True,1.0001602725430369e-31,1.0001602725430369e-31
52,4581,recipe: reformer-mk01,recipe,reformer-mk01,False,,True,True,9.6032003242931551e-32,9.6032003242931551e-32
53,3718,recipe: automated-screener-mk01,recipe,automated-screener-mk01,False,,True,True,9.4416013907903963e-32,9.4416013907903963e-32
54,4546,recipe: py-warehouse-basic,recipe,py-warehouse-basic,False,,True,True,9.4408000125448556e-32,9.4408000125448556e-32
55,4403,recipe: oil-boiler-mk01,recipe,oil-boiler-mk01,False,,True,True,9.3152005782369472e-32,9.3152005782369472e-32
56,4496,recipe: py-electric-boiler,recipe,py-electric-boiler,False,,True,True,9.2832005510404208e-32,9.2832005510404208e-32
57,4745,recipe: tidal-mk01,recipe,tidal-mk01,False,,True,True,9.1528027736117507e-32,9.1528027736117507e-32
58,4550,recipe: pyphoon-bay,recipe,pyphoon-bay,False,,True,True,8.4081413691127172e-32,8.4081413691127172e-32
59,3868,recipe: centrifuge-mk01,recipe,centrifuge-mk01,False,,True,True,8.0240038178403415e-32,8.0240038178403415e-32
60,4585,recipe: research-center-mk01,recipe,research-center-mk01,False,,True,True,8.0016027824300033e-32,8.0016027824300033e-32
61,4662,recipe: smelter-mk01,recipe,smelter-mk01,False,,True,True,7.3616013670455808e-32,7.3616013670455808e-32
62,4787,recipe: vawt-turbine-mk01,recipe,vawt-turbine-mk01,False,,True,True,6.4328048258827674e-32,6.4328048258827674e-32
63,3706,recipe: auog-paddock-mk01,recipe,auog-paddock-mk01,False,,True,True,6.4177187007578626e-32,6.4177187007578626e-32
64,4676,recipe: solid-separator,recipe,solid-separator,False,,True,True,6.001601358585463e-32,6.001601358585463e-32
65,3944,recipe: cracker-mk01,recipe,cracker-mk01,False,,True,True,5.7632005742462107e-32,5.7632005742462107e-32
66,4522,recipe: py-storehouse-basic,recipe,py-storehouse-basic,False,,True,True,5.7608000077438501e-32,5.7608000077438501e-32
67,4385,recipe: nacelle-mk01,recipe,nacelle-mk01,False,,True,True,5.6800013874735073e-32,5.6800013874735073e-32
68,3909,recipe: compost-plant-mk01,recipe,compost-plant-mk01,False,,True,True,5.6336014436440101e-32,5.6336014436440101e-32
69,3722,recipe: ball-mill-mk01,recipe,ball-mill-mk01,False,,True,True,5.6144003035184652e-32,5.6144003035184652e-32
70,4156,recipe: fluid-drill-mk02,recipe,fluid-drill-mk02,False,,True,True,5.0432024486257355e-32,5.0432024486257355e-32
71,4602,recipe: salt-mine,recipe,salt-mine,False,,True,True,4.8672001159941382e-32,4.8672001159941382e-32
72,3886,recipe: classifier,recipe,classifier,False,,True,True,4.8112013781515266e-32,4.8112013781515266e-32
73,4804,recipe: vrauks-paddock-mk01,recipe,vrauks-paddock-mk01,False,,True,True,4.8016021637770954e-32,4.8016021637770954e-32
74,4653,recipe: slaughterhouse-mk01,recipe,slaughterhouse-mk01,False,,True,True,4.8016019700248959e-32,4.8016019700248959e-32
75,3959,recipe: data-array,recipe,data-array,False,,True,True,4.4016014028112165e-32,4.4016014028112165e-32
76,4003,recipe: electronics-factory-mk01,recipe,electronics-factory-mk01,False,,True,True,4.401600410912363e-32,4.401600410912363e-32
77,4109,recipe: fbreactor-mk01,recipe,fbreactor-mk01,False,,True,True,4.4016004108922965e-32,4.4016004108922965e-32
78,4351,recipe: mixer-mk01,recipe,mixer-mk01,False,,True,True,4.3376024600697171e-32,4.3376024600697171e-32
79,3736,recipe: bio-reactor-mk01,recipe,bio-reactor-mk01,False,,True,True,4.1776013724708543e-32,4.1776013724708543e-32
80,3684,recipe: antimony-drill-mk01,recipe,antimony-drill-mk01,False,,True,True,4.1616021772888341e-32,4.1616021772888341e-32
81,4638,recipe: secondary-crusher-mk01,recipe,secondary-crusher-mk01,False,,True,True,4.1616013919477502e-32,4.1616013919477502e-32
82,4683,recipe: spore-collector-mk01,recipe,spore-collector-mk01,False,,True,True,4.0976005738661007e-32,4.0976005738661007e-32
83,4540,recipe: py-tank-8000,recipe,py-tank-8000,False,,True,True,4.0399999998660875e-32,4.0399999998660875e-32
84,4833,recipe: yaw-drive-mk01,recipe,yaw-drive-mk01,False,,True,True,3.9840013571320681e-32,3.9840013571320681e-32
85,4520,recipe: py-sinkhole,recipe,py-sinkhole,False,,True,True,3.8816000058958303e-32,3.8816000058958303e-32
86,4518,recipe: py-shed-basic,recipe,py-shed-basic,False,,True,True,3.6808000048206685e-32,3.6808000048206685e-32
87,4500,recipe: py-heat-exchanger,recipe,py-heat-exchanger,False,,True,True,3.5376013758979981e-32,3.5376013758979981e-32
88,4534,recipe: py-tank-5000,recipe,py-tank-5000,False,,True,True,3.4959999997361444e-32,3.4959999997361444e-32
89,4532,recipe: py-tank-4000,recipe,py-tank-4000,False,,True,True,3.4927999997288744e-32,3.4927999997288744e-32
90,4575,recipe: rectisol,recipe,rectisol,False,,True,True,3.473600302596342e-32,3.473600302596342e-32
91,3827,recipe: botanical-nursery,recipe,botanical-nursery,False,,True,True,3.4416002746576277e-32,3.4416002746576277e-32
92,4428,recipe: personal-roboport-equipment,recipe,personal-roboport-equipment,False,,True,True,3.4144015364742665e-32,3.4144015364742665e-32
93,4565,recipe: ralesia-plantation-mk01,recipe,ralesia-plantation-mk01,False,,True,True,3.3777172732425672e-32,3.3777172732425672e-32
94,4552,recipe: quenching-tower,recipe,quenching-tower,False,,True,True,3.3616013547158899e-32,3.3616013547158899e-32
95,4669,recipe: soil-extractor-mk01,recipe,soil-extractor-mk01,False,,True,True,3.3616004090593608e-32,3.3616004090593608e-32
96,4287,recipe: jaw-crusher,recipe,jaw-crusher,False,,True,True,3.3616002747330439e-32,3.3616002747330439e-32
97,3889,recipe: clay-pit-mk01,recipe,clay-pit-mk01,False,,True,True,3.3616000044394493e-32,3.3616000044394493e-32
98,4088,recipe: engine-unit-2,recipe,engine-unit-2,False,,True,True,3.3600013549063399e-32,3.3600013549063399e-32
99,4416,recipe: outpost,recipe,outpost,False,,True,True,3.3216013546467298e-32,3.3216013546467298e-32
100,4417,recipe: outpost-fluid,recipe,outpost-fluid,False,,True,True,3.3216013546407212e-32,3.3216013546407212e-32
101,3725,recipe: barrel-machine-mk01,recipe,barrel-machine-mk01,False,,True,True,3.1616005471808765e-32,3.1616005471808765e-32
102,4446,recipe: plankton-farm,recipe,plankton-farm,False,,True,True,3.1440007085571056e-32,3.1440007085571056e-32
103,4139,recipe: fish-farm-mk01,recipe,fish-farm-mk01,False,,True,True,3.1280000863080637e-32,3.1280000863080637e-32
104,4264,recipe: impact-crusher-mk01,recipe,impact-crusher-mk01,False,,True,True,3.0624002970860593e-32,3.0624002970860593e-32
105,3998,recipe: electrolyzer-mk01,recipe,electrolyzer-mk01,False,,True,True,3.0432018978569065e-32,3.0432018978569065e-32
106,4373,recipe: moss-farm-mk01,recipe,moss-farm-mk01,False,,True,True,3.0416202777527797e-32,3.0416202777527797e-32
107,3662,recipe: advanced-foundry-mk01,recipe,advanced-foundry-mk01,False,,True,True,3.0416010839917556e-32,3.0416010839917556e-32
108,4087,recipe: engine-unit,recipe,engine-unit,False,,True,True,3.0160013534640317e-32,3.0160013534640317e-32
109,4536,recipe: py-tank-6500,recipe,py-tank-6500,False,,True,True,3.0159999998445495e-32,3.0159999998445495e-32
110,4514,recipe: py-roboport-mk01,recipe,py-roboport-mk01,False,,True,True,2.976801427286036e-32,2.976801427286036e-32
111,4492,recipe: py-construction-robot-mk01,recipe,py-construction-robot-mk01,False,,True,True,2.9696014273410316e-32,2.9696014273410316e-32
112,4548,recipe: py-ze,recipe,py-ze,False,,True,True,2.9608005510706455e-32,2.9608005510706455e-32
113,3872,recipe: chemical-plant-mk01,recipe,chemical-plant-mk01,False,,True,True,2.8976004333321726e-32,2.8976004333321726e-32
114,3860,recipe: cargo-wagon,recipe,cargo-wagon,False,,True,True,2.7376002888059277e-32,2.7376002888059277e-32
115,4612,recipe: sap-extractor-mk01,recipe,sap-extractor-mk01,False,,True,True,2.6416389335251162e-32,2.6416389335251162e-32
116,4780,recipe: vacuum-pump-mk01,recipe,vacuum-pump-mk01,False,,True,True,2.6416002738103265e-32,2.6416002738103265e-32
117,3772,recipe: biomass-manure,recipe,biomass-manure,False,,True,True,2.5744015036092957e-32,2.5744015036092957e-32
118,4831,recipe: wpu-mk01,recipe,wpu-mk01,False,,True,True,2.5616017585845056e-32,2.5616017585845056e-32
119,4195,recipe: glassworks-mk01,recipe,glassworks-mk01,False,,True,True,2.5616004089109069e-32,2.5616004089109069e-32
120,4391,recipe: nco-py-crane-mk1,recipe,nco-py-crane-mk1,False,,True,True,2.4768007141261487e-32,2.4768007141261487e-32
121,4736,recipe: tar-processing-unit,recipe,tar-processing-unit,False,,True,True,2.4016000041191078e-32,2.4016000041191078e-32
122,4154,recipe: fluid-drill-mk01,recipe,fluid-drill-mk01,False,,True,True,2.3616008139290651e-32,2.3616008139290651e-32
123,4259,recipe: hydroclassifier-mk01,recipe,hydroclassifier-mk01,False,,True,True,2.3488003229930797e-32,2.3488003229930797e-32
124,4320,recipe: locomotive,recipe,locomotive,False,,True,True,2.3424005751468667e-32,2.3424005751468667e-32
125,4232,recipe: gun-turret,recipe,gun-turret,False,,True,True,2.2528002730889869e-32,2.2528002730889869e-32
126,4146,recipe: flora-collector-mk01,recipe,flora-collector-mk01,False,,True,True,2.2480002727275876e-32,2.2480002727275876e-32
127,4175,recipe: gasifier,recipe,gasifier,False,,True,True,2.2416002739938325e-32,2.2416002739938325e-32
128,4526,recipe: py-tank-10000,recipe,py-tank-10000,False,,True,True,2.168000000333482e-32,2.168000000333482e-32
129,4486,recipe: py-burner,recipe,py-burner,False,,True,True,2.0816000029039596e-32,2.0816000029039596e-32
130,4333,recipe: mechanical-parts-01,recipe,mechanical-parts-01,False,,True,True,1.9600006789022872e-32,1.9600006789022872e-32
131,3764,recipe: biomass-fawogae,recipe,biomass-fawogae,False,,True,True,1.9344000168861374e-32,1.9344000168861374e-32
132,4542,recipe: py-tank-9000,recipe,py-tank-9000,False,,True,True,1.9280000029602988e-32,1.9280000029602988e-32
133,4266,recipe: incubator-mk01,recipe,incubator-mk01,False,,True,True,1.9216008157987104e-32,1.9216008157987104e-32
134,4406,recipe: olefin-plant,recipe,olefin-plant,False,,True,True,1.9216004152755907e-32,1.9216004152755907e-32
135,4092,recipe: evaporator,recipe,evaporator,False,,True,True,1.9216004107629964e-32,1.9216004107629964e-32
136,4173,recipe: gas-refinery-mk01,recipe,gas-refinery-mk01,False,,True,True,1.8912003299802527e-32,1.8912003299802527e-32
137,4770,recipe: upgrader-mk01,recipe,upgrader-mk01,False,,True,True,1.8752003433099207e-32,1.8752003433099207e-32
138,3808,recipe: bof-mk01,recipe,bof-mk01,False,,True,True,1.8432002862255044e-32,1.8432002862255044e-32
139,4810,recipe: washer,recipe,washer,False,,True,True,1.841600273368428e-32,1.841600273368428e-32
140,4498,recipe: py-gas-vent,recipe,py-gas-vent,False,,True,True,1.841600002792706e-32,1.841600002792706e-32
141,4100,recipe: fawogae-plantation-mk01,recipe,fawogae-plantation-mk01,False,,True,True,1.7680404307367876e-32,1.7680404307367876e-32
142,3716,recipe: automated-factory-mk01,recipe,automated-factory-mk01,False,,True,True,1.7680005561837713e-32,1.7680005561837713e-32
143,4308,recipe: light-armor,recipe,light-armor,False,,True,True,1.7648005426798273e-32,1.7648005426798273e-32
144,4593,recipe: rhe,recipe,rhe,False,,True,True,1.7632005506104977e-32,1.7632005506104977e-32
145,3850,recipe: car,recipe,car,False,,True,True,1.7232000021407205e-32,1.7232000021407205e-32
146,3949,recipe: creature-chamber-mk01,recipe,creature-chamber-mk01,False,,True,True,1.6816003725278194e-32,1.6816003725278194e-32
147,3742,recipe: biofactory-mk01,recipe,biofactory-mk01,False,,True,True,1.6416005681497439e-32,1.6416005681497439e-32
148,3976,recipe: distilator,recipe,distilator,False,,True,True,1.6016002730952643e-32,1.6016002730952643e-32
149,4689,recipe: steam-pyvoid-gas,recipe,steam-pyvoid-gas,False,,True,True,1.5892244795419566e-32,1.5892244795419566e-32
150,4644,recipe: shotgun,recipe,shotgun,False,,True,True,1.5360002111671673e-32,1.5360002111671673e-32
151,4171,recipe: fwf-mk01,recipe,fwf-mk01,False,,True,True,1.5216005423763011e-32,1.5216005423763011e-32
152,4718,recipe: submachine-gun,recipe,submachine-gun,False,,True,True,1.4560002719773126e-32,1.4560002719773126e-32
153,3782,recipe: biomass-phytoplankton,recipe,biomass-phytoplankton,False,,True,True,1.4400000116648454e-32,1.4400000116648454e-32
154,4249,recipe: hot-air-pyvoid-gas,recipe,hot-air-pyvoid-gas,False,,True,True,1.418952902326302e-32,1.418952902326302e-32
155,4458,recipe: portable-gasoline-generator,recipe,portable-gasoline-generator,False,,True,True,1.4176004019668991e-32,1.4176004019668991e-32
156,4687,recipe: steam-engine,recipe,steam-engine,False,,True,True,1.3928002178961424e-32,1.3928002178961424e-32
157,4241,recipe: heavy-armor,recipe,heavy-armor,False,,True,True,1.308800753541579e-32,1.308800753541579e-32
158,4512,recipe: py-recharge-station-mk01,recipe,py-recharge-station-mk01,False,,True,True,1.2968013794331575e-32,1.2968013794331575e-32
159,3922,recipe: cooling-tower-mk01,recipe,cooling-tower-mk01,False,,True,True,1.2912004237847085e-32,1.2912004237847085e-32
160,4347,recipe: micro-mine-mk01,recipe,micro-mine-mk01,False,,True,True,1.2816005424846214e-32,1.2816005424846214e-32
161,3983,recipe: eaf-mk01,recipe,eaf-mk01,False,,True,True,1.2624003024329501e-32,1.2624003024329501e-32
162,4756,recipe: tower-mk01,recipe,tower-mk01,False,,True,True,1.2480003279330922e-32,1.2480003279330922e-32
163,4785,recipe: vane-mk01,recipe,vane-mk01,False,,True,True,1.232000543593905e-32,1.232000543593905e-32
164,4158,recipe: fluid-wagon,recipe,fluid-wagon,False,,True,True,1.1704002872019016e-32,1.1704002872019016e-32
165,3775,recipe: biomass-moondrop,recipe,biomass-moondrop,False,,True,True,1.1344000089911046e-32,1.1344000089911046e-32
166,3996,recipe: electric-mining-drill,recipe,electric-mining-drill,False,,True,True,1.1232001405535451e-32,1.1232001405535451e-32
167,4478,recipe: pulp-mill-mk01,recipe,pulp-mill-mk01,False,,True,True,1.1216008506676499e-32,1.1216008506676499e-32
168,4257,recipe: hpf,recipe,hpf,False,,True,True,1.1216001371534542e-32,1.1216001371534542e-32
169,4506,recipe: py-local-radar,recipe,py-local-radar,False,,True,True,1.1208004321572322e-32,1.1208004321572322e-32
170,4554,recipe: radar,recipe,radar,False,,True,True,1.1208001433456623e-32,1.1208001433456623e-32
171,4589,recipe: retorter,recipe,retorter,False,,True,True,1.043200002805995e-32,1.043200002805995e-32
172,3693,recipe: assembling-machine-1,recipe,assembling-machine-1,False,,True,True,1.0416001362614536e-32,1.0416001362614536e-32
173,3862,recipe: casting-unit-mk01,recipe,casting-unit-mk01,False,,True,True,1.0288002940735176e-32,1.0288002940735176e-32
174,4393,recipe: nco-py-short-crane-mk1,recipe,nco-py-short-crane-mk1,False,,True,True,1.020800290474788e-32,1.020800290474788e-32
175,3675,recipe: anemometer-mk01,recipe,anemometer-mk01,False,,True,True,9.7600056864949619e-33,9.7600056864949619e-33
176,3797,recipe: biomass-wood,recipe,biomass-wood,False,,True,True,9.7440008165810626e-33,9.7440008165810626e-33
177,3799,recipe: biomass-wood-seeds,recipe,biomass-wood-seeds,False,,True,True,9.7440000853186769e-33,9.7440000853186769e-33
178,3771,recipe: biomass-log,recipe,biomass-log,False,,True,True,9.7440000770675879e-33,9.7440000770675879e-33
179,3818,recipe: borax-mine,recipe,borax-mine,False,,True,True,9.616004062485924e-33,9.616004062485924e-33
180,4729,recipe: tailings-pond,recipe,tailings-pond,False,,True,True,9.6080000189326841e-33,9.6080000189326841e-33
181,4148,recipe: flotation-cell-mk01,recipe,flotation-cell-mk01,False,,True,True,9.1520030275977758e-33,9.1520030275977758e-33
182,4776,recipe: utility-box-mk01,recipe,utility-box-mk01,False,,True,True,8.480000875561984e-33,8.480000875561984e-33
183,4758,recipe: train-stop,recipe,train-stop,False,,True,True,8.4080000764742231e-33,8.4080000764742231e-33
184,3948,recipe: creamy-latex-pyvoid-fluid,recipe,creamy-latex-pyvoid-fluid,False,,True,True,8.0910818021437765e-33,8.0910818021437765e-33
185,4530,recipe: py-tank-3000,recipe,py-tank-3000,False,,True,True,8.0800000170306237e-33,8.0800000170306237e-33
186,4768,recipe: underground-belt,recipe,underground-belt,False,,True,True,8.0160000094254757e-33,8.0160000094254757e-33
187,3830,recipe: brake-mk01,recipe,brake-mk01,False,,True,True,7.9200027285583095e-33,7.9200027285583095e-33
188,3788,recipe: biomass-saps,recipe,biomass-saps,False,,True,True,7.5040000592591799e-33,7.5040000592591799e-33
189,4188,recipe: geothermal-plant-mk01,recipe,geothermal-plant-mk01,False,,True,True,7.4400001557613406e-33,7.4400001557613406e-33
190,3839,recipe: cage,recipe,cage,False,,True,True,7.2639999985200162e-33,7.2639999985200162e-33
191,3762,recipe: biomass-creamy-latex,recipe,biomass-creamy-latex,False,,True,True,6.8009108714142568e-33,6.8009108714142568e-33
192,4629,recipe: scrubber-mk01,recipe,scrubber-mk01,False,,True,True,6.7520031909874463e-33,6.7520031909874463e-33
193,3859,recipe: carbon-dioxide-pyvoid-gas,recipe,carbon-dioxide-pyvoid-gas,False,,True,True,6.6273385589473003e-33,6.6273385589473003e-33
194,3789,recipe: biomass-seaweed,recipe,biomass-seaweed,False,,True,True,6.5440000828070747e-33,6.5440000828070747e-33
195,3779,recipe: biomass-native-flora,recipe,biomass-native-flora,False,,True,True,6.5440000613909017e-33,6.5440000613909017e-33
196,3752,recipe: biomass-caged-auog,recipe,biomass-caged-auog,False,,True,True,6.5440000513853953e-33,6.5440000513853953e-33
197,3753,recipe: biomass-caged-vrauks,recipe,biomass-caged-vrauks,False,,True,True,6.5440000513848889e-33,6.5440000513848889e-33
198,3656,recipe: acetone-pyvoid-gas,recipe,acetone-pyvoid-gas,False,,True,True,6.5200965896386724e-33,6.5200965896386724e-33
199,4528,recipe: py-tank-1500,recipe,py-tank-1500,False,,True,True,6.4800000130812273e-33,6.4800000130812273e-33
200,4538,recipe: py-tank-7000,recipe,py-tank-7000,False,,True,True,6.4800000130812273e-33,6.4800000130812273e-33
201,4524,recipe: py-tank-1000,recipe,py-tank-1000,False,,True,True,6.4800000070613996e-33,6.4800000070613996e-33
202,4293,recipe: lab,recipe,lab,False,,True,True,6.4320027082928622e-33,6.4320027082928622e-33
203,4275,recipe: iron-chest,recipe,iron-chest,False,,True,True,6.4080000075294709e-33,6.4080000075294709e-33
204,4263,recipe: hydrogen-pyvoid-gas,recipe,hydrogen-pyvoid-gas,False,,True,True,6.2619872634215094e-33,6.2619872634215094e-33
205,4651,recipe: slacked-lime-pyvoid-fluid,recipe,slacked-lime-pyvoid-fluid,False,,True,True,6.075629410133554e-33,6.075629410133554e-33
206,4713,recipe: storage-tank,recipe,storage-tank,False,,True,True,6.0480000096087783e-33,6.0480000096087783e-33
207,4761,recipe: transport-belt-2,recipe,transport-belt-2,False,,True,True,5.9520008172332923e-33,5.9520008172332923e-33
208,4355,recipe: molten-aluminium-pyvoid-fluid,recipe,molten-aluminium-pyvoid-fluid,False,,True,True,5.7458447261762446e-33,5.7458447261762446e-33
209,4441,recipe: pipe-to-ground,recipe,pipe-to-ground,False,,True,True,5.6080000106687389e-33,5.6080000106687389e-33
210,4111,recipe: fenxsb-alloy-2,recipe,fenxsb-alloy-2,False,,True,True,5.6000000065758898e-33,5.6000000065758898e-33
211,4363,recipe: molten-salt-pyvoid-fluid,recipe,molten-salt-pyvoid-fluid,False,,True,True,5.4936732917739041e-33,5.4936732917739041e-33
212,4389,recipe: naphthalene-oil-pyvoid-fluid,recipe,naphthalene-oil-pyvoid-fluid,False,,True,True,5.4150105762789339e-33,5.4150105762789339e-33
213,3835,recipe: burner-inserter,recipe,burner-inserter,False,,True,True,5.2880005463567778e-33,5.2880005463567778e-33
214,4292,recipe: kerosene-pyvoid-fluid,recipe,kerosene-pyvoid-fluid,False,,True,True,5.0166353261382818e-33,5.0166353261382818e-33
215,4383,recipe: multiblade-turbine-mk01,recipe,multiblade-turbine-mk01,False,,True,True,4.9680010892425418e-33,4.9680010892425418e-33
216,3767,recipe: biomass-fertilizer,recipe,biomass-fertilizer,False,,True,True,4.9440000421411269e-33,4.9440000421411269e-33
217,3747,recipe: biomass-auog-pup,recipe,biomass-auog-pup,False,,True,True,4.9440000385601511e-33,4.9440000385601511e-33
218,3791,recipe: biomass-tree-mk01,recipe,biomass-tree-mk01,False,,True,True,4.9440000385436421e-33,4.9440000385436421e-33
219,3787,recipe: biomass-sap-tree,recipe,biomass-sap-tree,False,,True,True,4.9440000385435675e-33,4.9440000385435675e-33
220,3965,recipe: depolymerized-organics-pyvoid-fluid,recipe,depolymerized-organics-pyvoid-fluid,False,,True,True,4.6707165889191195e-33,4.6707165889191195e-33
221,4444,recipe: pitch-pyvoid-fluid,recipe,pitch-pyvoid-fluid,False,,True,True,4.5380394654445183e-33,4.5380394654445183e-33
222,4476,recipe: programmable-speaker,recipe,programmable-speaker,False,,True,True,4.3520014088705226e-33,4.3520014088705226e-33
223,3837,recipe: burner-mining-drill,recipe,burner-mining-drill,False,,True,True,4.3520008153554865e-33,4.3520008153554865e-33
224,3777,recipe: biomass-moss,recipe,biomass-moss,False,,True,True,4.3040000404473593e-33,4.3040000404473593e-33
225,3919,recipe: controler-mk01,recipe,controler-mk01,False,,True,True,4.2400008736478776e-33,4.2400008736478776e-33
226,4227,recipe: grenade,recipe,grenade,False,,True,True,4.1280000049853709e-33,4.1280000049853709e-33
227,4577,recipe: refined-concrete,recipe,refined-concrete,False,,True,True,4.0970425424940257e-33,4.0970425424940257e-33
228,4464,recipe: power-switch,recipe,power-switch,False,,True,True,4.0320013832152067e-33,4.0320013832152067e-33
229,4681,recipe: splitter,recipe,splitter,False,,True,True,4.0160000187187624e-33,4.0160000187187624e-33
230,4557,recipe: rail-chain-signal,recipe,rail-chain-signal,False,,True,True,4.0080000187005853e-33,4.0080000187005853e-33
231,4560,recipe: rail-signal,recipe,rail-signal,False,,True,True,4.0080000187005853e-33,4.0080000187005853e-33
232,4783,recipe: vacuum-tube,recipe,vacuum-tube,False,,True,True,4.002203776388128e-33,4.002203776388128e-33
233,4642,recipe: shaft-mk01,recipe,shaft-mk01,False,,True,True,4.0000013559279475e-33,4.0000013559279475e-33
234,4005,recipe: electronics-mk01,recipe,electronics-mk01,False,,True,True,4.0000000073158025e-33,4.0000000073158025e-33
235,3776,recipe: biomass-moondrop-seeds,recipe,biomass-moondrop-seeds,False,,True,True,3.9840000311487634e-33,3.9840000311487634e-33
236,4244,recipe: heavy-oil-pyvoid-fluid,recipe,heavy-oil-pyvoid-fluid,False,,True,True,3.7422447393754615e-33,3.7422447393754615e-33
237,3695,recipe: assembling-machine-2,recipe,assembling-machine-2,False,,True,True,3.7120013991754454e-33,3.7120013991754454e-33
238,3644,logic-and: smart-farm-yotoi-tree-fruit-recipe-yotoi-fruit-super-5,logic-and,smart-farm-yotoi-tree-fruit-recipe-yotoi-fruit-super-5,False,,False,False,3.707216575964833e-33,3.707216575964833e-33
239,3643,logic-and: smart-farm-yotoi-tree-fruit-recipe-yotoi-fruit-super-4,logic-and,smart-farm-yotoi-tree-fruit-recipe-yotoi-fruit-super-4,False,,False,False,3.7069517790834276e-33,3.7069517790834276e-33
240,3642,logic-and: smart-farm-yotoi-tree-fruit-recipe-yotoi-fruit-super-3,logic-and,smart-farm-yotoi-tree-fruit-recipe-yotoi-fruit-super-3,False,,False,False,3.7067293203076805e-33,3.7067293203076805e-33
241,3641,logic-and: smart-farm-yotoi-tree-fruit-recipe-yotoi-fruit-super-2,logic-and,smart-farm-yotoi-tree-fruit-recipe-yotoi-fruit-super-2,False,,False,False,3.6997669804164026e-33,3.6997669804164026e-33
242,4185,recipe: genlab-mk01,recipe,genlab-mk01,False,,True,True,3.6160035002903845e-33,3.6160035002903845e-33
243,4817,recipe: water-pyvoid-fluid,recipe,water-pyvoid-fluid,False,,True,True,3.4084922590266123e-33,3.4084922590266123e-33
244,3765,recipe: biomass-fawogae-spore,recipe,biomass-fawogae-spore,False,,True,True,3.3440003207139326e-33,3.3440003207139326e-33
245,3798,recipe: biomass-wood-seedling,recipe,biomass-wood-seedling,False,,True,True,3.3440000257052833e-33,3.3440000257052833e-33
246,3796,recipe: biomass-vrauks-mk02,recipe,biomass-vrauks-mk02,False,,True,True,3.3440000257025614e-33,3.3440000257025614e-33
247,4294,recipe: lab-instrument,recipe,lab-instrument,False,,True,True,3.3120013543645248e-33,3.3120013543645248e-33
248,4327,recipe: long-handed-inserter,recipe,long-handed-inserter,False,,True,True,3.216001368134282e-33,3.216001368134282e-33
249,4335,recipe: medium-electric-pole,recipe,medium-electric-pole,False,,True,True,3.2080027002220652e-33,3.2080027002220652e-33
250,3981,recipe: duralumin-1,recipe,duralumin-1,False,,True,True,3.2000021607393991e-33,3.2000021607393991e-33
251,4738,recipe: tar-pyvoid-fluid,recipe,tar-pyvoid-fluid,False,,True,True,3.1633809222340084e-33,3.1633809222340084e-33
252,4163,recipe: formic-acid-pyvoid-gas,recipe,formic-acid-pyvoid-gas,False,,True,True,3.0341885810174561e-33,3.0341885810174561e-33
253,4422,recipe: pbsb-alloy,recipe,pbsb-alloy,False,,True,True,2.8799999993519967e-33,2.8799999993519967e-33
254,4346,recipe: methane-pyvoid-gas,recipe,methane-pyvoid-gas,False,,True,True,2.7400986242742938e-33,2.7400986242742938e-33
255,3793,recipe: biomass-used-auog,recipe,biomass-used-auog,False,,True,True,2.7040000205661881e-33,2.7040000205661881e-33
256,3763,recipe: biomass-dried-meat,recipe,biomass-dried-meat,False,,True,True,2.7040000205659732e-33,2.7040000205659732e-33
257,3794,recipe: biomass-vrauks,recipe,biomass-vrauks,False,,True,True,2.7040000205658425e-33,2.7040000205658425e-33
258,3952,recipe: creosote-pyvoid-fluid,recipe,creosote-pyvoid-fluid,False,,True,True,2.6074755593140042e-33,2.6074755593140042e-33
259,4635,recipe: seaweed-crop-mk01,recipe,seaweed-crop-mk01,False,,True,True,2.4160595517094144e-33,2.4160595517094144e-33
260,4674,recipe: solder-0,recipe,solder-0,False,,True,True,2.0160000010222929e-33,2.0160000010222929e-33
261,4271,recipe: inserter,recipe,inserter,False,,True,True,1.9280008408636263e-33,1.9280008408636263e-33
262,4692,recipe: steel-chest,recipe,steel-chest,False,,True,True,1.9280000041081898e-33,1.9280000041081898e-33
263,3913,recipe: concrete-wall,recipe,concrete-wall,False,,True,True,1.9279999995845504e-33,1.9279999995845504e-33
264,3916,recipe: condensates-pyvoid-fluid,recipe,condensates-pyvoid-fluid,False,,True,True,1.8738473885438668e-33,1.8738473885438668e-33
265,4401,recipe: offshore-pump,recipe,offshore-pump,False,,True,True,1.7680005434490084e-33,1.7680005434490084e-33
266,3653,recipe: accumulator,recipe,accumulator,False,,True,True,1.7600081329967824e-33,1.7600081329967824e-33
267,3758,recipe: biomass-cottongut,recipe,biomass-cottongut,False,,True,True,1.7440000131969984e-33,1.7440000131969984e-33
268,3766,recipe: biomass-fawogae-substrate,recipe,biomass-fawogae-substrate,False,,True,True,1.7440000128757097e-33,1.7440000128757097e-33
269,3746,recipe: biomass-auog-food-01,recipe,biomass-auog-food-01,False,,True,True,1.744000012864656e-33,1.744000012864656e-33
270,3795,recipe: biomass-vrauks-food-01,recipe,biomass-vrauks-food-01,False,,True,True,1.7440000128630819e-33,1.7440000128630819e-33
271,3755,recipe: biomass-chitin,recipe,biomass-chitin,False,,True,True,1.7440000128616786e-33,1.7440000128616786e-33
272,3768,recipe: biomass-fish,recipe,biomass-fish,False,,True,True,1.7440000128615257e-33,1.7440000128615257e-33
273,3786,recipe: biomass-sap-seeds,recipe,biomass-sap-seeds,False,,True,True,1.7440000128611924e-33,1.7440000128611924e-33
274,3760,recipe: biomass-cottongut-mk01,recipe,biomass-cottongut-mk01,False,,True,True,1.7440000128610638e-33,1.7440000128610638e-33
275,3759,recipe: biomass-cottongut-food-01,recipe,biomass-cottongut-food-01,False,,True,True,1.7440000128610262e-33,1.7440000128610262e-33
276,3649,logic-and: smart-farm-yotoi-tree-recipe-yotoi-super-5,logic-and,smart-farm-yotoi-tree-recipe-yotoi-super-5,False,,False,False,1.7190150459811451e-33,1.7190150459811451e-33
277,3648,logic-and: smart-farm-yotoi-tree-recipe-yotoi-super-4,logic-and,smart-farm-yotoi-tree-recipe-yotoi-super-4,False,,False,False,1.7187502506491746e-33,1.7187502506491746e-33
278,3647,logic-and: smart-farm-yotoi-tree-recipe-yotoi-super-3,logic-and,smart-farm-yotoi-tree-recipe-yotoi-super-3,False,,False,False,1.7185682449173848e-33,1.7185682449173848e-33
279,3640,logic-and: smart-farm-yotoi-tree-fruit-recipe-yotoi-fruit-super-1,logic-and,smart-farm-yotoi-tree-fruit-recipe-yotoi-fruit-super-1,False,,False,False,1.7115654514398084e-33,1.7115654514398084e-33
280,3613,logic-and: smart-farm-grod-flower-recipe-grod-super-5,logic-and,smart-farm-grod-flower-recipe-grod-super-5,False,,False,False,1.7089833353626394e-33,1.7089833353626394e-33
281,3612,logic-and: smart-farm-grod-flower-recipe-grod-super-4,logic-and,smart-farm-grod-flower-recipe-grod-super-4,False,,False,False,1.7087185400306688e-33,1.7087185400306688e-33
282,3611,logic-and: smart-farm-grod-flower-recipe-grod-super-3,logic-and,smart-farm-grod-flower-recipe-grod-super-3,False,,False,False,1.7084961765955933e-33,1.7084961765955933e-33
283,3621,logic-and: smart-farm-ore-bioreserve-recipe-bioreserve-super-2,logic-and,smart-farm-ore-bioreserve-recipe-bioreserve-super-2,False,,False,False,1.7083412853069893e-33,1.7083412853069893e-33
284,3622,logic-and: smart-farm-ore-bioreserve-recipe-bioreserve-super-3,logic-and,smart-farm-ore-bioreserve-recipe-bioreserve-super-3,False,,False,False,1.7083412853069893e-33,1.7083412853069893e-33
285,3646,logic-and: smart-farm-yotoi-tree-recipe-yotoi-super-2,logic-and,smart-farm-yotoi-tree-recipe-yotoi-super-2,False,,False,False,1.7046435648893324e-33,1.7046435648893324e-33
286,3610,logic-and: smart-farm-grod-flower-recipe-grod-super-2,logic-and,smart-farm-grod-flower-recipe-grod-super-2,False,,False,False,1.7046032071860463e-33,1.7046032071860463e-33
287,3645,logic-and: smart-farm-yotoi-tree-recipe-yotoi-super-1,logic-and,smart-farm-yotoi-tree-recipe-yotoi-super-1,False,,False,False,1.7042865020295486e-33,1.7042865020295486e-33
288,4361,recipe: molten-iron-pyvoid-fluid,recipe,molten-iron-pyvoid-fluid,False,,True,True,1.6873673826393899e-33,1.6873673826393899e-33
289,3659,recipe: acetylene-pyvoid-gas,recipe,acetylene-pyvoid-gas,False,,True,True,1.6821956096798864e-33,1.6821956096798864e-33
290,4277,recipe: iron-gear-wheel,recipe,iron-gear-wheel,False,,True,True,1.6080000018959993e-33,1.6080000018959993e-33
291,3748,recipe: biomass-blood,recipe,biomass-blood,False,,True,True,1.6000000139161184e-33,1.6000000139161184e-33
292,4685,recipe: starch,recipe,starch,False,,True,True,1.6000000128478267e-33,1.6000000128478267e-33
293,4695,recipe: steel-furnace,recipe,steel-furnace,False,,True,True,1.4880000031765571e-33,1.4880000031765571e-33
294,4760,recipe: transport-belt,recipe,transport-belt,False,,True,True,1.4480002717791013e-33,1.4480002717791013e-33
295,4210,recipe: grade-1-zinc,recipe,grade-1-zinc,False,,True,True,1.4399999996748016e-33,1.4399999996748016e-33
296,3784,recipe: biomass-ralesia-seeds,recipe,biomass-ralesia-seeds,False,,True,True,1.4240000139379909e-33,1.4240000139379909e-33
297,3754,recipe: biomass-cellulose,recipe,biomass-cellulose,False,,True,True,1.4240000107352074e-33,1.4240000107352074e-33
298,3769,recipe: biomass-fish-egg,recipe,biomass-fish-egg,False,,True,True,1.4240000102927835e-33,1.4240000102927835e-33
299,3720,recipe: automation-science-pack,recipe,automation-science-pack,False,,True,True,1.3600005518319437e-33,1.3600005518319437e-33
300,4646,recipe: shotgun-shell,recipe,shotgun-shell,False,,True,True,1.3600000010123732e-33,1.3600000010123732e-33
301,3899,recipe: coal-gas-pyvoid-gas,recipe,coal-gas-pyvoid-gas,False,,True,True,1.3171730305738866e-33,1.3171730305738866e-33
302,4583,recipe: repair-pack,recipe,repair-pack,False,,True,True,1.28800054167414e-33,1.28800054167414e-33
303,4136,recipe: firearm-magazine,recipe,firearm-magazine,False,,True,True,1.2800000004764138e-33,1.2800000004764138e-33
304,4840,recipe: zogna-bacteria-pyvoid-fluid,recipe,zogna-bacteria-pyvoid-fluid,False,,True,True,1.2248195369107292e-33,1.2248195369107292e-33
305,4181,recipe: gearbox-mk01,recipe,gearbox-mk01,False,,True,True,1.2000013654226407e-33,1.2000013654226407e-33
306,3626,logic-and: smart-farm-ralesia-flowers-recipe-ralesia-super-4,logic-and,smart-farm-ralesia-flowers-recipe-ralesia-super-4,False,,False,False,1.1417865534806141e-33,1.1417865534806141e-33
307,3625,logic-and: smart-farm-ralesia-flowers-recipe-ralesia-super-3,logic-and,smart-farm-ralesia-flowers-recipe-ralesia-super-3,False,,False,False,1.1417626894474018e-33,1.1417626894474018e-33
308,3623,logic-and: smart-farm-ralesia-flowers-recipe-ralesia-super-1,logic-and,smart-farm-ralesia-flowers-recipe-ralesia-super-1,False,,False,False,1.1413789819536253e-33,1.1413789819536253e-33
309,3624,logic-and: smart-farm-ralesia-flowers-recipe-ralesia-super-2,logic-and,smart-farm-ralesia-flowers-recipe-ralesia-super-2,False,,False,False,1.1413713329061144e-33,1.1413713329061144e-33
310,3785,recipe: biomass-raw-fiber,recipe,biomass-raw-fiber,False,,True,True,1.1040000141338669e-33,1.1040000141338669e-33
311,3750,recipe: biomass-bones,recipe,biomass-bones,False,,True,True,1.1040000137277673e-33,1.1040000137277673e-33
312,3744,recipe: biomass-agar,recipe,biomass-agar,False,,True,True,1.1040000083144096e-33,1.1040000083144096e-33
313,3761,recipe: biomass-cottongut-pup,recipe,biomass-cottongut-pup,False,,True,True,1.1040000077264013e-33,1.1040000077264013e-33
314,3773,recipe: biomass-meat,recipe,biomass-meat,False,,True,True,1.1040000077247287e-33,1.1040000077247287e-33
315,3790,recipe: biomass-skin,recipe,biomass-skin,False,,True,True,1.1040000077246023e-33,1.1040000077246023e-33
316,3770,recipe: biomass-guts,recipe,biomass-guts,False,,True,True,1.1040000077245883e-33,1.1040000077245883e-33
317,3751,recipe: biomass-brain,recipe,biomass-brain,False,,True,True,1.1040000077245459e-33,1.1040000077245459e-33
318,3778,recipe: biomass-mukmoux-fat,recipe,biomass-mukmoux-fat,False,,True,True,1.1040000077245442e-33,1.1040000077245442e-33
319,3749,recipe: biomass-bonemeal,recipe,biomass-bonemeal,False,,True,True,1.1040000077245409e-33,1.1040000077245409e-33
320,4510,recipe: py-overflow-valve,recipe,py-overflow-valve,False,,True,True,1.0720002859894217e-33,1.0720002859894217e-33
321,4544,recipe: py-underflow-valve,recipe,py-underflow-valve,False,,True,True,1.0720002859894217e-33,1.0720002859894217e-33
322,4488,recipe: py-check-valve,recipe,py-check-valve,False,,True,True,1.0720002720015713e-33,1.0720002720015713e-33
323,4455,recipe: polybutadiene-pyvoid-fluid,recipe,polybutadiene-pyvoid-fluid,False,,True,True,9.8771733212561564e-34,9.8771733212561564e-34
324,3812,recipe: bolts,recipe,bolts,False,,True,True,9.6319999979046008e-34,9.6319999979046008e-34
325,4672,recipe: soil-separation-2,recipe,soil-separation-2,False,,True,True,9.6007786722171402e-34,9.6007786722171402e-34
326,4597,recipe: rotor-mk01,recipe,rotor-mk01,False,,True,True,9.6000383799127738e-34,9.6000383799127738e-34
327,4782,recipe: vacuum-pyvoid-gas,recipe,vacuum-pyvoid-gas,False,,True,True,8.8150771716933956e-34,8.8150771716933956e-34
328,4319,recipe: liquid-manure-pyvoid-fluid,recipe,liquid-manure-pyvoid-fluid,False,,True,True,8.7745232318855074e-34,8.7745232318855074e-34
329,4632,recipe: scrude-pyvoid-fluid,recipe,scrude-pyvoid-fluid,False,,True,True,8.658613744802526e-34,8.658613744802526e-34
330,3672,recipe: aluminium-plate-pyvoid,recipe,aluminium-plate-pyvoid,False,,True,True,8.3664054001256754e-34,8.3664054001256754e-34
331,4284,recipe: iron-plate-pyvoid,recipe,iron-plate-pyvoid,False,,True,True,8.3664000094683721e-34,8.3664000094683721e-34
332,4066,recipe: empty-planter-box,recipe,empty-planter-box,False,,True,True,8.1600029692353391e-34,8.1600029692353391e-34
333,4437,recipe: piercing-rounds-magazine,recipe,piercing-rounds-magazine,False,,True,True,8.1600000062106514e-34,8.1600000062106514e-34
334,4658,recipe: small-lamp,recipe,small-lamp,False,,True,True,8.0800081268068308e-34,8.0800081268068308e-34
335,3974,recipe: display-panel,recipe,display-panel,False,,True,True,8.0800001494493789e-34,8.0800001494493789e-34
336,4285,recipe: iron-stick,recipe,iron-stick,False,,True,True,8.0800000095708767e-34,8.0800000095708767e-34
337,4439,recipe: pipe,recipe,pipe,False,,True,True,8.0800000095708767e-34,8.0800000095708767e-34
338,3879,recipe: chloride-void-iron-oxide,recipe,chloride-void-iron-oxide,False,,True,True,8.0000002133183561e-34,8.0000002133183561e-34
339,4103,recipe: fawogae-sample,recipe,fawogae-sample,False,,True,True,7.9473795541801993e-34,7.9473795541801993e-34
340,3783,recipe: biomass-ralesia,recipe,biomass-ralesia,False,,True,True,7.8400000921335376e-34,7.8400000921335376e-34
341,3734,recipe: bio-container,recipe,bio-container,False,,True,True,7.360000009820779e-34,7.360000009820779e-34
342,4178,recipe: gasoline-pyvoid-fluid,recipe,gasoline-pyvoid-fluid,False,,True,True,7.3133249456480343e-34,7.3133249456480343e-34
343,4661,recipe: small-parts-01-pyvoid,recipe,small-parts-01-pyvoid,False,,True,True,6.766402708299411e-34,6.766402708299411e-34
344,3810,recipe: boiler,recipe,boiler,False,,True,True,6.4800000240057756e-34,6.4800000240057756e-34
345,4305,recipe: lead-plate-pyvoid,recipe,lead-plate-pyvoid,False,,True,True,5.1663999989962811e-34,5.1663999989962811e-34
346,4286,recipe: iron-stick-pyvoid,recipe,iron-stick-pyvoid,False,,True,True,5.1663999989952034e-34,5.1663999989952034e-34
347,3634,logic-and: smart-farm-rennea-flowers-recipe-rennea-super-5,logic-and,smart-farm-rennea-flowers-recipe-rennea-super-5,False,,False,False,5.1601168232250591e-34,5.1601168232250591e-34
348,3633,logic-and: smart-farm-rennea-flowers-recipe-rennea-super-4,logic-and,smart-farm-rennea-flowers-recipe-rennea-super-4,False,,False,False,5.1601146112521062e-34,5.1601146112521062e-34
349,3632,logic-and: smart-farm-rennea-flowers-recipe-rennea-super-3,logic-and,smart-farm-rennea-flowers-recipe-rennea-super-3,False,,False,False,5.1566315264715877e-34,5.1566315264715877e-34
350,3627,logic-and: smart-farm-ralesia-flowers-recipe-ralesia-super-5,logic-and,smart-farm-ralesia-flowers-recipe-ralesia-super-5,False,,False,False,5.1558846596634236e-34,5.1558846596634236e-34
351,3631,logic-and: smart-farm-rennea-flowers-recipe-rennea-super-2,logic-and,smart-farm-rennea-flowers-recipe-rennea-super-2,False,,False,False,5.1544069345181919e-34,5.1544069345181919e-34
352,3639,logic-and: smart-farm-tuuphra-tuber-recipe-tuuphra-super-3,logic-and,smart-farm-tuuphra-tuber-recipe-tuuphra-super-3,False,,False,False,5.1539835731518808e-34,5.1539835731518808e-34
353,3635,logic-and: smart-farm-rennea-flowers-recipe-rennea-super-7,logic-and,smart-farm-rennea-flowers-recipe-rennea-super-7,False,,False,False,5.1517625791419721e-34,5.1517625791419721e-34
354,3630,logic-and: smart-farm-rennea-flowers-recipe-rennea-super-1,logic-and,smart-farm-rennea-flowers-recipe-rennea-super-1,False,,False,False,5.1517589811984849e-34,5.1517589811984849e-34
355,3638,logic-and: smart-farm-tuuphra-tuber-recipe-tuuphra-super-2,logic-and,smart-farm-tuuphra-tuber-recipe-tuuphra-super-2,False,,False,False,5.1517589811984849e-34,5.1517589811984849e-34
356,3637,logic-and: smart-farm-tuuphra-tuber-recipe-tuuphra-super-1,logic-and,smart-farm-tuuphra-tuber-recipe-tuuphra-super-1,False,,False,False,5.1517553836107817e-34,5.1517553836107817e-34
357,3629,logic-and: smart-farm-ralesia-flowers-recipe-ralesia-super-8,logic-and,smart-farm-ralesia-flowers-recipe-ralesia-super-8,False,,False,False,5.1516786579066286e-34,5.1516786579066286e-34
358,3628,logic-and: smart-farm-ralesia-flowers-recipe-ralesia-super-7,logic-and,smart-farm-ralesia-flowers-recipe-ralesia-super-7,False,,False,False,5.1516777003039869e-34,5.1516777003039869e-34
359,3636,logic-and: smart-farm-rennea-flowers-recipe-rennea-super-8,logic-and,smart-farm-rennea-flowers-recipe-rennea-super-8,False,,False,False,5.1516759925675508e-34,5.1516759925675508e-34
360,3618,logic-and: smart-farm-kicalk-tree-recipe-kicalk-super-5,logic-and,smart-farm-kicalk-tree-recipe-kicalk-super-5,False,,False,False,5.1384977259480037e-34,5.1384977259480037e-34
361,4191,recipe: geothermal-water-pyvoid-fluid,recipe,geothermal-water-pyvoid-fluid,False,,True,True,5.1382181338214915e-34,5.1382181338214915e-34
362,3617,logic-and: smart-farm-kicalk-tree-recipe-kicalk-super-4,logic-and,smart-farm-kicalk-tree-recipe-kicalk-super-4,False,,False,False,5.1358497726282968e-34,5.1358497726282968e-34
363,3619,logic-and: smart-farm-kicalk-tree-recipe-kicalk-super-8,logic-and,smart-farm-kicalk-tree-recipe-kicalk-super-8,False,,False,False,5.1336333334489866e-34,5.1336333334489866e-34
364,3616,logic-and: smart-farm-kicalk-tree-recipe-kicalk-super-3,logic-and,smart-farm-kicalk-tree-recipe-kicalk-super-3,False,,False,False,5.1336251806749009e-34,5.1336251806749009e-34
365,3615,logic-and: smart-farm-kicalk-tree-recipe-kicalk-super-2,logic-and,smart-farm-kicalk-tree-recipe-kicalk-super-2,False,,False,False,5.1336251654182682e-34,5.1336251654182682e-34
366,3614,logic-and: smart-farm-kicalk-tree-recipe-kicalk-super-1,logic-and,smart-farm-kicalk-tree-recipe-kicalk-super-1,False,,False,False,5.1127381453761896e-34,5.1127381453761896e-34
367,4733,recipe: tall-oil-pyvoid-fluid,recipe,tall-oil-pyvoid-fluid,False,,True,True,4.9630170859433346e-34,4.9630170859433346e-34
368,4269,recipe: inductor1-2,recipe,inductor1-2,False,,True,True,4.8800216065105443e-34,4.8800216065105443e-34
369,4179,recipe: gate,recipe,gate,False,,True,True,4.8800002901637991e-34,4.8800002901637991e-34
370,3792,recipe: biomass-urea,recipe,biomass-urea,False,,True,True,4.6400000290721487e-34,4.6400000290721487e-34
371,3756,recipe: biomass-cocoon,recipe,biomass-cocoon,False,,True,True,4.6400000287692787e-34,4.6400000287692787e-34
372,3780,recipe: biomass-petri-dish,recipe,biomass-petri-dish,False,,True,True,4.6400000271500392e-34,4.6400000271500392e-34
373,3781,recipe: biomass-petri-dish-bacteria,recipe,biomass-petri-dish-bacteria,False,,True,True,4.6400000259049148e-34,4.6400000259049148e-34
374,4480,recipe: pump,recipe,pump,False,,True,True,4.3200000117955628e-34,4.3200000117955628e-34
375,4116,recipe: fiberboard,recipe,fiberboard,False,,True,True,3.9730664138404191e-34,3.9730664138404191e-34
376,3802,recipe: black-liquor-pyvoid-fluid,recipe,black-liquor-pyvoid-fluid,False,,True,True,3.4996445978996318e-34,3.4996445978996318e-34
377,3697,recipe: atomizer-mk01,recipe,atomizer-mk01,False,,True,True,3.360004433614634e-34,3.360004433614634e-34
378,3924,recipe: cooling-water,recipe,cooling-water,False,,True,True,3.1801588945092813e-34,3.1801588945092813e-34
379,4350,recipe: middle-oil-pyvoid-fluid,recipe,middle-oil-pyvoid-fluid,False,,True,True,2.9767107890562665e-34,2.9767107890562665e-34
380,4698,recipe: steel-plate-pyvoid,recipe,steel-plate-pyvoid,False,,True,True,2.7664000051917707e-34,2.7664000051917707e-34
381,4591,recipe: retrovirus,recipe,retrovirus,False,,True,True,2.7547382595834956e-34,2.7547382595834956e-34
382,4043,recipe: empty-jerry-can,recipe,empty-jerry-can,False,,True,True,2.5600032530784431e-34,2.5600032530784431e-34
383,3724,recipe: barrel,recipe,barrel,False,,True,True,2.5600000057915705e-34,2.5600000057915705e-34
384,4556,recipe: rail,recipe,rail,False,,True,True,2.4800057726459945e-34,2.4800057726459945e-34
385,3958,recipe: cyanic-acid-pyvoid-fluid,recipe,cyanic-acid-pyvoid-fluid,False,,True,True,2.379840362904299e-34,2.379840362904299e-34
386,4440,recipe: pipe-pyvoid,recipe,pipe-pyvoid,False,,True,True,1.9664000060352571e-34,1.9664000060352571e-34
387,4568,recipe: ralesia-sample,recipe,ralesia-sample,False,,True,True,1.7054260985351939e-34,1.7054260985351939e-34
388,4370,recipe: moondrop-sample,recipe,moondrop-sample,False,,True,True,1.7054260819588015e-34,1.7054260819588015e-34
389,3931,recipe: cottongut,recipe,cottongut,False,,True,True,1.704246051900679e-34,1.704246051900679e-34
390,3699,recipe: auog,recipe,auog,False,,True,True,1.7042460505504595e-34,1.7042460505504595e-34
391,4453,recipe: polybutadiene,recipe,polybutadiene,False,,True,True,1.7042460485143424e-34,1.7042460485143424e-34
392,4739,recipe: tar-quenching,recipe,tar-quenching,False,,True,True,1.6437349628364628e-34,1.6437349628364628e-34
393,3668,recipe: alien-sample01,recipe,alien-sample01,False,,True,True,1.6000008886581541e-34,1.6000008886581541e-34
394,4502,recipe: py-iron-oxide,recipe,py-iron-oxide,False,,True,True,1.6000001479834818e-34,1.6000001479834818e-34
395,1459,__pr_graph_lp_or_to_or_and__: 2121:item: pipe --> entity-build-item: pipe,,,True,item: pipe --> entity-build-item: pipe,False,False,1.6000000059560043e-34,1.6000000059560043e-34
396,3814,recipe: bone-to-bonemeal-2,recipe,bone-to-bonemeal-2,False,,True,True,1.5892253665833518e-34,1.5892253665833518e-34
397,4405,recipe: oil-molten-salt-01,recipe,oil-molten-salt-01,False,,True,True,1.3751217808512045e-34,1.3751217808512045e-34
398,3901,recipe: coal-molten-salt-01,recipe,coal-molten-salt-01,False,,True,True,1.3751209593521097e-34,1.3751209593521097e-34
399,4668,recipe: soil,recipe,soil,False,,True,True,1.3633968388527343e-34,1.3633968388527343e-34
400,4299,recipe: latex,recipe,latex,False,,True,True,1.1919188290767492e-34,1.1919188290767492e-34
401,4090,recipe: equipment-chassi,recipe,equipment-chassi,False,,True,True,1.1200002042916932e-34,1.1200002042916932e-34
402,3774,recipe: biomass-molten-salt-01,recipe,biomass-molten-salt-01,False,,True,True,1.1000975477052212e-34,1.1000975477052212e-34
403,4673,recipe: soil-washing,recipe,soil-washing,False,,True,True,1.0237155208345179e-34,1.0237155208345179e-34
404,3740,recipe: bio-sample01,recipe,bio-sample01,False,,True,True,9.600003569793662e-35,9.600003569793662e-35
405,4325,recipe: log3,recipe,log3,False,,True,True,8.5252021729127121e-35,8.5252021729127121e-35
406,4595,recipe: rich-clay,recipe,rich-clay,False,,True,True,8.5245435855202966e-35,8.5245435855202966e-35
407,4317,recipe: liquid-manure,recipe,liquid-manure,False,,True,True,8.5227133041322587e-35,8.5227133041322587e-35
408,4324,recipe: log2,recipe,log2,False,,True,True,8.5212302429253102e-35,8.5212302429253102e-35
409,4434,recipe: phytoplankton,recipe,phytoplankton,False,,True,True,8.5212302428906188e-35,8.5212302428906188e-35
410,4289,recipe: jerky-to-phytoplankton,recipe,jerky-to-phytoplankton,False,,True,True,8.5212302428869025e-35,8.5212302428869025e-35
411,4472,recipe: pressured-water,recipe,pressured-water,False,,True,True,8.5212302424564217e-35,8.5212302424564217e-35
412,3822,recipe: boric-acid,recipe,boric-acid,False,,True,True,8.5212302390965683e-35,8.5212302390965683e-35
413,4229,recipe: ground-sample01,recipe,ground-sample01,False,,True,True,8.0038930105235143e-35,8.0038930105235143e-35
414,4825,recipe: wood-seeds,recipe,wood-seeds,False,,True,True,8.0000739695495841e-35,8.0000739695495841e-35
415,4098,recipe: fawogae-codex,recipe,fawogae-codex,False,,True,True,8.0000702054977808e-35,8.0000702054977808e-35
416,4563,recipe: ralesia-codex,recipe,ralesia-codex,False,,True,True,8.0000702054977787e-35,8.0000702054977787e-35
417,3932,recipe: cottongut-codex,recipe,cottongut-codex,False,,True,True,8.0000702054977744e-35,8.0000702054977744e-35
418,3700,recipe: auog-codex,recipe,auog-codex,False,,True,True,8.0000142540965856e-35,8.0000142540965856e-35
419,4796,recipe: vrauks-codex,recipe,vrauks-codex,False,,True,True,8.0000073278181056e-35,8.0000073278181056e-35
420,4708,recipe: stopper,recipe,stopper,False,,True,True,8.0000003731582867e-35,8.0000003731582867e-35
421,4365,recipe: moondrop-codex,recipe,moondrop-codex,False,,True,True,8.0000002452223968e-35,8.0000002452223968e-35
422,4430,recipe: petri-dish,recipe,petri-dish,False,,True,True,8.0000000771650094e-35,8.0000000771650094e-35
423,4709,recipe: stopper-2,recipe,stopper-2,False,,True,True,8.0000000181757366e-35,8.0000000181757366e-35
424,3702,recipe: auog-food-01,recipe,auog-food-01,False,,True,True,7.9461634618192052e-35,7.9461634618192052e-35
425,4798,recipe: vrauks-food-01,recipe,vrauks-food-01,False,,True,True,7.9461324373295352e-35,7.9461324373295352e-35
426,3935,recipe: cottongut-food-01,recipe,cottongut-food-01,False,,True,True,7.9461315409139844e-35,7.9461315409139844e-35
427,3666,recipe: agar,recipe,agar,False,,True,True,7.9461262982598114e-35,7.9461262982598114e-35
428,3888,recipe: clay,recipe,clay,False,,True,True,7.9461229560398129e-35,7.9461229560398129e-35
429,3966,recipe: diborane,recipe,diborane,False,,True,True,7.827768489302661e-35,7.827768489302661e-35
430,4274,recipe: intermetallics-pyvoid,recipe,intermetallics-pyvoid,False,,True,True,6.864002720445235e-35,6.864002720445235e-35
431,4095,recipe: extract-limestone-01,recipe,extract-limestone-01,False,,True,True,6.8169841953399117e-35,6.8169841953399117e-35
432,3824,recipe: boric-acid-pyvoid-fluid,recipe,boric-acid-pyvoid-fluid,False,,True,True,6.6890193311802705e-35,6.6890193311802705e-35
433,4251,recipe: hotair-aluminium-plate-3,recipe,hotair-aluminium-plate-3,False,,True,True,6.4203656686923793e-35,6.4203656686923793e-35
434,4816,recipe: water-from-oxygen-and-hydrogen,recipe,water-from-oxygen-and-hydrogen,False,,True,True,6.2623021577467685e-35,6.2623021577467685e-35
435,4106,recipe: fawogae-substrate,recipe,fawogae-substrate,False,,True,True,5.6000013193364217e-35,5.6000013193364217e-35
436,4301,recipe: latex-slab,recipe,latex-slab,False,,True,True,5.5626353503998012e-35,5.5626353503998012e-35
437,4735,recipe: tar-distilation,recipe,tar-distilation,False,,True,True,5.5403735816020426e-35,5.5403735816020426e-35
438,3840,recipe: cage-pyvoid,recipe,cage-pyvoid,False,,True,True,5.2640000007923275e-35,5.2640000007923275e-35
439,4261,recipe: hydrogen,recipe,hydrogen,False,,True,True,5.1127737379092167e-35,5.1127737379092167e-35
440,3657,recipe: acetylene,recipe,acetylene,False,,True,True,5.1127381456484709e-35,5.1127381456484709e-35
441,3995,recipe: electric-boiler-water-to-steam,recipe,electric-boiler-water-to-steam,False,,True,True,5.1127381455371524e-35,5.1127381455371524e-35
442,4345,recipe: methane-co2,recipe,methane-co2,False,,True,True,5.0179265226672404e-35,5.0179265226672404e-35
443,3884,recipe: chromium-01,recipe,chromium-01,False,,True,True,4.9712207830782901e-35,4.9712207830782901e-35
444,4562,recipe: ralesia-1,recipe,ralesia-1,False,,True,True,4.8412262389114121e-35,4.8412262389114121e-35
445,4254,recipe: hotair-iron-plate-1,recipe,hotair-iron-plate-1,False,,True,True,4.3910733604747921e-35,4.3910733604747921e-35
446,4609,recipe: sand-pyvoid,recipe,sand-pyvoid,False,,True,True,3.6653924687953369e-35,3.6653924687953369e-35
447,4671,recipe: soil-pyvoid,recipe,soil-pyvoid,False,,True,True,3.664389297733486e-35,3.664389297733486e-35
448,4315,recipe: limestone-pyvoid,recipe,limestone-pyvoid,False,,True,True,3.6642380426990543e-35,3.6642380426990543e-35
449,4330,recipe: manure-pyvoid,recipe,manure-pyvoid,False,,True,True,3.6641483069227584e-35,3.6641483069227584e-35
450,3691,recipe: ash-pyvoid,recipe,ash-pyvoid,False,,True,True,3.6641323984585172e-35,3.6641323984585172e-35
451,3926,recipe: copper-cable-pyvoid,recipe,copper-cable-pyvoid,False,,True,True,3.6640270100585761e-35,3.6640270100585761e-35
452,3731,recipe: battery-mk01-pyvoid,recipe,battery-mk01-pyvoid,False,,True,True,3.6640270100583324e-35,3.6640270100583324e-35
453,4452,recipe: plastic-bar-pyvoid,recipe,plastic-bar-pyvoid,False,,True,True,3.6640162388046088e-35,3.6640162388046088e-35
454,4704,recipe: stone-pyvoid,recipe,stone-pyvoid,False,,True,True,3.6640134852803822e-35,3.6640134852803822e-35
455,3813,recipe: bolts-pyvoid,recipe,bolts-pyvoid,False,,True,True,3.664010843049203e-35,3.664010843049203e-35
456,4105,recipe: fawogae-spore-pyvoid,recipe,fawogae-spore-pyvoid,False,,True,True,3.6640029509090272e-35,3.6640029509090272e-35
457,4002,recipe: electronic-circuit-pyvoid,recipe,electronic-circuit-pyvoid,False,,True,True,3.6640013995775619e-35,3.6640013995775619e-35
458,3676,recipe: anemometer-mk01-pyvoid,recipe,anemometer-mk01-pyvoid,False,,True,True,3.6640010811631692e-35,3.6640010811631692e-35
459,3816,recipe: bones-pyvoid,recipe,bones-pyvoid,False,,True,True,3.6640006011174457e-35,3.6640006011174457e-35
460,4230,recipe: ground-sample01-pyvoid,recipe,ground-sample01-pyvoid,False,,True,True,3.6640005908078684e-35,3.6640005908078684e-35
461,3721,recipe: automation-science-pack-pyvoid,recipe,automation-science-pack-pyvoid,False,,True,True,3.6640005420709437e-35,3.6640005420709437e-35
462,4777,recipe: utility-box-mk01-pyvoid,recipe,utility-box-mk01-pyvoid,False,,True,True,3.6640005409778198e-35,3.6640005409778198e-35
463,4643,recipe: shaft-mk01-pyvoid,recipe,shaft-mk01-pyvoid,False,,True,True,3.6640005409777963e-35,3.6640005409777963e-35
464,4666,recipe: sodium-hydroxide-pyvoid,recipe,sodium-hydroxide-pyvoid,False,,True,True,3.6640003853552409e-35,3.6640003853552409e-35
465,3903,recipe: coarse-pyvoid,recipe,coarse-pyvoid,False,,True,True,3.6640003605513023e-35,3.6640003605513023e-35
466,4114,recipe: fertilizer-pyvoid,recipe,fertilizer-pyvoid,False,,True,True,3.6640003605509056e-35,3.6640003605509056e-35
467,4637,recipe: seaweed-pyvoid,recipe,seaweed-pyvoid,False,,True,True,3.6640003150152388e-35,3.6640003150152388e-35
468,4099,recipe: fawogae-codex-pyvoid,recipe,fawogae-codex-pyvoid,False,,True,True,3.6640002968017099e-35,3.6640002968017099e-35
469,3994,recipe: earth-shroom-sample-pyvoid,recipe,earth-shroom-sample-pyvoid,False,,True,True,3.6640002958002394e-35,3.6640002958002394e-35
470,4377,recipe: moss-pyvoid,recipe,moss-pyvoid,False,,True,True,3.6640002354698754e-35,3.6640002354698754e-35
471,4826,recipe: wood-seeds-pyvoid,recipe,wood-seeds-pyvoid,False,,True,True,3.6640002070763545e-35,3.6640002070763545e-35
472,3883,recipe: chromite-sand-pyvoid,recipe,chromite-sand-pyvoid,False,,True,True,3.6640001447839465e-35,3.6640001447839465e-35
473,3820,recipe: borax-pyvoid,recipe,borax-pyvoid,False,,True,True,3.6640001310618287e-35,3.6640001310618287e-35
474,4570,recipe: ralesia-seeds-pyvoid,recipe,ralesia-seeds-pyvoid,False,,True,True,3.6640001222998843e-35,3.6640001222998843e-35
475,4390,recipe: native-flora-pyvoid,recipe,native-flora-pyvoid,False,,True,True,3.6640001008535085e-35,3.6640001008535085e-35
476,4686,recipe: starch-pyvoid,recipe,starch-pyvoid,False,,True,True,3.6640000950353231e-35,3.6640000950353231e-35
477,4567,recipe: ralesia-pyvoid,recipe,ralesia-pyvoid,False,,True,True,3.6640000819342842e-35,3.6640000819342842e-35
478,4102,recipe: fawogae-pyvoid,recipe,fawogae-pyvoid,False,,True,True,3.664000074524964e-35,3.664000074524964e-35
479,3727,recipe: barrel-pyvoid,recipe,barrel-pyvoid,False,,True,True,3.6640000648189167e-35,3.6640000648189167e-35
480,4750,recipe: tin-plate-pyvoid,recipe,tin-plate-pyvoid,False,,True,True,3.6640000626610596e-35,3.6640000626610596e-35
481,3667,recipe: agar-pyvoid,recipe,agar-pyvoid,False,,True,True,3.664000059781648e-35,3.664000059781648e-35
482,4194,recipe: glass-pyvoid,recipe,glass-pyvoid,False,,True,True,3.6640000550699278e-35,3.6640000550699278e-35
483,3982,recipe: duralumin-pyvoid,recipe,duralumin-pyvoid,False,,True,True,3.6640000409247135e-35,3.6640000409247135e-35
484,3930,recipe: copper-plate-pyvoid,recipe,copper-plate-pyvoid,False,,True,True,3.6640000367991451e-35,3.6640000367991451e-35
485,4774,recipe: urea-pyvoid,recipe,urea-pyvoid,False,,True,True,3.6640000327126199e-35,3.6640000327126199e-35
486,4302,recipe: latex-slab-pyvoid,recipe,latex-slab-pyvoid,False,,True,True,3.6640000302468159e-35,3.6640000302468159e-35
487,3905,recipe: cocoon-pyvoid,recipe,cocoon-pyvoid,False,,True,True,3.6640000296839161e-35,3.6640000296839161e-35
488,4607,recipe: sand-casting-pyvoid,recipe,sand-casting-pyvoid,False,,True,True,3.6640000288080725e-35,3.6640000288080725e-35
489,4710,recipe: stopper-pyvoid,recipe,stopper-pyvoid,False,,True,True,3.6640000206518824e-35,3.6640000206518824e-35
490,4433,recipe: petri-dish-pyvoid,recipe,petri-dish-pyvoid,False,,True,True,3.6640000134915174e-35,3.6640000134915174e-35
491,4665,recipe: sodium-alginate-pyvoid,recipe,sodium-alginate-pyvoid,False,,True,True,3.6640000123016742e-35,3.6640000123016742e-35
492,4659,recipe: small-lamp-pyvoid,recipe,small-lamp-pyvoid,False,,True,True,3.6640000109636203e-35,3.6640000109636203e-35
493,4035,recipe: empty-fuel-canister-pyvoid,recipe,empty-fuel-canister-pyvoid,False,,True,True,3.6640000083121624e-35,3.6640000083121624e-35
494,4145,recipe: flask-pyvoid,recipe,flask-pyvoid,False,,True,True,3.6640000076353221e-35,3.6640000076353221e-35
495,4295,recipe: lab-instrument-pyvoid,recipe,lab-instrument-pyvoid,False,,True,True,3.6640000076344481e-35,3.6640000076344481e-35
496,4688,recipe: steam-engine-pyvoid,recipe,steam-engine-pyvoid,False,,True,True,3.6640000073819675e-35,3.6640000073819675e-35
497,4372,recipe: moondrop-seeds-pyvoid,recipe,moondrop-seeds-pyvoid,False,,True,True,3.6640000069920694e-35,3.6640000069920694e-35
498,3990,recipe: earth-generic-sample-pyvoid,recipe,earth-generic-sample-pyvoid,False,,True,True,3.664000006413557e-35,3.664000006413557e-35
499,3826,recipe: boron-trioxide-pyvoid,recipe,boron-trioxide-pyvoid,False,,True,True,3.6640000053027939e-35,3.6640000053027939e-35
500,4224,recipe: gravel-pyvoid,recipe,gravel-pyvoid,False,,True,True,3.6640000053006531e-35,3.6640000053006531e-35
501,4596,recipe: rich-clay-pyvoid,recipe,rich-clay-pyvoid,False,,True,True,3.664000005273316e-35,3.664000005273316e-35
502,4752,recipe: tinned-cable-pyvoid,recipe,tinned-cable-pyvoid,False,,True,True,3.6640000052255393e-35,3.6640000052255393e-35
503,3701,recipe: auog-codex-pyvoid,recipe,auog-codex-pyvoid,False,,True,True,3.6640000047646418e-35,3.6640000047646418e-35
504,4223,recipe: graphite-pyvoid,recipe,graphite-pyvoid,False,,True,True,3.6640000044256551e-35,3.6640000044256551e-35
505,4166,recipe: formica-pyvoid,recipe,formica-pyvoid,False,,True,True,3.6640000043895466e-35,3.6640000043895466e-35
506,4701,recipe: stone-brick-pyvoid,recipe,stone-brick-pyvoid,False,,True,True,3.6640000043619171e-35,3.6640000043619171e-35
507,3942,recipe: cottongut-pyvoid,recipe,cottongut-pyvoid,False,,True,True,3.6640000041522911e-35,3.6640000041522911e-35
508,4376,recipe: moss-gen-pyvoid,recipe,moss-gen-pyvoid,False,,True,True,3.6640000026228235e-35,3.6640000026228235e-35
509,3933,recipe: cottongut-codex-pyvoid,recipe,cottongut-codex-pyvoid,False,,True,True,3.6640000026106832e-35,3.6640000026106832e-35
510,4564,recipe: ralesia-codex-pyvoid,recipe,ralesia-codex-pyvoid,False,,True,True,3.6640000025809968e-35,3.6640000025809968e-35
511,4618,recipe: saps-pyvoid,recipe,saps-pyvoid,False,,True,True,3.6640000024887239e-35,3.6640000024887239e-35
512,3712,recipe: auog-pup-pyvoid,recipe,auog-pup-pyvoid,False,,True,True,3.6640000024533306e-35,3.6640000024533306e-35
513,4720,recipe: sulfur-pyvoid,recipe,sulfur-pyvoid,False,,True,True,3.6640000023012172e-35,3.6640000023012172e-35
514,4107,recipe: fawogae-substrate-pyvoid,recipe,fawogae-substrate-pyvoid,False,,True,True,3.6640000022612486e-35,3.6640000022612486e-35
515,4828,recipe: wooden-chest-pyvoid,recipe,wooden-chest-pyvoid,False,,True,True,3.6640000017939382e-35,3.6640000017939382e-35
516,4334,recipe: mechanical-parts-01-pyvoid,recipe,mechanical-parts-01-pyvoid,False,,True,True,3.6640000016867224e-35,3.6640000016867224e-35
517,4300,recipe: latex-pyvoid,recipe,latex-pyvoid,False,,True,True,3.6640000015055522e-35,3.6640000015055522e-35
518,3739,recipe: bio-sample-pyvoid,recipe,bio-sample-pyvoid,False,,True,True,3.6640000014772343e-35,3.6640000014772343e-35
519,4414,recipe: ore-titanium-pyvoid,recipe,ore-titanium-pyvoid,False,,True,True,3.6640000014140207e-35,3.6640000014140207e-35
520,4797,recipe: vrauks-codex-pyvoid,recipe,vrauks-codex-pyvoid,False,,True,True,3.6640000014025257e-35,3.6640000014025257e-35
521,4270,recipe: inductor1-pyvoid,recipe,inductor1-pyvoid,False,,True,True,3.6640000013891629e-35,3.6640000013891629e-35
522,3703,recipe: auog-food-01-pyvoid,recipe,auog-food-01-pyvoid,False,,True,True,3.6640000011558803e-35,3.6640000011558803e-35
523,4837,recipe: zinc-plate-pyvoid,recipe,zinc-plate-pyvoid,False,,True,True,3.6640000011153478e-35,3.6640000011153478e-35
524,3977,recipe: distilator-pyvoid,recipe,distilator-pyvoid,False,,True,True,3.6640000010906258e-35,3.6640000010906258e-35
525,4174,recipe: gas-refinery-mk01-pyvoid,recipe,gas-refinery-mk01-pyvoid,False,,True,True,3.6640000010906151e-35,3.6640000010906151e-35
526,4432,recipe: petri-dish-bacteria-pyvoid,recipe,petri-dish-bacteria-pyvoid,False,,True,True,3.6640000010402731e-35,3.6640000010402731e-35
527,3836,recipe: burner-inserter-pyvoid,recipe,burner-inserter-pyvoid,False,,True,True,3.6640000010306372e-35,3.6640000010306372e-35
528,4338,recipe: melamine-pyvoid,recipe,melamine-pyvoid,False,,True,True,3.6640000010076049e-35,3.6640000010076049e-35
529,4799,recipe: vrauks-food-01-pyvoid,recipe,vrauks-food-01-pyvoid,False,,True,True,3.6640000009984625e-35,3.6640000009984625e-35
530,4412,recipe: ore-quartz-pyvoid,recipe,ore-quartz-pyvoid,False,,True,True,3.6640000009439434e-35,3.6640000009439434e-35
531,4451,recipe: plasmids-pyvoid,recipe,plasmids-pyvoid,False,,True,True,3.6640000009387385e-35,3.6640000009387385e-35
532,4423,recipe: pbsb-alloy-pyvoid,recipe,pbsb-alloy-pyvoid,False,,True,True,3.6640000009001224e-35,3.6640000009001224e-35
533,4279,recipe: iron-ore-pyvoid,recipe,iron-ore-pyvoid,False,,True,True,3.6640000008758836e-35,3.6640000008758836e-35
534,3904,recipe: cocoon-mk02-pyvoid,recipe,cocoon-mk02-pyvoid,False,,True,True,3.6640000008623198e-35,3.6640000008623198e-35
535,4276,recipe: iron-chest-pyvoid,recipe,iron-chest-pyvoid,False,,True,True,3.6640000008609797e-35,3.6640000008609797e-35
536,3876,recipe: chitin-pyvoid,recipe,chitin-pyvoid,False,,True,True,3.6640000008581386e-35,3.6640000008581386e-35
537,4209,recipe: grade-1-tin-pyvoid,recipe,grade-1-tin-pyvoid,False,,True,True,3.6640000008548906e-35,3.6640000008548906e-35
538,3842,recipe: caged-auog-pyvoid,recipe,caged-auog-pyvoid,False,,True,True,3.6640000008516705e-35,3.6640000008516705e-35
539,4143,recipe: fish-pyvoid,recipe,fish-pyvoid,False,,True,True,3.664000000842852e-35,3.664000000842852e-35
540,4369,recipe: moondrop-pyvoid,recipe,moondrop-pyvoid,False,,True,True,3.6640000008417144e-35,3.6640000008417144e-35
541,4775,recipe: used-auog-pyvoid,recipe,used-auog-pyvoid,False,,True,True,3.6640000008334577e-35,3.6640000008334577e-35
542,4824,recipe: wood-seedling-pyvoid,recipe,wood-seedling-pyvoid,False,,True,True,3.664000000822532e-35,3.664000000822532e-35
543,4803,recipe: vrauks-mk02-pyvoid,recipe,vrauks-mk02-pyvoid,False,,True,True,3.6640000008203794e-35,3.6640000008203794e-35
544,4331,recipe: meat-pyvoid,recipe,meat-pyvoid,False,,True,True,3.664000000813567e-35,3.664000000813567e-35
545,4588,recipe: resistor1-pyvoid,recipe,resistor1-pyvoid,False,,True,True,3.664000000812716e-35,3.664000000812716e-35
546,3980,recipe: dried-meat-pyvoid,recipe,dried-meat-pyvoid,False,,True,True,3.6640000008119869e-35,3.6640000008119869e-35
547,3941,recipe: cottongut-pup-pyvoid,recipe,cottongut-pup-pyvoid,False,,True,True,3.6640000008113614e-35,3.6640000008113614e-35
548,4408,recipe: ore-aluminium-pyvoid,recipe,ore-aluminium-pyvoid,False,,True,True,3.6640000008111123e-35,3.6640000008111123e-35
549,4615,recipe: sap-seeds-pyvoid,recipe,sap-seeds-pyvoid,False,,True,True,3.6640000008095082e-35,3.6640000008095082e-35
550,3849,recipe: capacitor1-pyvoid,recipe,capacitor1-pyvoid,False,,True,True,3.6640000008035901e-35,3.6640000008035901e-35
551,3893,recipe: clean-nexelit-pyvoid,recipe,clean-nexelit-pyvoid,False,,True,True,3.6640000008026199e-35,3.6640000008026199e-35
552,4765,recipe: tree-mk01-pyvoid,recipe,tree-mk01-pyvoid,False,,True,True,3.6640000008023745e-35,3.6640000008023745e-35
553,4067,recipe: empty-planter-box-pyvoid,recipe,empty-planter-box-pyvoid,False,,True,True,3.6640000008019907e-35,3.6640000008019907e-35
554,3845,recipe: caged-vrauks-pyvoid,recipe,caged-vrauks-pyvoid,False,,True,True,3.66400000080102e-35,3.66400000080102e-35
555,4648,recipe: skin-pyvoid,recipe,skin-pyvoid,False,,True,True,3.664000000800928e-35,3.664000000800928e-35
556,4234,recipe: guts-pyvoid,recipe,guts-pyvoid,False,,True,True,3.6640000007995361e-35,3.6640000007995361e-35
557,4806,recipe: vrauks-pyvoid,recipe,vrauks-pyvoid,False,,True,True,3.6640000007989347e-35,3.6640000007989347e-35
558,4784,recipe: vacuum-tube-pyvoid,recipe,vacuum-tube-pyvoid,False,,True,True,3.6640000007983071e-35,3.6640000007983071e-35
559,3735,recipe: bio-container-pyvoid,recipe,bio-container-pyvoid,False,,True,True,3.6640000007978773e-35,3.6640000007978773e-35
560,4675,recipe: solder-pyvoid,recipe,solder-pyvoid,False,,True,True,3.6640000007977384e-35,3.6640000007977384e-35
561,4219,recipe: grade-2-zinc-pyvoid,recipe,grade-2-zinc-pyvoid,False,,True,True,3.6640000007969895e-35,3.6640000007969895e-35
562,4221,recipe: grade-3-ti-pyvoid,recipe,grade-3-ti-pyvoid,False,,True,True,3.664000000796758e-35,3.664000000796758e-35
563,3938,recipe: cottongut-mk01-pyvoid,recipe,cottongut-mk01-pyvoid,False,,True,True,3.6640000007966655e-35,3.6640000007966655e-35
564,4449,recipe: planter-box-pyvoid,recipe,planter-box-pyvoid,False,,True,True,3.6640000007953115e-35,3.6640000007953115e-35
565,3829,recipe: brain-pyvoid,recipe,brain-pyvoid,False,,True,True,3.6640000007952917e-35,3.6640000007952917e-35
566,4382,recipe: mukmoux-fat-pyvoid,recipe,mukmoux-fat-pyvoid,False,,True,True,3.6640000007951164e-35,3.6640000007951164e-35
567,4463,recipe: powdered-ralesia-seeds-pyvoid,recipe,powdered-ralesia-seeds-pyvoid,False,,True,True,3.6640000007950918e-35,3.6640000007950918e-35
568,4117,recipe: fiberboard-pyvoid,recipe,fiberboard-pyvoid,False,,True,True,3.6640000007950533e-35,3.6640000007950533e-35
569,4617,recipe: sap-tree-pyvoid,recipe,sap-tree-pyvoid,False,,True,True,3.6640000007949539e-35,3.6640000007949539e-35
570,4203,recipe: grade-1-lead-pyvoid,recipe,grade-1-lead-pyvoid,False,,True,True,3.6640000007949165e-35,3.6640000007949165e-35
571,3815,recipe: bonemeal-pyvoid,recipe,bonemeal-pyvoid,False,,True,True,3.6640000007947962e-35,3.6640000007947962e-35
572,4427,recipe: pcb1-pyvoid,recipe,pcb1-pyvoid,False,,True,True,3.6640000007947149e-35,3.6640000007947149e-35
573,4213,recipe: grade-2-copper-pyvoid,recipe,grade-2-copper-pyvoid,False,,True,True,3.6640000007946241e-35,3.6640000007946241e-35
574,4628,recipe: sb-oxide-pyvoid,recipe,sb-oxide-pyvoid,False,,True,True,3.6640000007942755e-35,3.6640000007942755e-35
575,4410,recipe: ore-lead-pyvoid,recipe,ore-lead-pyvoid,False,,True,True,3.6640000007938671e-35,3.6640000007938671e-35
576,4138,recipe: fish-egg-pyvoid,recipe,fish-egg-pyvoid,False,,True,True,3.6640000007938468e-35,3.6640000007938468e-35
577,4280,recipe: iron-oxide-pyvoid,recipe,iron-oxide-pyvoid,False,,True,True,3.6640000007934785e-35,3.6640000007934785e-35
578,4475,recipe: processed-iron-ore-pyvoid,recipe,processed-iron-ore-pyvoid,False,,True,True,3.6640000007931872e-35,3.6640000007931872e-35
579,3729,recipe: battery-mk00-pyvoid,recipe,battery-mk00-pyvoid,False,,True,True,3.6640000007929766e-35,3.6640000007929766e-35
580,4411,recipe: ore-nickel-pyvoid,recipe,ore-nickel-pyvoid,False,,True,True,3.6640000007929413e-35,3.6640000007929413e-35
581,3936,recipe: cottongut-food-01-pyvoid,recipe,cottongut-food-01-pyvoid,False,,True,True,3.6640000007929001e-35,3.6640000007929001e-35
582,4112,recipe: fenxsb-alloy-pyvoid,recipe,fenxsb-alloy-pyvoid,False,,True,True,3.6640000007928937e-35,3.6640000007928937e-35
583,4790,recipe: vitreloy-pyvoid,recipe,vitreloy-pyvoid,False,,True,True,3.664000000792882e-35,3.664000000792882e-35
584,4200,recipe: grade-1-copper-pyvoid,recipe,grade-1-copper-pyvoid,False,,True,True,3.6640000007928103e-35,3.6640000007928103e-35
585,4624,recipe: sb-grade-03-pyvoid,recipe,sb-grade-03-pyvoid,False,,True,True,3.6640000007927098e-35,3.6640000007927098e-35
586,4205,recipe: grade-1-nickel-pyvoid,recipe,grade-1-nickel-pyvoid,False,,True,True,3.6640000007926692e-35,3.6640000007926692e-35
587,3871,recipe: ceramic-pyvoid,recipe,ceramic-pyvoid,False,,True,True,3.664000000792666e-35,3.664000000792666e-35
588,3997,recipe: electric-mining-drill-pyvoid,recipe,electric-mining-drill-pyvoid,False,,True,True,3.6640000007926302e-35,3.6640000007926302e-35
589,4481,recipe: pump-pyvoid,recipe,pump-pyvoid,False,,True,True,3.6640000007926222e-35,3.6640000007926222e-35
590,4620,recipe: sb-grade-01-pyvoid,recipe,sb-grade-01-pyvoid,False,,True,True,3.6640000007926163e-35,3.6640000007926163e-35
591,4216,recipe: grade-2-ti-pyvoid,recipe,grade-2-ti-pyvoid,False,,True,True,3.6640000007926045e-35,3.6640000007926045e-35
592,4461,recipe: powdered-aluminium-pyvoid,recipe,powdered-aluminium-pyvoid,False,,True,True,3.6640000007925933e-35,3.6640000007925933e-35
593,4809,recipe: warm-stone-brick-pyvoid,recipe,warm-stone-brick-pyvoid,False,,True,True,3.6640000007925922e-35,3.6640000007925922e-35
594,4314,recipe: lime-pyvoid,recipe,lime-pyvoid,False,,True,True,3.6640000007925853e-35,3.6640000007925853e-35
595,4592,recipe: retrovirus-pyvoid,recipe,retrovirus-pyvoid,False,,True,True,3.6640000007925842e-35,3.6640000007925842e-35
596,4089,recipe: engine-unit-pyvoid,recipe,engine-unit-pyvoid,False,,True,True,3.664000000792581e-35,3.664000000792581e-35
597,4762,recipe: transport-belt-pyvoid,recipe,transport-belt-pyvoid,False,,True,True,3.664000000792581e-35,3.664000000792581e-35
598,4272,recipe: inserter-pyvoid,recipe,inserter-pyvoid,False,,True,True,3.6640000007925553e-35,3.6640000007925553e-35
599,3694,recipe: assembling-machine-1-pyvoid,recipe,assembling-machine-1-pyvoid,False,,True,True,3.6640000007925511e-35,3.6640000007925511e-35
600,4246,recipe: heavy-oil-refinery-mk01-pyvoid,recipe,heavy-oil-refinery-mk01-pyvoid,False,,True,True,3.6640000007925505e-35,3.6640000007925505e-35
601,3698,recipe: atomizer-mk01-pyvoid,recipe,atomizer-mk01-pyvoid,False,,True,True,3.6640000007925495e-35,3.6640000007925495e-35
602,4352,recipe: mixer-mk01-pyvoid,recipe,mixer-mk01-pyvoid,False,,True,True,3.6640000007925489e-35,3.6640000007925489e-35
603,4394,recipe: nco-py-short-crane-mk1-pyvoid,recipe,nco-py-short-crane-mk1-pyvoid,False,,True,True,3.6640000007925489e-35,3.6640000007925489e-35
604,4511,recipe: py-overflow-valve-pyvoid,recipe,py-overflow-valve-pyvoid,False,,True,True,3.6640000007925489e-35,3.6640000007925489e-35
605,4594,recipe: rhe-pyvoid,recipe,rhe-pyvoid,False,,True,True,3.6640000007925479e-35,3.6640000007925479e-35
606,4217,recipe: grade-2-tin-pyvoid,recipe,grade-2-tin-pyvoid,False,,True,True,3.6640000007925473e-35,3.6640000007925473e-35
607,4237,recipe: hawt-turbine-mk01-pyvoid,recipe,hawt-turbine-mk01-pyvoid,False,,True,True,3.6640000007925473e-35,3.6640000007925473e-35
608,4147,recipe: flora-collector-mk01-pyvoid,recipe,flora-collector-mk01-pyvoid,False,,True,True,3.6640000007925468e-35,3.6640000007925468e-35
609,4830,recipe: workers-food-pyvoid,recipe,workers-food-pyvoid,False,,True,True,3.6640000007925468e-35,3.6640000007925468e-35
610,3654,recipe: accumulator-pyvoid,recipe,accumulator-pyvoid,False,,True,True,3.6640000007925457e-35,3.6640000007925457e-35
611,3861,recipe: cargo-wagon-pyvoid,recipe,cargo-wagon-pyvoid,False,,True,True,3.6640000007925457e-35,3.6640000007925457e-35
612,4549,recipe: py-ze-pyvoid,recipe,py-ze-pyvoid,False,,True,True,3.6640000007925457e-35,3.6640000007925457e-35
613,4743,recipe: ti-rejects-pyvoid,recipe,ti-rejects-pyvoid,False,,True,True,3.6640000007925457e-35,3.6640000007925457e-35
614,3719,recipe: automated-screener-mk01-pyvoid,recipe,automated-screener-mk01-pyvoid,False,,True,True,3.6640000007925446e-35,3.6640000007925446e-35
615,3918,recipe: constant-combinator-pyvoid,recipe,constant-combinator-pyvoid,False,,True,True,3.6640000007925446e-35,3.6640000007925446e-35
616,4525,recipe: py-tank-1000-pyvoid,recipe,py-tank-1000-pyvoid,False,,True,True,3.6640000007925436e-35,3.6640000007925436e-35
617,3696,recipe: assembling-machine-2-pyvoid,recipe,assembling-machine-2-pyvoid,False,,True,True,3.664000000792543e-35,3.664000000792543e-35
618,4258,recipe: hpf-pyvoid,recipe,hpf-pyvoid,False,,True,True,3.664000000792543e-35,3.664000000792543e-35
619,3717,recipe: automated-factory-mk01-pyvoid,recipe,automated-factory-mk01-pyvoid,False,,True,True,3.6640000007925425e-35,3.6640000007925425e-35
620,3838,recipe: burner-mining-drill-pyvoid,recipe,burner-mining-drill-pyvoid,False,,True,True,3.6640000007925425e-35,3.6640000007925425e-35
621,3999,recipe: electrolyzer-mk01-pyvoid,recipe,electrolyzer-mk01-pyvoid,False,,True,True,3.6640000007925425e-35,3.6640000007925425e-35
622,4485,recipe: py-biomass-powerplant-mk01-pyvoid,recipe,py-biomass-powerplant-mk01-pyvoid,False,,True,True,3.6640000007925425e-35,3.6640000007925425e-35
623,4737,recipe: tar-processing-unit-pyvoid,recipe,tar-processing-unit-pyvoid,False,,True,True,3.6640000007925414e-35,3.6640000007925414e-35
624,4296,recipe: lab-pyvoid,recipe,lab-pyvoid,False,,True,True,3.6640000007925409e-35,3.6640000007925409e-35
625,4157,recipe: fluid-drill-mk02-pyvoid,recipe,fluid-drill-mk02-pyvoid,False,,True,True,3.6640000007925404e-35,3.6640000007925404e-35
626,3828,recipe: botanical-nursery-pyvoid,recipe,botanical-nursery-pyvoid,False,,True,True,3.6640000007925398e-35,3.6640000007925398e-35
627,4489,recipe: py-check-valve-pyvoid,recipe,py-check-valve-pyvoid,False,,True,True,3.6640000007925398e-35,3.6640000007925398e-35
628,4571,recipe: raw-borax-pyvoid,recipe,raw-borax-pyvoid,False,,True,True,3.6640000007925398e-35,3.6640000007925398e-35
629,4586,recipe: research-center-mk01-pyvoid,recipe,research-center-mk01-pyvoid,False,,True,True,3.6640000007925398e-35,3.6640000007925398e-35
630,4682,recipe: splitter-pyvoid,recipe,splitter-pyvoid,False,,True,True,3.6640000007925398e-35,3.6640000007925398e-35
631,3914,recipe: concrete-wall-pyvoid,recipe,concrete-wall-pyvoid,False,,True,True,3.6640000007925393e-35,3.6640000007925393e-35
632,4507,recipe: py-local-radar-pyvoid,recipe,py-local-radar-pyvoid,False,,True,True,3.6640000007925393e-35,3.6640000007925393e-35
633,4533,recipe: py-tank-4000-pyvoid,recipe,py-tank-4000-pyvoid,False,,True,True,3.6640000007925393e-35,3.6640000007925393e-35
634,3853,recipe: caravan-pyvoid,recipe,caravan-pyvoid,False,,True,True,3.6640000007925388e-35,3.6640000007925388e-35
635,4149,recipe: flotation-cell-mk01-pyvoid,recipe,flotation-cell-mk01-pyvoid,False,,True,True,3.6640000007925388e-35,3.6640000007925388e-35
636,4438,recipe: piercing-rounds-magazine-pyvoid,recipe,piercing-rounds-magazine-pyvoid,False,,True,True,3.6640000007925388e-35,3.6640000007925388e-35
637,4233,recipe: gun-turret-pyvoid,recipe,gun-turret-pyvoid,False,,True,True,3.6640000007925377e-35,3.6640000007925377e-35
638,4392,recipe: nco-py-crane-mk1-pyvoid,recipe,nco-py-crane-mk1-pyvoid,False,,True,True,3.6640000007925377e-35,3.6640000007925377e-35
639,3865,recipe: cdna-pyvoid,recipe,cdna-pyvoid,False,,True,True,3.6640000007925372e-35,3.6640000007925372e-35
640,3663,recipe: advanced-foundry-mk01-pyvoid,recipe,advanced-foundry-mk01-pyvoid,False,,True,True,3.6640000007925366e-35,3.6640000007925366e-35
641,3973,recipe: dino-dig-site-pyvoid,recipe,dino-dig-site-pyvoid,False,,True,True,3.6640000007925366e-35,3.6640000007925366e-35
642,4093,recipe: evaporator-pyvoid,recipe,evaporator-pyvoid,False,,True,True,3.6640000007925366e-35,3.6640000007925366e-35
643,4529,recipe: py-tank-1500-pyvoid,recipe,py-tank-1500-pyvoid,False,,True,True,3.6640000007925366e-35,3.6640000007925366e-35
644,4425,recipe: pcb-factory-mk01-pyvoid,recipe,pcb-factory-mk01-pyvoid,False,,True,True,3.6640000007925361e-35,3.6640000007925361e-35
645,4558,recipe: rail-chain-signal-pyvoid,recipe,rail-chain-signal-pyvoid,False,,True,True,3.6640000007925361e-35,3.6640000007925361e-35
646,4523,recipe: py-storehouse-basic-pyvoid,recipe,py-storehouse-basic-pyvoid,False,,True,True,3.6640000007925356e-35,3.6640000007925356e-35
647,4788,recipe: vawt-turbine-mk01-pyvoid,recipe,vawt-turbine-mk01-pyvoid,False,,True,True,3.6640000007925356e-35,3.6640000007925356e-35
648,3869,recipe: centrifuge-mk01-pyvoid,recipe,centrifuge-mk01-pyvoid,False,,True,True,3.664000000792535e-35,3.664000000792535e-35
649,3910,recipe: compost-plant-mk01-pyvoid,recipe,compost-plant-mk01-pyvoid,False,,True,True,3.664000000792535e-35,3.664000000792535e-35
650,4184,recipe: generator-1-pyvoid,recipe,generator-1-pyvoid,False,,True,True,3.664000000792535e-35,3.664000000792535e-35
651,4465,recipe: power-switch-pyvoid,recipe,power-switch-pyvoid,False,,True,True,3.664000000792535e-35,3.664000000792535e-35
652,4491,recipe: py-coal-powerplant-mk01-pyvoid,recipe,py-coal-powerplant-mk01-pyvoid,False,,True,True,3.664000000792535e-35,3.664000000792535e-35
653,4527,recipe: py-tank-10000-pyvoid,recipe,py-tank-10000-pyvoid,False,,True,True,3.664000000792535e-35,3.664000000792535e-35
654,3875,recipe: chipshooter-mk01-pyvoid,recipe,chipshooter-mk01-pyvoid,False,,True,True,3.6640000007925345e-35,3.6640000007925345e-35
655,3962,recipe: decider-combinator-pyvoid,recipe,decider-combinator-pyvoid,False,,True,True,3.6640000007925345e-35,3.6640000007925345e-35
656,4582,recipe: reformer-mk01-pyvoid,recipe,reformer-mk01-pyvoid,False,,True,True,3.6640000007925345e-35,3.6640000007925345e-35
657,3723,recipe: ball-mill-mk01-pyvoid,recipe,ball-mill-mk01-pyvoid,False,,True,True,3.6640000007925334e-35,3.6640000007925334e-35
658,3851,recipe: car-pyvoid,recipe,car-pyvoid,False,,True,True,3.6640000007925334e-35,3.6640000007925334e-35
659,3887,recipe: classifier-pyvoid,recipe,classifier-pyvoid,False,,True,True,3.6640000007925334e-35,3.6640000007925334e-35
660,4267,recipe: incubator-mk01-pyvoid,recipe,incubator-mk01-pyvoid,False,,True,True,3.6640000007925334e-35,3.6640000007925334e-35
661,4693,recipe: steel-chest-pyvoid,recipe,steel-chest-pyvoid,False,,True,True,3.6640000007925334e-35,3.6640000007925334e-35
662,4712,recipe: storage-chest-pyvoid,recipe,storage-chest-pyvoid,False,,True,True,3.6640000007925334e-35,3.6640000007925334e-35
663,3737,recipe: bio-reactor-mk01-pyvoid,recipe,bio-reactor-mk01-pyvoid,False,,True,True,3.6640000007925329e-35,3.6640000007925329e-35
664,4161,recipe: fluidavan-pyvoid,recipe,fluidavan-pyvoid,False,,True,True,3.6640000007925329e-35,3.6640000007925329e-35
665,4321,recipe: locomotive-pyvoid,recipe,locomotive-pyvoid,False,,True,True,3.6640000007925329e-35,3.6640000007925329e-35
666,4541,recipe: py-tank-8000-pyvoid,recipe,py-tank-8000-pyvoid,False,,True,True,3.6640000007925329e-35,3.6640000007925329e-35
667,4566,recipe: ralesia-plantation-mk01-pyvoid,recipe,ralesia-plantation-mk01-pyvoid,False,,True,True,3.6640000007925329e-35,3.6640000007925329e-35
668,4654,recipe: slaughterhouse-mk01-pyvoid,recipe,slaughterhouse-mk01-pyvoid,False,,True,True,3.6640000007925329e-35,3.6640000007925329e-35
669,4805,recipe: vrauks-paddock-mk01-pyvoid,recipe,vrauks-paddock-mk01-pyvoid,False,,True,True,3.6640000007925329e-35,3.6640000007925329e-35
670,4186,recipe: genlab-mk01-pyvoid,recipe,genlab-mk01-pyvoid,False,,True,True,3.6640000007925324e-35,3.6640000007925324e-35
671,4402,recipe: offshore-pump-pyvoid,recipe,offshore-pump-pyvoid,False,,True,True,3.6640000007925324e-35,3.6640000007925324e-35
672,4539,recipe: py-tank-7000-pyvoid,recipe,py-tank-7000-pyvoid,False,,True,True,3.6640000007925324e-35,3.6640000007925324e-35
673,4551,recipe: pyphoon-bay-pyvoid,recipe,pyphoon-bay-pyvoid,False,,True,True,3.6640000007925324e-35,3.6640000007925324e-35
674,3669,recipe: alien-sample01-pyvoid,recipe,alien-sample01-pyvoid,False,,True,True,3.6640000007925318e-35,3.6640000007925318e-35
675,3678,recipe: animal-sample-01-pyvoid,recipe,animal-sample-01-pyvoid,False,,True,True,3.6640000007925318e-35,3.6640000007925318e-35
676,3683,recipe: antimonium-ore-pyvoid,recipe,antimonium-ore-pyvoid,False,,True,True,3.6640000007925318e-35,3.6640000007925318e-35
677,3687,recipe: arithmetic-combinator-pyvoid,recipe,arithmetic-combinator-pyvoid,False,,True,True,3.6640000007925318e-35,3.6640000007925318e-35
678,3707,recipe: auog-paddock-mk01-pyvoid,recipe,auog-paddock-mk01-pyvoid,False,,True,True,3.6640000007925318e-35,3.6640000007925318e-35
679,3743,recipe: biofactory-mk01-pyvoid,recipe,biofactory-mk01-pyvoid,False,,True,True,3.6640000007925318e-35,3.6640000007925318e-35
680,3809,recipe: bof-mk01-pyvoid,recipe,bof-mk01-pyvoid,False,,True,True,3.6640000007925318e-35,3.6640000007925318e-35
681,3819,recipe: borax-mine-pyvoid,recipe,borax-mine-pyvoid,False,,True,True,3.6640000007925318e-35,3.6640000007925318e-35
682,3873,recipe: chemical-plant-mk01-pyvoid,recipe,chemical-plant-mk01-pyvoid,False,,True,True,3.6640000007925318e-35,3.6640000007925318e-35
683,3890,recipe: clay-pit-mk01-pyvoid,recipe,clay-pit-mk01-pyvoid,False,,True,True,3.6640000007925318e-35,3.6640000007925318e-35
684,3945,recipe: cracker-mk01-pyvoid,recipe,cracker-mk01-pyvoid,False,,True,True,3.6640000007925318e-35,3.6640000007925318e-35
685,3960,recipe: data-array-pyvoid,recipe,data-array-pyvoid,False,,True,True,3.6640000007925318e-35,3.6640000007925318e-35
686,3971,recipe: digosaurus-pyvoid,recipe,digosaurus-pyvoid,False,,True,True,3.6640000007925318e-35,3.6640000007925318e-35
687,3975,recipe: display-panel-pyvoid,recipe,display-panel-pyvoid,False,,True,True,3.6640000007925318e-35,3.6640000007925318e-35
688,3984,recipe: eaf-mk01-pyvoid,recipe,eaf-mk01-pyvoid,False,,True,True,3.6640000007925318e-35,3.6640000007925318e-35
689,3986,recipe: earth-bear-sample-pyvoid,recipe,earth-bear-sample-pyvoid,False,,True,True,3.6640000007925318e-35,3.6640000007925318e-35
690,3988,recipe: earth-flower-sample-pyvoid,recipe,earth-flower-sample-pyvoid,False,,True,True,3.6640000007925318e-35,3.6640000007925318e-35
691,4004,recipe: electronics-factory-mk01-pyvoid,recipe,electronics-factory-mk01-pyvoid,False,,True,True,3.6640000007925318e-35,3.6640000007925318e-35
692,4101,recipe: fawogae-plantation-mk01-pyvoid,recipe,fawogae-plantation-mk01-pyvoid,False,,True,True,3.6640000007925318e-35,3.6640000007925318e-35
693,4140,recipe: fish-farm-mk01-pyvoid,recipe,fish-farm-mk01-pyvoid,False,,True,True,3.6640000007925318e-35,3.6640000007925318e-35
694,4172,recipe: fwf-mk01-pyvoid,recipe,fwf-mk01-pyvoid,False,,True,True,3.6640000007925318e-35,3.6640000007925318e-35
695,4196,recipe: glassworks-mk01-pyvoid,recipe,glassworks-mk01-pyvoid,False,,True,True,3.6640000007925318e-35,3.6640000007925318e-35
696,4207,recipe: grade-1-ti-pyvoid,recipe,grade-1-ti-pyvoid,False,,True,True,3.6640000007925318e-35,3.6640000007925318e-35
697,4211,recipe: grade-1-zinc-pyvoid,recipe,grade-1-zinc-pyvoid,False,,True,True,3.6640000007925318e-35,3.6640000007925318e-35
698,4260,recipe: hydroclassifier-mk01-pyvoid,recipe,hydroclassifier-mk01-pyvoid,False,,True,True,3.6640000007925318e-35,3.6640000007925318e-35
699,4278,recipe: iron-gear-wheel-pyvoid,recipe,iron-gear-wheel-pyvoid,False,,True,True,3.6640000007925318e-35,3.6640000007925318e-35
700,4336,recipe: medium-electric-pole-pyvoid,recipe,medium-electric-pole-pyvoid,False,,True,True,3.6640000007925318e-35,3.6640000007925318e-35
701,4348,recipe: micro-mine-mk01-pyvoid,recipe,micro-mine-mk01-pyvoid,False,,True,True,3.6640000007925318e-35,3.6640000007925318e-35
702,4366,recipe: moondrop-codex-pyvoid,recipe,moondrop-codex-pyvoid,False,,True,True,3.6640000007925318e-35,3.6640000007925318e-35
703,4386,recipe: nacelle-mk01-pyvoid,recipe,nacelle-mk01-pyvoid,False,,True,True,3.6640000007925318e-35,3.6640000007925318e-35
704,4396,recipe: nexelit-ore-pyvoid,recipe,nexelit-ore-pyvoid,False,,True,True,3.6640000007925318e-35,3.6640000007925318e-35
705,4407,recipe: olefin-plant-pyvoid,recipe,olefin-plant-pyvoid,False,,True,True,3.6640000007925318e-35,3.6640000007925318e-35
706,4429,recipe: personal-roboport-equipment-pyvoid,recipe,personal-roboport-equipment-pyvoid,False,,True,True,3.6640000007925318e-35,3.6640000007925318e-35
707,4442,recipe: pipe-to-ground-pyvoid,recipe,pipe-to-ground-pyvoid,False,,True,True,3.6640000007925318e-35,3.6640000007925318e-35
708,4447,recipe: plankton-farm-pyvoid,recipe,plankton-farm-pyvoid,False,,True,True,3.6640000007925318e-35,3.6640000007925318e-35
709,4477,recipe: programmable-speaker-pyvoid,recipe,programmable-speaker-pyvoid,False,,True,True,3.6640000007925318e-35,3.6640000007925318e-35
710,4495,recipe: py-deposit-basic-pyvoid,recipe,py-deposit-basic-pyvoid,False,,True,True,3.6640000007925318e-35,3.6640000007925318e-35
711,4509,recipe: py-oil-powerplant-mk01-pyvoid,recipe,py-oil-powerplant-mk01-pyvoid,False,,True,True,3.6640000007925318e-35,3.6640000007925318e-35
712,4515,recipe: py-roboport-mk01-pyvoid,recipe,py-roboport-mk01-pyvoid,False,,True,True,3.6640000007925318e-35,3.6640000007925318e-35
713,4517,recipe: py-science-pack-1-pyvoid,recipe,py-science-pack-1-pyvoid,False,,True,True,3.6640000007925318e-35,3.6640000007925318e-35
714,4519,recipe: py-shed-basic-pyvoid,recipe,py-shed-basic-pyvoid,False,,True,True,3.6640000007925318e-35,3.6640000007925318e-35
715,4521,recipe: py-sinkhole-pyvoid,recipe,py-sinkhole-pyvoid,False,,True,True,3.6640000007925318e-35,3.6640000007925318e-35
716,4535,recipe: py-tank-5000-pyvoid,recipe,py-tank-5000-pyvoid,False,,True,True,3.6640000007925318e-35,3.6640000007925318e-35
717,4537,recipe: py-tank-6500-pyvoid,recipe,py-tank-6500-pyvoid,False,,True,True,3.6640000007925318e-35,3.6640000007925318e-35
718,4555,recipe: radar-pyvoid,recipe,radar-pyvoid,False,,True,True,3.6640000007925318e-35,3.6640000007925318e-35
719,4580,recipe: refined-hazard-concrete-pyvoid,recipe,refined-hazard-concrete-pyvoid,False,,True,True,3.6640000007925318e-35,3.6640000007925318e-35
720,4590,recipe: retorter-pyvoid,recipe,retorter-pyvoid,False,,True,True,3.6640000007925318e-35,3.6640000007925318e-35
721,4598,recipe: rotor-mk01-pyvoid,recipe,rotor-mk01-pyvoid,False,,True,True,3.6640000007925318e-35,3.6640000007925318e-35
722,4622,recipe: sb-grade-02-pyvoid,recipe,sb-grade-02-pyvoid,False,,True,True,3.6640000007925318e-35,3.6640000007925318e-35
723,4626,recipe: sb-grade-04-pyvoid,recipe,sb-grade-04-pyvoid,False,,True,True,3.6640000007925318e-35,3.6640000007925318e-35
724,4639,recipe: secondary-crusher-mk01-pyvoid,recipe,secondary-crusher-mk01-pyvoid,False,,True,True,3.6640000007925318e-35,3.6640000007925318e-35
725,4641,recipe: selector-combinator-pyvoid,recipe,selector-combinator-pyvoid,False,,True,True,3.6640000007925318e-35,3.6640000007925318e-35
726,4678,recipe: solidified-sarcorus-pyvoid,recipe,solidified-sarcorus-pyvoid,False,,True,True,3.6640000007925318e-35,3.6640000007925318e-35
727,4684,recipe: spore-collector-mk01-pyvoid,recipe,spore-collector-mk01-pyvoid,False,,True,True,3.6640000007925318e-35,3.6640000007925318e-35
728,4691,recipe: steam-turbine-mk01-pyvoid,recipe,steam-turbine-mk01-pyvoid,False,,True,True,3.6640000007925318e-35,3.6640000007925318e-35
729,4730,recipe: tailings-pond-pyvoid,recipe,tailings-pond-pyvoid,False,,True,True,3.6640000007925318e-35,3.6640000007925318e-35
730,4786,recipe: vane-mk01-pyvoid,recipe,vane-mk01-pyvoid,False,,True,True,3.6640000007925318e-35,3.6640000007925318e-35
731,4811,recipe: washer-pyvoid,recipe,washer-pyvoid,False,,True,True,3.6640000007925318e-35,3.6640000007925318e-35
732,4834,recipe: yaw-drive-mk01-pyvoid,recipe,yaw-drive-mk01-pyvoid,False,,True,True,3.6640000007925318e-35,3.6640000007925318e-35
733,3685,recipe: antimony-drill-mk01-pyvoid,recipe,antimony-drill-mk01-pyvoid,False,,True,True,3.6640000007925313e-35,3.6640000007925313e-35
734,4189,recipe: geothermal-plant-mk01-pyvoid,recipe,geothermal-plant-mk01-pyvoid,False,,True,True,3.6640000007925313e-35,3.6640000007925313e-35
735,4228,recipe: grenade-pyvoid,recipe,grenade-pyvoid,False,,True,True,3.6640000007925313e-35,3.6640000007925313e-35
736,4487,recipe: py-burner-pyvoid,recipe,py-burner-pyvoid,False,,True,True,3.6640000007925313e-35,3.6640000007925313e-35
737,4531,recipe: py-tank-3000-pyvoid,recipe,py-tank-3000-pyvoid,False,,True,True,3.6640000007925313e-35,3.6640000007925313e-35
738,4613,recipe: sap-extractor-mk01-pyvoid,recipe,sap-extractor-mk01-pyvoid,False,,True,True,3.6640000007925313e-35,3.6640000007925313e-35
739,4645,recipe: shotgun-pyvoid,recipe,shotgun-pyvoid,False,,True,True,3.6640000007925313e-35,3.6640000007925313e-35
740,4707,recipe: stone-wall-pyvoid,recipe,stone-wall-pyvoid,False,,True,True,3.6640000007925313e-35,3.6640000007925313e-35
741,3726,recipe: barrel-machine-mk01-pyvoid,recipe,barrel-machine-mk01-pyvoid,False,,True,True,3.6640000007925308e-35,3.6640000007925308e-35
742,4180,recipe: gate-pyvoid,recipe,gate-pyvoid,False,,True,True,3.6640000007925308e-35,3.6640000007925308e-35
743,4242,recipe: heavy-armor-pyvoid,recipe,heavy-armor-pyvoid,False,,True,True,3.6640000007925308e-35,3.6640000007925308e-35
744,4298,recipe: landfill-pyvoid,recipe,landfill-pyvoid,False,,True,True,3.6640000007925308e-35,3.6640000007925308e-35
745,4374,recipe: moss-farm-mk01-pyvoid,recipe,moss-farm-mk01-pyvoid,False,,True,True,3.6640000007925308e-35,3.6640000007925308e-35
746,4419,recipe: outpost-pyvoid,recipe,outpost-pyvoid,False,,True,True,3.6640000007925308e-35,3.6640000007925308e-35
747,4559,recipe: rail-pyvoid,recipe,rail-pyvoid,False,,True,True,3.6640000007925308e-35,3.6640000007925308e-35
748,4561,recipe: rail-signal-pyvoid,recipe,rail-signal-pyvoid,False,,True,True,3.6640000007925308e-35,3.6640000007925308e-35
749,4647,recipe: shotgun-shell-pyvoid,recipe,shotgun-shell-pyvoid,False,,True,True,3.6640000007925308e-35,3.6640000007925308e-35
750,4670,recipe: soil-extractor-mk01-pyvoid,recipe,soil-extractor-mk01-pyvoid,False,,True,True,3.6640000007925308e-35,3.6640000007925308e-35
751,4137,recipe: firearm-magazine-pyvoid,recipe,firearm-magazine-pyvoid,False,,True,True,3.6640000007925302e-35,3.6640000007925302e-35
752,4505,recipe: py-limestone-pyvoid,recipe,py-limestone-pyvoid,False,,True,True,3.6640000007925302e-35,3.6640000007925302e-35
753,4513,recipe: py-recharge-station-mk01-pyvoid,recipe,py-recharge-station-mk01-pyvoid,False,,True,True,3.6640000007925302e-35,3.6640000007925302e-35
754,4176,recipe: gasifier-pyvoid,recipe,gasifier-pyvoid,False,,True,True,3.6640000007925291e-35,3.6640000007925291e-35
755,4328,recipe: long-handed-inserter-pyvoid,recipe,long-handed-inserter-pyvoid,False,,True,True,3.6640000007925291e-35,3.6640000007925291e-35
756,4499,recipe: py-gas-vent-pyvoid,recipe,py-gas-vent-pyvoid,False,,True,True,3.6640000007925291e-35,3.6640000007925291e-35
757,4547,recipe: py-warehouse-basic-pyvoid,recipe,py-warehouse-basic-pyvoid,False,,True,True,3.6640000007925291e-35,3.6640000007925291e-35
758,4584,recipe: repair-pack-pyvoid,recipe,repair-pack-pyvoid,False,,True,True,3.6640000007925291e-35,3.6640000007925291e-35
759,4459,recipe: portable-gasoline-generator-pyvoid,recipe,portable-gasoline-generator-pyvoid,False,,True,True,3.6640000007925286e-35,3.6640000007925286e-35
760,4501,recipe: py-heat-exchanger-pyvoid,recipe,py-heat-exchanger-pyvoid,False,,True,True,3.6640000007925286e-35,3.6640000007925286e-35
761,4757,recipe: tower-mk01-pyvoid,recipe,tower-mk01-pyvoid,False,,True,True,3.6640000007925286e-35,3.6640000007925286e-35
762,3665,recipe: aerial-blimp-mk01-pyvoid,recipe,aerial-blimp-mk01-pyvoid,False,,True,True,3.6640000007925281e-35,3.6640000007925281e-35
763,3811,recipe: boiler-pyvoid,recipe,boiler-pyvoid,False,,True,True,3.6640000007925281e-35,3.6640000007925281e-35
764,3992,recipe: earth-mouse-sample-pyvoid,recipe,earth-mouse-sample-pyvoid,False,,True,True,3.6640000007925281e-35,3.6640000007925281e-35
765,4309,recipe: light-armor-pyvoid,recipe,light-armor-pyvoid,False,,True,True,3.6640000007925281e-35,3.6640000007925281e-35
766,4576,recipe: rectisol-pyvoid,recipe,rectisol-pyvoid,False,,True,True,3.6640000007925281e-35,3.6640000007925281e-35
767,4703,recipe: stone-furnace-pyvoid,recipe,stone-furnace-pyvoid,False,,True,True,3.6640000007925281e-35,3.6640000007925281e-35
768,4759,recipe: train-stop-pyvoid,recipe,train-stop-pyvoid,False,,True,True,3.6640000007925281e-35,3.6640000007925281e-35
769,3920,recipe: controler-mk01-pyvoid,recipe,controler-mk01-pyvoid,False,,True,True,3.6640000007925275e-35,3.6640000007925275e-35
770,4110,recipe: fbreactor-mk01-pyvoid,recipe,fbreactor-mk01-pyvoid,False,,True,True,3.6640000007925275e-35,3.6640000007925275e-35
771,4307,recipe: lens-pyvoid,recipe,lens-pyvoid,False,,True,True,3.6640000007925275e-35,3.6640000007925275e-35
772,4457,recipe: poorman-wood-fence-pyvoid,recipe,poorman-wood-fence-pyvoid,False,,True,True,3.6640000007925275e-35,3.6640000007925275e-35
773,4467,recipe: prandium-lab-mk01-pyvoid,recipe,prandium-lab-mk01-pyvoid,False,,True,True,3.6640000007925275e-35,3.6640000007925275e-35
774,4479,recipe: pulp-mill-mk01-pyvoid,recipe,pulp-mill-mk01-pyvoid,False,,True,True,3.6640000007925275e-35,3.6640000007925275e-35
775,4483,recipe: py-asphalt-pyvoid,recipe,py-asphalt-pyvoid,False,,True,True,3.6640000007925275e-35,3.6640000007925275e-35
776,4573,recipe: rc-mk01-pyvoid,recipe,rc-mk01-pyvoid,False,,True,True,3.6640000007925275e-35,3.6640000007925275e-35
777,4636,recipe: seaweed-crop-mk01-pyvoid,recipe,seaweed-crop-mk01-pyvoid,False,,True,True,3.6640000007925275e-35,3.6640000007925275e-35
778,4679,recipe: soot-pyvoid,recipe,soot-pyvoid,False,,True,True,3.6640000007925275e-35,3.6640000007925275e-35
779,4696,recipe: steel-furnace-pyvoid,recipe,steel-furnace-pyvoid,False,,True,True,3.6640000007925275e-35,3.6640000007925275e-35
780,4746,recipe: tidal-mk01-pyvoid,recipe,tidal-mk01-pyvoid,False,,True,True,3.6640000007925275e-35,3.6640000007925275e-35
781,4771,recipe: upgrader-mk01-pyvoid,recipe,upgrader-mk01-pyvoid,False,,True,True,3.6640000007925275e-35,3.6640000007925275e-35
782,3733,recipe: belt-pyvoid,recipe,belt-pyvoid,False,,True,True,3.664000000792527e-35,3.664000000792527e-35
783,4288,recipe: jaw-crusher-pyvoid,recipe,jaw-crusher-pyvoid,False,,True,True,3.664000000792527e-35,3.664000000792527e-35
784,4663,recipe: smelter-mk01-pyvoid,recipe,smelter-mk01-pyvoid,False,,True,True,3.664000000792527e-35,3.664000000792527e-35
785,4781,recipe: vacuum-pump-mk01-pyvoid,recipe,vacuum-pump-mk01-pyvoid,False,,True,True,3.664000000792527e-35,3.664000000792527e-35
786,4239,recipe: hazard-concrete-pyvoid,recipe,hazard-concrete-pyvoid,False,,True,True,3.6640000007925265e-35,3.6640000007925265e-35
787,4493,recipe: py-construction-robot-mk01-pyvoid,recipe,py-construction-robot-mk01-pyvoid,False,,True,True,3.6640000007925265e-35,3.6640000007925265e-35
788,4714,recipe: storage-tank-pyvoid,recipe,storage-tank-pyvoid,False,,True,True,3.6640000007925265e-35,3.6640000007925265e-35
789,4062,recipe: empty-petri-dish-pyvoid,recipe,empty-petri-dish-pyvoid,False,,True,True,3.6640000007925254e-35,3.6640000007925254e-35
790,4404,recipe: oil-boiler-mk01-pyvoid,recipe,oil-boiler-mk01-pyvoid,False,,True,True,3.6640000007925254e-35,3.6640000007925254e-35
791,4368,recipe: moondrop-greenhouse-mk01-pyvoid,recipe,moondrop-greenhouse-mk01-pyvoid,False,,True,True,3.6640000007925249e-35,3.6640000007925249e-35
792,4418,recipe: outpost-fluid-pyvoid,recipe,outpost-fluid-pyvoid,False,,True,True,3.6640000007925249e-35,3.6640000007925249e-35
793,4265,recipe: impact-crusher-mk01-pyvoid,recipe,impact-crusher-mk01-pyvoid,False,,True,True,3.6640000007925243e-35,3.6640000007925243e-35
794,4384,recipe: multiblade-turbine-mk01-pyvoid,recipe,multiblade-turbine-mk01-pyvoid,False,,True,True,3.6640000007925243e-35,3.6640000007925243e-35
795,4545,recipe: py-underflow-valve-pyvoid,recipe,py-underflow-valve-pyvoid,False,,True,True,3.6640000007925243e-35,3.6640000007925243e-35
796,4182,recipe: gearbox-mk01-pyvoid,recipe,gearbox-mk01-pyvoid,False,,True,True,3.6640000007925238e-35,3.6640000007925238e-35
797,4198,recipe: grade-1-chromite-pyvoid,recipe,grade-1-chromite-pyvoid,False,,True,True,3.6640000007925238e-35,3.6640000007925238e-35
798,4398,recipe: nexelit-plate-pyvoid,recipe,nexelit-plate-pyvoid,False,,True,True,3.6640000007925238e-35,3.6640000007925238e-35
799,4553,recipe: quenching-tower-pyvoid,recipe,quenching-tower-pyvoid,False,,True,True,3.6640000007925233e-35,3.6640000007925233e-35
800,4677,recipe: solid-separator-pyvoid,recipe,solid-separator-pyvoid,False,,True,True,3.6640000007925233e-35,3.6640000007925233e-35
801,4006,recipe: electronics-mk01-pyvoid,recipe,electronics-mk01-pyvoid,False,,True,True,3.6640000007925227e-35,3.6640000007925227e-35
802,4091,recipe: equipment-chassi-pyvoid,recipe,equipment-chassi-pyvoid,False,,True,True,3.6640000007925227e-35,3.6640000007925227e-35
803,4155,recipe: fluid-drill-mk01-pyvoid,recipe,fluid-drill-mk01-pyvoid,False,,True,True,3.6640000007925227e-35,3.6640000007925227e-35
804,4497,recipe: py-electric-boiler-pyvoid,recipe,py-electric-boiler-pyvoid,False,,True,True,3.6640000007925227e-35,3.6640000007925227e-35
805,4719,recipe: submachine-gun-pyvoid,recipe,submachine-gun-pyvoid,False,,True,True,3.6640000007925227e-35,3.6640000007925227e-35
806,4769,recipe: underground-belt-pyvoid,recipe,underground-belt-pyvoid,False,,True,True,3.6640000007925222e-35,3.6640000007925222e-35
807,4822,recipe: wood-fence-pyvoid,recipe,wood-fence-pyvoid,False,,True,True,3.6640000007925222e-35,3.6640000007925222e-35
808,3863,recipe: casting-unit-mk01-pyvoid,recipe,casting-unit-mk01-pyvoid,False,,True,True,3.6640000007925201e-35,3.6640000007925201e-35
809,4503,recipe: py-iron-oxide-pyvoid,recipe,py-iron-oxide-pyvoid,False,,True,True,3.6640000007925201e-35,3.6640000007925201e-35
810,3954,recipe: crushed-quartz-pyvoid,recipe,crushed-quartz-pyvoid,False,,True,True,3.6640000007925195e-35,3.6640000007925195e-35
811,4630,recipe: scrubber-mk01-pyvoid,recipe,scrubber-mk01-pyvoid,False,,True,True,3.6640000007925195e-35,3.6640000007925195e-35
812,3939,recipe: cottongut-pup-mk01-pyvoid,recipe,cottongut-pup-mk01-pyvoid,False,,True,True,3.6640000007925185e-35,3.6640000007925185e-35
813,4543,recipe: py-tank-9000-pyvoid,recipe,py-tank-9000-pyvoid,False,,True,True,3.6640000007925185e-35,3.6640000007925185e-35
814,4603,recipe: salt-mine-pyvoid,recipe,salt-mine-pyvoid,False,,True,True,3.6640000007925185e-35,3.6640000007925185e-35
815,3950,recipe: creature-chamber-mk01-pyvoid,recipe,creature-chamber-mk01-pyvoid,False,,True,True,3.6640000007925169e-35,3.6640000007925169e-35
816,4832,recipe: wpu-mk01-pyvoid,recipe,wpu-mk01-pyvoid,False,,True,True,3.6640000007925169e-35,3.6640000007925169e-35
817,4409,recipe: ore-chromium-pyvoid,recipe,ore-chromium-pyvoid,False,,True,True,3.6640000007925163e-35,3.6640000007925163e-35
818,3923,recipe: cooling-tower-mk01-pyvoid,recipe,cooling-tower-mk01-pyvoid,False,,True,True,3.6640000007925147e-35,3.6640000007925147e-35
819,3831,recipe: brake-mk01-pyvoid,recipe,brake-mk01-pyvoid,False,,True,True,3.6640000007925142e-35,3.6640000007925142e-35
820,4657,recipe: small-electric-pole-pyvoid,recipe,small-electric-pole-pyvoid,False,,True,True,3.664000000792511e-35,3.664000000792511e-35
821,3847,recipe: calcium-carbide-pyvoid,recipe,calcium-carbide-pyvoid,False,,True,True,3.6640000007925078e-35,3.6640000007925078e-35
822,3885,recipe: chromium-pyvoid,recipe,chromium-pyvoid,False,,True,True,3.6640000007925078e-35,3.6640000007925078e-35
823,4159,recipe: fluid-wagon-pyvoid,recipe,fluid-wagon-pyvoid,False,,True,True,3.6640000007925078e-35,3.6640000007925078e-35
824,4400,recipe: nickel-plate-pyvoid,recipe,nickel-plate-pyvoid,False,,True,True,3.6640000007925008e-35,3.6640000007925008e-35
825,3741,recipe: bio-sample01-pyvoid,recipe,bio-sample01-pyvoid,False,,True,True,3.6640000007924912e-35,3.6640000007924912e-35
826,3804,recipe: blade-mk01-pyvoid,recipe,blade-mk01-pyvoid,False,,True,True,3.6640000007924741e-35,3.6640000007924741e-35
827,3927,recipe: copper-ore-pyvoid,recipe,copper-ore-pyvoid,False,,True,True,3.6640000007924629e-35,3.6640000007924629e-35
828,4415,recipe: ore-zinc-pyvoid,recipe,ore-zinc-pyvoid,False,,True,True,3.6640000007924538e-35,3.6640000007924538e-35
829,4578,recipe: refined-concrete-pyvoid,recipe,refined-concrete-pyvoid,False,,True,True,3.6640000007924458e-35,3.6640000007924458e-35
830,4755,recipe: titanium-plate-pyvoid,recipe,titanium-plate-pyvoid,False,,True,True,3.6640000007924121e-35,3.6640000007924121e-35
831,4340,recipe: melamine-resin-pyvoid,recipe,melamine-resin-pyvoid,False,,True,True,3.6640000007924073e-35,3.6640000007924073e-35
832,4728,recipe: tailings-dust-pyvoid,recipe,tailings-dust-pyvoid,False,,True,True,3.6640000007923944e-35,3.6640000007923944e-35
833,4413,recipe: ore-tin-pyvoid,recipe,ore-tin-pyvoid,False,,True,True,3.6640000007923886e-35,3.6640000007923886e-35
834,4600,recipe: rubber-pyvoid,recipe,rubber-pyvoid,False,,True,True,3.6640000007923682e-35,3.6640000007923682e-35
835,3912,recipe: concrete-pyvoid,recipe,concrete-pyvoid,False,,True,True,3.6640000007922592e-35,3.6640000007922592e-35
836,4604,recipe: salt-pyvoid,recipe,salt-pyvoid,False,,True,True,3.6640000007914777e-35,3.6640000007914777e-35
837,3891,recipe: clay-pyvoid,recipe,clay-pyvoid,False,,True,True,3.6640000007860958e-35,3.6640000007860958e-35
838,4151,recipe: flue-gas-3,recipe,flue-gas-3,False,,True,True,3.549145530548467e-35,3.549145530548467e-35
839,4253,recipe: hotair-flask,recipe,hotair-flask,False,,True,True,3.5475069274745347e-35,3.5475069274745347e-35
840,4255,recipe: hotair-lens,recipe,hotair-lens,False,,True,True,3.5475068800281223e-35,3.5475068800281223e-35
841,4256,recipe: hotair-molten-glass,recipe,hotair-molten-glass,False,,True,True,3.5474447416841983e-35,3.5474447416841983e-35
842,4252,recipe: hotair-empty-petri-dish,recipe,hotair-empty-petri-dish,False,,True,True,3.5474445918573509e-35,3.5474445918573509e-35
843,4248,recipe: hot-air-barrel,recipe,hot-air-barrel,False,,True,True,3.5473822941541097e-35,3.5473822941541097e-35
844,4337,recipe: melamine,recipe,melamine,False,,True,True,3.4323267244681668e-35,3.4323267244681668e-35
845,4634,recipe: seaweed-1,recipe,seaweed-1,False,,True,True,3.4084920971319978e-35,3.4084920971319978e-35
846,3652,recipe: Moss-2,recipe,Moss-2,False,,True,True,3.3139388869580766e-35,3.3139388869580766e-35
847,3651,recipe: Moss-1,recipe,Moss-1,False,,True,True,3.3136691972010773e-35,3.3136691972010773e-35
848,4605,recipe: sand-brick,recipe,sand-brick,False,,True,True,3.24177427522515e-35,3.24177427522515e-35
849,4448,recipe: planter-box,recipe,planter-box,False,,True,True,3.2023436849920096e-35,3.2023436849920096e-35
850,4656,recipe: small-electric-pole-2,recipe,small-electric-pole-2,False,,True,True,3.2000822650334299e-35,3.2000822650334299e-35
851,3671,recipe: aluminium-plate-3,recipe,aluminium-plate-3,False,,True,True,2.8729710443162842e-35,2.8729710443162842e-35
852,3921,recipe: cool-steam-250-to-150,recipe,cool-steam-250-to-150,False,,True,True,2.556803562728419e-35,2.556803562728419e-35
853,3821,recipe: borax-washing,recipe,borax-washing,False,,True,True,2.556369072820708e-35,2.556369072820708e-35
854,3844,recipe: caged-vrauks,recipe,caged-vrauks,False,,True,True,2.4000000018237873e-35,2.4000000018237873e-35
855,4722,recipe: syngas,recipe,syngas,False,,True,True,2.35353948382814e-35,2.35353948382814e-35
856,4445,recipe: pitch-refining,recipe,pitch-refining,False,,True,True,2.2692940432333813e-35,2.2692940432333813e-35
857,4131,recipe: fill-pitch-canister,recipe,fill-pitch-canister,False,,True,True,2.2690196635385512e-35,2.2690196635385512e-35
858,3947,recipe: creamy-latex-barrel,recipe,creamy-latex-barrel,False,,True,True,2.022770477176962e-35,2.022770477176962e-35
859,4742,recipe: tar-to-carbolic,recipe,tar-to-carbolic,False,,True,True,1.9019119808936597e-35,1.9019119808936597e-35
860,4247,recipe: heavy-oil-to-kerosene,recipe,heavy-oil-to-kerosene,False,,True,True,1.8711375058437956e-35,1.8711375058437956e-35
861,4652,recipe: slacked-lime-void,recipe,slacked-lime-void,False,,True,True,1.8226888120390478e-35,1.8226888120390478e-35
862,3911,recipe: concrete,recipe,concrete,False,,True,True,1.7181710482233636e-35,1.7181710482233636e-35
863,4378,recipe: muddy-sludge,recipe,muddy-sludge,False,,True,True,1.7081390179472461e-35,1.7081390179472461e-35
864,4823,recipe: wood-seedling,recipe,wood-seedling,False,,True,True,1.7054274590892262e-35,1.7054274590892262e-35
865,4664,recipe: sodium-alginate,recipe,sodium-alginate,False,,True,True,1.7052695806272555e-35,1.7052695806272555e-35
866,4667,recipe: sodium-hydroxide-void,recipe,sodium-hydroxide-void,False,,True,True,1.7047609837322982e-35,1.7047609837322982e-35
867,4818,recipe: water-saline,recipe,water-saline,False,,True,True,1.7047571380947362e-35,1.7047571380947362e-35
868,3946,recipe: creamy-latex,recipe,creamy-latex,False,,True,True,1.7047221357379818e-35,1.7047221357379818e-35
869,4601,recipe: saline-water,recipe,saline-water,False,,True,True,1.7046364382136989e-35,1.7046364382136989e-35
870,4225,recipe: gravel-saline-water,recipe,gravel-saline-water,False,,True,True,1.7045016609570223e-35,1.7045016609570223e-35
871,4829,recipe: workers-food,recipe,workers-food,False,,True,True,1.7042483362131963e-35,1.7042483362131963e-35
872,4364,recipe: moondrop-1,recipe,moondrop-1,False,,True,True,1.7042460733645738e-35,1.7042460733645738e-35
873,3892,recipe: clean-nexelit,recipe,clean-nexelit,False,,True,True,1.7042460485377165e-35,1.7042460485377165e-35
874,3858,recipe: carbon-dioxide-barrel,recipe,carbon-dioxide-barrel,False,,True,True,1.6568346745645104e-35,1.6568346745645104e-35
875,3655,recipe: acetone-barrel,recipe,acetone-barrel,False,,True,True,1.630024185797045e-35,1.630024185797045e-35
876,4702,recipe: stone-furnace,recipe,stone-furnace,False,,True,True,1.6000674260754944e-35,1.6000674260754944e-35
877,3732,recipe: belt,recipe,belt,False,,True,True,1.6000000036350166e-35,1.6000000036350166e-35
878,4740,recipe: tar-refining,recipe,tar-refining,False,,True,True,1.5819207786092185e-35,1.5819207786092185e-35
879,4262,recipe: hydrogen-barrel,recipe,hydrogen-barrel,False,,True,True,1.5654968496801741e-35,1.5654968496801741e-35
880,4650,recipe: slacked-lime-barrel,recipe,slacked-lime-barrel,False,,True,True,1.5189073846807844e-35,1.5189073846807844e-35
881,4354,recipe: molten-aluminium-barrel,recipe,molten-aluminium-barrel,False,,True,True,1.4364612154516741e-35,1.4364612154516741e-35
882,3956,recipe: cyanic-acid-01,recipe,cyanic-acid-01,False,,True,True,1.3701296516571236e-35,1.3701296516571236e-35
883,4388,recipe: naphthalene-oil-creosote,recipe,naphthalene-oil-creosote,False,,True,True,1.3537546571502328e-35,1.3537546571502328e-35
884,4387,recipe: naphthalene-oil-barrel,recipe,naphthalene-oil-barrel,False,,True,True,1.3537526725874657e-35,1.3537526725874657e-35
885,4763,recipe: treated-wood,recipe,treated-wood,False,,True,True,1.3037525038868949e-35,1.3037525038868949e-35
886,4633,recipe: scrude-refining,recipe,scrude-refining,False,,True,True,1.3007150646819434e-35,1.3007150646819434e-35
887,4291,recipe: kerosene-barrel,recipe,kerosene-barrel,False,,True,True,1.25415886202395e-35,1.25415886202395e-35
888,3943,recipe: cottongut-science-red-seeds,recipe,cottongut-science-red-seeds,False,,True,True,1.1676802179243102e-35,1.1676802179243102e-35
889,3964,recipe: depolymerized-organics-barrel,recipe,depolymerized-organics-barrel,False,,True,True,1.1676791751238575e-35,1.1676791751238575e-35
890,4700,recipe: stone-brick-2,recipe,stone-brick-2,False,,True,True,1.1345782108883197e-35,1.1345782108883197e-35
891,4443,recipe: pitch-barrel,recipe,pitch-barrel,False,,True,True,1.1345098930586255e-35,1.1345098930586255e-35
892,4243,recipe: heavy-oil-barrel,recipe,heavy-oil-barrel,False,,True,True,9.3556121125843582e-36,9.3556121125843582e-36
893,4130,recipe: fill-naphthalene-oil-canister,recipe,fill-naphthalene-oil-canister,False,,True,True,9.2055178182179559e-36,9.2055178182179559e-36
894,4721,recipe: sulfur-void-tar,recipe,sulfur-void-tar,False,,True,True,8.5212337468218714e-36,8.5212337468218714e-36
895,4815,recipe: water-barrel,recipe,water-barrel,False,,True,True,8.5212309117122355e-36,8.5212309117122355e-36
896,4283,recipe: iron-plate-1,recipe,iron-plate-1,False,,True,True,8.4368992875620893e-36,8.4368992875620893e-36
897,4341,recipe: methanal,recipe,methanal,False,,True,True,8.2204165256753639e-36,8.2204165256753639e-36
898,4297,recipe: landfill,recipe,landfill,False,,True,True,8.1208358003461519e-36,8.1208358003461519e-36
899,3686,recipe: arithmetic-combinator,recipe,arithmetic-combinator,False,,True,True,8.0016905133875842e-36,8.0016905133875842e-36
900,3961,recipe: decider-combinator,recipe,decider-combinator,False,,True,True,8.0016905133875227e-36,8.0016905133875227e-36
901,3917,recipe: constant-combinator,recipe,constant-combinator,False,,True,True,8.0016485498367008e-36,8.0016485498367008e-36
902,4751,recipe: tinned-cable,recipe,tinned-cable,False,,True,True,8.0005408221820037e-36,8.0005408221820037e-36
903,4655,recipe: small-electric-pole,recipe,small-electric-pole,False,,True,True,8.000540203760045e-36,8.000540203760045e-36
904,4456,recipe: poorman-wood-fence,recipe,poorman-wood-fence,False,,True,True,8.0004437264182839e-36,8.0004437264182839e-36
905,4827,recipe: wooden-chest,recipe,wooden-chest,False,,True,True,8.0002958236709004e-36,8.0002958236709004e-36
906,4640,recipe: selector-combinator,recipe,selector-combinator,False,,True,True,8.0000699576877902e-36,8.0000699576877902e-36
907,4711,recipe: storage-chest,recipe,storage-chest,False,,True,True,8.0000419817266812e-36,8.0000419817266812e-36
908,4236,recipe: hawt-turbine-mk01,recipe,hawt-turbine-mk01,False,,True,True,8.0000108218821944e-36,8.0000108218821944e-36
909,4821,recipe: wood-fence,recipe,wood-fence,False,,True,True,8.0000082179421485e-36,8.0000082179421485e-36
910,3925,recipe: copper-cable,recipe,copper-cable,False,,True,True,8.0000003782420306e-36,8.0000003782420306e-36
911,4706,recipe: stone-wall,recipe,stone-wall,False,,True,True,8.0000001966451203e-36,8.0000001966451203e-36
912,4766,recipe: uncaged-auog,recipe,uncaged-auog,False,,True,True,8.0000000314217939e-36,8.0000000314217939e-36
913,4767,recipe: uncaged-vrauks,recipe,uncaged-vrauks,False,,True,True,8.0000000278812266e-36,8.0000000278812266e-36
914,4574,recipe: recipe-unknown,recipe,recipe-unknown,False,,True,True,8.0000000181758994e-36,8.0000000181758994e-36
915,4734,recipe: tar-barrel,recipe,tar-barrel,False,,True,True,7.9084525822599731e-36,7.9084525822599731e-36
916,4135,recipe: fill-tar-canister,recipe,fill-tar-canister,False,,True,True,7.9084520054061662e-36,7.9084520054061662e-36
917,4162,recipe: formic-acid-barrel,recipe,formic-acid-barrel,False,,True,True,7.585471777968102e-36,7.585471777968102e-36
918,4344,recipe: methane-barrel,recipe,methane-barrel,False,,True,True,6.8502469058017299e-36,6.8502469058017299e-36
919,3951,recipe: creosote-barrel,recipe,creosote-barrel,False,,True,True,6.5186891646287586e-36,6.5186891646287586e-36
920,3900,recipe: coal-gas-void,recipe,coal-gas-void,False,,True,True,6.4929370012390106e-36,6.4929370012390106e-36
921,4773,recipe: urea-from-liquid-manure,recipe,urea-from-liquid-manure,False,,True,True,4.9996726079448851e-36,4.9996726079448851e-36
922,3915,recipe: condensates-barrel,recipe,condensates-barrel,False,,True,True,4.6846187478009642e-36,4.6846187478009642e-36
923,4123,recipe: fill-condensates-canister,recipe,fill-condensates-canister,False,,True,True,4.6846181787990037e-36,4.6846181787990037e-36
924,4504,recipe: py-limestone,recipe,py-limestone,False,,True,True,4.5908584594199862e-36,4.5908584594199862e-36
925,3857,recipe: carbon-black,recipe,carbon-black,False,,True,True,4.4076049840769646e-36,4.4076049840769646e-36
926,3963,recipe: depolymerized-organics,recipe,depolymerized-organics,False,,True,True,4.3872607438107057e-36,4.3872607438107057e-36
927,4360,recipe: molten-iron-barrel,recipe,molten-iron-barrel,False,,True,True,4.2184187403884595e-36,4.2184187403884595e-36
928,3658,recipe: acetylene-barrel,recipe,acetylene-barrel,False,,True,True,4.2054893582884834e-36,4.2054893582884834e-36
929,4579,recipe: refined-hazard-concrete,recipe,refined-hazard-concrete,False,,True,True,4.0000000090793394e-36,4.0000000090793394e-36
930,4238,recipe: hazard-concrete,recipe,hazard-concrete,False,,True,True,4.0000000090606982e-36,4.0000000090606982e-36
931,3620,logic-and: smart-farm-ore-bioreserve-recipe-bioreserve-super-1,logic-and,smart-farm-ore-bioreserve-recipe-bioreserve-super-1,False,,False,False,3.8929694232408898e-36,3.8929694232408898e-36
932,3896,recipe: coal-gas-barrel,recipe,coal-gas-barrel,False,,True,True,3.2929328941711655e-36,3.2929328941711655e-36
933,4122,recipe: fill-coal-gas-canister,recipe,fill-coal-gas-canister,False,,True,True,3.2929323279719209e-36,3.2929323279719209e-36
934,4660,recipe: small-parts-01,recipe,small-parts-01,False,,True,True,3.2011355529518285e-36,3.2011355529518285e-36
935,3897,recipe: coal-gas-from-coke,recipe,coal-gas-from-coke,False,,True,True,3.200027160006535e-36,3.200027160006535e-36
936,4839,recipe: zogna-bacteria-barrel,recipe,zogna-bacteria-barrel,False,,True,True,3.0620491102644051e-36,3.0620491102644051e-36
937,4606,recipe: sand-casting,recipe,sand-casting,False,,True,True,2.6770988840284536e-36,2.6770988840284536e-36
938,4053,recipe: empty-middle-oil-canister,recipe,empty-middle-oil-canister,False,,True,True,2.6386020738278088e-36,2.6386020738278088e-36
939,4047,recipe: empty-light-oil-canister,recipe,empty-light-oil-canister,False,,True,True,2.6045848637932784e-36,2.6045848637932784e-36
940,4454,recipe: polybutadiene-barrel,recipe,polybutadiene-barrel,False,,True,True,2.4692936023188282e-36,2.4692936023188282e-36
941,4599,recipe: rubber-01,recipe,rubber-01,False,,True,True,2.4692930824426754e-36,2.4692930824426754e-36
942,4020,recipe: empty-carbolic-oil-canister,recipe,empty-carbolic-oil-canister,False,,True,True,2.4430036804414099e-36,2.4430036804414099e-36
943,4079,recipe: empty-tall-oil-canister,recipe,empty-tall-oil-canister,False,,True,True,2.434499409631063e-36,2.434499409631063e-36
944,4125,recipe: fill-heavy-oil-canister,recipe,fill-heavy-oil-canister,False,,True,True,2.4324590928086844e-36,2.4324590928086844e-36
945,4482,recipe: py-asphalt,recipe,py-asphalt,False,,True,True,2.2730082824951884e-36,2.2730082824951884e-36
946,4013,recipe: empty-anthracene-oil-canister,recipe,empty-anthracene-oil-canister,False,,True,True,2.2601619524910297e-36,2.2601619524910297e-36
947,4426,recipe: pcb1,recipe,pcb1,False,,True,True,2.203771277903598e-36,2.203771277903598e-36
948,4779,recipe: vacuum-barrel,recipe,vacuum-barrel,False,,True,True,2.2037696211861254e-36,2.2037696211861254e-36
949,4318,recipe: liquid-manure-barrel,recipe,liquid-manure-barrel,False,,True,True,2.19363107778362e-36,2.19363107778362e-36
950,4631,recipe: scrude-barrel,recipe,scrude-barrel,False,,True,True,2.1646537132582085e-36,2.1646537132582085e-36
951,4177,recipe: gasoline-barrel,recipe,gasoline-barrel,False,,True,True,1.8283315090801012e-36,1.8283315090801012e-36
952,4128,recipe: fill-methane-canister,recipe,fill-methane-canister,False,,True,True,1.7810641231443399e-36,1.7810641231443399e-36
953,4126,recipe: fill-kerosene-canister,recipe,fill-kerosene-canister,False,,True,True,1.7558224145970849e-36,1.7558224145970849e-36
954,4741,recipe: tar-refining-tops,recipe,tar-refining-tops,False,,True,True,1.4918997176056068e-36,1.4918997176056068e-36
955,3878,recipe: chitin-void,recipe,chitin-void,False,,True,True,1.4894770496434091e-36,1.4894770496434091e-36
956,3800,recipe: black-liquor,recipe,black-liquor,False,,True,True,1.4011182804938107e-36,1.4011182804938107e-36
957,4190,recipe: geothermal-water-barrel,recipe,geothermal-water-barrel,False,,True,True,1.2845547999099547e-36,1.2845547999099547e-36
958,4732,recipe: tall-oil-barrel,recipe,tall-oil-barrel,False,,True,True,1.2407545356315282e-36,1.2407545356315282e-36
959,4113,recipe: fertilizer-4,recipe,fertilizer-4,False,,True,True,1.2402487720651902e-36,1.2402487720651902e-36
960,4450,recipe: plasmids,recipe,plasmids,False,,True,True,1.2248196746925219e-36,1.2248196746925219e-36
961,4680,recipe: soot-separation,recipe,soot-separation,False,,True,True,9.6000001348170647e-37,9.6000001348170647e-37
962,3801,recipe: black-liquor-barrel,recipe,black-liquor-barrel,False,,True,True,8.7491141785349203e-37,8.7491141785349203e-37
963,4132,recipe: fill-scrude-canister,recipe,fill-scrude-canister,False,,True,True,8.6586132174297097e-37,8.6586132174297097e-37
964,4118,recipe: fill-acetylene-canister,recipe,fill-acetylene-canister,False,,True,True,8.41097841429211e-37,8.41097841429211e-37
965,4349,recipe: middle-oil-barrel,recipe,middle-oil-barrel,False,,True,True,7.4417796249686588e-37,7.4417796249686588e-37
966,4129,recipe: fill-middle-oil-canister,recipe,fill-middle-oil-canister,False,,True,True,7.44177396552957e-37,7.44177396552957e-37
967,3825,recipe: boron-trioxide,recipe,boron-trioxide,False,,True,True,6.6891479929357046e-37,6.6891479929357046e-37
968,3957,recipe: cyanic-acid-barrel,recipe,cyanic-acid-barrel,False,,True,True,5.9496035561454568e-37,5.9496035561454568e-37
969,3730,recipe: battery-mk01,recipe,battery-mk01,False,,True,True,3.5730185480488904e-37,3.5730185480488904e-37
970,3609,logic-and: smart-farm-grod-flower-recipe-grod-super-1,logic-and,smart-farm-grod-flower-recipe-grod-super-1,False,,False,False,3.5715862109126473e-37,3.5715862109126473e-37
971,4124,recipe: fill-gasoline-canister,recipe,fill-gasoline-canister,False,,True,True,3.2909965437353018e-37,3.2909965437353018e-37
972,4608,recipe: sand-classification,recipe,sand-classification,False,,True,True,2.7849386627879088e-37,2.7849386627879088e-37
973,4358,recipe: molten-glass-pyvoid-fluid,recipe,molten-glass-pyvoid-fluid,False,,True,True,2.4905049943371356e-37,2.4905049943371356e-37
974,4134,recipe: fill-tall-oil-canister,recipe,fill-tall-oil-canister,False,,True,True,2.4815088394086492e-37,2.4815088394086492e-37
975,3823,recipe: boric-acid-barrel,recipe,boric-acid-barrel,False,,True,True,1.6722576875273015e-37,1.6722576875273015e-37
976,3674,recipe: ammonia-pyvoid-gas,recipe,ammonia-pyvoid-gas,False,,True,True,7.0059791007314425e-38,7.0059791007314425e-38
977,4610,recipe: sand-void-glass,recipe,sand-void-glass,False,,True,True,6.9623453475537942e-38,6.9623453475537942e-38
978,4421,recipe: oxygen-pyvoid-gas,recipe,oxygen-pyvoid-gas,False,,True,True,5.7667554849020308e-38,5.7667554849020308e-38
979,4813,recipe: waste-water-pyvoid-fluid,recipe,waste-water-pyvoid-fluid,False,,True,True,3.5929242369440494e-38,3.5929242369440494e-38
980,4820,recipe: water-saline-pyvoid-fluid,recipe,water-saline-pyvoid-fluid,False,,True,True,3.0325482651772362e-38,3.0325482651772362e-38
981,4313,recipe: lime,recipe,lime,False,,True,True,2.4782123264571174e-38,2.4782123264571174e-38
982,4316,recipe: limestone-void,recipe,limestone-void,False,,True,True,1.4927198707273868e-38,1.4927198707273868e-38
983,4150,recipe: flue-gas-1,recipe,flue-gas-1,False,,True,True,1.3370644408155349e-38,1.3370644408155349e-38
984,3692,recipe: ash-separation,recipe,ash-separation,False,,True,True,1.3239850517391306e-38,1.3239850517391306e-38
985,4697,recipe: steel-plate,recipe,steel-plate,False,,True,True,1.1902908754498493e-38,1.1902908754498493e-38
986,3866,recipe: cellulose-00,recipe,cellulose-00,False,,True,True,1.0557017951719052e-38,1.0557017951719052e-38
987,4724,recipe: syngas-pyvoid-gas,recipe,syngas-pyvoid-gas,False,,True,True,8.4925297496715528e-39,8.4925297496715528e-39
988,3682,recipe: anthracene-oil-pyvoid-fluid,recipe,anthracene-oil-pyvoid-fluid,False,,True,True,6.872698027451239e-39,6.872698027451239e-39
989,3993,recipe: earth-shroom-sample,recipe,earth-shroom-sample,False,,True,True,5.411646728709768e-39,5.411646728709768e-39
990,3985,recipe: earth-bear-sample,recipe,earth-bear-sample,False,,True,True,5.4089293681340204e-39,5.4089293681340204e-39
991,3991,recipe: earth-mouse-sample,recipe,earth-mouse-sample,False,,True,True,5.4087591814573155e-39,5.4087591814573155e-39
992,3987,recipe: earth-flower-sample,recipe,earth-flower-sample,False,,True,True,5.4087585877239742e-39,5.4087585877239742e-39
993,4268,recipe: inductor1,recipe,inductor1,False,,True,True,5.4018537632580353e-39,5.4018537632580353e-39
994,3882,recipe: chlorine-pyvoid-gas,recipe,chlorine-pyvoid-gas,False,,True,True,3.778095464903637e-39,3.778095464903637e-39
995,3757,recipe: biomass-cooking,recipe,biomass-cooking,False,,True,True,2.9181451124789281e-39,2.9181451124789281e-39
996,4290,recipe: kerogen-extraction,recipe,kerogen-extraction,False,,True,True,2.1724478632579199e-39,2.1724478632579199e-39
997,4715,recipe: subcritical-water-01,recipe,subcritical-water-01,False,,True,True,1.7508608533877806e-39,1.7508608533877806e-39
998,3969,recipe: digosaurus,recipe,digosaurus,False,,True,True,1.5105604305221407e-39,1.5105604305221407e-39
999,3898,recipe: coal-gas-from-wood,recipe,coal-gas-from-wood,False,,True,True,1.4924693301130406e-39,1.4924693301130406e-39
1000,3867,recipe: cellulose-02,recipe,cellulose-02,False,,True,True,1.490564557421932e-39,1.490564557421932e-39
1001,4115,recipe: fiber-01,recipe,fiber-01,False,,True,True,1.4790274622254709e-39,1.4790274622254709e-39
1002,4144,recipe: flask,recipe,flask,False,,True,True,1.245535287250225e-39,1.245535287250225e-39
1003,4306,recipe: lens,recipe,lens,False,,True,True,1.245029357530316e-39,1.245029357530316e-39
1004,4791,recipe: vrauks,recipe,vrauks,False,,True,True,9.8744859250651621e-40,9.8744859250651621e-40
1005,4381,recipe: muddy-sludge-void-electrolyzer,recipe,muddy-sludge-void-electrolyzer,False,,True,True,9.5408150840986735e-40,9.5408150840986735e-40
1006,3832,recipe: breed-fish-1,recipe,breed-fish-1,False,,True,True,9.0732543557431153e-40,9.0732543557431153e-40
1007,4326,recipe: logistic-science-pack,recipe,logistic-science-pack,False,,True,True,8.1028133661733082e-40,8.1028133661733082e-40
1008,3906,recipe: coke-co2,recipe,coke-co2,False,,True,True,7.802684672204147e-40,7.802684672204147e-40
1009,4838,recipe: zogna-bacteria,recipe,zogna-bacteria,False,,True,True,7.3985129461347519e-40,7.3985129461347519e-40
1010,4356,recipe: molten-glass,recipe,molten-glass,False,,True,True,6.2336780952493058e-40,6.2336780952493058e-40
1011,4357,recipe: molten-glass-barrel,recipe,molten-glass-barrel,False,,True,True,6.2289039428700818e-40,6.2289039428700818e-40
1012,4061,recipe: empty-petri-dish,recipe,empty-petri-dish,False,,True,True,6.2227478584785233e-40,6.2227478584785233e-40
1013,4814,recipe: waste-water-void,recipe,waste-water-void,False,,True,True,5.6840944338874265e-40,5.6840944338874265e-40
1014,4705,recipe: stone-to-gravel,recipe,stone-to-gravel,False,,True,True,5.3957763678694351e-40,5.3957763678694351e-40
1015,3989,recipe: earth-generic-sample,recipe,earth-generic-sample,False,,True,True,4.8687728387632192e-40,4.8687728387632192e-40
1016,4310,recipe: light-oil-aromatics,recipe,light-oil-aromatics,False,,True,True,4.8672868308773899e-40,4.8672868308773899e-40
1017,3728,recipe: battery-mk00,recipe,battery-mk00,False,,True,True,4.3779955684553721e-40,4.3779955684553721e-40
1018,4627,recipe: sb-oxide-01,recipe,sb-oxide-01,False,,True,True,3.0619410610834384e-40,3.0619410610834384e-40
1019,4001,recipe: electronic-circuit-2,recipe,electronic-circuit-2,False,,True,True,2.7011277772836196e-40,2.7011277772836196e-40
1020,4699,recipe: stone-brick,recipe,stone-brick,False,,True,True,2.6976492103586897e-40,2.6976492103586897e-40
1021,3153,entity-mine: py-coal-powerplant-mk01,entity-mine,py-coal-powerplant-mk01,False,,True,False,2.6124676504480028e-40,2.6124676504480028e-40
1022,3880,recipe: chlorine,recipe,chlorine,False,,True,True,1.8640996037064067e-40,1.8640996037064067e-40
1023,4359,recipe: molten-iron-05,recipe,molten-iron-05,False,,True,True,1.7648489299428327e-40,1.7648489299428327e-40
1024,3673,recipe: ammonia-barrel,recipe,ammonia-barrel,False,,True,True,1.7546345793847255e-40,1.7546345793847255e-40
1025,4231,recipe: gun-powder,recipe,gun-powder,False,,True,True,1.6266416627095311e-40,1.6266416627095311e-40
1026,3689,recipe: aromatics-pyvoid-fluid,recipe,aromatics-pyvoid-fluid,False,,True,True,1.6185960281486026e-40,1.6185960281486026e-40
1027,4436,recipe: phytoplankton-pyvoid-fluid,recipe,phytoplankton-pyvoid-fluid,False,,True,True,1.6134930534302213e-40,1.6134930534302213e-40
1028,4312,recipe: light-oil-pyvoid-fluid,recipe,light-oil-pyvoid-fluid,False,,True,True,1.6115225618365557e-40,1.6115225618365557e-40
1029,4717,recipe: subcritical-water-pyvoid-fluid,recipe,subcritical-water-pyvoid-fluid,False,,True,True,1.6064842124973781e-40,1.6064842124973781e-40
1030,4474,recipe: pressured-water-pyvoid-fluid,recipe,pressured-water-pyvoid-fluid,False,,True,True,1.6036833222850795e-40,1.6036833222850795e-40
1031,4731,recipe: tailings-pyvoid-fluid,recipe,tailings-pyvoid-fluid,False,,True,True,1.5944272334799349e-40,1.5944272334799349e-40
1032,4250,recipe: hot-molten-salt-pyvoid-fluid,recipe,hot-molten-salt-pyvoid-fluid,False,,True,True,1.5893690159588896e-40,1.5893690159588896e-40
1033,3856,recipe: carbolic-oil-pyvoid-fluid,recipe,carbolic-oil-pyvoid-fluid,False,,True,True,1.5745709347437883e-40,1.5745709347437883e-40
1034,4343,recipe: methanal-pyvoid-fluid,recipe,methanal-pyvoid-fluid,False,,True,True,1.5675970522430418e-40,1.5675970522430418e-40
1035,4142,recipe: fish-oil-pyvoid-fluid,recipe,fish-oil-pyvoid-fluid,False,,True,True,1.5607497018009196e-40,1.5607497018009196e-40
1036,3704,recipe: auog-maturing-1,recipe,auog-maturing-1,False,,True,True,1.5500022387423859e-40,1.5500022387423859e-40
1037,3806,recipe: blood-pyvoid-fluid,recipe,blood-pyvoid-fluid,False,,True,True,1.546671859195901e-40,1.546671859195901e-40
1038,4160,recipe: fluidavan,recipe,fluidavan,False,,True,True,1.5410630462696787e-40,1.5410630462696787e-40
1039,3852,recipe: caravan,recipe,caravan,False,,True,True,1.5410630269615669e-40,1.5410630269615669e-40
1040,3833,recipe: breed-fish-egg-1,recipe,breed-fish-egg-1,False,,True,True,1.5082261529786801e-40,1.5082261529786801e-40
1041,3937,recipe: cottongut-mature-basic-01,recipe,cottongut-mature-basic-01,False,,True,True,1.4790418654853341e-40,1.4790418654853341e-40
1042,4420,recipe: oxygen-barrel,recipe,oxygen-barrel,False,,True,True,1.4448286759526374e-40,1.4448286759526374e-40
1043,3908,recipe: coke-oven-gas-pyvoid-gas,recipe,coke-oven-gas-pyvoid-gas,False,,True,True,1.3961041315505086e-40,1.3961041315505086e-40
1044,4380,recipe: muddy-sludge-pyvoid-fluid,recipe,muddy-sludge-pyvoid-fluid,False,,True,True,1.3931017757739029e-40,1.3931017757739029e-40
1045,4153,recipe: flue-gas-pyvoid-gas,recipe,flue-gas-pyvoid-gas,False,,True,True,1.3760543270632026e-40,1.3760543270632026e-40
1046,3968,recipe: diborane-pyvoid-gas,recipe,diborane-pyvoid-gas,False,,True,True,1.3683647964132061e-40,1.3683647964132061e-40
1047,4470,recipe: pressured-air-pyvoid-gas,recipe,pressured-air-pyvoid-gas,False,,True,True,1.3471677532187893e-40,1.3471677532187893e-40
1048,3705,recipe: auog-maturing-2,recipe,auog-maturing-2,False,,True,True,1.3447963681179497e-40,1.3447963681179497e-40
1049,4097,recipe: fawogae-1,recipe,fawogae-1,False,,True,True,1.2980439722321533e-40,1.2980439722321533e-40
1050,3661,recipe: acidgas-pyvoid-gas,recipe,acidgas-pyvoid-gas,False,,True,True,1.2565698235767868e-40,1.2565698235767868e-40
1051,3708,recipe: auog-pooping-1,recipe,auog-pooping-1,False,,True,True,1.1329201796693623e-40,1.1329201796693623e-40
1052,4772,recipe: urea-decomposition,recipe,urea-decomposition,False,,True,True,1.118814696763968e-40,1.118814696763968e-40
1053,4471,recipe: pressured-steam-pyvoid-gas,recipe,pressured-steam-pyvoid-gas,False,,True,True,1.0702107726220574e-40,1.0702107726220574e-40
1054,3709,recipe: auog-pooping-2,recipe,auog-pooping-2,False,,True,True,9.944663671258844e-41,9.944663671258844e-41
1055,4812,recipe: waste-water-barrel,recipe,waste-water-barrel,False,,True,True,9.0104756868935171e-41,9.0104756868935171e-41
1056,4819,recipe: water-saline-barrel,recipe,water-saline-barrel,False,,True,True,7.6077852332155026e-41,7.6077852332155026e-41
1057,3902,recipe: coarse-classification,recipe,coarse-classification,False,,True,True,7.2219131217809374e-41,7.2219131217809374e-41
1058,3978,recipe: distilled-raw-coal,recipe,distilled-raw-coal,False,,True,True,7.0073595866058447e-41,7.0073595866058447e-41
1059,4795,recipe: vrauks-cocoon-2,recipe,vrauks-cocoon-2,False,,True,True,5.7826061109222448e-41,5.7826061109222448e-41
1060,3895,recipe: coal-gas,recipe,coal-gas,False,,True,True,5.5877120990570498e-41,5.5877120990570498e-41
1061,4792,recipe: vrauks-1,recipe,vrauks-1,False,,True,True,5.2605537599867347e-41,5.2605537599867347e-41
1062,4375,recipe: moss-gen,recipe,moss-gen,False,,True,True,4.719041337102403e-41,4.719041337102403e-41
1063,4793,recipe: vrauks-2,recipe,vrauks-2,False,,True,True,4.3449041168722819e-41,4.3449041168722819e-41
1064,3690,recipe: aromatics-to-plastic,recipe,aromatics-to-plastic,False,,True,True,4.1752757681555463e-41,4.1752757681555463e-41
1065,3803,recipe: blade-mk01,recipe,blade-mk01,False,,True,True,4.1009572244371902e-41,4.1009572244371902e-41
1066,4164,recipe: formica,recipe,formica,False,,True,True,4.0403291316391677e-41,4.0403291316391677e-41
1067,3855,recipe: carbolic-oil-creosote,recipe,carbolic-oil-creosote,False,,True,True,3.4163008860343837e-41,3.4163008860343837e-41
1068,3940,recipe: cottongut-pup-mk01-raising,recipe,cottongut-pup-mk01-raising,False,,True,True,3.1422359350158004e-41,3.1422359350158004e-41
1069,3681,recipe: anthracene-oil-creosote,recipe,anthracene-oil-creosote,False,,True,True,3.0493269495319715e-41,3.0493269495319715e-41
1070,4800,recipe: vrauks-mk02,recipe,vrauks-mk02,False,,True,True,3.0365317934455861e-41,3.0365317934455861e-41
1071,3817,recipe: bones-to-kerogen,recipe,bones-to-kerogen,False,,True,True,3.0018334763815404e-41,3.0018334763815404e-41
1072,3677,recipe: animal-sample-01,recipe,animal-sample-01,False,,True,True,3.0001682295535462e-41,3.0001682295535462e-41
1073,4794,recipe: vrauks-cocoon-1,recipe,vrauks-cocoon-1,False,,True,True,2.9370382957184019e-41,2.9370382957184019e-41
1074,4801,recipe: vrauks-mk02-breeder,recipe,vrauks-mk02-breeder,False,,True,True,2.4012412212049441e-41,2.4012412212049441e-41
1075,4802,recipe: vrauks-mk02-cocoon,recipe,vrauks-mk02-cocoon,False,,True,True,2.4009510782499765e-41,2.4009510782499765e-41
1076,4723,recipe: syngas-barrel,recipe,syngas-barrel,False,,True,True,2.1553665118166515e-41,2.1553665118166515e-41
1077,3934,recipe: cottongut-cub-1,recipe,cottongut-cub-1,False,,True,True,1.8845895980543213e-41,1.8845895980543213e-41
1078,4462,recipe: powdered-ralesia-seeds,recipe,powdered-ralesia-seeds,False,,True,True,1.8226102242049155e-41,1.8226102242049155e-41
1079,3680,recipe: anthracene-oil-barrel,recipe,anthracene-oil-barrel,False,,True,True,1.7452606865777048e-41,1.7452606865777048e-41
1080,3679,recipe: anthracene-gasoline-cracking,recipe,anthracene-gasoline-cracking,False,,True,True,1.6958537748552746e-41,1.6958537748552746e-41
1081,4339,recipe: melamine-resin,recipe,melamine-resin,False,,True,True,1.6709459376085633e-41,1.6709459376085633e-41
1082,3738,recipe: bio-sample,recipe,bio-sample,False,,True,True,1.5014600813220679e-41,1.5014600813220679e-41
1083,4167,recipe: full-render-auogs,recipe,full-render-auogs,False,,True,True,1.4553749863532367e-41,1.4553749863532367e-41
1084,4119,recipe: fill-anthracene-oil-canister,recipe,fill-anthracene-oil-canister,False,,True,True,1.3525421441244104e-41,1.3525421441244104e-41
1085,3843,recipe: caged-cottongut-1,recipe,caged-cottongut-1,False,,True,True,1.202597812553938e-41,1.202597812553938e-41
1086,3714,recipe: auog-recharge-0,recipe,auog-recharge-0,False,,True,True,1.1750226882742406e-41,1.1750226882742406e-41
1087,3715,recipe: auog-recharge-00,recipe,auog-recharge-00,False,,True,True,1.1749192377859198e-41,1.1749192377859198e-41
1088,4133,recipe: fill-syngas-canister,recipe,fill-syngas-canister,False,,True,True,1.0542025997116151e-41,1.0542025997116151e-41
1089,3881,recipe: chlorine-barrel,recipe,chlorine-barrel,False,,True,True,9.7592190538856362e-42,9.7592190538856362e-42
1090,3670,recipe: aluminium-plate-1,recipe,aluminium-plate-1,False,,True,True,9.7563402331122809e-42,9.7563402331122809e-42
1091,4168,recipe: full-render-cottongut,recipe,full-render-cottongut,False,,True,True,9.6817167767776296e-42,9.6817167767776296e-42
1092,4778,recipe: vacuum,recipe,vacuum,False,,True,True,9.411012466220316e-42,9.411012466220316e-42
1093,4281,recipe: iron-oxide-smelting,recipe,iron-oxide-smelting,False,,True,True,9.3204871041104391e-42,9.3204871041104391e-42
1094,4094,recipe: ex-used-auog,recipe,ex-used-auog,False,,True,True,8.7677436619808836e-42,8.7677436619808836e-42
1095,2397,__pr_graph_lp_or_to_or_and__: 8832:fluid: coal-gas --> energy-source-fluid: ,,,True,fluid: coal-gas --> energy-source-fluid: ,False,False,5.8373170668556166e-42,5.8373170668556166e-42
1096,2413,__pr_graph_lp_or_to_or_and__: 8848:fluid: pitch --> energy-source-fluid: ,,,True,fluid: pitch --> energy-source-fluid: ,False,False,5.8373170668101115e-42,5.8373170668101115e-42
1097,2403,__pr_graph_lp_or_to_or_and__: 8838:fluid: hydrogen --> energy-source-fluid: ,,,True,fluid: hydrogen --> energy-source-fluid: ,False,False,5.8373170667992428e-42,5.8373170667992428e-42
1098,2414,__pr_graph_lp_or_to_or_and__: 8849:fluid: middle-oil --> energy-source-fluid: ,,,True,fluid: middle-oil --> energy-source-fluid: ,False,False,5.8373170667882084e-42,5.8373170667882084e-42
1099,2409,__pr_graph_lp_or_to_or_and__: 8844:fluid: condensates --> energy-source-fluid: ,,,True,fluid: condensates --> energy-source-fluid: ,False,False,5.8373170667866382e-42,5.8373170667866382e-42
1100,2410,__pr_graph_lp_or_to_or_and__: 8845:fluid: anthracene-oil --> energy-source-fluid: ,,,True,fluid: anthracene-oil --> energy-source-fluid: ,False,False,5.8373170667835922e-42,5.8373170667835922e-42
1101,2412,__pr_graph_lp_or_to_or_and__: 8847:fluid: naphthalene-oil --> energy-source-fluid: ,,,True,fluid: naphthalene-oil --> energy-source-fluid: ,False,False,5.8373170667830468e-42,5.8373170667830468e-42
1102,2400,__pr_graph_lp_or_to_or_and__: 8835:fluid: aromatics --> energy-source-fluid: ,,,True,fluid: aromatics --> energy-source-fluid: ,False,False,5.837317066781887e-42,5.837317066781887e-42
1103,2408,__pr_graph_lp_or_to_or_and__: 8843:fluid: scrude --> energy-source-fluid: ,,,True,fluid: scrude --> energy-source-fluid: ,False,False,5.8373170667810318e-42,5.8373170667810318e-42
1104,2411,__pr_graph_lp_or_to_or_and__: 8846:fluid: carbolic-oil --> energy-source-fluid: ,,,True,fluid: carbolic-oil --> energy-source-fluid: ,False,False,5.8373170667804073e-42,5.8373170667804073e-42
1105,2399,__pr_graph_lp_or_to_or_and__: 8834:fluid: tar --> energy-source-fluid: ,,,True,fluid: tar --> energy-source-fluid: ,False,False,5.8373170667789442e-42,5.8373170667789442e-42
1106,2401,__pr_graph_lp_or_to_or_and__: 8836:fluid: gasoline --> energy-source-fluid: ,,,True,fluid: gasoline --> energy-source-fluid: ,False,False,5.8373170667785581e-42,5.8373170667785581e-42
1107,2395,__pr_graph_lp_or_to_or_and__: 8830:fluid: heavy-oil --> energy-source-fluid: ,,,True,fluid: heavy-oil --> energy-source-fluid: ,False,False,5.8373170667785415e-42,5.8373170667785415e-42
1108,2404,__pr_graph_lp_or_to_or_and__: 8839:fluid: coke-oven-gas --> energy-source-fluid: ,,,True,fluid: coke-oven-gas --> energy-source-fluid: ,False,False,5.8373170667784714e-42,5.8373170667784714e-42
1109,2396,__pr_graph_lp_or_to_or_and__: 8831:fluid: light-oil --> energy-source-fluid: ,,,True,fluid: light-oil --> energy-source-fluid: ,False,False,5.8373170667784268e-42,5.8373170667784268e-42
1110,2407,__pr_graph_lp_or_to_or_and__: 8842:fluid: tall-oil --> energy-source-fluid: ,,,True,fluid: tall-oil --> energy-source-fluid: ,False,False,5.8373170667783452e-42,5.8373170667783452e-42
1111,2406,__pr_graph_lp_or_to_or_and__: 8841:fluid: methane --> energy-source-fluid: ,,,True,fluid: methane --> energy-source-fluid: ,False,False,5.8373170667783032e-42,5.8373170667783032e-42
1112,2405,__pr_graph_lp_or_to_or_and__: 8840:fluid: kerosene --> energy-source-fluid: ,,,True,fluid: kerosene --> energy-source-fluid: ,False,False,5.8373170667781451e-42,5.8373170667781451e-42
1113,2402,__pr_graph_lp_or_to_or_and__: 8837:fluid: acetylene --> energy-source-fluid: ,,,True,fluid: acetylene --> energy-source-fluid: ,False,False,5.8373170667781095e-42,5.8373170667781095e-42
1114,2398,__pr_graph_lp_or_to_or_and__: 8833:fluid: syngas --> energy-source-fluid: ,,,True,fluid: syngas --> energy-source-fluid: ,False,False,5.8373170667780929e-42,5.8373170667780929e-42
1115,2198,__pr_graph_lp_or_to_or_and__: 8633:item: biomass --> energy-source-burner: chemical__biomass_2_1,,,True,item: biomass --> energy-source-burner: chemical__biomass_2_1,False,False,5.3714281666894207e-42,5.3714281666894207e-42
1116,2193,__pr_graph_lp_or_to_or_and__: 8628:item: wood --> energy-source-burner: chemical__biomass_2_1,,,True,item: wood --> energy-source-burner: chemical__biomass_2_1,False,False,5.3712686678836595e-42,5.3712686678836595e-42
1117,2196,__pr_graph_lp_or_to_or_and__: 8631:item: raw-fiber --> energy-source-burner: chemical__biomass_2_1,,,True,item: raw-fiber --> energy-source-burner: chemical__biomass_2_1,False,False,5.3711957847346876e-42,5.3711957847346876e-42
1118,2195,__pr_graph_lp_or_to_or_and__: 8630:item: treated-wood --> energy-source-burner: chemical__biomass_2_1,,,True,item: treated-wood --> energy-source-burner: chemical__biomass_2_1,False,False,5.3711957414806912e-42,5.3711957414806912e-42
1119,2186,__pr_graph_lp_or_to_or_and__: 8621:item: coal --> energy-source-burner: chemical__biomass_2_1,,,True,item: coal --> energy-source-burner: chemical__biomass_2_1,False,False,5.3711948932880818e-42,5.3711948932880818e-42
1120,2199,__pr_graph_lp_or_to_or_and__: 8634:item: cellulose --> energy-source-burner: chemical__biomass_2_1,,,True,item: cellulose --> energy-source-burner: chemical__biomass_2_1,False,False,5.3711948049973032e-42,5.3711948049973032e-42
1121,2187,__pr_graph_lp_or_to_or_and__: 8622:item: coke --> energy-source-burner: chemical__biomass_2_1,,,True,item: coke --> energy-source-burner: chemical__biomass_2_1,False,False,5.3711947479801122e-42,5.3711947479801122e-42
1122,2190,__pr_graph_lp_or_to_or_and__: 8625:item: raw-coal --> energy-source-burner: chemical__biomass_2_1,,,True,item: raw-coal --> energy-source-burner: chemical__biomass_2_1,False,False,5.3711947277366302e-42,5.3711947277366302e-42
1123,2197,__pr_graph_lp_or_to_or_and__: 8632:item: carbon-black --> energy-source-burner: chemical__biomass_2_1,,,True,item: carbon-black --> energy-source-burner: chemical__biomass_2_1,False,False,5.3711947222141822e-42,5.3711947222141822e-42
1124,2194,__pr_graph_lp_or_to_or_and__: 8629:item: log --> energy-source-burner: chemical__biomass_2_1,,,True,item: log --> energy-source-burner: chemical__biomass_2_1,False,False,5.3711947165757259e-42,5.3711947165757259e-42
1125,2191,__pr_graph_lp_or_to_or_and__: 8626:item: crushed-coal --> energy-source-burner: chemical__biomass_2_1,,,True,item: crushed-coal --> energy-source-burner: chemical__biomass_2_1,False,False,5.371194716509921e-42,5.371194716509921e-42
1126,2188,__pr_graph_lp_or_to_or_and__: 8623:item: coal-dust --> energy-source-burner: chemical__biomass_2_1,,,True,item: coal-dust --> energy-source-burner: chemical__biomass_2_1,False,False,5.3711947165099102e-42,5.3711947165099102e-42
1127,2189,__pr_graph_lp_or_to_or_and__: 8624:item: gunpowder --> energy-source-burner: chemical__biomass_2_1,,,True,item: gunpowder --> energy-source-burner: chemical__biomass_2_1,False,False,5.3711947165098554e-42,5.3711947165098554e-42
1128,2192,__pr_graph_lp_or_to_or_and__: 8627:item: kerogen --> energy-source-burner: chemical__biomass_2_1,,,True,item: kerogen --> energy-source-burner: chemical__biomass_2_1,False,False,5.3711947165098516e-42,5.3711947165098516e-42
1129,2848,energy-source-electric: ,energy-source-electric,,False,,False,False,5.2079717263426048e-42,5.2079717263426048e-42
1130,4108,recipe: fawogae-to-iron,recipe,fawogae-to-iron,False,,True,True,4.4255643041206493e-42,4.4255643041206493e-42
1131,4569,recipe: ralesia-seeds,recipe,ralesia-seeds,False,,True,True,4.0642533029426166e-42,4.0642533029426166e-42
1132,4353,recipe: molten-aluminium-01,recipe,molten-aluminium-01,False,,True,True,4.0171094657407889e-42,4.0171094657407889e-42
1133,3100,entity-mine: geothermal-crack,entity-mine,geothermal-crack,False,,True,False,3.2251407467037818e-42,3.2251407467037818e-42
1134,4169,recipe: full-render-fish,recipe,full-render-fish,False,,True,True,2.4512738420217087e-42,2.4512738420217087e-42
1135,4789,recipe: vitreloy,recipe,vitreloy,False,,True,True,2.2859565872568947e-42,2.2859565872568947e-42
1136,3894,recipe: coal-fawogae,recipe,coal-fawogae,False,,True,True,1.4841245052062457e-42,1.4841245052062457e-42
1137,4587,recipe: resistor1,recipe,resistor1,False,,True,True,1.4767562375165845e-42,1.4767562375165845e-42
1138,3848,recipe: capacitor1,recipe,capacitor1,False,,True,True,1.2379248546359291e-42,1.2379248546359291e-42
1139,3846,recipe: calcium-carbide,recipe,calcium-carbide,False,,True,True,1.1104550518947057e-42,1.1104550518947057e-42
1140,4282,recipe: iron-plate,recipe,iron-plate,False,,True,True,1.0582446520855108e-42,1.0582446520855108e-42
1141,4329,recipe: low-grade-smelting-iron,recipe,low-grade-smelting-iron,False,,True,True,1.0020431146626393e-42,1.0020431146626393e-42
1142,4753,recipe: titanium-plate-1,recipe,titanium-plate-1,False,,True,True,9.9468893936484493e-43,9.9468893936484493e-43
1143,4075,recipe: empty-syngas-barrel,recipe,empty-syngas-barrel,False,,True,True,8.5499883322256372e-43,8.5499883322256372e-43
1144,4222,recipe: graphite,recipe,graphite,False,,True,True,7.9350654835734446e-43,7.9350654835734446e-43
1145,4397,recipe: nexelit-plate-2,recipe,nexelit-plate-2,False,,True,True,7.4692665186068039e-43,7.4692665186068039e-43
1146,4748,recipe: tin-plate-1,recipe,tin-plate-1,False,,True,True,7.4490038598839044e-43,7.4490038598839044e-43
1147,4835,recipe: zinc-plate-1,recipe,zinc-plate-1,False,,True,True,7.4353264802056235e-43,7.4353264802056235e-43
1148,4065,recipe: empty-pitch-canister,recipe,empty-pitch-canister,False,,True,True,6.9319834063596638e-43,6.9319834063596638e-43
1149,3688,recipe: aromatics-barrel,recipe,aromatics-barrel,False,,True,True,6.6879470902710548e-43,6.6879470902710548e-43
1150,4435,recipe: phytoplankton-barrel,recipe,phytoplankton-barrel,False,,True,True,6.6751896608168041e-43,6.6751896608168041e-43
1151,4311,recipe: light-oil-barrel,recipe,light-oil-barrel,False,,True,True,6.6702633696326618e-43,6.6702633696326618e-43
1152,4716,recipe: subcritical-water-barrel,recipe,subcritical-water-barrel,False,,True,True,6.6576674438391523e-43,6.6576674438391523e-43
1153,4473,recipe: pressured-water-barrel,recipe,pressured-water-barrel,False,,True,True,6.6506643169146965e-43,6.6506643169146965e-43
1154,4725,recipe: tailings-barrel,recipe,tailings-barrel,False,,True,True,6.6275245952157216e-43,6.6275245952157216e-43
1155,4152,recipe: flue-gas-barrel,recipe,flue-gas-barrel,False,,True,True,6.5799405447875943e-43,6.5799405447875943e-43
1156,3854,recipe: carbolic-oil-barrel,recipe,carbolic-oil-barrel,False,,True,True,6.5778840609741892e-43,6.5778840609741892e-43
1157,4807,recipe: warm-air-1,recipe,warm-air-1,False,,True,True,6.5611335967368849e-43,6.5611335967368849e-43
1158,3967,recipe: diborane-barrel,recipe,diborane-barrel,False,,True,True,6.5607161084388634e-43,6.5607161084388634e-43
1159,4342,recipe: methanal-barrel,recipe,methanal-barrel,False,,True,True,6.560449657848856e-43,6.560449657848856e-43
1160,4141,recipe: fish-oil-barrel,recipe,fish-oil-barrel,False,,True,True,6.5433312817435497e-43,6.5433312817435497e-43
1161,3805,recipe: blood-barrel,recipe,blood-barrel,False,,True,True,6.5081366752310035e-43,6.5081366752310035e-43
1162,4469,recipe: pressured-air-barrel,recipe,pressured-air-barrel,False,,True,True,6.5077238953789289e-43,6.5077238953789289e-43
1163,4694,recipe: steel-from-barrels,recipe,steel-from-barrels,False,,True,True,6.4029046160849295e-43,6.4029046160849295e-43
1164,4749,recipe: tin-plate-2,recipe,tin-plate-2,False,,True,True,6.3292143926154989e-43,6.3292143926154989e-43
1165,3660,recipe: acidgas-barrel,recipe,acidgas-barrel,False,,True,True,6.2812292860715558e-43,6.2812292860715558e-43
1166,4170,recipe: full-render-vrauks,recipe,full-render-vrauks,False,,True,True,6.2409884687147818e-43,6.2409884687147818e-43
1167,4379,recipe: muddy-sludge-barrel,recipe,muddy-sludge-barrel,False,,True,True,6.1242114666760081e-43,6.1242114666760081e-43
1168,2337,__pr_graph_lp_or_to_or_and__: 8772:item: middle-oil-canister --> energy-source-burner: chemical__jerry__biomass__nuke_2_1,,,True,item: middle-oil-canister --> energy-source-burner: chemical__jerry__biomass__nuke_2_1,False,False,6.1102562821649252e-43,6.1102562821649252e-43
1169,2321,__pr_graph_lp_or_to_or_and__: 8756:item: light-oil-canister --> energy-source-burner: chemical__jerry__biomass__nuke_2_1,,,True,item: light-oil-canister --> energy-source-burner: chemical__jerry__biomass__nuke_2_1,False,False,6.0762391988912539e-43,6.0762391988912539e-43
1170,1433,__pr_graph_lp_or_to_or_and__: 2029:fluid: steam --> entity-operate-fluid: steam-turbine,,,True,fluid: steam --> entity-operate-fluid: steam-turbine,False,False,6.0362302856536395e-43,6.0362302856536395e-43
1171,2334,__pr_graph_lp_or_to_or_and__: 8769:item: carbolic-oil-canister --> energy-source-burner: chemical__jerry__biomass__nuke_2_1,,,True,item: carbolic-oil-canister --> energy-source-burner: chemical__jerry__biomass__nuke_2_1,False,False,5.9146580534866312e-43,5.9146580534866312e-43
1172,2330,__pr_graph_lp_or_to_or_and__: 8765:item: tall-oil-canister --> energy-source-burner: chemical__jerry__biomass__nuke_2_1,,,True,item: tall-oil-canister --> energy-source-burner: chemical__jerry__biomass__nuke_2_1,False,False,5.9061537826759158e-43,5.9061537826759158e-43
1173,4023,recipe: empty-coal-gas-barrel,recipe,empty-coal-gas-barrel,False,,True,True,5.8744430076880267e-43,5.8744430076880267e-43
1174,4024,recipe: empty-coal-gas-canister,recipe,empty-coal-gas-canister,False,,True,True,5.8613923097440968e-43,5.8613923097440968e-43
1175,2333,__pr_graph_lp_or_to_or_and__: 8768:item: anthracene-oil-canister --> energy-source-burner: chemical__jerry__biomass__nuke_2_1,,,True,item: anthracene-oil-canister --> energy-source-burner: chemical__jerry__biomass__nuke_2_1,False,False,5.7318162310805835e-43,5.7318162310805835e-43
1176,4836,recipe: zinc-plate-2,recipe,zinc-plate-2,False,,True,True,4.9843340138608776e-43,4.9843340138608776e-43
1177,4304,recipe: lead-plate-2,recipe,lead-plate-2,False,,True,True,4.9624436890850477e-43,4.9624436890850477e-43
1178,3907,recipe: coke-coal,recipe,coke-coal,False,,True,True,4.8349193937776866e-43,4.8349193937776866e-43
1179,3864,recipe: cdna,recipe,cdna,False,,True,True,4.7300732491600117e-43,4.7300732491600117e-43
1180,4516,recipe: py-science-pack-1,recipe,py-science-pack-1,False,,True,True,4.7023554685874762e-43,4.7023554685874762e-43
1181,4010,recipe: empty-acidgas-barrel,recipe,empty-acidgas-barrel,False,,True,True,4.2764039212028419e-43,4.2764039212028419e-43
1182,4076,recipe: empty-syngas-canister,recipe,empty-syngas-canister,False,,True,True,4.2718682405828891e-43,4.2718682405828891e-43
1183,2822,__pr_graph_lp_or_to_or_and__: 9974:entity-operate: assembling-machine-1 --> fuel-category-burn: chemical:noncoproduct-route,,,True,entity-operate: assembling-machine-1 --> fuel-category-burn: chemical,False,False,4.0329459739747164e-43,4.0329459739747164e-43
1184,2831,__pr_graph_lp_or_to_or_and__: 9984:entity-operate: assembling-machine-2 --> fuel-category-burn: chemical:noncoproduct-route,,,True,entity-operate: assembling-machine-2 --> fuel-category-burn: chemical,False,False,4.0329459737330221e-43,4.0329459737330221e-43
1185,843,__pr_graph_lp_or_to_or_and__: 10026:entity-operate: py-burner --> fuel-category-burn: chemical:noncoproduct-route,,,True,entity-operate: py-burner --> fuel-category-burn: chemical,False,False,4.0329459733083149e-43,4.0329459733083149e-43
1186,837,__pr_graph_lp_or_to_or_and__: 10018:entity-operate: car --> fuel-category-burn: chemical:noncoproduct-route,,,True,entity-operate: car --> fuel-category-burn: chemical,False,False,4.0329459731796393e-43,4.0329459731796393e-43
1187,828,__pr_graph_lp_or_to_or_and__: 10007:entity-operate: atomizer-mk01 --> fuel-category-burn: chemical:noncoproduct-route,,,True,entity-operate: atomizer-mk01 --> fuel-category-burn: chemical,False,False,4.0329459727030547e-43,4.0329459727030547e-43
1188,840,__pr_graph_lp_or_to_or_and__: 10022:entity-operate: stone-furnace --> fuel-category-burn: chemical:noncoproduct-route,,,True,entity-operate: stone-furnace --> fuel-category-burn: chemical,False,False,4.0329459726947212e-43,4.0329459726947212e-43
1189,2841,__pr_graph_lp_or_to_or_and__: 9995:entity-operate: bof-mk01 --> fuel-category-burn: chemical:noncoproduct-route,,,True,entity-operate: bof-mk01 --> fuel-category-burn: chemical,False,False,4.0329459726893023e-43,4.0329459726893023e-43
1190,851,__pr_graph_lp_or_to_or_and__: 10036:entity-operate: fluid-drill-mk01 --> fuel-category-burn: chemical:noncoproduct-route,,,True,entity-operate: fluid-drill-mk01 --> fuel-category-burn: chemical,False,False,4.0329459726879036e-43,4.0329459726879036e-43
1191,848,__pr_graph_lp_or_to_or_and__: 10032:entity-operate: burner-mining-drill --> fuel-category-burn: chemical:noncoproduct-route,,,True,entity-operate: burner-mining-drill --> fuel-category-burn: chemical,False,False,4.0329459726869326e-43,4.0329459726869326e-43
1192,2627,__pr_graph_lp_or_to_or_and__: 9716:entity-operate: boiler --> fuel-category-burn: chemical:noncoproduct-route,,,True,entity-operate: boiler --> fuel-category-burn: chemical,False,False,4.0329459726859433e-43,4.0329459726859433e-43
1193,0,__pr_graph_lp_explicit_zero_free_source__: 11729:entity-operate: locomotive --> fuel-category-burn: chemical,,,True,explicit-zero:entity-operate: locomotive --> fuel-category-burn: chemical,False,False,4.0329459726859218e-43,4.0329459726859218e-43
1194,4064,recipe: empty-pitch-barrel,recipe,empty-pitch-barrel,False,,True,True,3.481834406356704e-43,3.481834406356704e-43
1195,2343,__pr_graph_lp_or_to_or_and__: 8778:item: biomass --> energy-source-burner: chemical__jerry__biomass__nuke_2_1,,,True,item: biomass --> energy-source-burner: chemical__jerry__biomass__nuke_2_1,False,False,3.473988875498717e-43,3.473988875498717e-43
1196,2338,__pr_graph_lp_or_to_or_and__: 8773:item: wood --> energy-source-burner: chemical__jerry__biomass__nuke_2_1,,,True,item: wood --> energy-source-burner: chemical__jerry__biomass__nuke_2_1,False,False,3.4723938874411061e-43,3.4723938874411061e-43
1197,2341,__pr_graph_lp_or_to_or_and__: 8776:item: raw-fiber --> energy-source-burner: chemical__jerry__biomass__nuke_2_1,,,True,item: raw-fiber --> energy-source-burner: chemical__jerry__biomass__nuke_2_1,False,False,3.4716650559513843e-43,3.4716650559513843e-43
1198,2340,__pr_graph_lp_or_to_or_and__: 8775:item: treated-wood --> energy-source-burner: chemical__jerry__biomass__nuke_2_1,,,True,item: treated-wood --> energy-source-burner: chemical__jerry__biomass__nuke_2_1,False,False,3.4716646234114241e-43,3.4716646234114241e-43
1199,2313,__pr_graph_lp_or_to_or_and__: 8748:item: coal --> energy-source-burner: chemical__jerry__biomass__nuke_2_1,,,True,item: coal --> energy-source-burner: chemical__jerry__biomass__nuke_2_1,False,False,3.4716561414853295e-43,3.4716561414853295e-43
1200,2344,__pr_graph_lp_or_to_or_and__: 8779:item: cellulose --> energy-source-burner: chemical__jerry__biomass__nuke_2_1,,,True,item: cellulose --> energy-source-burner: chemical__jerry__biomass__nuke_2_1,False,False,3.4716552585775436e-43,3.4716552585775436e-43
1201,2314,__pr_graph_lp_or_to_or_and__: 8749:item: coke --> energy-source-burner: chemical__jerry__biomass__nuke_2_1,,,True,item: coke --> energy-source-burner: chemical__jerry__biomass__nuke_2_1,False,False,3.4716546884056357e-43,3.4716546884056357e-43
1202,2317,__pr_graph_lp_or_to_or_and__: 8752:item: raw-coal --> energy-source-burner: chemical__jerry__biomass__nuke_2_1,,,True,item: raw-coal --> energy-source-burner: chemical__jerry__biomass__nuke_2_1,False,False,3.4716544859708129e-43,3.4716544859708129e-43
1203,2342,__pr_graph_lp_or_to_or_and__: 8777:item: carbon-black --> energy-source-burner: chemical__jerry__biomass__nuke_2_1,,,True,item: carbon-black --> energy-source-burner: chemical__jerry__biomass__nuke_2_1,False,False,3.4716544307463364e-43,3.4716544307463364e-43
1204,2339,__pr_graph_lp_or_to_or_and__: 8774:item: log --> energy-source-burner: chemical__jerry__biomass__nuke_2_1,,,True,item: log --> energy-source-burner: chemical__jerry__biomass__nuke_2_1,False,False,3.4716543743617707e-43,3.4716543743617707e-43
1205,2323,__pr_graph_lp_or_to_or_and__: 8758:item: syngas-canister --> energy-source-burner: chemical__jerry__biomass__nuke_2_1,,,True,item: syngas-canister --> energy-source-burner: chemical__jerry__biomass__nuke_2_1,False,False,3.471654373835819e-43,3.471654373835819e-43
1206,2322,__pr_graph_lp_or_to_or_and__: 8757:item: coal-gas-canister --> energy-source-burner: chemical__jerry__biomass__nuke_2_1,,,True,item: coal-gas-canister --> energy-source-burner: chemical__jerry__biomass__nuke_2_1,False,False,3.4716543738102395e-43,3.4716543738102395e-43
1207,2336,__pr_graph_lp_or_to_or_and__: 8771:item: pitch-canister --> energy-source-burner: chemical__jerry__biomass__nuke_2_1,,,True,item: pitch-canister --> energy-source-burner: chemical__jerry__biomass__nuke_2_1,False,False,3.4716543737729524e-43,3.4716543737729524e-43
1208,2335,__pr_graph_lp_or_to_or_and__: 8770:item: naphthalene-oil-canister --> energy-source-burner: chemical__jerry__biomass__nuke_2_1,,,True,item: naphthalene-oil-canister --> energy-source-burner: chemical__jerry__biomass__nuke_2_1,False,False,3.4716543737596748e-43,3.4716543737596748e-43
1209,2324,__pr_graph_lp_or_to_or_and__: 8759:item: tar-canister --> energy-source-burner: chemical__jerry__biomass__nuke_2_1,,,True,item: tar-canister --> energy-source-burner: chemical__jerry__biomass__nuke_2_1,False,False,3.4716543737574958e-43,3.4716543737574958e-43
1210,2325,__pr_graph_lp_or_to_or_and__: 8760:item: aromatics-canister --> energy-source-burner: chemical__jerry__biomass__nuke_2_1,,,True,item: aromatics-canister --> energy-source-burner: chemical__jerry__biomass__nuke_2_1,False,False,3.4716543737529754e-43,3.4716543737529754e-43
1211,2331,__pr_graph_lp_or_to_or_and__: 8766:item: scrude-canister --> energy-source-burner: chemical__jerry__biomass__nuke_2_1,,,True,item: scrude-canister --> energy-source-burner: chemical__jerry__biomass__nuke_2_1,False,False,3.4716543737240062e-43,3.4716543737240062e-43
1212,2327,__pr_graph_lp_or_to_or_and__: 8762:item: acetylene-canister --> energy-source-burner: chemical__jerry__biomass__nuke_2_1,,,True,item: acetylene-canister --> energy-source-burner: chemical__jerry__biomass__nuke_2_1,False,False,3.4716543737183121e-43,3.4716543737183121e-43
1213,2329,__pr_graph_lp_or_to_or_and__: 8764:item: methane-canister --> energy-source-burner: chemical__jerry__biomass__nuke_2_1,,,True,item: methane-canister --> energy-source-burner: chemical__jerry__biomass__nuke_2_1,False,False,3.4716543737052185e-43,3.4716543737052185e-43
1214,2318,__pr_graph_lp_or_to_or_and__: 8753:item: crushed-coal --> energy-source-burner: chemical__jerry__biomass__nuke_2_1,,,True,item: crushed-coal --> energy-source-burner: chemical__jerry__biomass__nuke_2_1,False,False,3.471654373703721e-43,3.471654373703721e-43
1215,2315,__pr_graph_lp_or_to_or_and__: 8750:item: coal-dust --> energy-source-burner: chemical__jerry__biomass__nuke_2_1,,,True,item: coal-dust --> energy-source-burner: chemical__jerry__biomass__nuke_2_1,False,False,3.4716543737036143e-43,3.4716543737036143e-43
1216,2326,__pr_graph_lp_or_to_or_and__: 8761:item: gasoline-canister --> energy-source-burner: chemical__jerry__biomass__nuke_2_1,,,True,item: gasoline-canister --> energy-source-burner: chemical__jerry__biomass__nuke_2_1,False,False,3.4716543737036051e-43,3.4716543737036051e-43
1217,2328,__pr_graph_lp_or_to_or_and__: 8763:item: kerosene-canister --> energy-source-burner: chemical__jerry__biomass__nuke_2_1,,,True,item: kerosene-canister --> energy-source-burner: chemical__jerry__biomass__nuke_2_1,False,False,3.4716543737036051e-43,3.4716543737036051e-43
1218,2320,__pr_graph_lp_or_to_or_and__: 8755:item: heavy-oil-canister --> energy-source-burner: chemical__jerry__biomass__nuke_2_1,,,True,item: heavy-oil-canister --> energy-source-burner: chemical__jerry__biomass__nuke_2_1,False,False,3.4716543737036047e-43,3.4716543737036047e-43
1219,2332,__pr_graph_lp_or_to_or_and__: 8767:item: condensates-canister --> energy-source-burner: chemical__jerry__biomass__nuke_2_1,,,True,item: condensates-canister --> energy-source-burner: chemical__jerry__biomass__nuke_2_1,False,False,3.4716543737035999e-43,3.4716543737035999e-43
1220,2316,__pr_graph_lp_or_to_or_and__: 8751:item: gunpowder --> energy-source-burner: chemical__jerry__biomass__nuke_2_1,,,True,item: gunpowder --> energy-source-burner: chemical__jerry__biomass__nuke_2_1,False,False,3.471654373703069e-43,3.471654373703069e-43
1221,2319,__pr_graph_lp_or_to_or_and__: 8754:item: kerogen --> energy-source-burner: chemical__jerry__biomass__nuke_2_1,,,True,item: kerogen --> energy-source-burner: chemical__jerry__biomass__nuke_2_1,False,False,3.4716543737030244e-43,3.4716543737030244e-43
1222,4032,recipe: empty-fish-oil-barrel,recipe,empty-fish-oil-barrel,False,,True,True,3.3461653952520043e-43,3.3461653952520043e-43
1223,4754,recipe: titanium-plate-2,recipe,titanium-plate-2,False,,True,True,3.1691240949379858e-43,3.1691240949379858e-43
1224,4014,recipe: empty-aromatics-barrel,recipe,empty-aromatics-barrel,False,,True,True,3.145433946257266e-43,3.145433946257266e-43
1225,1403,__pr_graph_lp_or_to_or_and__: 1903:fluid: water --> entity-operate-fluid: oil-boiler-mk01,,,True,fluid: water --> entity-operate-fluid: oil-boiler-mk01,False,False,3.0781126462164697e-43,3.0781126462164697e-43
1226,2231,__pr_graph_lp_or_to_or_and__: 8666:item: middle-oil-canister --> energy-source-burner: chemical__biomass__jerry_2_1,,,True,item: middle-oil-canister --> energy-source-burner: chemical__biomass__jerry_2_1,False,False,3.0638844702848045e-43,3.0638844702848045e-43
1227,2215,__pr_graph_lp_or_to_or_and__: 8650:item: light-oil-canister --> energy-source-burner: chemical__biomass__jerry_2_1,,,True,item: light-oil-canister --> energy-source-burner: chemical__biomass__jerry_2_1,False,False,3.0298673870111337e-43,3.0298673870111337e-43
1228,2228,__pr_graph_lp_or_to_or_and__: 8663:item: carbolic-oil-canister --> energy-source-burner: chemical__biomass__jerry_2_1,,,True,item: carbolic-oil-canister --> energy-source-burner: chemical__biomass__jerry_2_1,False,False,2.8682862416065113e-43,2.8682862416065113e-43
1229,2224,__pr_graph_lp_or_to_or_and__: 8659:item: tall-oil-canister --> energy-source-burner: chemical__biomass__jerry_2_1,,,True,item: tall-oil-canister --> energy-source-burner: chemical__biomass__jerry_2_1,False,False,2.8597819707957959e-43,2.8597819707957959e-43
1230,2227,__pr_graph_lp_or_to_or_and__: 8662:item: anthracene-oil-canister --> energy-source-burner: chemical__biomass__jerry_2_1,,,True,item: anthracene-oil-canister --> energy-source-burner: chemical__biomass__jerry_2_1,False,False,2.6854444192004633e-43,2.6854444192004633e-43
1231,4058,recipe: empty-naphthalene-oil-barrel,recipe,empty-naphthalene-oil-barrel,False,,True,True,2.6696762967169565e-43,2.6696762967169565e-43
1232,4073,recipe: empty-slacked-lime-barrel,recipe,empty-slacked-lime-barrel,False,,True,True,2.6652385834677958e-43,2.6652385834677958e-43
1233,2296,__pr_graph_lp_or_to_or_and__: 8731:item: middle-oil-canister --> energy-source-burner: jerry__chemical__biomass_2_1,,,True,item: middle-oil-canister --> energy-source-burner: jerry__chemical__biomass_2_1,False,False,2.6386953590289412e-43,2.6386953590289412e-43
1234,1725,__pr_graph_lp_or_to_or_and__: 2990:item: middle-oil-canister --> fuel-category: jerry__1,,,True,item: middle-oil-canister --> fuel-category: jerry__1,False,False,2.6386403032690984e-43,2.6386403032690984e-43
1235,2394,__pr_graph_lp_or_to_or_and__: 8829:item: middle-oil-canister --> energy-source-burner: jerry_2_1,,,True,item: middle-oil-canister --> energy-source-burner: jerry_2_1,False,False,2.6386059807432035e-43,2.6386059807432035e-43
1236,2376,__pr_graph_lp_or_to_or_and__: 8811:item: middle-oil-canister --> energy-source-burner: jerry__nuke_2_1,,,True,item: middle-oil-canister --> energy-source-burner: jerry__nuke_2_1,False,False,2.6386019982020956e-43,2.6386019982020956e-43
1237,2263,__pr_graph_lp_or_to_or_and__: 8698:item: middle-oil-canister --> energy-source-burner: chemical__biomass__jerry__nuke_2_1,,,True,item: middle-oil-canister --> energy-source-burner: chemical__biomass__jerry__nuke_2_1,False,False,2.6386019084613213e-43,2.6386019084613213e-43
1238,2280,__pr_graph_lp_or_to_or_and__: 8715:item: light-oil-canister --> energy-source-burner: jerry__chemical__biomass_2_1,,,True,item: light-oil-canister --> energy-source-burner: jerry__chemical__biomass_2_1,False,False,2.6046782757552696e-43,2.6046782757552696e-43
1239,1709,__pr_graph_lp_or_to_or_and__: 2974:item: light-oil-canister --> fuel-category: jerry__1,,,True,item: light-oil-canister --> fuel-category: jerry__1,False,False,2.6046232199954275e-43,2.6046232199954275e-43
1240,2378,__pr_graph_lp_or_to_or_and__: 8813:item: light-oil-canister --> energy-source-burner: jerry_2_1,,,True,item: light-oil-canister --> energy-source-burner: jerry_2_1,False,False,2.6045888974695323e-43,2.6045888974695323e-43
1241,2360,__pr_graph_lp_or_to_or_and__: 8795:item: light-oil-canister --> energy-source-burner: jerry__nuke_2_1,,,True,item: light-oil-canister --> energy-source-burner: jerry__nuke_2_1,False,False,2.6045849149284243e-43,2.6045849149284243e-43
1242,2247,__pr_graph_lp_or_to_or_and__: 8682:item: light-oil-canister --> energy-source-burner: chemical__biomass__jerry__nuke_2_1,,,True,item: light-oil-canister --> energy-source-burner: chemical__biomass__jerry__nuke_2_1,False,False,2.6045848251876496e-43,2.6045848251876496e-43
1243,4041,recipe: empty-hot-air-barrel,recipe,empty-hot-air-barrel,False,,True,True,2.5676859398202928e-43,2.5676859398202928e-43
1244,2293,__pr_graph_lp_or_to_or_and__: 8728:item: carbolic-oil-canister --> energy-source-burner: jerry__chemical__biomass_2_1,,,True,item: carbolic-oil-canister --> energy-source-burner: jerry__chemical__biomass_2_1,False,False,2.4430971303506472e-43,2.4430971303506472e-43
1245,1722,__pr_graph_lp_or_to_or_and__: 2987:item: carbolic-oil-canister --> fuel-category: jerry__1,,,True,item: carbolic-oil-canister --> fuel-category: jerry__1,False,False,2.4430420745908052e-43,2.4430420745908052e-43
1246,2391,__pr_graph_lp_or_to_or_and__: 8826:item: carbolic-oil-canister --> energy-source-burner: jerry_2_1,,,True,item: carbolic-oil-canister --> energy-source-burner: jerry_2_1,False,False,2.4430077520649099e-43,2.4430077520649099e-43
1247,2373,__pr_graph_lp_or_to_or_and__: 8808:item: carbolic-oil-canister --> energy-source-burner: jerry__nuke_2_1,,,True,item: carbolic-oil-canister --> energy-source-burner: jerry__nuke_2_1,False,False,2.4430037695238016e-43,2.4430037695238016e-43
1248,2260,__pr_graph_lp_or_to_or_and__: 8695:item: carbolic-oil-canister --> energy-source-burner: chemical__biomass__jerry__nuke_2_1,,,True,item: carbolic-oil-canister --> energy-source-burner: chemical__biomass__jerry__nuke_2_1,False,False,2.4430036797830273e-43,2.4430036797830273e-43
1249,2289,__pr_graph_lp_or_to_or_and__: 8724:item: tall-oil-canister --> energy-source-burner: jerry__chemical__biomass_2_1,,,True,item: tall-oil-canister --> energy-source-burner: jerry__chemical__biomass_2_1,False,False,2.4345928595399318e-43,2.4345928595399318e-43
1250,1718,__pr_graph_lp_or_to_or_and__: 2983:item: tall-oil-canister --> fuel-category: jerry__1,,,True,item: tall-oil-canister --> fuel-category: jerry__1,False,False,2.4345378037800894e-43,2.4345378037800894e-43
1251,2387,__pr_graph_lp_or_to_or_and__: 8822:item: tall-oil-canister --> energy-source-burner: jerry_2_1,,,True,item: tall-oil-canister --> energy-source-burner: jerry_2_1,False,False,2.4345034812541945e-43,2.4345034812541945e-43
1252,2369,__pr_graph_lp_or_to_or_and__: 8804:item: tall-oil-canister --> energy-source-burner: jerry__nuke_2_1,,,True,item: tall-oil-canister --> energy-source-burner: jerry__nuke_2_1,False,False,2.4344994987130862e-43,2.4344994987130862e-43
1253,2256,__pr_graph_lp_or_to_or_and__: 8691:item: tall-oil-canister --> energy-source-burner: chemical__biomass__jerry__nuke_2_1,,,True,item: tall-oil-canister --> energy-source-burner: chemical__biomass__jerry__nuke_2_1,False,False,2.4344994089723119e-43,2.4344994089723119e-43
1254,2292,__pr_graph_lp_or_to_or_and__: 8727:item: anthracene-oil-canister --> energy-source-burner: jerry__chemical__biomass_2_1,,,True,item: anthracene-oil-canister --> energy-source-burner: jerry__chemical__biomass_2_1,False,False,2.2602553079445996e-43,2.2602553079445996e-43
1255,1721,__pr_graph_lp_or_to_or_and__: 2986:item: anthracene-oil-canister --> fuel-category: jerry__1,,,True,item: anthracene-oil-canister --> fuel-category: jerry__1,False,False,2.2602002521847567e-43,2.2602002521847567e-43
1256,2390,__pr_graph_lp_or_to_or_and__: 8825:item: anthracene-oil-canister --> energy-source-burner: jerry_2_1,,,True,item: anthracene-oil-canister --> energy-source-burner: jerry_2_1,False,False,2.2601659296588623e-43,2.2601659296588623e-43
1257,2372,__pr_graph_lp_or_to_or_and__: 8807:item: anthracene-oil-canister --> energy-source-burner: jerry__nuke_2_1,,,True,item: anthracene-oil-canister --> energy-source-burner: jerry__nuke_2_1,False,False,2.2601619471177539e-43,2.2601619471177539e-43
1258,2259,__pr_graph_lp_or_to_or_and__: 8694:item: anthracene-oil-canister --> energy-source-burner: chemical__biomass__jerry__nuke_2_1,,,True,item: anthracene-oil-canister --> energy-source-burner: chemical__biomass__jerry__nuke_2_1,False,False,2.2601618573769796e-43,2.2601618573769796e-43
1259,4016,recipe: empty-black-liquor-barrel,recipe,empty-black-liquor-barrel,False,,True,True,2.1098550657592329e-43,2.1098550657592329e-43
1260,4226,recipe: gravel-to-sand,recipe,gravel-to-sand,False,,True,True,2.0659793080649896e-43,2.0659793080649896e-43
1261,4086,recipe: empty-zogna-bacteria-barrel,recipe,empty-zogna-bacteria-barrel,False,,True,True,2.0592982493884774e-43,2.0592982493884774e-43
1262,4623,recipe: sb-grade-03,recipe,sb-grade-03,False,,True,True,1.9848385533482354e-43,1.9848385533482354e-43
1263,4015,recipe: empty-aromatics-canister,recipe,empty-aromatics-canister,False,,True,True,1.8196504974412644e-43,1.8196504974412644e-43
1264,4059,recipe: empty-naphthalene-oil-canister,recipe,empty-naphthalene-oil-canister,False,,True,True,1.8088897422296346e-43,1.8088897422296346e-43
1265,4028,recipe: empty-creosote-barrel,recipe,empty-creosote-barrel,False,,True,True,1.8046614149427378e-43,1.8046614149427378e-43
1266,4808,recipe: warm-stone-brick-1,recipe,warm-stone-brick-1,False,,True,True,1.7692536819324856e-43,1.7692536819324856e-43
1267,4018,recipe: empty-boric-acid-barrel,recipe,empty-boric-acid-barrel,False,,True,True,1.7100255695905393e-43,1.7100255695905393e-43
1268,3870,recipe: ceramic,recipe,ceramic,False,,True,True,1.6792331836130308e-43,1.6792331836130308e-43
1269,4052,recipe: empty-middle-oil-barrel,recipe,empty-middle-oil-barrel,False,,True,True,1.6668061769200648e-43,1.6668061769200648e-43
1270,4046,recipe: empty-light-oil-barrel,recipe,empty-light-oil-barrel,False,,True,True,1.6008234829646577e-43,1.6008234829646577e-43
1271,4080,recipe: empty-tar-barrel,recipe,empty-tar-barrel,False,,True,True,1.5932402765400991e-43,1.5932402765400991e-43
1272,4081,recipe: empty-tar-canister,recipe,empty-tar-canister,False,,True,True,1.5808471695777413e-43,1.5808471695777413e-43
1273,1401,__pr_graph_lp_or_to_or_and__: 1897:fluid: water --> entity-operate-fluid: heat-exchanger,,,True,fluid: water --> entity-operate-fluid: heat-exchanger,False,False,1.5384416925442458e-43,1.5384416925442458e-43
1274,1432,__pr_graph_lp_or_to_or_and__: 2027:fluid: steam --> entity-operate-fluid: steam-engine,,,True,fluid: steam --> entity-operate-fluid: steam-engine,False,False,1.5087137458550496e-43,1.5087137458550496e-43
1275,4056,recipe: empty-molten-iron-barrel,recipe,empty-molten-iron-barrel,False,,True,True,1.5017089775646353e-43,1.5017089775646353e-43
1276,3834,recipe: bricks-to-stone,recipe,bricks-to-stone,False,,True,True,1.4319159992124557e-43,1.4319159992124557e-43
1277,4071,recipe: empty-scrude-barrel,recipe,empty-scrude-barrel,False,,True,True,1.3131096386089976e-43,1.3131096386089976e-43
1278,4431,recipe: petri-dish-bacteria,recipe,petri-dish-bacteria,False,,True,True,1.2991389415831432e-43,1.2991389415831432e-43
1279,4074,recipe: empty-subcritical-water-barrel,recipe,empty-subcritical-water-barrel,False,,True,True,1.2505631414589746e-43,1.2505631414589746e-43
1280,4303,recipe: lead-plate-1,recipe,lead-plate-1,False,,True,True,1.2402461756108125e-43,1.2402461756108125e-43
1281,3928,recipe: copper-plate,recipe,copper-plate,False,,True,True,1.2388539553390812e-43,1.2388539553390812e-43
1282,4399,recipe: nickel-plate-2,recipe,nickel-plate-2,False,,True,True,1.238853708744764e-43,1.238853708744764e-43
1283,4193,recipe: glass-2,recipe,glass-2,False,,True,True,1.2102352233973999e-43,1.2102352233973999e-43
1284,4012,recipe: empty-anthracene-oil-barrel,recipe,empty-anthracene-oil-barrel,False,,True,True,1.2004019659589789e-43,1.2004019659589789e-43
1285,3953,recipe: crushed-coal,recipe,crushed-coal,False,,True,True,1.1189112570397785e-43,1.1189112570397785e-43
1286,4008,recipe: empty-acetylene-barrel,recipe,empty-acetylene-barrel,False,,True,True,1.0773006242490277e-43,1.0773006242490277e-43
1287,4120,recipe: fill-aromatics-canister,recipe,fill-aromatics-canister,False,,True,True,1.0376392607871875e-43,1.0376392607871875e-43
1288,4127,recipe: fill-light-oil-canister,recipe,fill-light-oil-canister,False,,True,True,1.0336927860663827e-43,1.0336927860663827e-43
1289,1446,__pr_graph_lp_or_to_or_and__: 2065:item: small-lamp --> entity-build-item: small-lamp,,,True,item: small-lamp --> entity-build-item: small-lamp,False,False,1.0171088521290062e-43,1.0171088521290062e-43
1290,3135,entity-mine: ore-tin,entity-mine,ore-tin,False,,True,False,1.005762867505784e-43,1.005762867505784e-43
1291,4121,recipe: fill-carbolic-oil-canister,recipe,fill-carbolic-oil-canister,False,,True,True,9.7380196098136396e-44,9.7380196098136396e-44
1292,4614,recipe: sap-seeds,recipe,sap-seeds,False,,True,True,9.1084951392875776e-44,9.1084951392875776e-44
1293,4022,recipe: empty-chlorine-barrel,recipe,empty-chlorine-barrel,False,,True,True,8.8711279140308771e-44,8.8711279140308771e-44
1294,2276,__pr_graph_lp_or_to_or_and__: 8711:item: biomass --> energy-source-burner: biomass_2_1,,,True,item: biomass --> energy-source-burner: biomass_2_1,False,False,8.2359903835456179e-44,8.2359903835456179e-44
1295,2271,__pr_graph_lp_or_to_or_and__: 8706:item: wood --> energy-source-burner: biomass_2_1,,,True,item: wood --> energy-source-burner: biomass_2_1,False,False,8.2200405029695065e-44,8.2200405029695065e-44
1296,2274,__pr_graph_lp_or_to_or_and__: 8709:item: raw-fiber --> energy-source-burner: biomass_2_1,,,True,item: raw-fiber --> energy-source-burner: biomass_2_1,False,False,8.212752188072292e-44,8.212752188072292e-44
1297,2273,__pr_graph_lp_or_to_or_and__: 8708:item: treated-wood --> energy-source-burner: biomass_2_1,,,True,item: treated-wood --> energy-source-burner: biomass_2_1,False,False,8.2127478626726837e-44,8.2127478626726837e-44
1298,2277,__pr_graph_lp_or_to_or_and__: 8712:item: cellulose --> energy-source-burner: biomass_2_1,,,True,item: cellulose --> energy-source-burner: biomass_2_1,False,False,8.2126542143338823e-44,8.2126542143338823e-44
1299,2275,__pr_graph_lp_or_to_or_and__: 8710:item: carbon-black --> energy-source-burner: biomass_2_1,,,True,item: carbon-black --> energy-source-burner: biomass_2_1,False,False,8.2126459360218071e-44,8.2126459360218071e-44
1300,2272,__pr_graph_lp_or_to_or_and__: 8707:item: log --> energy-source-burner: biomass_2_1,,,True,item: log --> energy-source-burner: biomass_2_1,False,False,8.2126453721761554e-44,8.2126453721761554e-44
1301,4055,recipe: empty-molten-glass-barrel,recipe,empty-molten-glass-barrel,False,,True,True,7.9804115885952197e-44,7.9804115885952197e-44
1302,4744,recipe: ti-rejects-recrush,recipe,ti-rejects-recrush,False,,True,True,6.6044832466784178e-44,6.6044832466784178e-44
1303,1431,__pr_graph_lp_or_to_or_and__: 2024:item: steam-engine --> entity-build-item: steam-engine,,,True,item: steam-engine --> entity-build-item: steam-engine,False,False,6.5894352942059092e-44,6.5894352942059092e-44
1304,4029,recipe: empty-cyanic-acid-barrel,recipe,empty-cyanic-acid-barrel,False,,True,True,6.5536843377183089e-44,6.5536843377183089e-44
1305,4084,recipe: empty-water-barrel,recipe,empty-water-barrel,False,,True,True,6.5115280751550916e-44,6.5115280751550916e-44
1306,3979,recipe: dried-meat-01,recipe,dried-meat-01,False,,True,True,6.4044825471376546e-44,6.4044825471376546e-44
1307,4323,recipe: log1,recipe,log1,False,,True,True,6.2590166910529245e-44,6.2590166910529245e-44
1308,4395,recipe: nexelit-ore-1,recipe,nexelit-ore-1,False,,True,True,6.1921836676486088e-44,6.1921836676486088e-44
1309,4616,recipe: sap-tree,recipe,sap-tree,False,,True,True,5.7129181882036737e-44,5.7129181882036737e-44
1310,4192,recipe: glass-1,recipe,glass-1,False,,True,True,5.636350605815945e-44,5.636350605815945e-44
1311,4072,recipe: empty-scrude-canister,recipe,empty-scrude-canister,False,,True,True,5.2415449308750363e-44,5.2415449308750363e-44
1312,3107,entity-mine: huge-rock,entity-mine,huge-rock,False,,True,False,4.4866826997172464e-44,4.4866826997172464e-44
1313,2212,__pr_graph_lp_or_to_or_and__: 8647:item: biomass --> energy-source-burner: chemical__biomass__jerry_2_1,,,True,item: biomass --> energy-source-burner: chemical__biomass__jerry_2_1,False,False,4.276170636185969e-44,4.276170636185969e-44
1314,2207,__pr_graph_lp_or_to_or_and__: 8642:item: wood --> energy-source-burner: chemical__biomass__jerry_2_1,,,True,item: wood --> energy-source-burner: chemical__biomass__jerry_2_1,False,False,4.2602207556098586e-44,4.2602207556098586e-44
1315,2210,__pr_graph_lp_or_to_or_and__: 8645:item: raw-fiber --> energy-source-burner: chemical__biomass__jerry_2_1,,,True,item: raw-fiber --> energy-source-burner: chemical__biomass__jerry_2_1,False,False,4.2529324407126436e-44,4.2529324407126436e-44
1316,2209,__pr_graph_lp_or_to_or_and__: 8644:item: treated-wood --> energy-source-burner: chemical__biomass__jerry_2_1,,,True,item: treated-wood --> energy-source-burner: chemical__biomass__jerry_2_1,False,False,4.2529281153130348e-44,4.2529281153130348e-44
1317,2200,__pr_graph_lp_or_to_or_and__: 8635:item: coal --> energy-source-burner: chemical__biomass__jerry_2_1,,,True,item: coal --> energy-source-burner: chemical__biomass__jerry_2_1,False,False,4.2528432960520903e-44,4.2528432960520903e-44
1318,2213,__pr_graph_lp_or_to_or_and__: 8648:item: cellulose --> energy-source-burner: chemical__biomass__jerry_2_1,,,True,item: cellulose --> energy-source-burner: chemical__biomass__jerry_2_1,False,False,4.2528344669742334e-44,4.2528344669742334e-44
1319,2201,__pr_graph_lp_or_to_or_and__: 8636:item: coke --> energy-source-burner: chemical__biomass__jerry_2_1,,,True,item: coke --> energy-source-burner: chemical__biomass__jerry_2_1,False,False,4.2528287652551515e-44,4.2528287652551515e-44
1320,2204,__pr_graph_lp_or_to_or_and__: 8639:item: raw-coal --> energy-source-burner: chemical__biomass__jerry_2_1,,,True,item: raw-coal --> energy-source-burner: chemical__biomass__jerry_2_1,False,False,4.2528267409069265e-44,4.2528267409069265e-44
1321,2211,__pr_graph_lp_or_to_or_and__: 8646:item: carbon-black --> energy-source-burner: chemical__biomass__jerry_2_1,,,True,item: carbon-black --> energy-source-burner: chemical__biomass__jerry_2_1,False,False,4.2528261886621581e-44,4.2528261886621581e-44
1322,2208,__pr_graph_lp_or_to_or_and__: 8643:item: log --> energy-source-burner: chemical__biomass__jerry_2_1,,,True,item: log --> energy-source-burner: chemical__biomass__jerry_2_1,False,False,4.2528256248165064e-44,4.2528256248165064e-44
1323,2217,__pr_graph_lp_or_to_or_and__: 8652:item: syngas-canister --> energy-source-burner: chemical__biomass__jerry_2_1,,,True,item: syngas-canister --> energy-source-burner: chemical__biomass__jerry_2_1,False,False,4.2528256195569887e-44,4.2528256195569887e-44
1324,2216,__pr_graph_lp_or_to_or_and__: 8651:item: coal-gas-canister --> energy-source-burner: chemical__biomass__jerry_2_1,,,True,item: coal-gas-canister --> energy-source-burner: chemical__biomass__jerry_2_1,False,False,4.2528256193011924e-44,4.2528256193011924e-44
1325,2230,__pr_graph_lp_or_to_or_and__: 8665:item: pitch-canister --> energy-source-burner: chemical__biomass__jerry_2_1,,,True,item: pitch-canister --> energy-source-burner: chemical__biomass__jerry_2_1,False,False,4.2528256189283183e-44,4.2528256189283183e-44
1326,2229,__pr_graph_lp_or_to_or_and__: 8664:item: naphthalene-oil-canister --> energy-source-burner: chemical__biomass__jerry_2_1,,,True,item: naphthalene-oil-canister --> energy-source-burner: chemical__biomass__jerry_2_1,False,False,4.2528256187955465e-44,4.2528256187955465e-44
1327,2218,__pr_graph_lp_or_to_or_and__: 8653:item: tar-canister --> energy-source-burner: chemical__biomass__jerry_2_1,,,True,item: tar-canister --> energy-source-burner: chemical__biomass__jerry_2_1,False,False,4.252825618773755e-44,4.252825618773755e-44
1328,2219,__pr_graph_lp_or_to_or_and__: 8654:item: aromatics-canister --> energy-source-burner: chemical__biomass__jerry_2_1,,,True,item: aromatics-canister --> energy-source-burner: chemical__biomass__jerry_2_1,False,False,4.2528256187285495e-44,4.2528256187285495e-44
1329,2225,__pr_graph_lp_or_to_or_and__: 8660:item: scrude-canister --> energy-source-burner: chemical__biomass__jerry_2_1,,,True,item: scrude-canister --> energy-source-burner: chemical__biomass__jerry_2_1,False,False,4.2528256184388607e-44,4.2528256184388607e-44
1330,2221,__pr_graph_lp_or_to_or_and__: 8656:item: acetylene-canister --> energy-source-burner: chemical__biomass__jerry_2_1,,,True,item: acetylene-canister --> energy-source-burner: chemical__biomass__jerry_2_1,False,False,4.2528256183819146e-44,4.2528256183819146e-44
1331,2223,__pr_graph_lp_or_to_or_and__: 8658:item: methane-canister --> energy-source-burner: chemical__biomass__jerry_2_1,,,True,item: methane-canister --> energy-source-burner: chemical__biomass__jerry_2_1,False,False,4.2528256182509809e-44,4.2528256182509809e-44
1332,2205,__pr_graph_lp_or_to_or_and__: 8640:item: crushed-coal --> energy-source-burner: chemical__biomass__jerry_2_1,,,True,item: crushed-coal --> energy-source-burner: chemical__biomass__jerry_2_1,False,False,4.2528256182360073e-44,4.2528256182360073e-44
1333,2202,__pr_graph_lp_or_to_or_and__: 8637:item: coal-dust --> energy-source-burner: chemical__biomass__jerry_2_1,,,True,item: coal-dust --> energy-source-burner: chemical__biomass__jerry_2_1,False,False,4.2528256182349394e-44,4.2528256182349394e-44
1334,2220,__pr_graph_lp_or_to_or_and__: 8655:item: gasoline-canister --> energy-source-burner: chemical__biomass__jerry_2_1,,,True,item: gasoline-canister --> energy-source-burner: chemical__biomass__jerry_2_1,False,False,4.2528256182348473e-44,4.2528256182348473e-44
1335,2222,__pr_graph_lp_or_to_or_and__: 8657:item: kerosene-canister --> energy-source-burner: chemical__biomass__jerry_2_1,,,True,item: kerosene-canister --> energy-source-burner: chemical__biomass__jerry_2_1,False,False,4.2528256182348463e-44,4.2528256182348463e-44
1336,2214,__pr_graph_lp_or_to_or_and__: 8649:item: heavy-oil-canister --> energy-source-burner: chemical__biomass__jerry_2_1,,,True,item: heavy-oil-canister --> energy-source-burner: chemical__biomass__jerry_2_1,False,False,4.2528256182348439e-44,4.2528256182348439e-44
1337,2226,__pr_graph_lp_or_to_or_and__: 8661:item: condensates-canister --> energy-source-burner: chemical__biomass__jerry_2_1,,,True,item: condensates-canister --> energy-source-burner: chemical__biomass__jerry_2_1,False,False,4.2528256182347986e-44,4.2528256182347986e-44
1338,2203,__pr_graph_lp_or_to_or_and__: 8638:item: gunpowder --> energy-source-burner: chemical__biomass__jerry_2_1,,,True,item: gunpowder --> energy-source-burner: chemical__biomass__jerry_2_1,False,False,4.2528256182294901e-44,4.2528256182294901e-44
1339,2206,__pr_graph_lp_or_to_or_and__: 8641:item: kerogen --> energy-source-burner: chemical__biomass__jerry_2_1,,,True,item: kerogen --> energy-source-burner: chemical__biomass__jerry_2_1,False,False,4.2528256182290415e-44,4.2528256182290415e-44
1340,4096,recipe: extract-sulfur,recipe,extract-sulfur,False,,True,True,4.1748978591482376e-44,4.1748978591482376e-44
1341,1400,__pr_graph_lp_or_to_or_and__: 1895:fluid: water --> entity-operate-fluid: boiler,,,True,fluid: water --> entity-operate-fluid: boiler,False,False,3.8483860148601258e-44,3.8483860148601258e-44
1342,4764,recipe: tree,recipe,tree,False,,True,True,3.8417660408428067e-44,3.8417660408428067e-44
1343,4068,recipe: empty-polybutadiene-barrel,recipe,empty-polybutadiene-barrel,False,,True,True,3.6858687425802235e-44,3.6858687425802235e-44
1344,4460,recipe: powdered-aluminium,recipe,powdered-aluminium,False,,True,True,3.3946794848761688e-44,3.3946794848761688e-44
1345,1694,__pr_graph_lp_or_to_or_and__: 2949:fluid-craft-temperature: geothermal-water: 3000 --> fluid-create-temperature: geothermal-water: 3000,,,True,fluid-craft-temperature: geothermal-water: 3000 --> fluid-create-temperature: geothermal-water: 3000,False,False,3.1928773590488654e-44,3.1928773590488654e-44
1346,4206,recipe: grade-1-ti,recipe,grade-1-ti,False,,True,True,3.1204841929334257e-44,3.1204841929334257e-44
1347,835,__pr_graph_lp_or_to_or_and__: 10015:entity-operate: py-coal-powerplant-mk01 --> fuel-category-burn: chemical:noncoproduct-route,,,True,entity-operate: py-coal-powerplant-mk01 --> fuel-category-burn: chemical,False,False,2.7099286017772287e-44,2.7099286017772287e-44
1348,3929,recipe: copper-plate-4,recipe,copper-plate-4,False,,True,True,2.4897730320089265e-44,2.4897730320089265e-44
1349,4007,recipe: empty-acetone-barrel,recipe,empty-acetone-barrel,False,,True,True,2.4559427400557401e-44,2.4559427400557401e-44
1350,4009,recipe: empty-acetylene-canister,recipe,empty-acetylene-canister,False,,True,True,2.1831641106032283e-44,2.1831641106032283e-44
1351,4000,recipe: electronic-circuit,recipe,electronic-circuit,False,,True,True,2.009266895316051e-44,2.009266895316051e-44
1352,4011,recipe: empty-ammonia-barrel,recipe,empty-ammonia-barrel,False,,True,True,1.8122053617831765e-44,1.8122053617831765e-44
1353,4057,recipe: empty-muddy-sludge-barrel,recipe,empty-muddy-sludge-barrel,False,,True,True,1.7716896943935245e-44,1.7716896943935245e-44
1354,4322,recipe: log-wood,recipe,log-wood,False,,True,True,1.7255083397420617e-44,1.7255083397420617e-44
1355,4031,recipe: empty-diborane-barrel,recipe,empty-diborane-barrel,False,,True,True,1.7191610098322571e-44,1.7191610098322571e-44
1356,1540,__pr_graph_lp_or_to_or_and__: 2592:fluid-craft-temperature: syngas: 15 --> fluid-create-temperature: syngas: 15,,,True,fluid-craft-temperature: syngas: 15 --> fluid-create-temperature: syngas: 15,False,False,1.7058210195133742e-44,1.7058210195133742e-44
1357,4050,recipe: empty-methane-barrel,recipe,empty-methane-barrel,False,,True,True,1.5925556600570333e-44,1.5925556600570333e-44
1358,3043,entity-mine: big-sand-rock,entity-mine,big-sand-rock,False,,True,False,1.3574533126581353e-44,1.3574533126581353e-44
1359,3042,entity-mine: big-rock,entity-mine,big-rock,False,,True,False,1.2378679241325821e-44,1.2378679241325821e-44
1360,1410,__pr_graph_lp_or_to_or_and__: 1931:item: wooden-chest --> entity-build-item: wooden-chest,,,True,item: wooden-chest --> entity-build-item: wooden-chest,False,False,1.0013999430558784e-44,1.0013999430558784e-44
1361,4273,recipe: intermetallics,recipe,intermetallics,False,,True,True,9.9727701673874649e-45,9.9727701673874649e-45
1362,4371,recipe: moondrop-seeds,recipe,moondrop-seeds,False,,True,True,8.7367723083918293e-45,8.7367723083918293e-45
1363,1528,__pr_graph_lp_or_to_or_and__: 2557:fluid-craft-temperature: acidgas: 15 --> fluid-create-temperature: acidgas: 15,,,True,fluid-craft-temperature: acidgas: 15 --> fluid-create-temperature: acidgas: 15,False,False,8.5124578982611169e-45,8.5124578982611169e-45
1364,4034,recipe: empty-formic-acid-barrel,recipe,empty-formic-acid-barrel,False,,True,True,8.0937881855701112e-45,8.0937881855701112e-45
1365,3955,recipe: crushing-quartz,recipe,crushing-quartz,False,,True,True,7.6692144398165186e-45,7.6692144398165186e-45
1366,2696,__pr_graph_lp_or_to_or_and__: 9809:fluid-temperature: pressured-steam: 1000 --> fluid: pressured-steam:noncoproduct-route,,,True,fluid-temperature: pressured-steam: 1000 --> fluid: pressured-steam,False,False,5.9658586489248235e-45,5.9658586489248235e-45
1367,2697,__pr_graph_lp_or_to_or_and__: 9810:fluid-temperature: pressured-steam: 1000 --> fluid-temperature-range: pressured-steam: nil: nil:noncoproduct-route,,,True,fluid-temperature: pressured-steam: 1000 --> fluid-temperature-range: pressured-steam: nil: nil,False,False,5.6034984516312667e-45,5.6034984516312667e-45
1368,1561,__pr_graph_lp_or_to_or_and__: 2655:fluid-craft-temperature: slacked-lime: 10 --> fluid-create-temperature: slacked-lime: 10,,,True,fluid-craft-temperature: slacked-lime: 10 --> fluid-create-temperature: slacked-lime: 10,False,False,5.290875133312114e-45,5.290875133312114e-45
1369,1651,__pr_graph_lp_or_to_or_and__: 2851:fluid-craft-temperature: hot-air: 15 --> fluid-create-temperature: hot-air: 15,,,True,fluid-craft-temperature: hot-air: 15 --> fluid-create-temperature: hot-air: 15,False,False,5.094259979418183e-45,5.094259979418183e-45
1370,4218,recipe: grade-2-zinc,recipe,grade-2-zinc,False,,True,True,4.3742784901210979e-45,4.3742784901210979e-45
1371,4051,recipe: empty-methane-canister,recipe,empty-methane-canister,False,,True,True,4.302471555287094e-45,4.302471555287094e-45
1372,4201,recipe: grade-1-iron-crush,recipe,grade-1-iron-crush,False,,True,True,4.2765964165972693e-45,4.2765964165972693e-45
1373,4747,recipe: tier-0-chromite-sand,recipe,tier-0-chromite-sand,False,,True,True,4.1894745788139165e-45,4.1894745788139165e-45
1374,1672,__pr_graph_lp_or_to_or_and__: 2904:fluid-craft-temperature: zogna-bacteria: 10 --> fluid-create-temperature: zogna-bacteria: 10,,,True,fluid-craft-temperature: zogna-bacteria: 10 --> fluid-create-temperature: zogna-bacteria: 10,False,False,4.0790683534918139e-45,4.0790683534918139e-45
1375,2699,__pr_graph_lp_or_to_or_and__: 9812:fluid-temperature: pressured-steam: 1000 --> fluid-temperature-range: pressured-steam: 1000: 1000:noncoproduct-route,,,True,fluid-temperature: pressured-steam: 1000 --> fluid-temperature-range: pressured-steam: 1000: 1000,False,False,3.8566446636626985e-45,3.8566446636626985e-45
1376,2698,__pr_graph_lp_or_to_or_and__: 9811:fluid-temperature: pressured-steam: 1000 --> fluid-temperature-range: pressured-steam: 1000: nil:noncoproduct-route,,,True,fluid-temperature: pressured-steam: 1000 --> fluid-temperature-range: pressured-steam: 1000: nil,False,False,3.8565830144683808e-45,3.8565830144683808e-45
1377,4025,recipe: empty-condensates-barrel,recipe,empty-condensates-barrel,False,,True,True,3.6007469440097876e-45,3.6007469440097876e-45
1378,1567,__pr_graph_lp_or_to_or_and__: 2667:fluid-craft-temperature: boric-acid: 10 --> fluid-create-temperature: boric-acid: 10,,,True,fluid-craft-temperature: boric-acid: 10 --> fluid-create-temperature: boric-acid: 10,False,False,3.4030542251969143e-45,3.4030542251969143e-45
1379,1272,__pr_graph_lp_or_to_or_and__: 1509:item: distilator --> entity-build-item: distilator,,,True,item: distilator --> entity-build-item: distilator,False,False,2.9808256232671253e-45,2.9808256232671253e-45
1380,1333,__pr_graph_lp_or_to_or_and__: 1732:item: gas-refinery-mk01 --> entity-build-item: gas-refinery-mk01,,,True,item: gas-refinery-mk01 --> entity-build-item: gas-refinery-mk01,False,False,2.9807113357604251e-45,2.9807113357604251e-45
1381,1615,__pr_graph_lp_or_to_or_and__: 2772:fluid-craft-temperature: molten-iron: 10 --> fluid-create-temperature: molten-iron: 10,,,True,fluid-craft-temperature: molten-iron: 10 --> fluid-create-temperature: molten-iron: 10,False,False,2.9632682852761555e-45,2.9632682852761555e-45
1382,4332,recipe: meat-to-tin,recipe,meat-to-tin,False,,True,True,2.6687749340325284e-45,2.6687749340325284e-45
1383,4033,recipe: empty-flue-gas-barrel,recipe,empty-flue-gas-barrel,False,,True,True,2.6123643122480375e-45,2.6123643122480375e-45
1384,1645,__pr_graph_lp_or_to_or_and__: 2838:fluid-craft-temperature: scrude: 10 --> fluid-create-temperature: scrude: 10,,,True,fluid-craft-temperature: scrude: 10 --> fluid-create-temperature: scrude: 10,False,False,2.5956414445750599e-45,2.5956414445750599e-45
1385,1687,__pr_graph_lp_or_to_or_and__: 2934:fluid-craft-temperature: subcritical-water: 10 --> fluid-create-temperature: subcritical-water: 10,,,True,fluid-craft-temperature: subcritical-water: 10 --> fluid-create-temperature: subcritical-water: 10,False,False,2.4643358519736231e-45,2.4643358519736231e-45
1386,4649,recipe: skin-to-lead,recipe,skin-to-lead,False,,True,True,2.4268741362097873e-45,2.4268741362097873e-45
1387,1442,__pr_graph_lp_or_to_or_and__: 2049:item: burner-inserter --> entity-build-item: burner-inserter,,,True,item: burner-inserter --> entity-build-item: burner-inserter,False,False,2.3812913765319942e-45,2.3812913765319942e-45
1388,4039,recipe: empty-heavy-oil-barrel,recipe,empty-heavy-oil-barrel,False,,True,True,2.3636674476327839e-45,2.3636674476327839e-45
1389,4026,recipe: empty-condensates-canister,recipe,empty-condensates-canister,False,,True,True,2.3165529251918388e-45,2.3165529251918388e-45
1390,2655,__pr_graph_lp_or_to_or_and__: 9754:fluid-temperature: muddy-sludge: 10 --> fluid-temperature-range: muddy-sludge: nil: nil:noncoproduct-route,,,True,fluid-temperature: muddy-sludge: 10 --> fluid-temperature-range: muddy-sludge: nil: nil,False,False,2.258443759822562e-45,2.258443759822562e-45
1391,4070,recipe: empty-pressured-water-barrel,recipe,empty-pressured-water-barrel,False,,True,True,2.1831198756458365e-45,2.1831198756458365e-45
1392,1594,__pr_graph_lp_or_to_or_and__: 2726:fluid-craft-temperature: acetylene: 15 --> fluid-create-temperature: acetylene: 15,,,True,fluid-craft-temperature: acetylene: 15 --> fluid-create-temperature: acetylene: 15,False,False,2.1192706163859554e-45,2.1192706163859554e-45
1393,4726,recipe: tailings-classification,recipe,tailings-classification,False,,True,True,2.0746144581838586e-45,2.0746144581838586e-45
1394,4027,recipe: empty-creamy-latex-barrel,recipe,empty-creamy-latex-barrel,False,,True,True,2.0045277304991239e-45,2.0045277304991239e-45
1395,4036,recipe: empty-gasoline-barrel,recipe,empty-gasoline-barrel,False,,True,True,1.9547791691984123e-45,1.9547791691984123e-45
1396,4048,recipe: empty-liquid-manure-barrel,recipe,empty-liquid-manure-barrel,False,,True,True,1.9534303795113317e-45,1.9534303795113317e-45
1397,4017,recipe: empty-blood-barrel,recipe,empty-blood-barrel,False,,True,True,1.9523453867853057e-45,1.9523453867853057e-45
1398,4083,recipe: empty-waste-water-barrel,recipe,empty-waste-water-barrel,False,,True,True,1.9506759356183715e-45,1.9506759356183715e-45
1399,4019,recipe: empty-carbolic-oil-barrel,recipe,empty-carbolic-oil-barrel,False,,True,True,1.934477028100568e-45,1.934477028100568e-45
1400,4085,recipe: empty-water-saline-barrel,recipe,empty-water-saline-barrel,False,,True,True,1.9328868542688274e-45,1.9328868542688274e-45
1401,4021,recipe: empty-carbon-dioxide-barrel,recipe,empty-carbon-dioxide-barrel,False,,True,True,1.9245968963915426e-45,1.9245968963915426e-45
1402,4078,recipe: empty-tall-oil-barrel,recipe,empty-tall-oil-barrel,False,,True,True,1.8998564902071415e-45,1.8998564902071415e-45
1403,4082,recipe: empty-vacuum-barrel,recipe,empty-vacuum-barrel,False,,True,True,1.8979351728939966e-45,1.8979351728939966e-45
1404,4063,recipe: empty-phytoplankton-barrel,recipe,empty-phytoplankton-barrel,False,,True,True,1.8878713547916557e-45,1.8878713547916557e-45
1405,4038,recipe: empty-geothermal-water-barrel,recipe,empty-geothermal-water-barrel,False,,True,True,1.8836593632451137e-45,1.8836593632451137e-45
1406,4060,recipe: empty-oxygen-barrel,recipe,empty-oxygen-barrel,False,,True,True,1.8793239327391134e-45,1.8793239327391134e-45
1407,4044,recipe: empty-kerosene-barrel,recipe,empty-kerosene-barrel,False,,True,True,1.8381152562448039e-45,1.8381152562448039e-45
1408,4069,recipe: empty-pressured-air-barrel,recipe,empty-pressured-air-barrel,False,,True,True,1.8325668726703473e-45,1.8325668726703473e-45
1409,4042,recipe: empty-hydrogen-barrel,recipe,empty-hydrogen-barrel,False,,True,True,1.7725021206529087e-45,1.7725021206529087e-45
1410,4049,recipe: empty-methanal-barrel,recipe,empty-methanal-barrel,False,,True,True,1.7664256688216104e-45,1.7664256688216104e-45
1411,4030,recipe: empty-depolymerized-organics-barrel,recipe,empty-depolymerized-organics-barrel,False,,True,True,1.7547734068862961e-45,1.7547734068862961e-45
1412,1603,__pr_graph_lp_or_to_or_and__: 2748:fluid-craft-temperature: chlorine: 15 --> fluid-create-temperature: chlorine: 15,,,True,fluid-craft-temperature: chlorine: 15 --> fluid-create-temperature: chlorine: 15,False,False,1.7442510879842978e-45,1.7442510879842978e-45
1413,4077,recipe: empty-tailings-barrel,recipe,empty-tailings-barrel,False,,True,True,1.7060250052167659e-45,1.7060250052167659e-45
1414,4054,recipe: empty-molten-aluminium-barrel,recipe,empty-molten-aluminium-barrel,False,,True,True,1.6434346130976472e-45,1.6434346130976472e-45
1415,2637,__pr_graph_lp_or_to_or_and__: 9730:fluid-temperature: acidgas: 15 --> fluid-temperature-range: acidgas: nil: nil:noncoproduct-route,,,True,fluid-temperature: acidgas: 15 --> fluid-temperature-range: acidgas: nil: nil,False,False,1.630540076956779e-45,1.630540076956779e-45
1416,3877,recipe: chitin-to-geothermal-water,recipe,chitin-to-geothermal-water,False,,True,True,1.1510286428242737e-45,1.1510286428242737e-45
1417,2654,__pr_graph_lp_or_to_or_and__: 9753:fluid-temperature: muddy-sludge: 10 --> fluid: muddy-sludge:noncoproduct-route,,,True,fluid-temperature: muddy-sludge: 10 --> fluid: muddy-sludge,False,False,1.129221879911281e-45,1.129221879911281e-45
1418,2656,__pr_graph_lp_or_to_or_and__: 9755:fluid-temperature: muddy-sludge: 10 --> fluid-temperature-range: muddy-sludge: 10: 10:noncoproduct-route,,,True,fluid-temperature: muddy-sludge: 10 --> fluid-temperature-range: muddy-sludge: 10: 10,False,False,1.129221879911281e-45,1.129221879911281e-45
1419,2636,__pr_graph_lp_or_to_or_and__: 9729:fluid-temperature: acidgas: 15 --> fluid: acidgas:noncoproduct-route,,,True,fluid-temperature: acidgas: 15 --> fluid: acidgas,False,False,8.154621611985972e-46,8.154621611985972e-46
1420,2638,__pr_graph_lp_or_to_or_and__: 9731:fluid-temperature: acidgas: 15 --> fluid-temperature-range: acidgas: 15: 15:noncoproduct-route,,,True,fluid-temperature: acidgas: 15 --> fluid-temperature-range: acidgas: 15: 15,False,False,8.15413105190999e-46,8.15413105190999e-46
1421,2712,__pr_graph_lp_or_to_or_and__: 9830:fluid-temperature: chlorine: 15 --> fluid: chlorine:noncoproduct-route,,,True,fluid-temperature: chlorine: 15 --> fluid: chlorine,False,False,8.1436047502491161e-46,8.1436047502491161e-46
1422,2714,__pr_graph_lp_or_to_or_and__: 9832:fluid-temperature: chlorine: 15 --> fluid-temperature-range: chlorine: 15: 15:noncoproduct-route,,,True,fluid-temperature: chlorine: 15 --> fluid-temperature-range: chlorine: 15: 15,False,False,8.1435671992220288e-46,8.1435671992220288e-46
1423,4040,recipe: empty-heavy-oil-canister,recipe,empty-heavy-oil-canister,False,,True,True,7.7610930028396166e-46,7.7610930028396166e-46
1424,2694,__pr_graph_lp_or_to_or_and__: 9806:fluid-temperature: pressured-air: 15 --> fluid-temperature-range: pressured-air: nil: nil:noncoproduct-route,,,True,fluid-temperature: pressured-air: 15 --> fluid-temperature-range: pressured-air: nil: nil,False,False,7.2280763927126029e-46,7.2280763927126029e-46
1425,2756,__pr_graph_lp_or_to_or_and__: 9887:fluid-temperature: blood: 10 --> fluid-temperature-range: blood: nil: nil:noncoproduct-route,,,True,fluid-temperature: blood: 10 --> fluid-temperature-range: blood: nil: nil,False,False,7.2273288674446101e-46,7.2273288674446101e-46
1426,1648,__pr_graph_lp_or_to_or_and__: 2845:fluid-craft-temperature: polybutadiene: 10 --> fluid-create-temperature: polybutadiene: 10,,,True,fluid-craft-temperature: polybutadiene: 10 --> fluid-create-temperature: polybutadiene: 10,False,False,6.9828612408847158e-46,6.9828612408847158e-46
1427,1411,__pr_graph_lp_or_to_or_and__: 1935:item: iron-chest --> entity-build-item: iron-chest,,,True,item: iron-chest --> entity-build-item: iron-chest,False,False,6.8457259867207689e-46,6.8457259867207689e-46
1428,4037,recipe: empty-gasoline-canister,recipe,empty-gasoline-canister,False,,True,True,6.6971315177397744e-46,6.6971315177397744e-46
1429,1675,__pr_graph_lp_or_to_or_and__: 2910:fluid-craft-temperature: fish-oil: 10 --> fluid-create-temperature: fish-oil: 10,,,True,fluid-craft-temperature: fish-oil: 10 --> fluid-create-temperature: fish-oil: 10,False,False,6.5544696043665957e-46,6.5544696043665957e-46
1430,4045,recipe: empty-kerosene-canister,recipe,empty-kerosene-canister,False,,True,True,6.5333737312887277e-46,6.5333737312887277e-46
1431,1509,__pr_graph_lp_or_to_or_and__: 2515:fluid-create-offshore-temperature: water: 15 --> fluid-create-temperature: water: 15,,,True,fluid-create-offshore-temperature: water: 15 --> fluid-create-temperature: water: 15,False,False,6.3210336652730037e-46,6.3210336652730037e-46
1432,3167,entity-mine: py-tank-1000,entity-mine,py-tank-1000,False,,True,False,6.314700857866068e-46,6.314700857866068e-46
1433,3172,entity-mine: py-tank-5000,entity-mine,py-tank-5000,False,,True,False,6.3136609782661498e-46,6.3136609782661498e-46
1434,3173,entity-mine: py-tank-6500,entity-mine,py-tank-6500,False,,True,False,6.3129116978748605e-46,6.3129116978748605e-46
1435,3169,entity-mine: py-tank-1500,entity-mine,py-tank-1500,False,,True,False,6.3127176951440512e-46,6.3127176951440512e-46
1436,3170,entity-mine: py-tank-3000,entity-mine,py-tank-3000,False,,True,False,6.3126959773695665e-46,6.3126959773695665e-46
1437,3174,entity-mine: py-tank-7000,entity-mine,py-tank-7000,False,,True,False,6.3122691156185631e-46,6.3122691156185631e-46
1438,3168,entity-mine: py-tank-10000,entity-mine,py-tank-10000,False,,True,False,6.3120235204208866e-46,6.3120235204208866e-46
1439,3171,entity-mine: py-tank-4000,entity-mine,py-tank-4000,False,,True,False,6.3120015137678259e-46,6.3120015137678259e-46
1440,3175,entity-mine: py-tank-8000,entity-mine,py-tank-8000,False,,True,False,6.3114265706294419e-46,6.3114265706294419e-46
1441,3176,entity-mine: py-tank-9000,entity-mine,py-tank-9000,False,,True,False,6.3102770233207827e-46,6.3102770233207827e-46
1442,3213,entity-mine: stone,entity-mine,stone,False,,True,False,5.9702323445779067e-46,5.9702323445779067e-46
1443,3186,entity-mine: raw-coal,entity-mine,raw-coal,False,,True,False,5.9700533534298005e-46,5.9700533534298005e-46
1444,2789,__pr_graph_lp_or_to_or_and__: 9931:fluid-temperature: fish-oil: 10 --> fluid-temperature-range: fish-oil: nil: nil:noncoproduct-route,,,True,fluid-temperature: fish-oil: 10 --> fluid-temperature-range: fish-oil: nil: nil,False,False,5.8201457426648445e-46,5.8201457426648445e-46
1445,2417,__pr_graph_lp_or_to_or_and__: 9030:item: meat --> logic-or: workers-food-or-meat,,,True,item: meat --> logic-or: workers-food-or-meat,False,False,5.7722290887096641e-46,5.7722290887096641e-46
1446,1844,__pr_graph_lp_or_to_or_and__: 3841:item-craft: empty-fuel-canister --> item: empty-fuel-canister,,,True,item-craft: empty-fuel-canister --> item: empty-fuel-canister,False,False,5.7344761843214871e-46,5.7344761843214871e-46
1447,876,__pr_graph_lp_or_to_or_and__: 10083:item-burn: condensates-canister --> item: empty-fuel-canister:noncoproduct-route,,,True,item-burn: condensates-canister --> item: empty-fuel-canister,False,False,5.7332895444719569e-46,5.7332895444719569e-46
1448,871,__pr_graph_lp_or_to_or_and__: 10073:item-burn: acetylene-canister --> item: empty-fuel-canister:noncoproduct-route,,,True,item-burn: acetylene-canister --> item: empty-fuel-canister,False,False,5.7330030481998622e-46,5.7330030481998622e-46
1449,868,__pr_graph_lp_or_to_or_and__: 10067:item-burn: tar-canister --> item: empty-fuel-canister:noncoproduct-route,,,True,item-burn: tar-canister --> item: empty-fuel-canister,False,False,5.7321121878458611e-46,5.7321121878458611e-46
1450,864,__pr_graph_lp_or_to_or_and__: 10059:item-burn: heavy-oil-canister --> item: empty-fuel-canister:noncoproduct-route,,,True,item-burn: heavy-oil-canister --> item: empty-fuel-canister,False,False,5.7316580277167293e-46,5.7316580277167293e-46
1451,880,__pr_graph_lp_or_to_or_and__: 10091:item-burn: pitch-canister --> item: empty-fuel-canister:noncoproduct-route,,,True,item-burn: pitch-canister --> item: empty-fuel-canister,False,False,5.7311247617998796e-46,5.7311247617998796e-46
1452,879,__pr_graph_lp_or_to_or_and__: 10089:item-burn: naphthalene-oil-canister --> item: empty-fuel-canister:noncoproduct-route,,,True,item-burn: naphthalene-oil-canister --> item: empty-fuel-canister,False,False,5.7303838842068816e-46,5.7303838842068816e-46
1453,869,__pr_graph_lp_or_to_or_and__: 10069:item-burn: aromatics-canister --> item: empty-fuel-canister:noncoproduct-route,,,True,item-burn: aromatics-canister --> item: empty-fuel-canister,False,False,5.73029479433633e-46,5.73029479433633e-46
1454,867,__pr_graph_lp_or_to_or_and__: 10065:item-burn: syngas-canister --> item: empty-fuel-canister:noncoproduct-route,,,True,item-burn: syngas-canister --> item: empty-fuel-canister,False,False,5.7295862814387924e-46,5.7295862814387924e-46
1455,866,__pr_graph_lp_or_to_or_and__: 10063:item-burn: coal-gas-canister --> item: empty-fuel-canister:noncoproduct-route,,,True,item-burn: coal-gas-canister --> item: empty-fuel-canister,False,False,5.7292160568006644e-46,5.7292160568006644e-46
1456,872,__pr_graph_lp_or_to_or_and__: 10075:item-burn: kerosene-canister --> item: empty-fuel-canister:noncoproduct-route,,,True,item-burn: kerosene-canister --> item: empty-fuel-canister,False,False,5.7289862204947396e-46,5.7289862204947396e-46
1457,870,__pr_graph_lp_or_to_or_and__: 10071:item-burn: gasoline-canister --> item: empty-fuel-canister:noncoproduct-route,,,True,item-burn: gasoline-canister --> item: empty-fuel-canister,False,False,5.7286585159075177e-46,5.7286585159075177e-46
1458,875,__pr_graph_lp_or_to_or_and__: 10081:item-burn: scrude-canister --> item: empty-fuel-canister:noncoproduct-route,,,True,item-burn: scrude-canister --> item: empty-fuel-canister,False,False,5.7284088191481134e-46,5.7284088191481134e-46
1459,873,__pr_graph_lp_or_to_or_and__: 10077:item-burn: methane-canister --> item: empty-fuel-canister:noncoproduct-route,,,True,item-burn: methane-canister --> item: empty-fuel-canister,False,False,5.7270213743171682e-46,5.7270213743171682e-46
1460,1748,__pr_graph_lp_or_to_or_and__: 3040:item-craft: stone --> item: stone,,,True,item-craft: stone --> item: stone,False,False,5.6244935847642726e-46,5.6244935847642726e-46
1461,4619,recipe: sb-grade-01,recipe,sb-grade-01,False,,True,True,5.6190135001413938e-46,5.6190135001413938e-46
1462,2415,__pr_graph_lp_or_to_or_and__: 9028:item: dried-meat --> logic-or: workers-food-or-meat,,,True,item: dried-meat --> logic-or: workers-food-or-meat,False,False,5.6142394521435998e-46,5.6142394521435998e-46
1463,2673,__pr_graph_lp_or_to_or_and__: 9778:fluid-temperature: diborane: 15 --> fluid-temperature-range: diborane: nil: nil:noncoproduct-route,,,True,fluid-temperature: diborane: 15 --> fluid-temperature-range: diborane: nil: nil,False,False,5.1242275387618094e-46,5.1242275387618094e-46
1464,2738,__pr_graph_lp_or_to_or_and__: 9863:fluid-temperature: methanal: 10 --> fluid-temperature-range: methanal: nil: nil:noncoproduct-route,,,True,fluid-temperature: methanal: 10 --> fluid-temperature-range: methanal: nil: nil,False,False,5.1158313435838511e-46,5.1158313435838511e-46
1465,2665,__pr_graph_lp_or_to_or_and__: 9767:fluid-temperature: water-saline: 25 --> fluid-temperature-range: water-saline: 25: 25:noncoproduct-route,,,True,fluid-temperature: water-saline: 25 --> fluid-temperature-range: water-saline: 25: 25,False,False,5.0582946467593461e-46,5.0582946467593461e-46
1466,2663,__pr_graph_lp_or_to_or_and__: 9765:fluid-temperature: water-saline: 25 --> fluid: water-saline:noncoproduct-route,,,True,fluid-temperature: water-saline: 25 --> fluid: water-saline,False,False,5.0581885755390499e-46,5.0581885755390499e-46
1467,2650,__pr_graph_lp_or_to_or_and__: 9747:fluid-temperature: syngas: 15 --> fluid-temperature-range: syngas: 15: 15:noncoproduct-route,,,True,fluid-temperature: syngas: 15 --> fluid-temperature-range: syngas: 15: 15,False,False,4.8534262925502037e-46,4.8534262925502037e-46
1468,2648,__pr_graph_lp_or_to_or_and__: 9745:fluid-temperature: syngas: 15 --> fluid: syngas:noncoproduct-route,,,True,fluid-temperature: syngas: 15 --> fluid: syngas,False,False,4.8530922237426333e-46,4.8530922237426333e-46
1469,1639,__pr_graph_lp_or_to_or_and__: 2824:fluid-craft-temperature: acetone: 15 --> fluid-create-temperature: acetone: 15,,,True,fluid-craft-temperature: acetone: 15 --> fluid-create-temperature: acetone: 15,False,False,4.5469716755824967e-46,4.5469716755824967e-46
1470,2774,__pr_graph_lp_or_to_or_and__: 9911:fluid-temperature: carbolic-oil: 10 --> fluid-temperature-range: carbolic-oil: nil: nil:noncoproduct-route,,,True,fluid-temperature: carbolic-oil: 10 --> fluid-temperature-range: carbolic-oil: nil: nil,False,False,4.4350612539622209e-46,4.4350612539622209e-46
1471,2416,__pr_graph_lp_or_to_or_and__: 9029:item: guts --> logic-or: workers-food-or-meat,,,True,item: guts --> logic-or: workers-food-or-meat,False,False,4.3691463002124842e-46,4.3691463002124842e-46
1472,2661,__pr_graph_lp_or_to_or_and__: 9762:fluid-temperature: flue-gas: 15 --> fluid-temperature-range: flue-gas: nil: nil:noncoproduct-route,,,True,fluid-temperature: flue-gas: 15 --> fluid-temperature-range: flue-gas: nil: nil,False,False,4.3475226817556346e-46,4.3475226817556346e-46
1473,3164,entity-mine: py-shed-basic,entity-mine,py-shed-basic,False,,True,False,4.209044129844127e-46,4.209044129844127e-46
1474,3166,entity-mine: py-storehouse-basic,entity-mine,py-storehouse-basic,False,,True,False,4.208934571685568e-46,4.208934571685568e-46
1475,3155,entity-mine: py-deposit-basic,entity-mine,py-deposit-basic,False,,True,False,4.2082618077227966e-46,4.2082618077227966e-46
1476,3178,entity-mine: py-warehouse-basic,entity-mine,py-warehouse-basic,False,,True,False,4.2079891507089728e-46,4.2079891507089728e-46
1477,2757,__pr_graph_lp_or_to_or_and__: 9888:fluid-temperature: blood: 10 --> fluid-temperature-range: blood: 10: 10:noncoproduct-route,,,True,fluid-temperature: blood: 10 --> fluid-temperature-range: blood: 10: 10,False,False,3.6137867357998118e-46,3.6137867357998118e-46
1478,2755,__pr_graph_lp_or_to_or_and__: 9886:fluid-temperature: blood: 10 --> fluid: blood:noncoproduct-route,,,True,fluid-temperature: blood: 10 --> fluid: blood,False,False,3.6136142394317072e-46,3.6136142394317072e-46
1479,2693,__pr_graph_lp_or_to_or_and__: 9805:fluid-temperature: pressured-air: 15 --> fluid: pressured-air:noncoproduct-route,,,True,fluid-temperature: pressured-air: 15 --> fluid: pressured-air,False,False,3.6061104636108609e-46,3.6061104636108609e-46
1480,2695,__pr_graph_lp_or_to_or_and__: 9807:fluid-temperature: pressured-air: 15 --> fluid-temperature-range: pressured-air: 15: 15:noncoproduct-route,,,True,fluid-temperature: pressured-air: 15 --> fluid-temperature-range: pressured-air: 15: 15,False,False,3.6061104636108609e-46,3.6061104636108609e-46
1481,1546,__pr_graph_lp_or_to_or_and__: 2611:fluid-craft-temperature: muddy-sludge: 10 --> fluid-create-temperature: muddy-sludge: 10,,,True,fluid-craft-temperature: muddy-sludge: 10 --> fluid-create-temperature: muddy-sludge: 10,False,False,3.179588492216807e-46,3.179588492216807e-46
1482,2820,__pr_graph_lp_or_to_or_and__: 9971:fluid-temperature: hot-molten-salt: 1000 --> fluid-temperature-range: hot-molten-salt: nil: nil:noncoproduct-route,,,True,fluid-temperature: hot-molten-salt: 1000 --> fluid-temperature-range: hot-molten-salt: nil: nil,False,False,2.9697159122471751e-46,2.9697159122471751e-46
1483,2788,__pr_graph_lp_or_to_or_and__: 9930:fluid-temperature: fish-oil: 10 --> fluid: fish-oil:noncoproduct-route,,,True,fluid-temperature: fish-oil: 10 --> fluid: fish-oil,False,False,2.910727368179847e-46,2.910727368179847e-46
1484,2790,__pr_graph_lp_or_to_or_and__: 9932:fluid-temperature: fish-oil: 10 --> fluid-temperature-range: fish-oil: 10: 10:noncoproduct-route,,,True,fluid-temperature: fish-oil: 10 --> fluid-temperature-range: fish-oil: 10: 10,False,False,2.910419868766795e-46,2.910419868766795e-46
1485,2772,__pr_graph_lp_or_to_or_and__: 9908:fluid-temperature: anthracene-oil: 10 --> fluid-temperature-range: anthracene-oil: 10: 10:noncoproduct-route,,,True,fluid-temperature: anthracene-oil: 10 --> fluid-temperature-range: anthracene-oil: 10: 10,False,False,2.6457210300805363e-46,2.6457210300805363e-46
1486,2770,__pr_graph_lp_or_to_or_and__: 9906:fluid-temperature: anthracene-oil: 10 --> fluid: anthracene-oil:noncoproduct-route,,,True,fluid-temperature: anthracene-oil: 10 --> fluid: anthracene-oil,False,False,2.6320430692552304e-46,2.6320430692552304e-46
1487,2672,__pr_graph_lp_or_to_or_and__: 9777:fluid-temperature: diborane: 15 --> fluid: diborane:noncoproduct-route,,,True,fluid-temperature: diborane: 15 --> fluid: diborane,False,False,2.5621137693809047e-46,2.5621137693809047e-46
1488,2674,__pr_graph_lp_or_to_or_and__: 9779:fluid-temperature: diborane: 15 --> fluid-temperature-range: diborane: 15: 15:noncoproduct-route,,,True,fluid-temperature: diborane: 15 --> fluid-temperature-range: diborane: 15: 15,False,False,2.5621137693809047e-46,2.5621137693809047e-46
1489,2737,__pr_graph_lp_or_to_or_and__: 9862:fluid-temperature: methanal: 10 --> fluid: methanal:noncoproduct-route,,,True,fluid-temperature: methanal: 10 --> fluid: methanal,False,False,2.5486591634342155e-46,2.5486591634342155e-46
1490,2739,__pr_graph_lp_or_to_or_and__: 9864:fluid-temperature: methanal: 10 --> fluid-temperature-range: methanal: 10: 10:noncoproduct-route,,,True,fluid-temperature: methanal: 10 --> fluid-temperature-range: methanal: 10: 10,False,False,2.5485891338762628e-46,2.5485891338762628e-46
1491,2658,__pr_graph_lp_or_to_or_and__: 9758:fluid-temperature: tailings: 10 --> fluid-temperature-range: tailings: nil: nil:noncoproduct-route,,,True,fluid-temperature: tailings: 10 --> fluid-temperature-range: tailings: nil: nil,False,False,2.435799582010675e-46,2.435799582010675e-46
1492,2309,__pr_graph_lp_or_to_or_and__: 8744:item: biomass --> energy-source-burner: jerry__chemical__biomass_2_1,,,True,item: biomass --> energy-source-burner: jerry__chemical__biomass_2_1,False,False,2.4279523627331072e-46,2.4279523627331072e-46
1493,1731,__pr_graph_lp_or_to_or_and__: 2996:item: biomass --> fuel-category: biomass__0,,,True,item: biomass --> fuel-category: biomass__0,False,False,2.3345017951130774e-46,2.3345017951130774e-46
1494,2244,__pr_graph_lp_or_to_or_and__: 8679:item: biomass --> energy-source-burner: chemical__biomass__jerry__nuke_2_1,,,True,item: biomass --> energy-source-burner: chemical__biomass__jerry__nuke_2_1,False,False,2.3345017951130774e-46,2.3345017951130774e-46
1495,2357,__pr_graph_lp_or_to_or_and__: 8792:item: biomass --> energy-source-burner: chemical__biomass__nuke_2_1,,,True,item: biomass --> energy-source-burner: chemical__biomass__nuke_2_1,False,False,2.3345017951130774e-46,2.3345017951130774e-46
1496,2775,__pr_graph_lp_or_to_or_and__: 9912:fluid-temperature: carbolic-oil: 10 --> fluid-temperature-range: carbolic-oil: 10: 10:noncoproduct-route,,,True,fluid-temperature: carbolic-oil: 10 --> fluid-temperature-range: carbolic-oil: 10: 10,False,False,2.2163004033436792e-46,2.2163004033436792e-46
1497,2773,__pr_graph_lp_or_to_or_and__: 9910:fluid-temperature: carbolic-oil: 10 --> fluid: carbolic-oil:noncoproduct-route,,,True,fluid-temperature: carbolic-oil: 10 --> fluid: carbolic-oil,False,False,2.2084510583327455e-46,2.2084510583327455e-46
1498,1387,__pr_graph_lp_or_to_or_and__: 1859:item: seaweed --> entity-operate-py-module: seaweed-crop-mk01,,,True,item: seaweed --> entity-operate-py-module: seaweed-crop-mk01,False,False,2.1830864080108282e-46,2.1830864080108282e-46
1499,1388,__pr_graph_lp_or_to_or_and__: 1861:item: seaweed --> entity-operate-py-module: seaweed-crop-mk02,,,True,item: seaweed --> entity-operate-py-module: seaweed-crop-mk02,False,False,2.1822242723301437e-46,2.1822242723301437e-46
1500,1389,__pr_graph_lp_or_to_or_and__: 1862:item: seaweed --> entity-operate-py-module: seaweed-crop-mk03,,,True,item: seaweed --> entity-operate-py-module: seaweed-crop-mk03,False,False,2.1821459232232302e-46,2.1821459232232302e-46
1501,1390,__pr_graph_lp_or_to_or_and__: 1863:item: seaweed --> entity-operate-py-module: seaweed-crop-mk04,,,True,item: seaweed --> entity-operate-py-module: seaweed-crop-mk04,False,False,2.1821021298168138e-46,2.1821021298168138e-46
1502,2660,__pr_graph_lp_or_to_or_and__: 9761:fluid-temperature: flue-gas: 15 --> fluid: flue-gas:noncoproduct-route,,,True,fluid-temperature: flue-gas: 15 --> fluid: flue-gas,False,False,2.1703093690009217e-46,2.1703093690009217e-46
1503,2662,__pr_graph_lp_or_to_or_and__: 9763:fluid-temperature: flue-gas: 15 --> fluid-temperature-range: flue-gas: 15: 15:noncoproduct-route,,,True,fluid-temperature: flue-gas: 15 --> fluid-temperature-range: flue-gas: 15: 15,False,False,2.1700225550523793e-46,2.1700225550523793e-46
1504,3032,entity-mine: antimony-drill-mk01,entity-mine,antimony-drill-mk01,False,,True,False,2.1184405729104918e-46,2.1184405729104918e-46
1505,2423,__pr_graph_lp_or_to_or_and__: 9241:entity-operate: character --> resource-category: basic-solid__0__0:noncoproduct-route,,,True,entity-operate: character --> resource-category: basic-solid__0__0,False,False,2.1086842647697355e-46,2.1086842647697355e-46
1506,3049,entity-mine: borax-mine,entity-mine,borax-mine,False,,True,False,2.1058946035556727e-46,2.1058946035556727e-46
1507,3185,entity-mine: ralesia-plantation-mk01,entity-mine,ralesia-plantation-mk01,False,,True,False,2.1057120981729779e-46,2.1057120981729779e-46
1508,3029,entity-mine: advanced-foundry-mk01,entity-mine,advanced-foundry-mk01,False,,True,False,2.1054655520272791e-46,2.1054655520272791e-46
1509,3091,entity-mine: fluid-drill-mk02,entity-mine,fluid-drill-mk02,False,,True,False,2.1049003693042793e-46,2.1049003693042793e-46
1510,3220,entity-mine: tar-processing-unit,entity-mine,tar-processing-unit,False,,True,False,2.1047564186717082e-46,2.1047564186717082e-46
1511,3058,entity-mine: chemical-plant-mk01,entity-mine,chemical-plant-mk01,False,,True,False,2.1046715092539148e-46,2.1046715092539148e-46
1512,3081,entity-mine: electrolyzer-mk01,entity-mine,electrolyzer-mk01,False,,True,False,2.1044542230425138e-46,2.1044542230425138e-46
1513,3090,entity-mine: fluid-drill-mk01,entity-mine,fluid-drill-mk01,False,,True,False,2.1044335371312834e-46,2.1044335371312834e-46
1514,3152,entity-mine: py-check-valve,entity-mine,py-check-valve,False,,True,False,2.1044123463406791e-46,2.1044123463406791e-46
1515,3040,entity-mine: ball-mill-mk01,entity-mine,ball-mill-mk01,False,,True,False,2.1042595405891437e-46,2.1042595405891437e-46
1516,3083,entity-mine: evaporator,entity-mine,evaporator,False,,True,False,2.1042595405891437e-46,2.1042595405891437e-46
1517,3084,entity-mine: fawogae-plantation-mk01,entity-mine,fawogae-plantation-mk01,False,,True,False,2.1042595405891437e-46,2.1042595405891437e-46
1518,3089,entity-mine: flotation-cell-mk01,entity-mine,flotation-cell-mk01,False,,True,False,2.1042511913366754e-46,2.1042511913366754e-46
1519,3079,entity-mine: eaf-mk01,entity-mine,eaf-mk01,False,,True,False,2.1042360040142536e-46,2.1042360040142536e-46
1520,3165,entity-mine: py-sinkhole,entity-mine,py-sinkhole,False,,True,False,2.1041835240898144e-46,2.1041835240898144e-46
1521,3244,entity-mine: washer,entity-mine,washer,False,,True,False,2.1041336061278597e-46,2.1041336061278597e-46
1522,3096,entity-mine: gasifier,entity-mine,gasifier,False,,True,False,2.1039911174236526e-46,2.1039911174236526e-46
1523,3085,entity-mine: fbreactor-mk01,entity-mine,fbreactor-mk01,False,,True,False,2.1038027284255292e-46,2.1038027284255292e-46
1524,3038,entity-mine: automated-factory-mk01,entity-mine,automated-factory-mk01,False,,True,False,2.103709634414046e-46,2.103709634414046e-46
1525,3060,entity-mine: classifier,entity-mine,classifier,False,,True,False,2.1037015875015021e-46,2.1037015875015021e-46
1526,3177,entity-mine: py-underflow-valve,entity-mine,py-underflow-valve,False,,True,False,2.1036605953424824e-46,2.1036605953424824e-46
1527,3151,entity-mine: py-burner,entity-mine,py-burner,False,,True,False,2.1035507667515662e-46,2.1035507667515662e-46
1528,3157,entity-mine: py-gas-vent,entity-mine,py-gas-vent,False,,True,False,2.1035095441691988e-46,2.1035095441691988e-46
1529,3148,entity-mine: pulp-mill-mk01,entity-mine,pulp-mill-mk01,False,,True,False,2.1035058003765316e-46,2.1035058003765316e-46
1530,3188,entity-mine: rectisol,entity-mine,rectisol,False,,True,False,2.1034181956867592e-46,2.1034181956867592e-46
1531,3076,entity-mine: distilator,entity-mine,distilator,False,,True,False,2.1033875287825607e-46,2.1033875287825607e-46
1532,3206,entity-mine: solid-separator,entity-mine,solid-separator,False,,True,False,2.1033860567731149e-46,2.1033860567731149e-46
1533,3161,entity-mine: py-overflow-valve,entity-mine,py-overflow-valve,False,,True,False,2.1033314977114237e-46,2.1033314977114237e-46
1534,3109,entity-mine: impact-crusher-mk01,entity-mine,impact-crusher-mk01,False,,True,False,2.1032941517074894e-46,2.1032941517074894e-46
1535,3193,entity-mine: salt-mine,entity-mine,salt-mine,False,,True,False,2.1032768418912721e-46,2.1032768418912721e-46
1536,3050,entity-mine: botanical-nursery,entity-mine,botanical-nursery,False,,True,False,2.1032270118862056e-46,2.1032270118862056e-46
1537,3196,entity-mine: scrubber-mk01,entity-mine,scrubber-mk01,False,,True,False,2.1030430631163205e-46,2.1030430631163205e-46
1538,3108,entity-mine: hydroclassifier-mk01,entity-mine,hydroclassifier-mk01,False,,True,False,2.1028668971693813e-46,2.1028668971693813e-46
1539,3247,entity-mine: wpu-mk01,entity-mine,wpu-mk01,False,,True,False,2.1027682771215893e-46,2.1027682771215893e-46
1540,3065,entity-mine: cooling-tower-mk01,entity-mine,cooling-tower-mk01,False,,True,False,2.1025603839184223e-46,2.1025603839184223e-46
1541,3114,entity-mine: jaw-crusher,entity-mine,jaw-crusher,False,,True,False,2.1021496445813898e-46,2.1021496445813898e-46
1542,3056,entity-mine: casting-unit-mk01,entity-mine,casting-unit-mk01,False,,True,False,2.1013934675861305e-46,2.1013934675861305e-46
1543,2740,__pr_graph_lp_or_to_or_and__: 9866:fluid-temperature: ammonia: 15 --> fluid: ammonia:noncoproduct-route,,,True,fluid-temperature: ammonia: 15 --> fluid: ammonia,False,False,1.9389513588084205e-46,1.9389513588084205e-46
1544,2742,__pr_graph_lp_or_to_or_and__: 9868:fluid-temperature: ammonia: 15 --> fluid-temperature-range: ammonia: 15: 15:noncoproduct-route,,,True,fluid-temperature: ammonia: 15 --> fluid-temperature-range: ammonia: 15: 15,False,False,1.9383993747918804e-46,1.9383993747918804e-46
1545,2724,__pr_graph_lp_or_to_or_and__: 9845:fluid-temperature: coke-oven-gas: 250 --> fluid-temperature-range: coke-oven-gas: nil: nil:noncoproduct-route,,,True,fluid-temperature: coke-oven-gas: 250 --> fluid-temperature-range: coke-oven-gas: nil: nil,False,False,1.8453977075108348e-46,1.8453977075108348e-46
1546,4202,recipe: grade-1-lead,recipe,grade-1-lead,False,,True,True,1.8085590724641354e-46,1.8085590724641354e-46
1547,2719,__pr_graph_lp_or_to_or_and__: 9839:fluid-temperature: coke-oven-gas: 100 --> fluid-temperature-range: coke-oven-gas: nil: nil:noncoproduct-route,,,True,fluid-temperature: coke-oven-gas: 100 --> fluid-temperature-range: coke-oven-gas: nil: nil,False,False,1.7585381469880604e-46,1.7585381469880604e-46
1548,4621,recipe: sb-grade-02,recipe,sb-grade-02,False,,True,True,1.6730457714048759e-46,1.6730457714048759e-46
1549,1336,__pr_graph_lp_or_to_or_and__: 1743:item: moss --> entity-operate-py-module: moss-farm-mk01,,,True,item: moss --> entity-operate-py-module: moss-farm-mk01,False,False,1.6304082793029786e-46,1.6304082793029786e-46
1550,1337,__pr_graph_lp_or_to_or_and__: 1745:item: moss --> entity-operate-py-module: moss-farm-mk02,,,True,item: moss --> entity-operate-py-module: moss-farm-mk02,False,False,1.6297514890695804e-46,1.6297514890695804e-46
1551,1338,__pr_graph_lp_or_to_or_and__: 1746:item: moss --> entity-operate-py-module: moss-farm-mk03,,,True,item: moss --> entity-operate-py-module: moss-farm-mk03,False,False,1.6297037772320588e-46,1.6297037772320588e-46
1552,1339,__pr_graph_lp_or_to_or_and__: 1747:item: moss --> entity-operate-py-module: moss-farm-mk04,,,True,item: moss --> entity-operate-py-module: moss-farm-mk04,False,False,1.6297037772320588e-46,1.6297037772320588e-46
1553,2847,cost-unit: ,cost-unit,,False,,False,False,1.6250358488988375e-46,1.6250358488988375e-46
1554,3129,entity-mine: ore-aluminium,entity-mine,ore-aluminium,False,,True,False,1.5935929998727552e-46,1.5935929998727552e-46
1555,4199,recipe: grade-1-copper-crush,recipe,grade-1-copper-crush,False,,True,True,1.5726718594571809e-46,1.5726718594571809e-46
1556,2688,__pr_graph_lp_or_to_or_and__: 9798:fluid-temperature: pressured-water: 10 --> fluid-temperature-range: pressured-water: nil: nil:noncoproduct-route,,,True,fluid-temperature: pressured-water: 10 --> fluid-temperature-range: pressured-water: nil: nil,False,False,1.5267421580602405e-46,1.5267421580602405e-46
1557,2819,__pr_graph_lp_or_to_or_and__: 9970:fluid-temperature: hot-molten-salt: 1000 --> fluid-temperature-range: hot-molten-salt: 950: nil:noncoproduct-route,,,True,fluid-temperature: hot-molten-salt: 1000 --> fluid-temperature-range: hot-molten-salt: 950: nil,False,False,1.4994867261494318e-46,1.4994867261494318e-46
1558,2821,__pr_graph_lp_or_to_or_and__: 9972:fluid-temperature: hot-molten-salt: 1000 --> fluid-temperature-range: hot-molten-salt: 1000: 1000:noncoproduct-route,,,True,fluid-temperature: hot-molten-salt: 1000 --> fluid-temperature-range: hot-molten-salt: 1000: 1000,False,False,1.4929811185243848e-46,1.4929811185243848e-46
1559,2818,__pr_graph_lp_or_to_or_and__: 9969:fluid-temperature: hot-molten-salt: 1000 --> fluid: hot-molten-salt:noncoproduct-route,,,True,fluid-temperature: hot-molten-salt: 1000 --> fluid: hot-molten-salt,False,False,1.4921118549974869e-46,1.4921118549974869e-46
1560,2603,__pr_graph_lp_or_to_or_and__: 9685:fluid-temperature: water: 15 --> fluid-temperature-range: water: nil: 101:noncoproduct-route,,,True,fluid-temperature: water: 15 --> fluid-temperature-range: water: nil: 101,False,False,1.4546663547803861e-46,1.4546663547803861e-46
1561,2604,__pr_graph_lp_or_to_or_and__: 9686:fluid-temperature: water: 15 --> fluid-temperature-range: water: 15: 15:noncoproduct-route,,,True,fluid-temperature: water: 15 --> fluid-temperature-range: water: 15: 15,False,False,1.4542476152702101e-46,1.4542476152702101e-46
1562,4214,recipe: grade-2-crush-tin,recipe,grade-2-crush-tin,False,,True,True,1.4174215079842639e-46,1.4174215079842639e-46
1563,416,__pr_graph_lp_or_cost_row__: item: clay,,,True,node-cost:item: clay,False,False,1.28722801531638e-46,1.28722801531638e-46
1564,2801,__pr_graph_lp_or_to_or_and__: 9947:fluid-temperature: subcritical-water: 10 --> fluid-temperature-range: subcritical-water: nil: nil:noncoproduct-route,,,True,fluid-temperature: subcritical-water: 10 --> fluid-temperature-range: subcritical-water: nil: nil,False,False,1.2464194796924237e-46,1.2464194796924237e-46
1565,1684,__pr_graph_lp_or_to_or_and__: 2928:fluid-craft-temperature: formic-acid: 15 --> fluid-create-temperature: formic-acid: 15,,,True,fluid-craft-temperature: formic-acid: 15 --> fluid-create-temperature: formic-acid: 15,False,False,1.2345950253605256e-46,1.2345950253605256e-46
1566,4215,recipe: grade-2-ti-crush,recipe,grade-2-ti-crush,False,,True,True,1.2231484015366727e-46,1.2231484015366727e-46
1567,2657,__pr_graph_lp_or_to_or_and__: 9757:fluid-temperature: tailings: 10 --> fluid: tailings:noncoproduct-route,,,True,fluid-temperature: tailings: 10 --> fluid: tailings,False,False,1.2098536681994627e-46,1.2098536681994627e-46
1568,2659,__pr_graph_lp_or_to_or_and__: 9759:fluid-temperature: tailings: 10 --> fluid-temperature-range: tailings: 10: 10:noncoproduct-route,,,True,fluid-temperature: tailings: 10 --> fluid-temperature-range: tailings: 10: 10,False,False,1.2098536681994627e-46,1.2098536681994627e-46
1569,4204,recipe: grade-1-nickel,recipe,grade-1-nickel,False,,True,True,1.1849171837777179e-46,1.1849171837777179e-46
1570,3236,entity-mine: tree-09,entity-mine,tree-09,False,,True,False,1.158252211562102e-46,1.158252211562102e-46
1571,3228,entity-mine: tree-04,entity-mine,tree-04,False,,True,False,1.1582522115605384e-46,1.1582522115605384e-46
1572,3230,entity-mine: tree-06,entity-mine,tree-06,False,,True,False,1.1582522115595332e-46,1.1582522115595332e-46
1573,3238,entity-mine: tree-09-red,entity-mine,tree-09-red,False,,True,False,1.158252211558815e-46,1.158252211558815e-46
1574,3231,entity-mine: tree-06-brown,entity-mine,tree-06-brown,False,,True,False,1.1582522115586997e-46,1.1582522115586997e-46
1575,3224,entity-mine: tree-01,entity-mine,tree-01,False,,True,False,1.1582522115578695e-46,1.1582522115578695e-46
1576,3235,entity-mine: tree-08-red,entity-mine,tree-08-red,False,,True,False,1.1582522115571716e-46,1.1582522115571716e-46
1577,3232,entity-mine: tree-07,entity-mine,tree-07,False,,True,False,1.1582507451207858e-46,1.1582507451207858e-46
1578,3227,entity-mine: tree-03,entity-mine,tree-03,False,,True,False,1.1581567789751736e-46,1.1581567789751736e-46
1579,3237,entity-mine: tree-09-brown,entity-mine,tree-09-brown,False,,True,False,1.1580474707137879e-46,1.1580474707137879e-46
1580,3225,entity-mine: tree-02,entity-mine,tree-02,False,,True,False,1.1580228035494429e-46,1.1580228035494429e-46
1581,3229,entity-mine: tree-05,entity-mine,tree-05,False,,True,False,1.1578188778913286e-46,1.1578188778913286e-46
1582,3233,entity-mine: tree-08,entity-mine,tree-08,False,,True,False,1.1578009825508296e-46,1.1578009825508296e-46
1583,3234,entity-mine: tree-08-brown,entity-mine,tree-08-brown,False,,True,False,1.1575738710027059e-46,1.1575738710027059e-46
1584,3226,entity-mine: tree-02-red,entity-mine,tree-02-red,False,,True,False,1.1572726917065938e-46,1.1572726917065938e-46
1585,4220,recipe: grade-3-ti,recipe,grade-3-ti,False,,True,True,1.1409098096837079e-46,1.1409098096837079e-46
1586,4212,recipe: grade-2-copper,recipe,grade-2-copper,False,,True,True,1.1312027697674046e-46,1.1312027697674046e-46
1587,4208,recipe: grade-1-tin,recipe,grade-1-tin,False,,True,True,1.070263341218442e-46,1.070263341218442e-46
1588,3217,entity-mine: storage-tank,entity-mine,storage-tank,False,,True,False,1.0636061084668964e-46,1.0636061084668964e-46
1589,3069,entity-mine: data-array,entity-mine,data-array,False,,True,False,1.0539943734267897e-46,1.0539943734267897e-46
1590,3119,entity-mine: micro-mine-mk01,entity-mine,micro-mine-mk01,False,,True,False,1.053573280520364e-46,1.053573280520364e-46
1591,3208,entity-mine: spore-collector-mk01,entity-mine,spore-collector-mk01,False,,True,False,1.053488993306011e-46,1.053488993306011e-46
1592,3039,entity-mine: automated-screener-mk01,entity-mine,automated-screener-mk01,False,,True,False,1.053300988305186e-46,1.053300988305186e-46
1593,3061,entity-mine: clay-pit-mk01,entity-mine,clay-pit-mk01,False,,True,False,1.0532104091497516e-46,1.0532104091497516e-46
1594,3199,entity-mine: secondary-crusher-mk01,entity-mine,secondary-crusher-mk01,False,,True,False,1.0531309465991031e-46,1.0531309465991031e-46
1595,3128,entity-mine: olefin-plant,entity-mine,olefin-plant,False,,True,False,1.0531072779236432e-46,1.0531072779236432e-46
1596,3125,entity-mine: nco-py-short-crane-mk1,entity-mine,nco-py-short-crane-mk1,False,,True,False,1.0529920557236563e-46,1.0529920557236563e-46
1597,3082,entity-mine: electronics-factory-mk01,entity-mine,electronics-factory-mk01,False,,True,False,1.0529677600316258e-46,1.0529677600316258e-46
1598,3102,entity-mine: glassworks-mk01,entity-mine,glassworks-mk01,False,,True,False,1.0527941060999308e-46,1.0527941060999308e-46
1599,3044,entity-mine: bio-reactor-mk01,entity-mine,bio-reactor-mk01,False,,True,False,1.0527360921506209e-46,1.0527360921506209e-46
1600,3074,entity-mine: dino-dig-site,entity-mine,dino-dig-site,False,,True,False,1.0527347065772959e-46,1.0527347065772959e-46
1601,3094,entity-mine: fwf-mk01,entity-mine,fwf-mk01,False,,True,False,1.0527197294164207e-46,1.0527197294164207e-46
1602,3072,entity-mine: dead-tree-desert,entity-mine,dead-tree-desert,False,,True,False,1.0527152506327899e-46,1.0527152506327899e-46
1603,3070,entity-mine: dead-dry-hairy-tree,entity-mine,dead-dry-hairy-tree,False,,True,False,1.0527152506323941e-46,1.0527152506323941e-46
1604,3078,entity-mine: dry-tree,entity-mine,dry-tree,False,,True,False,1.052715250632151e-46,1.052715250632151e-46
1605,3219,entity-mine: tailings-pond,entity-mine,tailings-pond,False,,True,False,1.0526184438476282e-46,1.0526184438476282e-46
1606,3036,entity-mine: atomizer-mk01,entity-mine,atomizer-mk01,False,,True,False,1.0525784276186397e-46,1.0525784276186397e-46
1607,3143,entity-mine: plankton-farm,entity-mine,plankton-farm,False,,True,False,1.0525614191749618e-46,1.0525614191749618e-46
1608,3054,entity-mine: caravan,entity-mine,caravan,False,,True,False,1.0525466116149639e-46,1.0525466116149639e-46
1609,3055,entity-mine: cargo-wagon,entity-mine,cargo-wagon,False,,True,False,1.0524566516649007e-46,1.0524566516649007e-46
1610,3104,entity-mine: hawt-turbine-mk01,entity-mine,hawt-turbine-mk01,False,,True,False,1.0524559363609463e-46,1.0524559363609463e-46
1611,3110,entity-mine: incubator-mk01,entity-mine,incubator-mk01,False,,True,False,1.0523793384990967e-46,1.0523793384990967e-46
1612,3192,entity-mine: rhe,entity-mine,rhe,False,,True,False,1.0523110078395337e-46,1.0523110078395337e-46
1613,3105,entity-mine: heavy-oil-refinery-mk01,entity-mine,heavy-oil-refinery-mk01,False,,True,False,1.052240493323368e-46,1.052240493323368e-46
1614,3190,entity-mine: research-center-mk01,entity-mine,research-center-mk01,False,,True,False,1.0522076729016197e-46,1.0522076729016197e-46
1615,3187,entity-mine: rc-mk01,entity-mine,rc-mk01,False,,True,False,1.0521985369897492e-46,1.0521985369897492e-46
1616,3045,entity-mine: biofactory-mk01,entity-mine,biofactory-mk01,False,,True,False,1.0521888500680568e-46,1.0521888500680568e-46
1617,3123,entity-mine: multiblade-turbine-mk01,entity-mine,multiblade-turbine-mk01,False,,True,False,1.0521705348240622e-46,1.0521705348240622e-46
1618,3195,entity-mine: sap-extractor-mk01,entity-mine,sap-extractor-mk01,False,,True,False,1.0521498754671389e-46,1.0521498754671389e-46
1619,3210,entity-mine: steam-turbine-mk01,entity-mine,steam-turbine-mk01,False,,True,False,1.0521297982368501e-46,1.0521297982368501e-46
1620,3103,entity-mine: gun-turret,entity-mine,gun-turret,False,,True,False,1.0521297702953447e-46,1.0521297702953447e-46
1621,2421,__pr_graph_lp_or_to_or_and__: 9239:entity-operate: character --> recipe-category: ee-testing-tool__0__0:noncoproduct-route,,,True,entity-operate: character --> recipe-category: ee-testing-tool__0__0,False,False,1.0521297702945719e-46,1.0521297702945719e-46
1622,3088,entity-mine: flora-collector-mk01,entity-mine,flora-collector-mk01,False,,True,False,1.0521297702945719e-46,1.0521297702945719e-46
1623,3191,entity-mine: retorter,entity-mine,retorter,False,,True,False,1.0521297702945719e-46,1.0521297702945719e-46
1624,3242,entity-mine: vawt-turbine-mk01,entity-mine,vawt-turbine-mk01,False,,True,False,1.0521216235775164e-46,1.0521216235775164e-46
1625,3071,entity-mine: dead-grey-trunk,entity-mine,dead-grey-trunk,False,,True,False,1.0520620324651792e-46,1.0520620324651792e-46
1626,3046,entity-mine: bof-mk01,entity-mine,bof-mk01,False,,True,False,1.0520503191095167e-46,1.0520503191095167e-46
1627,3041,entity-mine: barrel-machine-mk01,entity-mine,barrel-machine-mk01,False,,True,False,1.0520220675700371e-46,1.0520220675700371e-46
1628,3087,entity-mine: fish-farm-mk01,entity-mine,fish-farm-mk01,False,,True,False,1.0519951585127553e-46,1.0519951585127553e-46
1629,3180,entity-mine: pyphoon-bay,entity-mine,pyphoon-bay,False,,True,False,1.0519517055308454e-46,1.0519517055308454e-46
1630,3124,entity-mine: nco-py-crane-mk1,entity-mine,nco-py-crane-mk1,False,,True,False,1.0519456203570968e-46,1.0519456203570968e-46
1631,3067,entity-mine: cracker-mk01,entity-mine,cracker-mk01,False,,True,False,1.0519311311652116e-46,1.0519311311652116e-46
1632,3099,entity-mine: genlab-mk01,entity-mine,genlab-mk01,False,,True,False,1.051808762501257e-46,1.051808762501257e-46
1633,3243,entity-mine: vrauks-paddock-mk01,entity-mine,vrauks-paddock-mk01,False,,True,False,1.0517834202499068e-46,1.0517834202499068e-46
1634,3140,entity-mine: pcb-factory-mk01,entity-mine,pcb-factory-mk01,False,,True,False,1.0517629207633235e-46,1.0517629207633235e-46
1635,3120,entity-mine: mixer-mk01,entity-mine,mixer-mk01,False,,True,False,1.0517539406741582e-46,1.0517539406741582e-46
1636,3205,entity-mine: soil-extractor-mk01,entity-mine,soil-extractor-mk01,False,,True,False,1.0517283937620727e-46,1.0517283937620727e-46
1637,3198,entity-mine: seaweed-crop-mk01,entity-mine,seaweed-crop-mk01,False,,True,False,1.0517159804525846e-46,1.0517159804525846e-46
1638,3030,entity-mine: aerial-blimp-mk01,entity-mine,aerial-blimp-mk01,False,,True,False,1.051655626597988e-46,1.051655626597988e-46
1639,3241,entity-mine: vacuum-pump-mk01,entity-mine,vacuum-pump-mk01,False,,True,False,1.0516414169150169e-46,1.0516414169150169e-46
1640,3204,entity-mine: smelter-mk01,entity-mine,smelter-mk01,False,,True,False,1.0516153691891998e-46,1.0516153691891998e-46
1641,3122,entity-mine: moss-farm-mk01,entity-mine,moss-farm-mk01,False,,True,False,1.0515652667838797e-46,1.0515652667838797e-46
1642,3116,entity-mine: locomotive,entity-mine,locomotive,False,,True,False,1.0515645307615571e-46,1.0515645307615571e-46
1643,3106,entity-mine: hpf,entity-mine,hpf,False,,True,False,1.0515639386600794e-46,1.0515639386600794e-46
1644,2680,__pr_graph_lp_or_to_or_and__: 9787:fluid-temperature: molten-glass: 10 --> fluid-temperature-range: molten-glass: 10: 10:noncoproduct-route,,,True,fluid-temperature: molten-glass: 10 --> fluid-temperature-range: molten-glass: 10: 10,False,False,1.0515501797169677e-46,1.0515501797169677e-46
1645,3201,entity-mine: slaughterhouse-mk01,entity-mine,slaughterhouse-mk01,False,,True,False,1.051539708142375e-46,1.051539708142375e-46
1646,3098,entity-mine: generator-1,entity-mine,generator-1,False,,True,False,1.0515271278551676e-46,1.0515271278551676e-46
1647,2678,__pr_graph_lp_or_to_or_and__: 9785:fluid-temperature: molten-glass: 10 --> fluid: molten-glass:noncoproduct-route,,,True,fluid-temperature: molten-glass: 10 --> fluid: molten-glass,False,False,1.0515251881886237e-46,1.0515251881886237e-46
1648,3189,entity-mine: reformer-mk01,entity-mine,reformer-mk01,False,,True,False,1.0514835269456679e-46,1.0514835269456679e-46
1649,3121,entity-mine: moondrop-greenhouse-mk01,entity-mine,moondrop-greenhouse-mk01,False,,True,False,1.0514748503180588e-46,1.0514748503180588e-46
1650,3093,entity-mine: fluidavan,entity-mine,fluidavan,False,,True,False,1.051474775612652e-46,1.051474775612652e-46
1651,3062,entity-mine: compost-plant-mk01,entity-mine,compost-plant-mk01,False,,True,False,1.0514150657149178e-46,1.0514150657149178e-46
1652,3240,entity-mine: upgrader-mk01,entity-mine,upgrader-mk01,False,,True,False,1.0513459143476544e-46,1.0513459143476544e-46
1653,3181,entity-mine: quenching-tower,entity-mine,quenching-tower,False,,True,False,1.0512905552436324e-46,1.0512905552436324e-46
1654,3221,entity-mine: tidal-mk01,entity-mine,tidal-mk01,False,,True,False,1.0512256421522942e-46,1.0512256421522942e-46
1655,3158,entity-mine: py-heat-exchanger,entity-mine,py-heat-exchanger,False,,True,False,1.0512234359946821e-46,1.0512234359946821e-46
1656,3077,entity-mine: dry-hairy-tree,entity-mine,dry-hairy-tree,False,,True,False,1.0508995521197174e-46,1.0508995521197174e-46
1657,3068,entity-mine: creature-chamber-mk01,entity-mine,creature-chamber-mk01,False,,True,False,1.0508299633922316e-46,1.0508299633922316e-46
1658,3095,entity-mine: gas-refinery-mk01,entity-mine,gas-refinery-mk01,False,,True,False,1.0506258065377537e-46,1.0506258065377537e-46
1659,3146,entity-mine: prandium-lab-mk01,entity-mine,prandium-lab-mk01,False,,True,False,1.0506100117320417e-46,1.0506100117320417e-46
1660,3037,entity-mine: auog-paddock-mk01,entity-mine,auog-paddock-mk01,False,,True,False,1.0505682634041622e-46,1.0505682634041622e-46
1661,3101,entity-mine: geothermal-plant-mk01,entity-mine,geothermal-plant-mk01,False,,True,False,1.0505022492958704e-46,1.0505022492958704e-46
1662,3156,entity-mine: py-electric-boiler,entity-mine,py-electric-boiler,False,,True,False,1.0502788016880906e-46,1.0502788016880906e-46
1663,3059,entity-mine: chipshooter-mk01,entity-mine,chipshooter-mk01,False,,True,False,1.0499959995643736e-46,1.0499959995643736e-46
1664,3092,entity-mine: fluid-wagon,entity-mine,fluid-wagon,False,,True,False,1.0496034511762056e-46,1.0496034511762056e-46
1665,1819,__pr_graph_lp_or_to_or_and__: 3752:item-craft: nexelit-ore --> item: nexelit-ore,,,True,item-craft: nexelit-ore --> item: nexelit-ore,False,False,9.6940672908390414e-47,9.6940672908390414e-47
1666,2815,__pr_graph_lp_or_to_or_and__: 9965:fluid-temperature: molten-salt: 1000 --> fluid: molten-salt:noncoproduct-route,,,True,fluid-temperature: molten-salt: 1000 --> fluid: molten-salt,False,False,8.9041084764063254e-47,8.9041084764063254e-47
1667,3053,entity-mine: car,entity-mine,car,False,,True,False,8.4180971042629515e-47,8.4180971042629515e-47
1668,3197,entity-mine: seaweed,entity-mine,seaweed,False,,True,False,8.4170381623616541e-47,8.4170381623616541e-47
1669,3086,entity-mine: fish,entity-mine,fish,False,,True,False,8.3503758758602833e-47,8.3503758758602833e-47
1670,2304,__pr_graph_lp_or_to_or_and__: 8739:item: wood --> energy-source-burner: jerry__chemical__biomass_2_1,,,True,item: wood --> energy-source-burner: jerry__chemical__biomass_2_1,False,False,8.3296430512208593e-47,8.3296430512208593e-47
1671,2689,__pr_graph_lp_or_to_or_and__: 9799:fluid-temperature: pressured-water: 10 --> fluid-temperature-range: pressured-water: 10: 10:noncoproduct-route,,,True,fluid-temperature: pressured-water: 10 --> fluid-temperature-range: pressured-water: 10: 10,False,False,7.6458314789500232e-47,7.6458314789500232e-47
1672,2725,__pr_graph_lp_or_to_or_and__: 9846:fluid-temperature: coke-oven-gas: 250 --> fluid-temperature-range: coke-oven-gas: 250: nil:noncoproduct-route,,,True,fluid-temperature: coke-oven-gas: 250 --> fluid-temperature-range: coke-oven-gas: 250: nil,False,False,7.4928196792752774e-47,7.4928196792752774e-47
1673,2634,__pr_graph_lp_or_to_or_and__: 9726:fluid-temperature: light-oil: 25 --> fluid-temperature-range: light-oil: nil: nil:noncoproduct-route,,,True,fluid-temperature: light-oil: 25 --> fluid-temperature-range: light-oil: nil: nil,False,False,7.4235899196032598e-47,7.4235899196032598e-47
1674,1726,__pr_graph_lp_or_to_or_and__: 2991:item: wood --> fuel-category: biomass__0,,,True,item: wood --> fuel-category: biomass__0,False,False,7.3951373750205647e-47,7.3951373750205647e-47
1675,2239,__pr_graph_lp_or_to_or_and__: 8674:item: wood --> energy-source-burner: chemical__biomass__jerry__nuke_2_1,,,True,item: wood --> energy-source-burner: chemical__biomass__jerry__nuke_2_1,False,False,7.3951373750205647e-47,7.3951373750205647e-47
1676,2352,__pr_graph_lp_or_to_or_and__: 8787:item: wood --> energy-source-burner: chemical__biomass__nuke_2_1,,,True,item: wood --> energy-source-burner: chemical__biomass__nuke_2_1,False,False,7.3951373750205647e-47,7.3951373750205647e-47
1677,2726,__pr_graph_lp_or_to_or_and__: 9847:fluid-temperature: coke-oven-gas: 250 --> fluid-temperature-range: coke-oven-gas: 100: nil:noncoproduct-route,,,True,fluid-temperature: coke-oven-gas: 250 --> fluid-temperature-range: coke-oven-gas: 100: nil,False,False,6.702506949950684e-47,6.702506949950684e-47
1678,2727,__pr_graph_lp_or_to_or_and__: 9848:fluid-temperature: coke-oven-gas: 250 --> fluid-temperature-range: coke-oven-gas: 250: 250:noncoproduct-route,,,True,fluid-temperature: coke-oven-gas: 250 --> fluid-temperature-range: coke-oven-gas: 250: 250,False,False,6.702506949950684e-47,6.702506949950684e-47
1679,2723,__pr_graph_lp_or_to_or_and__: 9844:fluid-temperature: coke-oven-gas: 250 --> fluid: coke-oven-gas:noncoproduct-route,,,True,fluid-temperature: coke-oven-gas: 250 --> fluid: coke-oven-gas,False,False,6.6718118862878016e-47,6.6718118862878016e-47
1680,2683,__pr_graph_lp_or_to_or_and__: 9791:fluid-temperature: vacuum: 15 --> fluid-temperature-range: vacuum: 15: 15:noncoproduct-route,,,True,fluid-temperature: vacuum: 15 --> fluid-temperature-range: vacuum: 15: 15,False,False,6.6166323565760783e-47,6.6166323565760783e-47
1681,2681,__pr_graph_lp_or_to_or_and__: 9789:fluid-temperature: vacuum: 15 --> fluid: vacuum:noncoproduct-route,,,True,fluid-temperature: vacuum: 15 --> fluid: vacuum,False,False,6.6164590680471421e-47,6.6164590680471421e-47
1682,2607,__pr_graph_lp_or_to_or_and__: 9690:fluid-temperature: water: 100 --> fluid-temperature-range: water: nil: 101:noncoproduct-route,,,True,fluid-temperature: water: 100 --> fluid-temperature-range: water: nil: 101,False,False,6.4282055452546381e-47,6.4282055452546381e-47
1683,2608,__pr_graph_lp_or_to_or_and__: 9691:fluid-temperature: water: 100 --> fluid-temperature-range: water: 100: 100:noncoproduct-route,,,True,fluid-temperature: water: 100 --> fluid-temperature-range: water: 100: 100,False,False,6.4240181501528758e-47,6.4240181501528758e-47
1684,3052,entity-mine: burner-mining-drill,entity-mine,burner-mining-drill,False,,True,False,6.3151401080551638e-47,6.3151401080551638e-47
1685,3080,entity-mine: electric-mining-drill,entity-mine,electric-mining-drill,False,,True,False,6.3053635206528352e-47,6.3053635206528352e-47
1686,2800,__pr_graph_lp_or_to_or_and__: 9946:fluid-temperature: subcritical-water: 10 --> fluid: subcritical-water:noncoproduct-route,,,True,fluid-temperature: subcritical-water: 10 --> fluid: subcritical-water,False,False,6.2354807056771324e-47,6.2354807056771324e-47
1687,2802,__pr_graph_lp_or_to_or_and__: 9948:fluid-temperature: subcritical-water: 10 --> fluid-temperature-range: subcritical-water: 10: 10:noncoproduct-route,,,True,fluid-temperature: subcritical-water: 10 --> fluid-temperature-range: subcritical-water: 10: 10,False,False,6.2332251675337901e-47,6.2332251675337901e-47
1688,3209,entity-mine: steam-engine,entity-mine,steam-engine,False,,True,False,6.1883019314971015e-47,6.1883019314971015e-47
1689,2720,__pr_graph_lp_or_to_or_and__: 9840:fluid-temperature: coke-oven-gas: 100 --> fluid-temperature-range: coke-oven-gas: nil: 100:noncoproduct-route,,,True,fluid-temperature: coke-oven-gas: 100 --> fluid-temperature-range: coke-oven-gas: nil: 100,False,False,5.8339113447229439e-47,5.8339113447229439e-47
1690,2721,__pr_graph_lp_or_to_or_and__: 9841:fluid-temperature: coke-oven-gas: 100 --> fluid-temperature-range: coke-oven-gas: 100: nil:noncoproduct-route,,,True,fluid-temperature: coke-oven-gas: 100 --> fluid-temperature-range: coke-oven-gas: 100: nil,False,False,5.8339113447229439e-47,5.8339113447229439e-47
1691,2722,__pr_graph_lp_or_to_or_and__: 9842:fluid-temperature: coke-oven-gas: 100 --> fluid-temperature-range: coke-oven-gas: 100: 100:noncoproduct-route,,,True,fluid-temperature: coke-oven-gas: 100 --> fluid-temperature-range: coke-oven-gas: 100: 100,False,False,5.8339113447229439e-47,5.8339113447229439e-47
1692,2718,__pr_graph_lp_or_to_or_and__: 9838:fluid-temperature: coke-oven-gas: 100 --> fluid: coke-oven-gas:noncoproduct-route,,,True,fluid-temperature: coke-oven-gas: 100 --> fluid: coke-oven-gas,False,False,5.8032162810600614e-47,5.8032162810600614e-47
1693,1292,__pr_graph_lp_or_to_or_and__: 1577:item: ralesia --> entity-operate-py-module: ralesia-plantation-mk01,,,True,item: ralesia --> entity-operate-py-module: ralesia-plantation-mk01,False,False,5.6688428764331813e-47,5.6688428764331813e-47
1694,1294,__pr_graph_lp_or_to_or_and__: 1580:item: ralesia --> entity-operate-py-module: ralesia-plantation-mk03,,,True,item: ralesia --> entity-operate-py-module: ralesia-plantation-mk03,False,False,5.6383382784079675e-47,5.6383382784079675e-47
1695,1293,__pr_graph_lp_or_to_or_and__: 1579:item: ralesia --> entity-operate-py-module: ralesia-plantation-mk02,,,True,item: ralesia --> entity-operate-py-module: ralesia-plantation-mk02,False,False,5.6375249541515693e-47,5.6375249541515693e-47
1696,1295,__pr_graph_lp_or_to_or_and__: 1581:item: ralesia --> entity-operate-py-module: ralesia-plantation-mk04,,,True,item: ralesia --> entity-operate-py-module: ralesia-plantation-mk04,False,False,5.6348439315105676e-47,5.6348439315105676e-47
1697,2685,__pr_graph_lp_or_to_or_and__: 9794:fluid-temperature: phytoplankton: 10 --> fluid-temperature-range: phytoplankton: nil: nil:noncoproduct-route,,,True,fluid-temperature: phytoplankton: 10 --> fluid-temperature-range: phytoplankton: nil: nil,False,False,5.4039871271777746e-47,5.4039871271777746e-47
1698,1288,__pr_graph_lp_or_to_or_and__: 1570:item: fawogae --> entity-operate-py-module: fawogae-plantation-mk02,,,True,item: fawogae --> entity-operate-py-module: fawogae-plantation-mk02,False,False,5.1222236918784932e-47,5.1222236918784932e-47
1699,1290,__pr_graph_lp_or_to_or_and__: 1572:item: fawogae --> entity-operate-py-module: fawogae-plantation-mk04,,,True,item: fawogae --> entity-operate-py-module: fawogae-plantation-mk04,False,False,5.1203176748516728e-47,5.1203176748516728e-47
1700,1287,__pr_graph_lp_or_to_or_and__: 1568:item: fawogae --> entity-operate-py-module: fawogae-plantation-mk01,,,True,item: fawogae --> entity-operate-py-module: fawogae-plantation-mk01,False,False,5.1203077616517622e-47,5.1203077616517622e-47
1701,1289,__pr_graph_lp_or_to_or_and__: 1571:item: fawogae --> entity-operate-py-module: fawogae-plantation-mk03,,,True,item: fawogae --> entity-operate-py-module: fawogae-plantation-mk03,False,False,5.1203077616517622e-47,5.1203077616517622e-47
1702,2817,__pr_graph_lp_or_to_or_and__: 9967:fluid-temperature: molten-salt: 1000 --> fluid-temperature-range: molten-salt: 1000: 1000:noncoproduct-route,,,True,fluid-temperature: molten-salt: 1000 --> fluid-temperature-range: molten-salt: 1000: 1000,False,False,4.4593529727877099e-47,4.4593529727877099e-47
1703,4197,recipe: grade-1-chromite,recipe,grade-1-chromite,False,,True,True,4.3334649436810407e-47,4.3334649436810407e-47
1704,3214,entity-mine: stone-furnace,entity-mine,stone-furnace,False,,True,False,4.2410129284365334e-47,4.2410129284365334e-47
1705,3075,entity-mine: display-panel,entity-mine,display-panel,False,,True,False,4.214478787019929e-47,4.214478787019929e-47
1706,3112,entity-mine: iron-chest,entity-mine,iron-chest,False,,True,False,4.2140068578434744e-47,4.2140068578434744e-47
1707,3145,entity-mine: power-switch,entity-mine,power-switch,False,,True,False,4.2138489543495626e-47,4.2138489543495626e-47
1708,3139,entity-mine: outpost-fluid,entity-mine,outpost-fluid,False,,True,False,4.2127530186333075e-47,4.2127530186333075e-47
1709,3034,entity-mine: assembling-machine-1,entity-mine,assembling-machine-1,False,,True,False,4.2126265539996025e-47,4.2126265539996025e-47
1710,3218,entity-mine: straight-rail,entity-mine,straight-rail,False,,True,False,4.2117349184726706e-47,4.2117349184726706e-47
1711,3211,entity-mine: steel-chest,entity-mine,steel-chest,False,,True,False,4.2111940843275887e-47,4.2111940843275887e-47
1712,3222,entity-mine: train-stop,entity-mine,train-stop,False,,True,False,4.2097806706768578e-47,4.2097806706768578e-47
1713,3115,entity-mine: lab,entity-mine,lab,False,,True,False,4.2085163013726927e-47,4.2085163013726927e-47
1714,3215,entity-mine: stone-wall,entity-mine,stone-wall,False,,True,False,4.2069673294619082e-47,4.2069673294619082e-47
1715,3047,entity-mine: boiler,entity-mine,boiler,False,,True,False,4.2058769815042036e-47,4.2058769815042036e-47
1716,3149,entity-mine: pump,entity-mine,pump,False,,True,False,4.2034890580366632e-47,4.2034890580366632e-47
1717,3035,entity-mine: assembling-machine-2,entity-mine,assembling-machine-2,False,,True,False,4.1961134858835412e-47,4.1961134858835412e-47
1718,3138,entity-mine: outpost,entity-mine,outpost,False,,True,False,4.1953665697750022e-47,4.1953665697750022e-47
1719,3212,entity-mine: steel-furnace,entity-mine,steel-furnace,False,,True,False,4.1920693976672005e-47,4.1920693976672005e-47
1720,3127,entity-mine: oil-boiler-mk01,entity-mine,oil-boiler-mk01,False,,True,False,4.187649593716569e-47,4.187649593716569e-47
1721,1566,__pr_graph_lp_or_to_or_and__: 2666:fluid-craft-temperature: boric-acid: 10 --> fluid-craft-temperature: boric-acid,,,True,fluid-craft-temperature: boric-acid: 10 --> fluid-craft-temperature: boric-acid,False,False,3.7882851972139329e-47,3.7882851972139329e-47
1722,2635,__pr_graph_lp_or_to_or_and__: 9727:fluid-temperature: light-oil: 25 --> fluid-temperature-range: light-oil: 25: 25:noncoproduct-route,,,True,fluid-temperature: light-oil: 25 --> fluid-temperature-range: light-oil: 25: 25,False,False,3.7117949598016299e-47,3.7117949598016299e-47
1723,2633,__pr_graph_lp_or_to_or_and__: 9725:fluid-temperature: light-oil: 25 --> fluid: light-oil:noncoproduct-route,,,True,fluid-temperature: light-oil: 25 --> fluid: light-oil,False,False,3.6881390022577622e-47,3.6881390022577622e-47
1724,4625,recipe: sb-grade-04,recipe,sb-grade-04,False,,True,True,3.5626125708745929e-47,3.5626125708745929e-47
1725,2622,__pr_graph_lp_or_to_or_and__: 9710:fluid-temperature: steam: 500 --> fluid-temperature-range: steam: nil: 500:noncoproduct-route,,,True,fluid-temperature: steam: 500 --> fluid-temperature-range: steam: nil: 500,False,False,3.0752411718084325e-47,3.0752411718084325e-47
1726,2624,__pr_graph_lp_or_to_or_and__: 9712:fluid-temperature: steam: 500 --> fluid-temperature-range: steam: 500: nil:noncoproduct-route,,,True,fluid-temperature: steam: 500 --> fluid-temperature-range: steam: 500: nil,False,False,3.0631260220283949e-47,3.0631260220283949e-47
1727,2625,__pr_graph_lp_or_to_or_and__: 9713:fluid-temperature: steam: 500 --> fluid-temperature-range: steam: 500: 500:noncoproduct-route,,,True,fluid-temperature: steam: 500 --> fluid-temperature-range: steam: 500: 500,False,False,3.0631260220283949e-47,3.0631260220283949e-47
1728,1696,__pr_graph_lp_or_to_or_and__: 2954:fluid-craft-temperature: molten-salt: 1000 --> fluid-craft-temperature: molten-salt,,,True,fluid-craft-temperature: molten-salt: 1000 --> fluid-craft-temperature: molten-salt,False,False,2.8562739790838734e-47,2.8562739790838734e-47
1729,2686,__pr_graph_lp_or_to_or_and__: 9795:fluid-temperature: phytoplankton: 10 --> fluid-temperature-range: phytoplankton: 10: 10:noncoproduct-route,,,True,fluid-temperature: phytoplankton: 10 --> fluid-temperature-range: phytoplankton: 10: 10,False,False,2.6804643344819841e-47,2.6804643344819841e-47
1730,2684,__pr_graph_lp_or_to_or_and__: 9793:fluid-temperature: phytoplankton: 10 --> fluid: phytoplankton:noncoproduct-route,,,True,fluid-temperature: phytoplankton: 10 --> fluid: phytoplankton,False,False,2.6774379642088254e-47,2.6774379642088254e-47
1731,4165,recipe: formica-2,recipe,formica-2,False,,True,True,2.4232030780282358e-47,2.4232030780282358e-47
1732,3223,entity-mine: transport-belt,entity-mine,transport-belt,False,,True,False,2.2058482854000863e-47,2.2058482854000863e-47
1733,3207,entity-mine: splitter,entity-mine,splitter,False,,True,False,2.1156958453128568e-47,2.1156958453128568e-47
1734,3147,entity-mine: programmable-speaker,entity-mine,programmable-speaker,False,,True,False,2.1140650587521201e-47,2.1140650587521201e-47
1735,3057,entity-mine: centrifuge-mk01,entity-mine,centrifuge-mk01,False,,True,False,2.1135011172746001e-47,2.1135011172746001e-47
1736,3063,entity-mine: concrete-wall,entity-mine,concrete-wall,False,,True,False,2.1132596856209828e-47,2.1132596856209828e-47
1737,3117,entity-mine: long-handed-inserter,entity-mine,long-handed-inserter,False,,True,False,2.1127401067330102e-47,2.1127401067330102e-47
1738,3216,entity-mine: storage-chest,entity-mine,storage-chest,False,,True,False,2.1120929299059774e-47,2.1120929299059774e-47
1739,3142,entity-mine: pipe-to-ground,entity-mine,pipe-to-ground,False,,True,False,2.1114805933782432e-47,2.1114805933782432e-47
1740,3144,entity-mine: poorman-wood-fence,entity-mine,poorman-wood-fence,False,,True,False,2.1111394978414121e-47,2.1111394978414121e-47
1741,3184,entity-mine: rail-signal,entity-mine,rail-signal,False,,True,False,2.1105885324084993e-47,2.1105885324084993e-47
1742,3073,entity-mine: decider-combinator,entity-mine,decider-combinator,False,,True,False,2.1092879724819326e-47,2.1092879724819326e-47
1743,3118,entity-mine: medium-electric-pole,entity-mine,medium-electric-pole,False,,True,False,2.1090849380987519e-47,2.1090849380987519e-47
1744,3160,entity-mine: py-oil-powerplant-mk01,entity-mine,py-oil-powerplant-mk01,False,,True,False,2.1088503792813169e-47,2.1088503792813169e-47
1745,3163,entity-mine: py-roboport-mk01,entity-mine,py-roboport-mk01,False,,True,False,2.1086836969212021e-47,2.1086836969212021e-47
1746,3051,entity-mine: burner-inserter,entity-mine,burner-inserter,False,,True,False,2.1082613708173188e-47,2.1082613708173188e-47
1747,715,__pr_graph_lp_or_cost_row__: item: salt,,,True,node-cost:item: salt,False,False,2.1081302180383532e-47,2.1081302180383532e-47
1748,3200,entity-mine: selector-combinator,entity-mine,selector-combinator,False,,True,False,2.1064749949850403e-47,2.1064749949850403e-47
1749,3179,entity-mine: py-ze,entity-mine,py-ze,False,,True,False,2.1056616578918603e-47,2.1056616578918603e-47
1750,3159,entity-mine: py-local-radar,entity-mine,py-local-radar,False,,True,False,2.1046901034276664e-47,2.1046901034276664e-47
1751,3126,entity-mine: offshore-pump,entity-mine,offshore-pump,False,,True,False,2.1042596327076609e-47,2.1042596327076609e-47
1752,3111,entity-mine: inserter,entity-mine,inserter,False,,True,False,2.1042595406143928e-47,2.1042595406143928e-47
1753,3183,entity-mine: rail-chain-signal,entity-mine,rail-chain-signal,False,,True,False,2.1042595405926993e-47,2.1042595405926993e-47
1754,3033,entity-mine: arithmetic-combinator,entity-mine,arithmetic-combinator,False,,True,False,2.1024615103548052e-47,2.1024615103548052e-47
1755,3162,entity-mine: py-recharge-station-mk01,entity-mine,py-recharge-station-mk01,False,,True,False,2.1015738659979275e-47,2.1015738659979275e-47
1756,3064,entity-mine: constant-combinator,entity-mine,constant-combinator,False,,True,False,2.1015587295073482e-47,2.1015587295073482e-47
1757,3097,entity-mine: gate,entity-mine,gate,False,,True,False,2.1009006697585879e-47,2.1009006697585879e-47
1758,3028,entity-mine: accumulator,entity-mine,accumulator,False,,True,False,2.0995833611259204e-47,2.0995833611259204e-47
1759,3203,entity-mine: small-lamp,entity-mine,small-lamp,False,,True,False,2.0989501603367963e-47,2.0989501603367963e-47
1760,3154,entity-mine: py-construction-robot-mk01,entity-mine,py-construction-robot-mk01,False,,True,False,2.0989003313141e-47,2.0989003313141e-47
1761,3182,entity-mine: radar,entity-mine,radar,False,,True,False,2.0977903732614953e-47,2.0977903732614953e-47
1762,3245,entity-mine: wood-fence,entity-mine,wood-fence,False,,True,False,2.0948155822739725e-47,2.0948155822739725e-47
1763,3150,entity-mine: py-biomass-powerplant-mk01,entity-mine,py-biomass-powerplant-mk01,False,,True,False,2.0945137806776118e-47,2.0945137806776118e-47
1764,3202,entity-mine: small-electric-pole,entity-mine,small-electric-pole,False,,True,False,2.0836092537642756e-47,2.0836092537642756e-47
1765,3239,entity-mine: underground-belt,entity-mine,underground-belt,False,,True,False,2.0812296676038889e-47,2.0812296676038889e-47
1766,3246,entity-mine: wooden-chest,entity-mine,wooden-chest,False,,True,False,2.0419176541468753e-47,2.0419176541468753e-47
1767,1584,__pr_graph_lp_or_to_or_and__: 2706:fluid-craft-temperature: pressured-air: 15 --> fluid-craft-temperature: pressured-air,,,True,fluid-craft-temperature: pressured-air: 15 --> fluid-craft-temperature: pressured-air,False,False,2.0238310268584702e-47,2.0238310268584702e-47
1768,1697,__pr_graph_lp_or_to_or_and__: 2955:fluid-craft-temperature: molten-salt: 1000 --> fluid-create-temperature: molten-salt: 1000,,,True,fluid-craft-temperature: molten-salt: 1000 --> fluid-create-temperature: molten-salt: 1000,False,False,1.7815001576794864e-47,1.7815001576794864e-47
1769,1602,__pr_graph_lp_or_to_or_and__: 2747:fluid-craft-temperature: chlorine: 15 --> fluid-craft-temperature: chlorine,,,True,fluid-craft-temperature: chlorine: 15 --> fluid-craft-temperature: chlorine,False,False,1.6963823714660328e-47,1.6963823714660328e-47
1770,1515,__pr_graph_lp_or_to_or_and__: 2529:fluid-craft-temperature: steam: 250 --> fluid-craft-temperature: steam,,,True,fluid-craft-temperature: steam: 250 --> fluid-craft-temperature: steam,False,False,1.5255848308310206e-47,1.5255848308310206e-47
1771,1514,__pr_graph_lp_or_to_or_and__: 2528:fluid-craft-temperature: steam: 150 --> fluid-craft-temperature: steam,,,True,fluid-craft-temperature: steam: 150 --> fluid-craft-temperature: steam,False,False,1.466462979198289e-47,1.466462979198289e-47
1772,1516,__pr_graph_lp_or_to_or_and__: 2530:fluid-craft-temperature: steam: 500 --> fluid-craft-temperature: steam,,,True,fluid-craft-temperature: steam: 500 --> fluid-craft-temperature: steam,False,False,1.3568266462875177e-47,1.3568266462875177e-47
1773,1609,__pr_graph_lp_or_to_or_and__: 2763:fluid-craft-temperature: coke-oven-gas: 100 --> fluid-craft-temperature: coke-oven-gas,,,True,fluid-craft-temperature: coke-oven-gas: 100 --> fluid-craft-temperature: coke-oven-gas,False,False,1.3400711975169568e-47,1.3400711975169568e-47
1774,1644,__pr_graph_lp_or_to_or_and__: 2837:fluid-craft-temperature: scrude: 10 --> fluid-craft-temperature: scrude,,,True,fluid-craft-temperature: scrude: 10 --> fluid-craft-temperature: scrude,False,False,1.241933459465238e-47,1.241933459465238e-47
1775,1579,__pr_graph_lp_or_to_or_and__: 2694:fluid-craft-temperature: pressured-water: 10 --> fluid-create-temperature: pressured-water: 10,,,True,fluid-craft-temperature: pressured-water: 10 --> fluid-create-temperature: pressured-water: 10,False,False,1.2061266536519925e-47,1.2061266536519925e-47
1776,2617,__pr_graph_lp_or_to_or_and__: 9704:fluid-temperature: steam: 250 --> fluid-temperature-range: steam: nil: 500:noncoproduct-route,,,True,fluid-temperature: steam: 250 --> fluid-temperature-range: steam: nil: 500,False,False,1.099158540833009e-47,1.099158540833009e-47
1777,2619,__pr_graph_lp_or_to_or_and__: 9706:fluid-temperature: steam: 250 --> fluid-temperature-range: steam: 250: 250:noncoproduct-route,,,True,fluid-temperature: steam: 250 --> fluid-temperature-range: steam: 250: 250,False,False,1.0870433910529718e-47,1.0870433910529718e-47
1778,890,__pr_graph_lp_or_to_or_and__: 10104:entity-operate: automated-factory-mk01 --> recipe-category: crafting-with-fluid__0__1:noncoproduct-route,,,True,entity-operate: automated-factory-mk01 --> recipe-category: crafting-with-fluid__0__1,False,False,1.0526092658229491e-47,1.0526092658229491e-47
1779,2307,__pr_graph_lp_or_to_or_and__: 8742:item: raw-fiber --> energy-source-burner: jerry__chemical__biomass_2_1,,,True,item: raw-fiber --> energy-source-burner: jerry__chemical__biomass_2_1,False,False,1.0413281540059451e-47,1.0413281540059451e-47
1780,2306,__pr_graph_lp_or_to_or_and__: 8741:item: treated-wood --> energy-source-burner: jerry__chemical__biomass_2_1,,,True,item: treated-wood --> energy-source-burner: jerry__chemical__biomass_2_1,False,False,1.0370027543973738e-47,1.0370027543973738e-47
1781,1578,__pr_graph_lp_or_to_or_and__: 2693:fluid-craft-temperature: pressured-water: 10 --> fluid-craft-temperature: pressured-water,,,True,fluid-craft-temperature: pressured-water: 10 --> fluid-craft-temperature: pressured-water,False,False,1.0299507747034328e-47,1.0299507747034328e-47
1782,891,__pr_graph_lp_or_to_or_and__: 10105:entity-operate: automated-factory-mk01 --> recipe-category: crafting-with-fluid__2__0:noncoproduct-route,,,True,entity-operate: automated-factory-mk01 --> recipe-category: crafting-with-fluid__2__0,False,False,1.0288672755849794e-47,1.0288672755849794e-47
1783,889,__pr_graph_lp_or_to_or_and__: 10103:entity-operate: automated-factory-mk01 --> recipe-category: crafting-with-fluid__0__0:noncoproduct-route,,,True,entity-operate: automated-factory-mk01 --> recipe-category: crafting-with-fluid__0__0,False,False,1.02269156139945e-47,1.02269156139945e-47
1784,886,__pr_graph_lp_or_to_or_and__: 10100:entity-operate: automated-factory-mk01 --> recipe-category: advanced-crafting__0__1:noncoproduct-route,,,True,entity-operate: automated-factory-mk01 --> recipe-category: advanced-crafting__0__1,False,False,1.0214415126940033e-47,1.0214415126940033e-47
1785,885,__pr_graph_lp_or_to_or_and__: 10099:entity-operate: automated-factory-mk01 --> recipe-category: advanced-crafting__2__0:noncoproduct-route,,,True,entity-operate: automated-factory-mk01 --> recipe-category: advanced-crafting__2__0,False,False,1.0214224124213892e-47,1.0214224124213892e-47
1786,884,__pr_graph_lp_or_to_or_and__: 10098:entity-operate: automated-factory-mk01 --> recipe-category: advanced-crafting__0__0:noncoproduct-route,,,True,entity-operate: automated-factory-mk01 --> recipe-category: advanced-crafting__0__0,False,False,1.0135443155367742e-47,1.0135443155367742e-47
1787,2830,__pr_graph_lp_or_to_or_and__: 9982:entity-operate: assembling-machine-1 --> recipe-category: crafting-with-fluid__0__1:noncoproduct-route,,,True,entity-operate: assembling-machine-1 --> recipe-category: crafting-with-fluid__0__1,False,False,9.9778315181074167e-48,9.9778315181074167e-48
1788,2829,__pr_graph_lp_or_to_or_and__: 9981:entity-operate: assembling-machine-1 --> recipe-category: crafting-with-fluid__0__0:noncoproduct-route,,,True,entity-operate: assembling-machine-1 --> recipe-category: crafting-with-fluid__0__0,False,False,9.6786544738724256e-48,9.6786544738724256e-48
1789,2826,__pr_graph_lp_or_to_or_and__: 9978:entity-operate: assembling-machine-1 --> recipe-category: advanced-crafting__0__1:noncoproduct-route,,,True,entity-operate: assembling-machine-1 --> recipe-category: advanced-crafting__0__1,False,False,9.6661539868179587e-48,9.6661539868179587e-48
1790,2825,__pr_graph_lp_or_to_or_and__: 9977:entity-operate: assembling-machine-1 --> recipe-category: advanced-crafting__0__0:noncoproduct-route,,,True,entity-operate: assembling-machine-1 --> recipe-category: advanced-crafting__0__0,False,False,9.5871820152456674e-48,9.5871820152456674e-48
1791,2297,__pr_graph_lp_or_to_or_and__: 8732:item: coal --> energy-source-burner: jerry__chemical__biomass_2_1,,,True,item: coal --> energy-source-burner: jerry__chemical__biomass_2_1,False,False,9.5218349345276527e-48,9.5218349345276527e-48
1792,1595,__pr_graph_lp_or_to_or_and__: 2731:fluid-create-temperature: molten-aluminium: 10 --> fluid-create: molten-aluminium,,,True,fluid-create-temperature: molten-aluminium: 10 --> fluid-create: molten-aluminium,False,False,9.4400997935257708e-48,9.4400997935257708e-48
1793,2310,__pr_graph_lp_or_to_or_and__: 8745:item: cellulose --> energy-source-burner: jerry__chemical__biomass_2_1,,,True,item: cellulose --> energy-source-burner: jerry__chemical__biomass_2_1,False,False,9.433544155959126e-48,9.433544155959126e-48
1794,2298,__pr_graph_lp_or_to_or_and__: 8733:item: coke --> energy-source-burner: jerry__chemical__biomass_2_1,,,True,item: coke --> energy-source-burner: jerry__chemical__biomass_2_1,False,False,9.3765269651423171e-48,9.3765269651423171e-48
1795,2301,__pr_graph_lp_or_to_or_and__: 8736:item: raw-coal --> energy-source-burner: jerry__chemical__biomass_2_1,,,True,item: raw-coal --> energy-source-burner: jerry__chemical__biomass_2_1,False,False,9.3562834828914674e-48,9.3562834828914674e-48
1796,2308,__pr_graph_lp_or_to_or_and__: 8743:item: carbon-black --> energy-source-burner: jerry__chemical__biomass_2_1,,,True,item: carbon-black --> energy-source-burner: jerry__chemical__biomass_2_1,False,False,9.3507610352029047e-48,9.3507610352029047e-48
1797,2305,__pr_graph_lp_or_to_or_and__: 8740:item: log --> energy-source-burner: jerry__chemical__biomass_2_1,,,True,item: log --> energy-source-burner: jerry__chemical__biomass_2_1,False,False,9.3451225786882146e-48,9.3451225786882146e-48
1798,2282,__pr_graph_lp_or_to_or_and__: 8717:item: syngas-canister --> energy-source-burner: jerry__chemical__biomass_2_1,,,True,item: syngas-canister --> energy-source-burner: jerry__chemical__biomass_2_1,False,False,9.3450699835103119e-48,9.3450699835103119e-48
1799,2281,__pr_graph_lp_or_to_or_and__: 8716:item: coal-gas-canister --> energy-source-burner: jerry__chemical__biomass_2_1,,,True,item: coal-gas-canister --> energy-source-burner: jerry__chemical__biomass_2_1,False,False,9.3450674255465097e-48,9.3450674255465097e-48
1800,2295,__pr_graph_lp_or_to_or_and__: 8730:item: pitch-canister --> energy-source-burner: jerry__chemical__biomass_2_1,,,True,item: pitch-canister --> energy-source-burner: jerry__chemical__biomass_2_1,False,False,9.3450636968045875e-48,9.3450636968045875e-48
1801,2294,__pr_graph_lp_or_to_or_and__: 8729:item: naphthalene-oil-canister --> energy-source-burner: jerry__chemical__biomass_2_1,,,True,item: naphthalene-oil-canister --> energy-source-burner: jerry__chemical__biomass_2_1,False,False,9.3450623690858837e-48,9.3450623690858837e-48
1802,2283,__pr_graph_lp_or_to_or_and__: 8718:item: tar-canister --> energy-source-burner: jerry__chemical__biomass_2_1,,,True,item: tar-canister --> energy-source-burner: jerry__chemical__biomass_2_1,False,False,9.3450621511712019e-48,9.3450621511712019e-48
1803,2284,__pr_graph_lp_or_to_or_and__: 8719:item: aromatics-canister --> energy-source-burner: jerry__chemical__biomass_2_1,,,True,item: aromatics-canister --> energy-source-burner: jerry__chemical__biomass_2_1,False,False,9.3450616991166909e-48,9.3450616991166909e-48
1804,2290,__pr_graph_lp_or_to_or_and__: 8725:item: scrude-canister --> energy-source-burner: jerry__chemical__biomass_2_1,,,True,item: scrude-canister --> energy-source-burner: jerry__chemical__biomass_2_1,False,False,9.3450588022329656e-48,9.3450588022329656e-48
1805,2286,__pr_graph_lp_or_to_or_and__: 8721:item: acetylene-canister --> energy-source-burner: jerry__chemical__biomass_2_1,,,True,item: acetylene-canister --> energy-source-burner: jerry__chemical__biomass_2_1,False,False,9.3450582327729165e-48,9.3450582327729165e-48
1806,2288,__pr_graph_lp_or_to_or_and__: 8723:item: methane-canister --> energy-source-burner: jerry__chemical__biomass_2_1,,,True,item: methane-canister --> energy-source-burner: jerry__chemical__biomass_2_1,False,False,9.3450569234353711e-48,9.3450569234353711e-48
1807,2302,__pr_graph_lp_or_to_or_and__: 8737:item: crushed-coal --> energy-source-burner: jerry__chemical__biomass_2_1,,,True,item: crushed-coal --> energy-source-burner: jerry__chemical__biomass_2_1,False,False,9.3450567736924324e-48,9.3450567736924324e-48
1808,2299,__pr_graph_lp_or_to_or_and__: 8734:item: coal-dust --> energy-source-burner: jerry__chemical__biomass_2_1,,,True,item: coal-dust --> energy-source-burner: jerry__chemical__biomass_2_1,False,False,9.3450567630188151e-48,9.3450567630188151e-48
1809,2285,__pr_graph_lp_or_to_or_and__: 8720:item: gasoline-canister --> energy-source-burner: jerry__chemical__biomass_2_1,,,True,item: gasoline-canister --> energy-source-burner: jerry__chemical__biomass_2_1,False,False,9.3450567620937177e-48,9.3450567620937177e-48
1810,2287,__pr_graph_lp_or_to_or_and__: 8722:item: kerosene-canister --> energy-source-burner: jerry__chemical__biomass_2_1,,,True,item: kerosene-canister --> energy-source-burner: jerry__chemical__biomass_2_1,False,False,9.3450567620880647e-48,9.3450567620880647e-48
1811,2279,__pr_graph_lp_or_to_or_and__: 8714:item: heavy-oil-canister --> energy-source-burner: jerry__chemical__biomass_2_1,,,True,item: heavy-oil-canister --> energy-source-burner: jerry__chemical__biomass_2_1,False,False,9.3450567620584677e-48,9.3450567620584677e-48
1812,2291,__pr_graph_lp_or_to_or_and__: 8726:item: condensates-canister --> energy-source-burner: jerry__chemical__biomass_2_1,,,True,item: condensates-canister --> energy-source-burner: jerry__chemical__biomass_2_1,False,False,9.345056761606249e-48,9.345056761606249e-48
1813,2300,__pr_graph_lp_or_to_or_and__: 8735:item: gunpowder --> energy-source-burner: jerry__chemical__biomass_2_1,,,True,item: gunpowder --> energy-source-burner: jerry__chemical__biomass_2_1,False,False,9.3450567085279359e-48,9.3450567085279359e-48
1814,2303,__pr_graph_lp_or_to_or_and__: 8738:item: kerogen --> energy-source-burner: jerry__chemical__biomass_2_1,,,True,item: kerogen --> energy-source-burner: jerry__chemical__biomass_2_1,False,False,9.3450567040392434e-48,9.3450567040392434e-48
1815,1611,__pr_graph_lp_or_to_or_and__: 2765:fluid-craft-temperature: coke-oven-gas: 100 --> fluid-create-temperature: coke-oven-gas: 100,,,True,fluid-craft-temperature: coke-oven-gas: 100 --> fluid-create-temperature: coke-oven-gas: 100,False,False,9.2149633827899391e-48,9.2149633827899391e-48
1816,3546,fluid-temperature: molten-aluminium: 10,fluid-temperature,molten-aluminium: 10,False,,False,False,9.0435952487574464e-48,9.0435952487574464e-48
1817,1547,__pr_graph_lp_or_to_or_and__: 2619:fluid-create-temperature: tailings: 10 --> fluid-create: tailings,,,True,fluid-create-temperature: tailings: 10 --> fluid-create: tailings,False,False,8.2961047899607652e-48,8.2961047899607652e-48
1818,1183,__pr_graph_lp_or_to_or_and__: 10465:entity-operate: rc-mk01 --> recipe-category: rc__3__0:noncoproduct-route,,,True,entity-operate: rc-mk01 --> recipe-category: rc__3__0,False,False,8.2826549947110254e-48,8.2826549947110254e-48
1819,1186,__pr_graph_lp_or_to_or_and__: 10468:entity-operate: rc-mk01 --> recipe-category: rc__1__1:noncoproduct-route,,,True,entity-operate: rc-mk01 --> recipe-category: rc__1__1,False,False,8.2791183992867795e-48,8.2791183992867795e-48
1820,1184,__pr_graph_lp_or_to_or_and__: 10466:entity-operate: rc-mk01 --> recipe-category: rc__2__1:noncoproduct-route,,,True,entity-operate: rc-mk01 --> recipe-category: rc__2__1,False,False,8.2788694428170235e-48,8.2788694428170235e-48
1821,1182,__pr_graph_lp_or_to_or_and__: 10464:entity-operate: rc-mk01 --> recipe-category: rc__2__0:noncoproduct-route,,,True,entity-operate: rc-mk01 --> recipe-category: rc__2__0,False,False,8.2303611307386579e-48,8.2303611307386579e-48
1822,1187,__pr_graph_lp_or_to_or_and__: 10469:entity-operate: rc-mk01 --> recipe-category: rc__0__1:noncoproduct-route,,,True,entity-operate: rc-mk01 --> recipe-category: rc__0__1,False,False,8.2273259771345314e-48,8.2273259771345314e-48
1823,2840,__pr_graph_lp_or_to_or_and__: 9993:entity-operate: assembling-machine-2 --> recipe-category: crafting-with-fluid__0__1:noncoproduct-route,,,True,entity-operate: assembling-machine-2 --> recipe-category: crafting-with-fluid__0__1,False,False,8.1651188148035548e-48,8.1651188148035548e-48
1824,1185,__pr_graph_lp_or_to_or_and__: 10467:entity-operate: rc-mk01 --> recipe-category: rc__1__0:noncoproduct-route,,,True,entity-operate: rc-mk01 --> recipe-category: rc__1__0,False,False,8.0801080326563511e-48,8.0801080326563511e-48
1825,2839,__pr_graph_lp_or_to_or_and__: 9992:entity-operate: assembling-machine-2 --> recipe-category: crafting-with-fluid__0__0:noncoproduct-route,,,True,entity-operate: assembling-machine-2 --> recipe-category: crafting-with-fluid__0__0,False,False,7.8659417705685637e-48,7.8659417705685637e-48
1826,2836,__pr_graph_lp_or_to_or_and__: 9989:entity-operate: assembling-machine-2 --> recipe-category: advanced-crafting__0__1:noncoproduct-route,,,True,entity-operate: assembling-machine-2 --> recipe-category: advanced-crafting__0__1,False,False,7.8534412835140968e-48,7.8534412835140968e-48
1827,2835,__pr_graph_lp_or_to_or_and__: 9988:entity-operate: assembling-machine-2 --> recipe-category: advanced-crafting__0__0:noncoproduct-route,,,True,entity-operate: assembling-machine-2 --> recipe-category: advanced-crafting__0__0,False,False,7.7744693119418055e-48,7.7744693119418055e-48
1828,1585,__pr_graph_lp_or_to_or_and__: 2707:fluid-craft-temperature: pressured-air: 15 --> fluid-create-temperature: pressured-air: 15,,,True,fluid-craft-temperature: pressured-air: 15 --> fluid-create-temperature: pressured-air: 15,False,False,7.6967259523287465e-48,7.6967259523287465e-48
1829,2811,__pr_graph_lp_or_to_or_and__: 9960:fluid-temperature: geothermal-water: 3000 --> fluid-temperature-range: geothermal-water: 950: nil:noncoproduct-route,,,True,fluid-temperature: geothermal-water: 3000 --> fluid-temperature-range: geothermal-water: 950: nil,False,False,7.2620698510254392e-48,7.2620698510254392e-48
1830,1517,__pr_graph_lp_or_to_or_and__: 2531:fluid-craft-temperature: steam: 150 --> fluid-create-temperature: steam: 150,,,True,fluid-craft-temperature: steam: 150 --> fluid-create-temperature: steam: 150,False,False,7.1248256537118523e-48,7.1248256537118523e-48
1831,1689,__pr_graph_lp_or_to_or_and__: 2939:fluid-craft-temperature: depolymerized-organics: 10 --> fluid-craft-temperature: depolymerized-organics,,,True,fluid-craft-temperature: depolymerized-organics: 10 --> fluid-craft-temperature: depolymerized-organics,False,False,6.6821889331266924e-48,6.6821889331266924e-48
1832,1610,__pr_graph_lp_or_to_or_and__: 2764:fluid-craft-temperature: coke-oven-gas: 250 --> fluid-craft-temperature: coke-oven-gas,,,True,fluid-craft-temperature: coke-oven-gas: 250 --> fluid-craft-temperature: coke-oven-gas,False,False,6.526225139694213e-48,6.526225139694213e-48
1833,1686,__pr_graph_lp_or_to_or_and__: 2933:fluid-craft-temperature: subcritical-water: 10 --> fluid-craft-temperature: subcritical-water,,,True,fluid-craft-temperature: subcritical-water: 10 --> fluid-craft-temperature: subcritical-water,False,False,6.5179318522691146e-48,6.5179318522691146e-48
1834,1518,__pr_graph_lp_or_to_or_and__: 2534:fluid-craft-temperature: steam: 250 --> fluid-create-temperature: steam: 250,,,True,fluid-craft-temperature: steam: 250 --> fluid-create-temperature: steam: 250,False,False,6.4682475446915337e-48,6.4682475446915337e-48
1835,3528,fluid-temperature: depolymerized-organics: 10,fluid-temperature,depolymerized-organics: 10,False,,False,False,6.3687713283525305e-48,6.3687713283525305e-48
1836,1593,__pr_graph_lp_or_to_or_and__: 2725:fluid-craft-temperature: acetylene: 15 --> fluid-craft-temperature: acetylene,,,True,fluid-craft-temperature: acetylene: 15 --> fluid-craft-temperature: acetylene,False,False,6.329948318143519e-48,6.329948318143519e-48
1837,3141,entity-mine: pipe,entity-mine,pipe,False,,True,False,6.0368560389945619e-48,6.0368560389945619e-48
1838,3137,entity-mine: ore-zinc,entity-mine,ore-zinc,False,,True,False,5.8877227763452556e-48,5.8877227763452556e-48
1839,1688,__pr_graph_lp_or_to_or_and__: 2938:fluid-create-temperature: depolymerized-organics: 10 --> fluid-create: depolymerized-organics,,,True,fluid-create-temperature: depolymerized-organics: 10 --> fluid-create: depolymerized-organics,False,False,5.8003501854698932e-48,5.8003501854698932e-48
1840,1622,__pr_graph_lp_or_to_or_and__: 2790:fluid-create-temperature: methanal: 10 --> fluid-create: methanal,,,True,fluid-create-temperature: methanal: 10 --> fluid-create: methanal,False,False,5.5339487901721406e-48,5.5339487901721406e-48
1841,1598,__pr_graph_lp_or_to_or_and__: 2737:fluid-create-temperature: hydrogen: 15 --> fluid-create: hydrogen,,,True,fluid-create-temperature: hydrogen: 15 --> fluid-create: hydrogen,False,False,5.4854240862622507e-48,5.4854240862622507e-48
1842,428,__pr_graph_lp_or_cost_row__: item: concrete,,,True,node-cost:item: concrete,False,False,5.3191905213740826e-48,5.3191905213740826e-48
1843,3539,fluid-temperature: hydrogen: 15,fluid-temperature,hydrogen: 15,False,,False,False,5.2921161370022455e-48,5.2921161370022455e-48
1844,1680,__pr_graph_lp_or_to_or_and__: 2921:fluid-craft-temperature: creamy-latex: 10 --> fluid-craft-temperature: creamy-latex,,,True,fluid-craft-temperature: creamy-latex: 10 --> fluid-craft-temperature: creamy-latex,False,False,4.8214773787214218e-48,4.8214773787214218e-48
1845,1693,__pr_graph_lp_or_to_or_and__: 2947:fluid-craft-temperature: geothermal-water: 3000 --> fluid-craft-temperature: geothermal-water,,,True,fluid-craft-temperature: geothermal-water: 3000 --> fluid-craft-temperature: geothermal-water,False,False,4.8110911648160622e-48,4.8110911648160622e-48
1846,1545,__pr_graph_lp_or_to_or_and__: 2610:fluid-craft-temperature: muddy-sludge: 10 --> fluid-craft-temperature: muddy-sludge,,,True,fluid-craft-temperature: muddy-sludge: 10 --> fluid-craft-temperature: muddy-sludge,False,False,4.5078327848901824e-48,4.5078327848901824e-48
1847,1681,__pr_graph_lp_or_to_or_and__: 2922:fluid-craft-temperature: creamy-latex: 10 --> fluid-create-temperature: creamy-latex: 10,,,True,fluid-craft-temperature: creamy-latex: 10 --> fluid-create-temperature: creamy-latex: 10,False,False,4.3428555997495427e-48,4.3428555997495427e-48
1848,1588,__pr_graph_lp_or_to_or_and__: 2713:fluid-craft-temperature: pressured-steam: 1000 --> fluid-create-temperature: pressured-steam: 1000,,,True,fluid-craft-temperature: pressured-steam: 1000 --> fluid-create-temperature: pressured-steam: 1000,False,False,4.0955029735382943e-48,4.0955029735382943e-48
1849,1519,__pr_graph_lp_or_to_or_and__: 2536:fluid-craft-temperature: steam: 500 --> fluid-create-temperature: steam: 500,,,True,fluid-craft-temperature: steam: 500 --> fluid-create-temperature: steam: 500,False,False,3.9991467767145624e-48,3.9991467767145624e-48
1850,2809,__pr_graph_lp_or_to_or_and__: 9958:fluid-temperature: geothermal-water: 3000 --> fluid: geothermal-water:noncoproduct-route,,,True,fluid-temperature: geothermal-water: 3000 --> fluid: geothermal-water,False,False,3.9923833449982013e-48,3.9923833449982013e-48
1851,1711,__pr_graph_lp_or_to_or_and__: 2976:item: syngas-canister --> fuel-category: jerry__1,,,True,item: syngas-canister --> fuel-category: jerry__1,False,False,3.8394939992715051e-48,3.8394939992715051e-48
1852,1710,__pr_graph_lp_or_to_or_and__: 2975:item: coal-gas-canister --> fuel-category: jerry__1,,,True,item: coal-gas-canister --> fuel-category: jerry__1,False,False,3.8394914413077035e-48,3.8394914413077035e-48
1853,1724,__pr_graph_lp_or_to_or_and__: 2989:item: pitch-canister --> fuel-category: jerry__1,,,True,item: pitch-canister --> fuel-category: jerry__1,False,False,3.8394877125657813e-48,3.8394877125657813e-48
1854,1723,__pr_graph_lp_or_to_or_and__: 2988:item: naphthalene-oil-canister --> fuel-category: jerry__1,,,True,item: naphthalene-oil-canister --> fuel-category: jerry__1,False,False,3.8394863848470757e-48,3.8394863848470757e-48
1855,1712,__pr_graph_lp_or_to_or_and__: 2977:item: tar-canister --> fuel-category: jerry__1,,,True,item: tar-canister --> fuel-category: jerry__1,False,False,3.8394861669323951e-48,3.8394861669323951e-48
1856,1713,__pr_graph_lp_or_to_or_and__: 2978:item: aromatics-canister --> fuel-category: jerry__1,,,True,item: aromatics-canister --> fuel-category: jerry__1,False,False,3.8394857148778841e-48,3.8394857148778841e-48
1857,1719,__pr_graph_lp_or_to_or_and__: 2984:item: scrude-canister --> fuel-category: jerry__1,,,True,item: scrude-canister --> fuel-category: jerry__1,False,False,3.8394828179941588e-48,3.8394828179941588e-48
1858,1715,__pr_graph_lp_or_to_or_and__: 2980:item: acetylene-canister --> fuel-category: jerry__1,,,True,item: acetylene-canister --> fuel-category: jerry__1,False,False,3.8394822485341091e-48,3.8394822485341091e-48
1859,1717,__pr_graph_lp_or_to_or_and__: 2982:item: methane-canister --> fuel-category: jerry__1,,,True,item: methane-canister --> fuel-category: jerry__1,False,False,3.8394809391965643e-48,3.8394809391965643e-48
1860,1714,__pr_graph_lp_or_to_or_and__: 2979:item: gasoline-canister --> fuel-category: jerry__1,,,True,item: gasoline-canister --> fuel-category: jerry__1,False,False,3.8394807778549097e-48,3.8394807778549097e-48
1861,1716,__pr_graph_lp_or_to_or_and__: 2981:item: kerosene-canister --> fuel-category: jerry__1,,,True,item: kerosene-canister --> fuel-category: jerry__1,False,False,3.8394807778492573e-48,3.8394807778492573e-48
1862,1708,__pr_graph_lp_or_to_or_and__: 2973:item: heavy-oil-canister --> fuel-category: jerry__1,,,True,item: heavy-oil-canister --> fuel-category: jerry__1,False,False,3.8394807778196603e-48,3.8394807778196603e-48
1863,1720,__pr_graph_lp_or_to_or_and__: 2985:item: condensates-canister --> fuel-category: jerry__1,,,True,item: condensates-canister --> fuel-category: jerry__1,False,False,3.8394807773674422e-48,3.8394807773674422e-48
1864,2813,__pr_graph_lp_or_to_or_and__: 9962:fluid-temperature: geothermal-water: 3000 --> fluid-temperature-range: geothermal-water: 2950: nil:noncoproduct-route,,,True,fluid-temperature: geothermal-water: 3000 --> fluid-temperature-range: geothermal-water: 2950: nil,False,False,3.8168332324142504e-48,3.8168332324142504e-48
1865,2812,__pr_graph_lp_or_to_or_and__: 9961:fluid-temperature: geothermal-water: 3000 --> fluid-temperature-range: geothermal-water: 1950: nil:noncoproduct-route,,,True,fluid-temperature: geothermal-water: 3000 --> fluid-temperature-range: geothermal-water: 1950: nil,False,False,3.8106149356025834e-48,3.8106149356025834e-48
1866,2814,__pr_graph_lp_or_to_or_and__: 9963:fluid-temperature: geothermal-water: 3000 --> fluid-temperature-range: geothermal-water: 3000: 3000:noncoproduct-route,,,True,fluid-temperature: geothermal-water: 3000 --> fluid-temperature-range: geothermal-water: 3000: 3000,False,False,3.7747756403411858e-48,3.7747756403411858e-48
1867,2667,__pr_graph_lp_or_to_or_and__: 9770:fluid-temperature: aromatics: 10 --> fluid-temperature-range: aromatics: nil: nil:noncoproduct-route,,,True,fluid-temperature: aromatics: 10 --> fluid-temperature-range: aromatics: nil: nil,False,False,3.5912603063918482e-48,3.5912603063918482e-48
1868,1638,__pr_graph_lp_or_to_or_and__: 2823:fluid-craft-temperature: acetone: 15 --> fluid-craft-temperature: acetone,,,True,fluid-craft-temperature: acetone: 15 --> fluid-craft-temperature: acetone,False,False,3.5892371734095418e-48,3.5892371734095418e-48
1869,1616,__pr_graph_lp_or_to_or_and__: 2776:fluid-create-temperature: kerosene: 10 --> fluid-create: kerosene,,,True,fluid-create-temperature: kerosene: 10 --> fluid-create: kerosene,False,False,3.5634827107165336e-48,3.5634827107165336e-48
1870,983,__pr_graph_lp_or_to_or_and__: 10216:entity-operate: fawogae-plantation-mk01 --> recipe-category: fawogae__0__0:noncoproduct-route,,,True,entity-operate: fawogae-plantation-mk01 --> recipe-category: fawogae__0__0,False,False,3.5390415618612434e-48,3.5390415618612434e-48
1871,825,__pr_graph_lp_or_to_or_and__: 10003:entity-operate: bof-mk01 --> recipe-category: bof__0__1:noncoproduct-route,,,True,entity-operate: bof-mk01 --> recipe-category: bof__0__1,False,False,3.3707799447390939e-48,3.3707799447390939e-48
1872,714,__pr_graph_lp_or_cost_row__: item: rubber,,,True,node-cost:item: rubber,False,False,3.2651915084803115e-48,3.2651915084803115e-48
1873,1583,__pr_graph_lp_or_to_or_and__: 2705:fluid-create-temperature: pressured-air: 15 --> fluid-create: pressured-air,,,True,fluid-create-temperature: pressured-air: 15 --> fluid-create: pressured-air,False,False,3.2593118148389919e-48,3.2593118148389919e-48
1874,3540,fluid-temperature: kerosene: 10,fluid-temperature,kerosene: 10,False,,False,False,3.1546708908635545e-48,3.1546708908635545e-48
1875,1539,__pr_graph_lp_or_to_or_and__: 2591:fluid-craft-temperature: syngas: 15 --> fluid-craft-temperature: syngas,,,True,fluid-craft-temperature: syngas: 15 --> fluid-craft-temperature: syngas,False,False,2.8066261360822981e-48,2.8066261360822981e-48
1876,1040,__pr_graph_lp_or_to_or_and__: 10287:entity-operate: py-heat-exchanger --> recipe-category: heat-exchanger__1__1:noncoproduct-route,,,True,entity-operate: py-heat-exchanger --> recipe-category: heat-exchanger__1__1,False,False,2.7799899452513412e-48,2.7799899452513412e-48
1877,619,__pr_graph_lp_or_cost_row__: item: ore-tin,,,True,node-cost:item: ore-tin,False,False,2.7649691784347007e-48,2.7649691784347007e-48
1878,774,__pr_graph_lp_or_cost_row__: item: tailings-dust,,,True,node-cost:item: tailings-dust,False,False,2.7486565623785896e-48,2.7486565623785896e-48
1879,3133,entity-mine: ore-nickel,entity-mine,ore-nickel,False,,True,False,2.7167603025567192e-48,2.7167603025567192e-48
1880,3136,entity-mine: ore-titanium,entity-mine,ore-titanium,False,,True,False,2.6358767610077709e-48,2.6358767610077709e-48
1881,1604,__pr_graph_lp_or_to_or_and__: 2753:fluid-create-temperature: oxygen: 15 --> fluid-create: oxygen,,,True,fluid-create-temperature: oxygen: 15 --> fluid-create: oxygen,False,False,2.6302058817174132e-48,2.6302058817174132e-48
1882,1587,__pr_graph_lp_or_to_or_and__: 2712:fluid-craft-temperature: pressured-steam: 1000 --> fluid-craft-temperature: pressured-steam,,,True,fluid-craft-temperature: pressured-steam: 1000 --> fluid-craft-temperature: pressured-steam,False,False,2.629072950819161e-48,2.629072950819161e-48
1883,3131,entity-mine: ore-chromium,entity-mine,ore-chromium,False,,True,False,2.5868984609684536e-48,2.5868984609684536e-48
1884,998,__pr_graph_lp_or_to_or_and__: 10236:entity-operate: wpu-mk01 --> recipe-category: wpu__0__0:noncoproduct-route,,,True,entity-operate: wpu-mk01 --> recipe-category: wpu__0__0,False,False,2.539456815643441e-48,2.539456815643441e-48
1885,832,__pr_graph_lp_or_to_or_and__: 10011:entity-operate: atomizer-mk01 --> recipe-category: atomizer__0__1:noncoproduct-route,,,True,entity-operate: atomizer-mk01 --> recipe-category: atomizer__0__1,False,False,2.4962546459292327e-48,2.4962546459292327e-48
1886,581,__pr_graph_lp_or_cost_row__: item: melamine-resin,,,True,node-cost:item: melamine-resin,False,False,2.4918993735998477e-48,2.4918993735998477e-48
1887,785,__pr_graph_lp_or_cost_row__: item: titanium-plate,,,True,node-cost:item: titanium-plate,False,False,2.3915137205615231e-48,2.3915137205615231e-48
1888,1794,__pr_graph_lp_or_to_or_and__: 3188:item-craft: transport-belt --> item: transport-belt,,,True,item-craft: transport-belt --> item: transport-belt,False,False,2.303625264060927e-48,2.303625264060927e-48
1889,927,__pr_graph_lp_or_to_or_and__: 10147:entity-operate: distilator --> recipe-category: distilator__1__1:noncoproduct-route,,,True,entity-operate: distilator --> recipe-category: distilator__1__1,False,False,2.2774653834027625e-48,2.2774653834027625e-48
1890,3534,fluid-temperature: geothermal-water: 10,fluid-temperature,geothermal-water: 10,False,,False,False,2.2143612732353854e-48,2.2143612732353854e-48
1891,1527,__pr_graph_lp_or_to_or_and__: 2556:fluid-craft-temperature: acidgas: 15 --> fluid-craft-temperature: acidgas,,,True,fluid-craft-temperature: acidgas: 15 --> fluid-craft-temperature: acidgas,False,False,2.1275332187985682e-48,2.1275332187985682e-48
1892,1574,__pr_graph_lp_or_to_or_and__: 2685:fluid-create-temperature: phytoplankton: 10 --> fluid-create: phytoplankton,,,True,fluid-create-temperature: phytoplankton: 10 --> fluid-create: phytoplankton,False,False,2.1121625792728717e-48,2.1121625792728717e-48
1893,1560,__pr_graph_lp_or_to_or_and__: 2654:fluid-craft-temperature: slacked-lime: 10 --> fluid-craft-temperature: slacked-lime,,,True,fluid-craft-temperature: slacked-lime: 10 --> fluid-craft-temperature: slacked-lime,False,False,2.0901115616264568e-48,2.0901115616264568e-48
1894,1149,__pr_graph_lp_or_to_or_and__: 10423:entity-operate: fwf-mk01 --> recipe-category: fwf__1__0:noncoproduct-route,,,True,entity-operate: fwf-mk01 --> recipe-category: fwf__1__0,False,False,2.0729126454659338e-48,2.0729126454659338e-48
1895,3567,fluid-temperature: tall-oil: 10,fluid-temperature,tall-oil: 10,False,,False,False,2.0035411949249533e-48,2.0035411949249533e-48
1896,939,__pr_graph_lp_or_to_or_and__: 10159:entity-operate: distilator --> recipe-category: distilator__3__2:noncoproduct-route,,,True,entity-operate: distilator --> recipe-category: distilator__3__2,False,False,1.9835241780519138e-48,1.9835241780519138e-48
1897,928,__pr_graph_lp_or_to_or_and__: 10148:entity-operate: distilator --> recipe-category: distilator__0__1:noncoproduct-route,,,True,entity-operate: distilator --> recipe-category: distilator__0__1,False,False,1.9792954292262375e-48,1.9792954292262375e-48
1898,929,__pr_graph_lp_or_to_or_and__: 10149:entity-operate: distilator --> recipe-category: distilator__3__0:noncoproduct-route,,,True,entity-operate: distilator --> recipe-category: distilator__3__0,False,False,1.961018606924871e-48,1.961018606924871e-48
1899,936,__pr_graph_lp_or_to_or_and__: 10156:entity-operate: distilator --> recipe-category: distilator__4__0:noncoproduct-route,,,True,entity-operate: distilator --> recipe-category: distilator__4__0,False,False,1.9578641193973182e-48,1.9578641193973182e-48
1900,931,__pr_graph_lp_or_to_or_and__: 10151:entity-operate: distilator --> recipe-category: distilator__2__5:noncoproduct-route,,,True,entity-operate: distilator --> recipe-category: distilator__2__5,False,False,1.9514831105092915e-48,1.9514831105092915e-48
1901,932,__pr_graph_lp_or_to_or_and__: 10152:entity-operate: distilator --> recipe-category: distilator__2__1:noncoproduct-route,,,True,entity-operate: distilator --> recipe-category: distilator__2__1,False,False,1.9202478651140996e-48,1.9202478651140996e-48
1902,925,__pr_graph_lp_or_to_or_and__: 10145:entity-operate: distilator --> recipe-category: distilator__2__3:noncoproduct-route,,,True,entity-operate: distilator --> recipe-category: distilator__2__3,False,False,1.9002489239496209e-48,1.9002489239496209e-48
1903,938,__pr_graph_lp_or_to_or_and__: 10158:entity-operate: distilator --> recipe-category: distilator__0__4:noncoproduct-route,,,True,entity-operate: distilator --> recipe-category: distilator__0__4,False,False,1.8984240885353092e-48,1.8984240885353092e-48
1904,934,__pr_graph_lp_or_to_or_and__: 10154:entity-operate: distilator --> recipe-category: distilator__3__1:noncoproduct-route,,,True,entity-operate: distilator --> recipe-category: distilator__3__1,False,False,1.8861784104279895e-48,1.8861784104279895e-48
1905,1671,__pr_graph_lp_or_to_or_and__: 2903:fluid-craft-temperature: zogna-bacteria: 10 --> fluid-craft-temperature: zogna-bacteria,,,True,fluid-craft-temperature: zogna-bacteria: 10 --> fluid-craft-temperature: zogna-bacteria,False,False,1.8812815778727454e-48,1.8812815778727454e-48
1906,937,__pr_graph_lp_or_to_or_and__: 10157:entity-operate: distilator --> recipe-category: distilator__0__0:noncoproduct-route,,,True,entity-operate: distilator --> recipe-category: distilator__0__0,False,False,1.8512409280300998e-48,1.8512409280300998e-48
1907,924,__pr_graph_lp_or_to_or_and__: 10144:entity-operate: distilator --> recipe-category: distilator__1__2:noncoproduct-route,,,True,entity-operate: distilator --> recipe-category: distilator__1__2,False,False,1.8425311295031867e-48,1.8425311295031867e-48
1908,2668,__pr_graph_lp_or_to_or_and__: 9771:fluid-temperature: aromatics: 10 --> fluid-temperature-range: aromatics: 10: 10:noncoproduct-route,,,True,fluid-temperature: aromatics: 10 --> fluid-temperature-range: aromatics: 10: 10,False,False,1.8406422686088414e-48,1.8406422686088414e-48
1909,3552,fluid-temperature: oxygen: 15,fluid-temperature,oxygen: 15,False,,False,False,1.8329468458436493e-48,1.8329468458436493e-48
1910,1691,__pr_graph_lp_or_to_or_and__: 2945:fluid-create-temperature: geothermal-water: 10 --> fluid-create: geothermal-water,,,True,fluid-create-temperature: geothermal-water: 10 --> fluid-create: geothermal-water,False,False,1.828552696773118e-48,1.828552696773118e-48
1911,1575,__pr_graph_lp_or_to_or_and__: 2686:fluid-craft-temperature: phytoplankton: 10 --> fluid-craft-temperature: phytoplankton,,,True,fluid-craft-temperature: phytoplankton: 10 --> fluid-craft-temperature: phytoplankton,False,False,1.8045560743947011e-48,1.8045560743947011e-48
1912,982,__pr_graph_lp_or_to_or_and__: 10215:entity-operate: fawogae-plantation-mk01 --> recipe-category: fawogae__1__0:noncoproduct-route,,,True,entity-operate: fawogae-plantation-mk01 --> recipe-category: fawogae__1__0,False,False,1.7695207809306217e-48,1.7695207809306217e-48
1913,984,__pr_graph_lp_or_to_or_and__: 10217:entity-operate: fawogae-plantation-mk01 --> recipe-category: fawogae__2__0:noncoproduct-route,,,True,entity-operate: fawogae-plantation-mk01 --> recipe-category: fawogae__2__0,False,False,1.7695207809306217e-48,1.7695207809306217e-48
1914,703,__pr_graph_lp_or_cost_row__: item: refined-concrete,,,True,node-cost:item: refined-concrete,False,False,1.7221596335408264e-48,1.7221596335408264e-48
1915,822,__pr_graph_lp_or_to_or_and__: 10000:entity-operate: bof-mk01 --> recipe-category: bof__2__2:noncoproduct-route,,,True,entity-operate: bof-mk01 --> recipe-category: bof__2__2,False,False,1.6903669417113404e-48,1.6903669417113404e-48
1916,823,__pr_graph_lp_or_to_or_and__: 10001:entity-operate: bof-mk01 --> recipe-category: bof__3__1:noncoproduct-route,,,True,entity-operate: bof-mk01 --> recipe-category: bof__3__1,False,False,1.6903669417113404e-48,1.6903669417113404e-48
1917,824,__pr_graph_lp_or_to_or_and__: 10002:entity-operate: bof-mk01 --> recipe-category: bof__4__1:noncoproduct-route,,,True,entity-operate: bof-mk01 --> recipe-category: bof__4__1,False,False,1.6903669417113404e-48,1.6903669417113404e-48
1918,826,__pr_graph_lp_or_to_or_and__: 10004:entity-operate: bof-mk01 --> recipe-category: bof__2__0:noncoproduct-route,,,True,entity-operate: bof-mk01 --> recipe-category: bof__2__0,False,False,1.6903669417113404e-48,1.6903669417113404e-48
1919,827,__pr_graph_lp_or_to_or_and__: 10005:entity-operate: bof-mk01 --> recipe-category: bof__0__0:noncoproduct-route,,,True,entity-operate: bof-mk01 --> recipe-category: bof__0__0,False,False,1.6903669417113404e-48,1.6903669417113404e-48
1920,2843,__pr_graph_lp_or_to_or_and__: 9997:entity-operate: bof-mk01 --> recipe-category: bof__1__1:noncoproduct-route,,,True,entity-operate: bof-mk01 --> recipe-category: bof__1__1,False,False,1.6903669417113404e-48,1.6903669417113404e-48
1921,2844,__pr_graph_lp_or_to_or_and__: 9998:entity-operate: bof-mk01 --> recipe-category: bof__1__0:noncoproduct-route,,,True,entity-operate: bof-mk01 --> recipe-category: bof__1__0,False,False,1.6903669417113404e-48,1.6903669417113404e-48
1922,2845,__pr_graph_lp_or_to_or_and__: 9999:entity-operate: bof-mk01 --> recipe-category: bof__2__1:noncoproduct-route,,,True,entity-operate: bof-mk01 --> recipe-category: bof__2__1,False,False,1.6903669417113404e-48,1.6903669417113404e-48
1923,1571,__pr_graph_lp_or_to_or_and__: 2679:fluid-create-temperature: vacuum: 15 --> fluid-create: vacuum,,,True,fluid-create-temperature: vacuum: 15 --> fluid-create: vacuum,False,False,1.6780439499173725e-48,1.6780439499173725e-48
1924,2133,__pr_graph_lp_or_to_or_and__: 4824:item-craft: moss --> item: moss,,,True,item-craft: moss --> item: moss,False,False,1.6159127296574385e-48,1.6159127296574385e-48
1925,1189,__pr_graph_lp_or_to_or_and__: 10473:entity-operate: prandium-lab-mk01 --> recipe-category: cottongut__0__0:noncoproduct-route,,,True,entity-operate: prandium-lab-mk01 --> recipe-category: cottongut__0__0,False,False,1.5987956336802631e-48,1.5987956336802631e-48
1926,1132,__pr_graph_lp_or_to_or_and__: 10401:entity-operate: reformer-mk01 --> recipe-category: reformer__2__1:noncoproduct-route,,,True,entity-operate: reformer-mk01 --> recipe-category: reformer__2__1,False,False,1.5659947599432449e-48,1.5659947599432449e-48
1927,2823,__pr_graph_lp_or_to_or_and__: 9975:entity-operate: assembling-machine-1 --> fuel-category-burn: biomass:noncoproduct-route,,,True,entity-operate: assembling-machine-1 --> fuel-category-burn: biomass,False,False,1.5547389383129046e-48,1.5547389383129046e-48
1928,2833,__pr_graph_lp_or_to_or_and__: 9986:entity-operate: assembling-machine-2 --> fuel-category-burn: biomass:noncoproduct-route,,,True,entity-operate: assembling-machine-2 --> fuel-category-burn: biomass,False,False,1.554714768810194e-48,1.554714768810194e-48
1929,845,__pr_graph_lp_or_to_or_and__: 10028:entity-operate: py-burner --> fuel-category-burn: biomass:noncoproduct-route,,,True,entity-operate: py-burner --> fuel-category-burn: biomass,False,False,1.5546722981038833e-48,1.5546722981038833e-48
1930,839,__pr_graph_lp_or_to_or_and__: 10020:entity-operate: car --> fuel-category-burn: biomass:noncoproduct-route,,,True,entity-operate: car --> fuel-category-burn: biomass,False,False,1.5546594305854584e-48,1.5546594305854584e-48
1931,829,__pr_graph_lp_or_to_or_and__: 10008:entity-operate: atomizer-mk01 --> fuel-category-burn: biomass:noncoproduct-route,,,True,entity-operate: atomizer-mk01 --> fuel-category-burn: biomass,False,False,1.5546117721003633e-48,1.5546117721003633e-48
1932,841,__pr_graph_lp_or_to_or_and__: 10023:entity-operate: stone-furnace --> fuel-category-burn: biomass:noncoproduct-route,,,True,entity-operate: stone-furnace --> fuel-category-burn: biomass,False,False,1.5546109387945403e-48,1.5546109387945403e-48
1933,2842,__pr_graph_lp_or_to_or_and__: 9996:entity-operate: bof-mk01 --> fuel-category-burn: biomass:noncoproduct-route,,,True,entity-operate: bof-mk01 --> fuel-category-burn: biomass,False,False,1.5546103968798384e-48,1.5546103968798384e-48
1934,852,__pr_graph_lp_or_to_or_and__: 10037:entity-operate: fluid-drill-mk01 --> fuel-category-burn: biomass:noncoproduct-route,,,True,entity-operate: fluid-drill-mk01 --> fuel-category-burn: biomass,False,False,1.5546102570505436e-48,1.5546102570505436e-48
1935,854,__pr_graph_lp_or_to_or_and__: 10040:entity-operate: py-biomass-powerplant-mk01 --> fuel-category-burn: biomass:noncoproduct-route,,,True,entity-operate: py-biomass-powerplant-mk01 --> fuel-category-burn: biomass,False,False,1.5546102097109369e-48,1.5546102097109369e-48
1936,849,__pr_graph_lp_or_to_or_and__: 10033:entity-operate: burner-mining-drill --> fuel-category-burn: biomass:noncoproduct-route,,,True,entity-operate: burner-mining-drill --> fuel-category-burn: biomass,False,False,1.5546101599270927e-48,1.5546101599270927e-48
1937,2628,__pr_graph_lp_or_to_or_and__: 9717:entity-operate: boiler --> fuel-category-burn: biomass:noncoproduct-route,,,True,entity-operate: boiler --> fuel-category-burn: biomass,False,False,1.5546100609655178e-48,1.5546100609655178e-48
1938,1,__pr_graph_lp_explicit_zero_free_source__: 11769:entity-operate: locomotive --> fuel-category-burn: biomass,,,True,explicit-zero:entity-operate: locomotive --> fuel-category-burn: biomass,False,False,1.5546100588064502e-48,1.5546100588064502e-48
1939,1449,__pr_graph_lp_or_to_or_and__: 2077:item: electric-mining-drill --> entity-build-item: electric-mining-drill,,,True,item: electric-mining-drill --> entity-build-item: electric-mining-drill,False,False,1.5440946879073781e-48,1.5440946879073781e-48
1940,1910,__pr_graph_lp_or_to_or_and__: 4056:item-craft: ore-aluminium --> item: ore-aluminium,,,True,item-craft: ore-aluminium --> item: ore-aluminium,False,False,1.5357897955075867e-48,1.5357897955075867e-48
1941,621,__pr_graph_lp_or_cost_row__: item: ore-zinc,,,True,node-cost:item: ore-zinc,False,False,1.5337630842322781e-48,1.5337630842322781e-48
1942,833,__pr_graph_lp_or_to_or_and__: 10012:entity-operate: atomizer-mk01 --> recipe-category: atomizer__1__1:noncoproduct-route,,,True,entity-operate: atomizer-mk01 --> recipe-category: atomizer__1__1,False,False,1.4846027841799305e-48,1.4846027841799305e-48
1943,1463,__pr_graph_lp_or_to_or_and__: 2137:item: pump --> entity-build-item: pump,,,True,item: pump --> entity-build-item: pump,False,False,1.4521537317245396e-48,1.4521537317245396e-48
1944,1067,__pr_graph_lp_or_to_or_and__: 10321:entity-operate: electrolyzer-mk01 --> recipe-category: electrolyzer__1__2:noncoproduct-route,,,True,entity-operate: electrolyzer-mk01 --> recipe-category: electrolyzer__1__2,False,False,1.4341059430155975e-48,1.4341059430155975e-48
1945,831,__pr_graph_lp_or_to_or_and__: 10010:entity-operate: atomizer-mk01 --> recipe-category: atomizer__1__0:noncoproduct-route,,,True,entity-operate: atomizer-mk01 --> recipe-category: atomizer__1__0,False,False,1.4295164022027793e-48,1.4295164022027793e-48
1946,1066,__pr_graph_lp_or_to_or_and__: 10320:entity-operate: electrolyzer-mk01 --> recipe-category: electrolyzer__2__1:noncoproduct-route,,,True,entity-operate: electrolyzer-mk01 --> recipe-category: electrolyzer__2__1,False,False,1.4138598442394567e-48,1.4138598442394567e-48
1947,1063,__pr_graph_lp_or_to_or_and__: 10317:entity-operate: electrolyzer-mk01 --> recipe-category: electrolyzer__1__0:noncoproduct-route,,,True,entity-operate: electrolyzer-mk01 --> recipe-category: electrolyzer__1__0,False,False,1.410194264878656e-48,1.410194264878656e-48
1948,957,__pr_graph_lp_or_to_or_and__: 10180:entity-operate: tar-processing-unit --> recipe-category: tar__2__3:noncoproduct-route,,,True,entity-operate: tar-processing-unit --> recipe-category: tar__2__3,False,False,1.3838224692460708e-48,1.3838224692460708e-48
1949,436,__pr_graph_lp_or_cost_row__: item: copper-ore,,,True,node-cost:item: copper-ore,False,False,1.379802603363509e-48,1.379802603363509e-48
1950,834,__pr_graph_lp_or_to_or_and__: 10013:entity-operate: atomizer-mk01 --> recipe-category: atomizer__2__1:noncoproduct-route,,,True,entity-operate: atomizer-mk01 --> recipe-category: atomizer__2__1,False,False,1.3769837702885101e-48,1.3769837702885101e-48
1951,1064,__pr_graph_lp_or_to_or_and__: 10318:entity-operate: electrolyzer-mk01 --> recipe-category: electrolyzer__0__0:noncoproduct-route,,,True,entity-operate: electrolyzer-mk01 --> recipe-category: electrolyzer__0__0,False,False,1.3670583022033029e-48,1.3670583022033029e-48
1952,1069,__pr_graph_lp_or_to_or_and__: 10323:entity-operate: electrolyzer-mk01 --> recipe-category: electrolyzer__3__1:noncoproduct-route,,,True,entity-operate: electrolyzer-mk01 --> recipe-category: electrolyzer__3__1,False,False,1.3447783076105834e-48,1.3447783076105834e-48
1953,1062,__pr_graph_lp_or_to_or_and__: 10316:entity-operate: electrolyzer-mk01 --> recipe-category: electrolyzer__3__0:noncoproduct-route,,,True,entity-operate: electrolyzer-mk01 --> recipe-category: electrolyzer__3__0,False,False,1.3159275287020111e-48,1.3159275287020111e-48
1954,1131,__pr_graph_lp_or_to_or_and__: 10400:entity-operate: reformer-mk01 --> recipe-category: reformer__1__1:noncoproduct-route,,,True,entity-operate: reformer-mk01 --> recipe-category: reformer__1__1,False,False,1.3127619127311964e-48,1.3127619127311964e-48
1955,1133,__pr_graph_lp_or_to_or_and__: 10402:entity-operate: reformer-mk01 --> recipe-category: reformer__1__0:noncoproduct-route,,,True,entity-operate: reformer-mk01 --> recipe-category: reformer__1__0,False,False,1.3119306607521756e-48,1.3119306607521756e-48
1956,1130,__pr_graph_lp_or_to_or_and__: 10399:entity-operate: reformer-mk01 --> recipe-category: reformer__2__0:noncoproduct-route,,,True,entity-operate: reformer-mk01 --> recipe-category: reformer__2__0,False,False,1.289713783268397e-48,1.289713783268397e-48
1957,1068,__pr_graph_lp_or_to_or_and__: 10322:entity-operate: electrolyzer-mk01 --> recipe-category: electrolyzer__0__1:noncoproduct-route,,,True,entity-operate: electrolyzer-mk01 --> recipe-category: electrolyzer__0__1,False,False,1.2809174945306045e-48,1.2809174945306045e-48
1958,1134,__pr_graph_lp_or_to_or_and__: 10403:entity-operate: reformer-mk01 --> recipe-category: reformer__3__2:noncoproduct-route,,,True,entity-operate: reformer-mk01 --> recipe-category: reformer__3__2,False,False,1.2645229042134641e-48,1.2645229042134641e-48
1959,1196,__pr_graph_lp_or_to_or_and__: 10484:entity-operate: sap-extractor-mk01 --> recipe-category: sap-extractor__0__0:noncoproduct-route,,,True,entity-operate: sap-extractor-mk01 --> recipe-category: sap-extractor__0__0,False,False,1.2528341056566747e-48,1.2528341056566747e-48
1960,1634,__pr_graph_lp_or_to_or_and__: 2815:fluid-create-temperature: tall-oil: 10 --> fluid-create: tall-oil,,,True,fluid-create-temperature: tall-oil: 10 --> fluid-create: tall-oil,False,False,1.2271699902487835e-48,1.2271699902487835e-48
1961,376,__pr_graph_lp_or_cost_row__: item: blade-mk01,,,True,node-cost:item: blade-mk01,False,False,1.1557515527996383e-48,1.1557515527996383e-48
1962,1135,__pr_graph_lp_or_to_or_and__: 10405:entity-operate: rhe --> recipe-category: rhe__1__1:noncoproduct-route,,,True,entity-operate: rhe --> recipe-category: rhe__1__1,False,False,1.1418871461096385e-48,1.1418871461096385e-48
1963,1008,__pr_graph_lp_or_to_or_and__: 10249:entity-operate: plankton-farm --> recipe-category: plankton__1__1:noncoproduct-route,,,True,entity-operate: plankton-farm --> recipe-category: plankton__1__1,False,False,1.1313562663607198e-48,1.1313562663607198e-48
1964,2626,__pr_graph_lp_or_to_or_and__: 9715:entity-operate: boiler --> fluid-create-temperature: steam: 250:noncoproduct-route,,,True,entity-operate: boiler --> fluid-create-temperature: steam: 250,False,False,1.1103477656086148e-48,1.1103477656086148e-48
1965,2629,__pr_graph_lp_or_to_or_and__: 9719:entity-operate: oil-boiler-mk01 --> fluid-create-temperature: steam: 250:noncoproduct-route,,,True,entity-operate: oil-boiler-mk01 --> fluid-create-temperature: steam: 250,False,False,1.1092958572159774e-48,1.1092958572159774e-48
1966,1605,__pr_graph_lp_or_to_or_and__: 2754:fluid-craft-temperature: oxygen: 15 --> fluid-craft-temperature: oxygen,,,True,fluid-craft-temperature: oxygen: 15 --> fluid-craft-temperature: oxygen,False,False,1.0723918896201854e-48,1.0723918896201854e-48
1967,1729,__pr_graph_lp_or_to_or_and__: 2994:item: raw-fiber --> fuel-category: biomass__0,,,True,item: raw-fiber --> fuel-category: biomass__0,False,False,1.0682247780565025e-48,1.0682247780565025e-48
1968,2242,__pr_graph_lp_or_to_or_and__: 8677:item: raw-fiber --> energy-source-burner: chemical__biomass__jerry__nuke_2_1,,,True,item: raw-fiber --> energy-source-burner: chemical__biomass__jerry__nuke_2_1,False,False,1.0682247780565025e-48,1.0682247780565025e-48
1969,2355,__pr_graph_lp_or_to_or_and__: 8790:item: raw-fiber --> energy-source-burner: chemical__biomass__nuke_2_1,,,True,item: raw-fiber --> energy-source-burner: chemical__biomass__nuke_2_1,False,False,1.0682247780565025e-48,1.0682247780565025e-48
1970,1683,__pr_graph_lp_or_to_or_and__: 2927:fluid-craft-temperature: formic-acid: 15 --> fluid-craft-temperature: formic-acid,,,True,fluid-craft-temperature: formic-acid: 15 --> fluid-craft-temperature: formic-acid,False,False,1.0497426660244959e-48,1.0497426660244959e-48
1971,1150,__pr_graph_lp_or_to_or_and__: 10424:entity-operate: fwf-mk01 --> recipe-category: fwf__2__0:noncoproduct-route,,,True,entity-operate: fwf-mk01 --> recipe-category: fwf__2__0,False,False,1.0364563227329669e-48,1.0364563227329669e-48
1972,1728,__pr_graph_lp_or_to_or_and__: 2993:item: treated-wood --> fuel-category: biomass__0,,,True,item: treated-wood --> fuel-category: biomass__0,False,False,1.0249707819707909e-48,1.0249707819707909e-48
1973,2241,__pr_graph_lp_or_to_or_and__: 8676:item: treated-wood --> energy-source-burner: chemical__biomass__jerry__nuke_2_1,,,True,item: treated-wood --> energy-source-burner: chemical__biomass__jerry__nuke_2_1,False,False,1.0249707819707909e-48,1.0249707819707909e-48
1974,2354,__pr_graph_lp_or_to_or_and__: 8789:item: treated-wood --> energy-source-burner: chemical__biomass__nuke_2_1,,,True,item: treated-wood --> energy-source-burner: chemical__biomass__nuke_2_1,False,False,1.0249707819707909e-48,1.0249707819707909e-48
1975,1612,__pr_graph_lp_or_to_or_and__: 2767:fluid-craft-temperature: coke-oven-gas: 250 --> fluid-create-temperature: coke-oven-gas: 250,,,True,fluid-craft-temperature: coke-oven-gas: 250 --> fluid-create-temperature: coke-oven-gas: 250,False,False,9.3035711356090014e-49,9.3035711356090014e-49
1976,3519,fluid-temperature: carbon-dioxide: 15,fluid-temperature,carbon-dioxide: 15,False,,False,False,9.2366697684853439e-49,9.2366697684853439e-49
1977,3132,entity-mine: ore-lead,entity-mine,ore-lead,False,,True,False,8.1426789633905127e-49,8.1426789633905127e-49
1978,2177,__pr_graph_lp_or_to_or_and__: 7647:item: vrauks-mk02 --> recipe-py-module: vrauks-cocoon-1-no-water,,,True,item: vrauks-mk02 --> recipe-py-module: vrauks-cocoon-1-no-water,False,False,8.096632252609321e-49,8.096632252609321e-49
1979,1529,__pr_graph_lp_or_to_or_and__: 2561:fluid-create-temperature: carbon-dioxide: 15 --> fluid-create: carbon-dioxide,,,True,fluid-create-temperature: carbon-dioxide: 15 --> fluid-create: carbon-dioxide,False,False,7.4809157681949872e-49,7.4809157681949872e-49
1980,1835,__pr_graph_lp_or_to_or_and__: 3799:item-craft: alien-sample01 --> item: alien-sample01,,,True,item-craft: alien-sample01 --> item: alien-sample01,False,False,7.3119318543681726e-49,7.3119318543681726e-49
1981,372,__pr_graph_lp_or_cost_row__: item: bio-sample01,,,True,node-cost:item: bio-sample01,False,False,7.265123026099668e-49,7.265123026099668e-49
1982,1493,__pr_graph_lp_or_to_or_and__: 2393:item: transport-belt --> entity-build-item: transport-belt,,,True,item: transport-belt --> entity-build-item: transport-belt,False,False,7.1086376467816553e-49,7.1086376467816553e-49
1983,2110,__pr_graph_lp_or_to_or_and__: 4649:item-craft: antimony-drill-mk01 --> item: antimony-drill-mk01,,,True,item-craft: antimony-drill-mk01 --> item: antimony-drill-mk01,False,False,7.0648233492359593e-49,7.0648233492359593e-49
1984,1000,__pr_graph_lp_or_to_or_and__: 10239:entity-operate: glassworks-mk01 --> recipe-category: glassworks__1__0:noncoproduct-route,,,True,entity-operate: glassworks-mk01 --> recipe-category: glassworks__1__0,False,False,6.7736366043789317e-49,6.7736366043789317e-49
1985,2179,__pr_graph_lp_or_to_or_and__: 7649:item: vrauks-mk02 --> recipe-py-module: vrauks-cocoon-2-no-water,,,True,item: vrauks-mk02 --> recipe-py-module: vrauks-cocoon-2-no-water,False,False,6.7685375265711577e-49,6.7685375265711577e-49
1986,1322,__pr_graph_lp_or_to_or_and__: 1689:item: moondrop --> entity-operate-py-module: moondrop-greenhouse-mk01,,,True,item: moondrop --> entity-operate-py-module: moondrop-greenhouse-mk01,False,False,6.3792787100847821e-49,6.3792787100847821e-49
1987,1197,__pr_graph_lp_or_to_or_and__: 10485:entity-operate: sap-extractor-mk01 --> recipe-category: sap-extractor__1__0:noncoproduct-route,,,True,entity-operate: sap-extractor-mk01 --> recipe-category: sap-extractor__1__0,False,False,6.2641705282833733e-49,6.2641705282833733e-49
1988,1647,__pr_graph_lp_or_to_or_and__: 2844:fluid-craft-temperature: polybutadiene: 10 --> fluid-craft-temperature: polybutadiene,,,True,fluid-craft-temperature: polybutadiene: 10 --> fluid-craft-temperature: polybutadiene,False,False,6.2550173294665643e-49,6.2550173294665643e-49
1989,610,__pr_graph_lp_or_cost_row__: item: nickel-plate,,,True,node-cost:item: nickel-plate,False,False,6.1898851130196469e-49,6.1898851130196469e-49
1990,2181,__pr_graph_lp_or_to_or_and__: 7651:item: vrauks-mk02 --> recipe-py-module: vrauks-cocoon-3-no-water,,,True,item: vrauks-mk02 --> recipe-py-module: vrauks-cocoon-3-no-water,False,False,6.1692861539623287e-49,6.1692861539623287e-49
1991,1798,__pr_graph_lp_or_to_or_and__: 3201:item-craft: storage-tank --> item: storage-tank,,,True,item-craft: storage-tank --> item: storage-tank,False,False,6.0231909272625048e-49,6.0231909272625048e-49
1992,1009,__pr_graph_lp_or_to_or_and__: 10250:entity-operate: plankton-farm --> recipe-category: plankton__2__1:noncoproduct-route,,,True,entity-operate: plankton-farm --> recipe-category: plankton__2__1,False,False,5.9790791258009358e-49,5.9790791258009358e-49
1993,1553,__pr_graph_lp_or_to_or_and__: 2634:fluid-create-temperature: water-saline: 25 --> fluid-create: water-saline,,,True,fluid-create-temperature: water-saline: 25 --> fluid-create: water-saline,False,False,5.9626605456134418e-49,5.9626605456134418e-49
1994,1032,__pr_graph_lp_or_to_or_and__: 10278:entity-operate: bio-reactor-mk01 --> recipe-category: bio-reactor__3__2:noncoproduct-route,,,True,entity-operate: bio-reactor-mk01 --> recipe-category: bio-reactor__3__2,False,False,5.8472912986179106e-49,5.8472912986179106e-49
1995,2165,__pr_graph_lp_or_to_or_and__: 6738:item: vrauks-mk02 --> recipe-py-module: vrauks-cocoon-3,,,True,item: vrauks-mk02 --> recipe-py-module: vrauks-cocoon-3,False,False,5.8016035942038483e-49,5.8016035942038483e-49
1996,2173,__pr_graph_lp_or_to_or_and__: 6768:item: vrauks-mk02 --> recipe-py-module: vrauks-mk03,,,True,item: vrauks-mk02 --> recipe-py-module: vrauks-mk03,False,False,5.8016035942038483e-49,5.8016035942038483e-49
1997,2175,__pr_graph_lp_or_to_or_and__: 6770:item: vrauks-mk02 --> recipe-py-module: vrauks-mk04,,,True,item: vrauks-mk02 --> recipe-py-module: vrauks-mk04,False,False,5.8016035942038483e-49,5.8016035942038483e-49
1998,1003,__pr_graph_lp_or_to_or_and__: 10242:entity-operate: glassworks-mk01 --> recipe-category: glassworks__3__0:noncoproduct-route,,,True,entity-operate: glassworks-mk01 --> recipe-category: glassworks__3__0,False,False,5.7232558306369298e-49,5.7232558306369298e-49
1999,977,__pr_graph_lp_or_to_or_and__: 10206:entity-operate: soil-extractor-mk01 --> recipe-category: soil-extraction__1__0:noncoproduct-route,,,True,entity-operate: soil-extractor-mk01 --> recipe-category: soil-extraction__1__0,False,False,5.6347724894316767e-49,5.6347724894316767e-49
2000,1034,__pr_graph_lp_or_to_or_and__: 10280:entity-operate: bio-reactor-mk01 --> recipe-category: bio-reactor__1__2:noncoproduct-route,,,True,entity-operate: bio-reactor-mk01 --> recipe-category: bio-reactor__1__2,False,False,5.6108609121003015e-49,5.6108609121003015e-49
2001,2677,__pr_graph_lp_or_to_or_and__: 9783:fluid-temperature: boric-acid: 10 --> fluid-temperature-range: boric-acid: 10: 10:noncoproduct-route,,,True,fluid-temperature: boric-acid: 10 --> fluid-temperature-range: boric-acid: 10: 10,False,False,5.5912281834078856e-49,5.5912281834078856e-49
2002,1031,__pr_graph_lp_or_to_or_and__: 10277:entity-operate: bio-reactor-mk01 --> recipe-category: bio-reactor__0__0:noncoproduct-route,,,True,entity-operate: bio-reactor-mk01 --> recipe-category: bio-reactor__0__0,False,False,5.5659925466862477e-49,5.5659925466862477e-49
2003,1038,__pr_graph_lp_or_to_or_and__: 10285:entity-operate: py-heat-exchanger --> recipe-category: heat-exchanger__2__2:noncoproduct-route,,,True,entity-operate: py-heat-exchanger --> recipe-category: heat-exchanger__2__2,False,False,5.5599798905026822e-49,5.5599798905026822e-49
2004,1039,__pr_graph_lp_or_to_or_and__: 10286:entity-operate: py-heat-exchanger --> recipe-category: heat-exchanger__2__1:noncoproduct-route,,,True,entity-operate: py-heat-exchanger --> recipe-category: heat-exchanger__2__1,False,False,5.5599798905026822e-49,5.5599798905026822e-49
2005,556,__pr_graph_lp_or_cost_row__: item: kerogen,,,True,node-cost:item: kerogen,False,False,5.3793050757574328e-49,5.3793050757574328e-49
2006,2666,__pr_graph_lp_or_to_or_and__: 9769:fluid-temperature: aromatics: 10 --> fluid: aromatics:noncoproduct-route,,,True,fluid-temperature: aromatics: 10 --> fluid: aromatics,False,False,5.3761013930312561e-49,5.3761013930312561e-49
2007,1036,__pr_graph_lp_or_to_or_and__: 10282:entity-operate: bio-reactor-mk01 --> recipe-category: bio-reactor__3__1:noncoproduct-route,,,True,entity-operate: bio-reactor-mk01 --> recipe-category: bio-reactor__3__1,False,False,5.3558143333444146e-49,5.3558143333444146e-49
2008,1033,__pr_graph_lp_or_to_or_and__: 10279:entity-operate: bio-reactor-mk01 --> recipe-category: bio-reactor__0__1:noncoproduct-route,,,True,entity-operate: bio-reactor-mk01 --> recipe-category: bio-reactor__0__1,False,False,5.329421279905895e-49,5.329421279905895e-49
2009,1818,__pr_graph_lp_or_to_or_and__: 3747:item-craft: soil --> item: soil,,,True,item-craft: soil --> item: soil,False,False,5.2780341617543116e-49,5.2780341617543116e-49
2010,2564,__pr_graph_lp_or_to_or_and__: 9609:entity-build: rail-signal --> entity: rail-signal:noncoproduct-route,,,True,entity-build: rail-signal --> entity: rail-signal,False,False,5.2481349868462434e-49,5.2481349868462434e-49
2011,1658,__pr_graph_lp_or_to_or_and__: 2870:fluid-create-temperature: carbolic-oil: 10 --> fluid-create: carbolic-oil,,,True,fluid-create-temperature: carbolic-oil: 10 --> fluid-create: carbolic-oil,False,False,5.2205410363429842e-49,5.2205410363429842e-49
2012,1987,__pr_graph_lp_or_to_or_and__: 4270:item-craft: warm-stone-brick --> item: warm-stone-brick,,,True,item-craft: warm-stone-brick --> item: warm-stone-brick,False,False,5.1650311732659324e-49,5.1650311732659324e-49
2013,1037,__pr_graph_lp_or_to_or_and__: 10283:entity-operate: bio-reactor-mk01 --> recipe-category: bio-reactor__2__2:noncoproduct-route,,,True,entity-operate: bio-reactor-mk01 --> recipe-category: bio-reactor__2__2,False,False,5.0806528340146378e-49,5.0806528340146378e-49
2014,2854,entity-build: arithmetic-combinator,entity-build,arithmetic-combinator,False,,False,False,5.0455809258673122e-49,5.0455809258673122e-49
2015,1005,__pr_graph_lp_or_to_or_and__: 10244:entity-operate: glassworks-mk01 --> recipe-category: glassworks__0__0:noncoproduct-route,,,True,entity-operate: glassworks-mk01 --> recipe-category: glassworks__0__0,False,False,4.9449048860768708e-49,4.9449048860768708e-49
2016,850,__pr_graph_lp_or_to_or_and__: 10034:entity-operate: burner-mining-drill --> resource-category: basic-solid__0__0:noncoproduct-route,,,True,entity-operate: burner-mining-drill --> resource-category: basic-solid__0__0,False,False,4.930327393280674e-49,4.930327393280674e-49
2017,2702,__pr_graph_lp_or_to_or_and__: 9816:fluid-temperature: gasoline: 10 --> fluid-temperature-range: gasoline: 10: 10:noncoproduct-route,,,True,fluid-temperature: gasoline: 10 --> fluid-temperature-range: gasoline: 10: 10,False,False,4.9059379106856528e-49,4.9059379106856528e-49
2018,1035,__pr_graph_lp_or_to_or_and__: 10281:entity-operate: bio-reactor-mk01 --> recipe-category: bio-reactor__2__1:noncoproduct-route,,,True,entity-operate: bio-reactor-mk01 --> recipe-category: bio-reactor__2__1,False,False,4.8872366488122023e-49,4.8872366488122023e-49
2019,116,__pr_graph_lp_or_cost_row__: entity: chipshooter-mk01,,,True,node-cost:entity: chipshooter-mk01,False,False,4.8753397836871891e-49,4.8753397836871891e-49
2020,1028,__pr_graph_lp_or_to_or_and__: 10274:entity-operate: bio-reactor-mk01 --> recipe-category: bio-reactor__1__1:noncoproduct-route,,,True,entity-operate: bio-reactor-mk01 --> recipe-category: bio-reactor__1__1,False,False,4.8142600795659521e-49,4.8142600795659521e-49
2021,1030,__pr_graph_lp_or_to_or_and__: 10276:entity-operate: bio-reactor-mk01 --> recipe-category: bio-reactor__1__0:noncoproduct-route,,,True,entity-operate: bio-reactor-mk01 --> recipe-category: bio-reactor__1__0,False,False,4.8142600795659521e-49,4.8142600795659521e-49
2022,498,__pr_graph_lp_or_cost_row__: item: fluid-wagon,,,True,node-cost:item: fluid-wagon,False,False,4.7565336803469546e-49,4.7565336803469546e-49
2023,1002,__pr_graph_lp_or_to_or_and__: 10241:entity-operate: glassworks-mk01 --> recipe-category: glassworks__1__1:noncoproduct-route,,,True,entity-operate: glassworks-mk01 --> recipe-category: glassworks__1__1,False,False,4.7552921354471568e-49,4.7552921354471568e-49
2024,1440,__pr_graph_lp_or_to_or_and__: 2041:item: inserter --> entity-build-item: inserter,,,True,item: inserter --> entity-build-item: inserter,False,False,4.687048706526229e-49,4.687048706526229e-49
2025,979,__pr_graph_lp_or_to_or_and__: 10210:entity-operate: washer --> recipe-category: washer__1__1:noncoproduct-route,,,True,entity-operate: washer --> recipe-category: washer__1__1,False,False,4.6163275433546932e-49,4.6163275433546932e-49
2026,1212,__pr_graph_lp_or_to_or_and__: 10506:entity-operate: electric-mining-drill --> resource-category: basic-solid__0__0:noncoproduct-route,,,True,entity-operate: electric-mining-drill --> resource-category: basic-solid__0__0,False,False,4.5638295510208486e-49,4.5638295510208486e-49
2027,2793,__pr_graph_lp_or_to_or_and__: 9936:fluid-temperature: liquid-manure: 10 --> fluid-temperature-range: liquid-manure: 10: 10:noncoproduct-route,,,True,fluid-temperature: liquid-manure: 10 --> fluid-temperature-range: liquid-manure: 10: 10,False,False,4.5301459148098198e-49,4.5301459148098198e-49
2028,2183,__pr_graph_lp_or_to_or_and__: 7653:item: vrauks-mk02 --> recipe-py-module: vrauks-cocoon-4-no-water,,,True,item: vrauks-mk02 --> recipe-py-module: vrauks-cocoon-4-no-water,False,False,4.4714089709904752e-49,4.4714089709904752e-49
2029,2081,__pr_graph_lp_or_to_or_and__: 4585:item-craft: sb-grade-01 --> item: sb-grade-01,,,True,item-craft: sb-grade-01 --> item: sb-grade-01,False,False,4.3195788252183363e-49,4.3195788252183363e-49
2030,2167,__pr_graph_lp_or_to_or_and__: 6740:item: vrauks-mk02 --> recipe-py-module: vrauks-cocoon-4,,,True,item: vrauks-mk02 --> recipe-py-module: vrauks-cocoon-4,False,False,4.2959511337285905e-49,4.2959511337285905e-49
2031,990,__pr_graph_lp_or_to_or_and__: 10224:entity-operate: ralesia-plantation-mk01 --> recipe-category: ralesia__3__1:noncoproduct-route,,,True,entity-operate: ralesia-plantation-mk01 --> recipe-category: ralesia__3__1,False,False,4.2524038416071641e-49,4.2524038416071641e-49
2032,2953,entity-build: py-construction-robot-mk01,entity-build,py-construction-robot-mk01,False,,False,False,4.1610023937194258e-49,4.1610023937194258e-49
2033,1967,__pr_graph_lp_or_to_or_and__: 4208:item-craft: formica --> item: formica,,,True,item-craft: formica --> item: formica,False,False,4.1586835412089598e-49,4.1586835412089598e-49
2034,2596,__pr_graph_lp_or_to_or_and__: 9673:entity-build: py-underflow-valve --> entity: py-underflow-valve:noncoproduct-route,,,True,entity-build: py-underflow-valve --> entity: py-underflow-valve,False,False,4.1534654359350738e-49,4.1534654359350738e-49
2035,741,__pr_graph_lp_or_cost_row__: item: small-electric-pole,,,True,node-cost:item: small-electric-pole,False,False,4.142119791010347e-49,4.142119791010347e-49
2036,989,__pr_graph_lp_or_to_or_and__: 10223:entity-operate: ralesia-plantation-mk01 --> recipe-category: ralesia__2__1:noncoproduct-route,,,True,entity-operate: ralesia-plantation-mk01 --> recipe-category: ralesia__2__1,False,False,4.1325193775643087e-49,4.1325193775643087e-49
2037,2587,__pr_graph_lp_or_to_or_and__: 9655:entity-build: outpost-fluid --> entity: outpost-fluid:noncoproduct-route,,,True,entity-build: outpost-fluid --> entity: outpost-fluid,False,False,4.1274137040441084e-49,4.1274137040441084e-49
2038,2380,__pr_graph_lp_or_to_or_and__: 8815:item: syngas-canister --> energy-source-burner: jerry_2_1,,,True,item: syngas-canister --> energy-source-burner: jerry_2_1,False,False,4.0724140975966603e-49,4.0724140975966603e-49
2039,2379,__pr_graph_lp_or_to_or_and__: 8814:item: coal-gas-canister --> energy-source-burner: jerry_2_1,,,True,item: coal-gas-canister --> energy-source-burner: jerry_2_1,False,False,4.0723885179586412e-49,4.0723885179586412e-49
2040,2393,__pr_graph_lp_or_to_or_and__: 8828:item: pitch-canister --> energy-source-burner: jerry_2_1,,,True,item: pitch-canister --> energy-source-burner: jerry_2_1,False,False,4.0723512305394203e-49,4.0723512305394203e-49
2041,2392,__pr_graph_lp_or_to_or_and__: 8827:item: naphthalene-oil-canister --> energy-source-burner: jerry_2_1,,,True,item: naphthalene-oil-canister --> energy-source-burner: jerry_2_1,False,False,4.0723379533523683e-49,4.0723379533523683e-49
2042,2381,__pr_graph_lp_or_to_or_and__: 8816:item: tar-canister --> energy-source-burner: jerry_2_1,,,True,item: tar-canister --> energy-source-burner: jerry_2_1,False,False,4.072335774205564e-49,4.072335774205564e-49
2043,2382,__pr_graph_lp_or_to_or_and__: 8817:item: aromatics-canister --> energy-source-burner: jerry_2_1,,,True,item: aromatics-canister --> energy-source-burner: jerry_2_1,False,False,4.0723312536604457e-49,4.0723312536604457e-49
2044,2388,__pr_graph_lp_or_to_or_and__: 8823:item: scrude-canister --> energy-source-burner: jerry_2_1,,,True,item: scrude-canister --> energy-source-burner: jerry_2_1,False,False,4.0723022848231989e-49,4.0723022848231989e-49
2045,2384,__pr_graph_lp_or_to_or_and__: 8819:item: acetylene-canister --> energy-source-burner: jerry_2_1,,,True,item: acetylene-canister --> energy-source-burner: jerry_2_1,False,False,4.0722965902227011e-49,4.0722965902227011e-49
2046,2386,__pr_graph_lp_or_to_or_and__: 8821:item: methane-canister --> energy-source-burner: jerry_2_1,,,True,item: methane-canister --> energy-source-burner: jerry_2_1,False,False,4.0722834968472503e-49,4.0722834968472503e-49
2047,2383,__pr_graph_lp_or_to_or_and__: 8818:item: gasoline-canister --> energy-source-burner: jerry_2_1,,,True,item: gasoline-canister --> energy-source-burner: jerry_2_1,False,False,4.0722818834307069e-49,4.0722818834307069e-49
2048,2385,__pr_graph_lp_or_to_or_and__: 8820:item: kerosene-canister --> energy-source-burner: jerry_2_1,,,True,item: kerosene-canister --> energy-source-burner: jerry_2_1,False,False,4.0722818833741824e-49,4.0722818833741824e-49
2049,2377,__pr_graph_lp_or_to_or_and__: 8812:item: heavy-oil-canister --> energy-source-burner: jerry_2_1,,,True,item: heavy-oil-canister --> energy-source-burner: jerry_2_1,False,False,4.0722818830782109e-49,4.0722818830782109e-49
2050,2389,__pr_graph_lp_or_to_or_and__: 8824:item: condensates-canister --> energy-source-burner: jerry_2_1,,,True,item: condensates-canister --> energy-source-burner: jerry_2_1,False,False,4.0722818785560265e-49,4.0722818785560265e-49
2051,988,__pr_graph_lp_or_to_or_and__: 10222:entity-operate: ralesia-plantation-mk01 --> recipe-category: ralesia__1__1:noncoproduct-route,,,True,entity-operate: ralesia-plantation-mk01 --> recipe-category: ralesia__1__1,False,False,4.061598507285385e-49,4.061598507285385e-49
2052,3010,entity-build: stone-wall,entity-build,stone-wall,False,,False,False,3.967832954763251e-49,3.967832954763251e-49
2053,987,__pr_graph_lp_or_to_or_and__: 10221:entity-operate: ralesia-plantation-mk01 --> recipe-category: ralesia__1__0:noncoproduct-route,,,True,entity-operate: ralesia-plantation-mk01 --> recipe-category: ralesia__1__0,False,False,3.9557650657348138e-49,3.9557650657348138e-49
2054,1171,__pr_graph_lp_or_to_or_and__: 10450:entity-operate: incubator-mk01 --> recipe-category: incubator__1__1:noncoproduct-route,,,True,entity-operate: incubator-mk01 --> recipe-category: incubator__1__1,False,False,3.898943927054997e-49,3.898943927054997e-49
2055,1941,__pr_graph_lp_or_to_or_and__: 4145:item-craft: sodium-hydroxide --> item: sodium-hydroxide,,,True,item-craft: sodium-hydroxide --> item: sodium-hydroxide,False,False,3.8802195951139852e-49,3.8802195951139852e-49
2056,2511,__pr_graph_lp_or_to_or_and__: 9503:entity-build: cargo-wagon --> entity: cargo-wagon:noncoproduct-route,,,True,entity-build: cargo-wagon --> entity: cargo-wagon,False,False,3.8762701619810577e-49,3.8762701619810577e-49
2057,1270,__pr_graph_lp_or_to_or_and__: 1499:item: assembling-machine-1 --> entity-build-item: assembling-machine-1,,,True,item: assembling-machine-1 --> entity-build-item: assembling-machine-1,False,False,3.8732893075673801e-49,3.8732893075673801e-49
2058,1888,__pr_graph_lp_or_to_or_and__: 3990:item-craft: py-tank-1000 --> item: py-tank-1000,,,True,item-craft: py-tank-1000 --> item: py-tank-1000,False,False,3.8444721971313385e-49,3.8444721971313385e-49
2059,986,__pr_graph_lp_or_to_or_and__: 10220:entity-operate: ralesia-plantation-mk01 --> recipe-category: ralesia__3__0:noncoproduct-route,,,True,entity-operate: ralesia-plantation-mk01 --> recipe-category: ralesia__3__0,False,False,3.7876004820446464e-49,3.7876004820446464e-49
2060,2524,__pr_graph_lp_or_to_or_and__: 9529:entity-build: small-electric-pole --> entity: small-electric-pole:noncoproduct-route,,,True,entity-build: small-electric-pole --> entity: small-electric-pole,False,False,3.7466030319602184e-49,3.7466030319602184e-49
2061,2007,__pr_graph_lp_or_to_or_and__: 4329:item-craft: data-array --> item: data-array,,,True,item-craft: data-array --> item: data-array,False,False,3.7292062644360654e-49,3.7292062644360654e-49
2062,161,__pr_graph_lp_or_cost_row__: entity: geothermal-plant-mk01,,,True,node-cost:entity: geothermal-plant-mk01,False,False,3.7010701567805838e-49,3.7010701567805838e-49
2063,3134,entity-mine: ore-quartz,entity-mine,ore-quartz,False,,True,False,3.6786500448811765e-49,3.6786500448811765e-49
2064,1328,__pr_graph_lp_or_to_or_and__: 1712:item: heavy-oil-refinery-mk01 --> entity-build-item: heavy-oil-refinery-mk01,,,True,item: heavy-oil-refinery-mk01 --> entity-build-item: heavy-oil-refinery-mk01,False,False,3.6764897945683518e-49,3.6764897945683518e-49
2065,1172,__pr_graph_lp_or_to_or_and__: 10451:entity-operate: incubator-mk01 --> recipe-category: incubator__0__1:noncoproduct-route,,,True,entity-operate: incubator-mk01 --> recipe-category: incubator__0__1,False,False,3.6703709023173597e-49,3.6703709023173597e-49
2066,1175,__pr_graph_lp_or_to_or_and__: 10454:entity-operate: incubator-mk01 --> recipe-category: incubator__2__0:noncoproduct-route,,,True,entity-operate: incubator-mk01 --> recipe-category: incubator__2__0,False,False,3.6703709023173597e-49,3.6703709023173597e-49
2067,137,__pr_graph_lp_or_cost_row__: entity: dry-hairy-tree,,,True,node-cost:entity: dry-hairy-tree,False,False,3.6313970246152102e-49,3.6313970246152102e-49
2068,1361,__pr_graph_lp_or_to_or_and__: 1799:item: atomizer-mk01 --> entity-build-item: atomizer-mk01,,,True,item: atomizer-mk01 --> entity-build-item: atomizer-mk01,False,False,3.6294293988823486e-49,3.6294293988823486e-49
2069,909,__pr_graph_lp_or_to_or_and__: 10126:entity-operate: chemical-plant-mk01 --> recipe-category: chemistry__0__0:noncoproduct-route,,,True,entity-operate: chemical-plant-mk01 --> recipe-category: chemistry__0__0,False,False,3.6160502701872769e-49,3.6160502701872769e-49
2070,2752,__pr_graph_lp_or_to_or_and__: 9882:fluid-temperature: acetone: 15 --> fluid: acetone:noncoproduct-route,,,True,fluid-temperature: acetone: 15 --> fluid: acetone,False,False,3.6079583358559932e-49,3.6079583358559932e-49
2071,1106,__pr_graph_lp_or_to_or_and__: 10371:entity-operate: pcb-factory-mk01 --> recipe-category: pcb__2__0:noncoproduct-route,,,True,entity-operate: pcb-factory-mk01 --> recipe-category: pcb__2__0,False,False,3.6032207057970814e-49,3.6032207057970814e-49
2072,1077,__pr_graph_lp_or_to_or_and__: 10334:entity-operate: eaf-mk01 --> recipe-category: eaf__1__1:noncoproduct-route,,,True,entity-operate: eaf-mk01 --> recipe-category: eaf__1__1,False,False,3.5852216316606144e-49,3.5852216316606144e-49
2073,1105,__pr_graph_lp_or_to_or_and__: 10370:entity-operate: pcb-factory-mk01 --> recipe-category: pcb__0__0:noncoproduct-route,,,True,entity-operate: pcb-factory-mk01 --> recipe-category: pcb__0__0,False,False,3.5281818571637936e-49,3.5281818571637936e-49
2074,2471,__pr_graph_lp_or_to_or_and__: 9423:entity-build: electronics-factory-mk01 --> entity: electronics-factory-mk01:noncoproduct-route,,,True,entity-build: electronics-factory-mk01 --> entity: electronics-factory-mk01,False,False,3.5230742008454347e-49,3.5230742008454347e-49
2075,1053,__pr_graph_lp_or_to_or_and__: 10305:entity-operate: flotation-cell-mk01 --> recipe-category: flotation__3__1:noncoproduct-route,,,True,entity-operate: flotation-cell-mk01 --> recipe-category: flotation__3__1,False,False,3.5144729952321571e-49,3.5144729952321571e-49
2076,1305,__pr_graph_lp_or_to_or_and__: 1620:item: mixer-mk01 --> entity-build-item: mixer-mk01,,,True,item: mixer-mk01 --> entity-build-item: mixer-mk01,False,False,3.5083969936021456e-49,3.5083969936021456e-49
2077,389,__pr_graph_lp_or_cost_row__: item: brake-mk01,,,True,node-cost:item: brake-mk01,False,False,3.5022121232851086e-49,3.5022121232851086e-49
2078,1498,__pr_graph_lp_or_to_or_and__: 2485:item: py-overflow-valve --> entity-build-item: py-overflow-valve,,,True,item: py-overflow-valve --> entity-build-item: py-overflow-valve,False,False,3.4770839569288942e-49,3.4770839569288942e-49
2079,904,__pr_graph_lp_or_to_or_and__: 10121:entity-operate: chemical-plant-mk01 --> recipe-category: chemistry__2__2:noncoproduct-route,,,True,entity-operate: chemical-plant-mk01 --> recipe-category: chemistry__2__2,False,False,3.4727331547353371e-49,3.4727331547353371e-49
2080,532,__pr_graph_lp_or_cost_row__: item: gunpowder,,,True,node-cost:item: gunpowder,False,False,3.4688722557165082e-49,3.4688722557165082e-49
2081,1444,__pr_graph_lp_or_to_or_and__: 2057:item: nco-py-short-crane-mk1 --> entity-build-item: nco-py-short-crane-mk1,,,True,item: nco-py-short-crane-mk1 --> entity-build-item: nco-py-short-crane-mk1,False,False,3.4686836147536754e-49,3.4686836147536754e-49
2082,112,__pr_graph_lp_or_cost_row__: entity: casting-unit-mk01,,,True,node-cost:entity: casting-unit-mk01,False,False,3.4261778584732338e-49,3.4261778584732338e-49
2083,434,__pr_graph_lp_or_cost_row__: item: cooling-tower-mk01,,,True,node-cost:item: cooling-tower-mk01,False,False,3.3983481999712524e-49,3.3983481999712524e-49
2084,1876,__pr_graph_lp_or_to_or_and__: 3954:item-craft: automated-screener-mk01 --> item: automated-screener-mk01,,,True,item-craft: automated-screener-mk01 --> item: automated-screener-mk01,False,False,3.3886503541466754e-49,3.3886503541466754e-49
2085,2434,__pr_graph_lp_or_to_or_and__: 9349:entity-build: cooling-tower-mk01 --> entity: cooling-tower-mk01:noncoproduct-route,,,True,entity-build: cooling-tower-mk01 --> entity: cooling-tower-mk01,False,False,3.3557653637412354e-49,3.3557653637412354e-49
2086,2675,__pr_graph_lp_or_to_or_and__: 9781:fluid-temperature: boric-acid: 10 --> fluid: boric-acid:noncoproduct-route,,,True,fluid-temperature: boric-acid: 10 --> fluid: boric-acid,False,False,3.2813308846974245e-49,3.2813308846974245e-49
2087,3001,entity-build: soil-extractor-mk01,entity-build,soil-extractor-mk01,False,,False,False,3.2791712915094219e-49,3.2791712915094219e-49
2088,1863,__pr_graph_lp_or_to_or_and__: 3916:item-craft: borax-mine --> item: borax-mine,,,True,item-craft: borax-mine --> item: borax-mine,False,False,3.2701259330579638e-49,3.2701259330579638e-49
2089,2432,__pr_graph_lp_or_to_or_and__: 9345:entity-build: quenching-tower --> entity: quenching-tower:noncoproduct-route,,,True,entity-build: quenching-tower --> entity: quenching-tower,False,False,3.244344157924717e-49,3.244344157924717e-49
2090,175,__pr_graph_lp_or_cost_row__: entity: jaw-crusher,,,True,node-cost:entity: jaw-crusher,False,False,3.2110234175900351e-49,3.2110234175900351e-49
2091,2942,entity-build: plankton-farm,entity-build,plankton-farm,False,,False,False,3.1310166944792714e-49,3.1310166944792714e-49
2092,89,__pr_graph_lp_or_cost_row__: entity: auog-paddock-mk01,,,True,node-cost:entity: auog-paddock-mk01,False,False,3.1230137808194067e-49,3.1230137808194067e-49
2093,905,__pr_graph_lp_or_to_or_and__: 10122:entity-operate: chemical-plant-mk01 --> recipe-category: chemistry__0__1:noncoproduct-route,,,True,entity-operate: chemical-plant-mk01 --> recipe-category: chemistry__0__1,False,False,3.0988319858087334e-49,3.0988319858087334e-49
2094,615,__pr_graph_lp_or_cost_row__: item: ore-chromium,,,True,node-cost:item: ore-chromium,False,False,3.083545861556619e-49,3.083545861556619e-49
2095,414,__pr_graph_lp_or_cost_row__: item: chromium,,,True,node-cost:item: chromium,False,False,3.0684843587525875e-49,3.0684843587525875e-49
2096,2754,__pr_graph_lp_or_to_or_and__: 9884:fluid-temperature: acetone: 15 --> fluid-temperature-range: acetone: 15: 15:noncoproduct-route,,,True,fluid-temperature: acetone: 15 --> fluid-temperature-range: acetone: 15: 15,False,False,3.0626783435620268e-49,3.0626783435620268e-49
2097,1473,__pr_graph_lp_or_to_or_and__: 2313:item: hawt-turbine-mk01 --> entity-build-item: hawt-turbine-mk01,,,True,item: hawt-turbine-mk01 --> entity-build-item: hawt-turbine-mk01,False,False,3.0545784231158101e-49,3.0545784231158101e-49
2098,907,__pr_graph_lp_or_to_or_and__: 10124:entity-operate: chemical-plant-mk01 --> recipe-category: chemistry__1__2:noncoproduct-route,,,True,entity-operate: chemical-plant-mk01 --> recipe-category: chemistry__1__2,False,False,3.0517473899687005e-49,3.0517473899687005e-49
2099,906,__pr_graph_lp_or_to_or_and__: 10123:entity-operate: chemical-plant-mk01 --> recipe-category: chemistry__3__1:noncoproduct-route,,,True,entity-operate: chemical-plant-mk01 --> recipe-category: chemistry__3__1,False,False,3.0476790097813834e-49,3.0476790097813834e-49
2100,900,__pr_graph_lp_or_to_or_and__: 10117:entity-operate: chemical-plant-mk01 --> recipe-category: chemistry__2__1:noncoproduct-route,,,True,entity-operate: chemical-plant-mk01 --> recipe-category: chemistry__2__1,False,False,3.0240224242803735e-49,3.0240224242803735e-49
2101,2430,__pr_graph_lp_or_to_or_and__: 9341:entity-build: tar-processing-unit --> entity: tar-processing-unit:noncoproduct-route,,,True,entity-build: tar-processing-unit --> entity: tar-processing-unit,False,False,3.0048727257569207e-49,3.0048727257569207e-49
2102,818,__pr_graph_lp_or_cost_row__: item: wpu-mk01,,,True,node-cost:item: wpu-mk01,False,False,2.9825269351087195e-49,2.9825269351087195e-49
2103,1211,__pr_graph_lp_or_to_or_and__: 10504:entity-operate: py-electric-boiler --> recipe-category: electric-boiler__1__1:noncoproduct-route,,,True,entity-operate: py-electric-boiler --> recipe-category: electric-boiler__1__1,False,False,2.979360545611658e-49,2.979360545611658e-49
2104,908,__pr_graph_lp_or_to_or_and__: 10125:entity-operate: chemical-plant-mk01 --> recipe-category: chemistry__3__0:noncoproduct-route,,,True,entity-operate: chemical-plant-mk01 --> recipe-category: chemistry__3__0,False,False,2.9488396992794559e-49,2.9488396992794559e-49
2105,2418,__pr_graph_lp_or_to_or_and__: 9031:item: workers-food --> logic-or: workers-food,,,True,item: workers-food --> logic-or: workers-food,False,False,2.9190355584672315e-49,2.9190355584672315e-49
2106,1453,__pr_graph_lp_or_to_or_and__: 2095:item: flora-collector-mk01 --> entity-build-item: flora-collector-mk01,,,True,item: flora-collector-mk01 --> entity-build-item: flora-collector-mk01,False,False,2.8967228615654132e-49,2.8967228615654132e-49
2107,2957,entity-build: py-heat-exchanger,entity-build,py-heat-exchanger,False,,False,False,2.8913824744480709e-49,2.8913824744480709e-49
2108,2001,__pr_graph_lp_or_to_or_and__: 4311:item-craft: micro-mine-mk01 --> item: micro-mine-mk01,,,True,item-craft: micro-mine-mk01 --> item: micro-mine-mk01,False,False,2.8870204515843053e-49,2.8870204515843053e-49
2109,2993,entity-build: scrubber-mk01,entity-build,scrubber-mk01,False,,False,False,2.860138755812006e-49,2.860138755812006e-49
2110,1785,__pr_graph_lp_or_to_or_and__: 3166:item-craft: train-stop --> item: train-stop,,,True,item-craft: train-stop --> item: train-stop,False,False,2.8576373701335701e-49,2.8576373701335701e-49
2111,193,__pr_graph_lp_or_cost_row__: entity: oil-boiler-mk01,,,True,node-cost:entity: oil-boiler-mk01,False,False,2.8525814575400112e-49,2.8525814575400112e-49
2112,903,__pr_graph_lp_or_to_or_and__: 10120:entity-operate: chemical-plant-mk01 --> recipe-category: chemistry__2__0:noncoproduct-route,,,True,entity-operate: chemical-plant-mk01 --> recipe-category: chemistry__2__0,False,False,2.8422434661694414e-49,2.8422434661694414e-49
2113,1470,__pr_graph_lp_or_to_or_and__: 2292:item: py-ze --> entity-build-item: py-ze,,,True,item: py-ze --> entity-build-item: py-ze,False,False,2.825815920200321e-49,2.825815920200321e-49
2114,3025,entity-build: wood-fence,entity-build,wood-fence,False,,False,False,2.820315464300232e-49,2.820315464300232e-49
2115,1408,__pr_graph_lp_or_to_or_and__: 1923:item: constant-combinator --> entity-build-item: constant-combinator,,,True,item: constant-combinator --> entity-build-item: constant-combinator,False,False,2.8177851613644983e-49,2.8177851613644983e-49
2116,1407,__pr_graph_lp_or_to_or_and__: 1917:item: cargo-wagon --> entity-build-item: cargo-wagon,,,True,item: cargo-wagon --> entity-build-item: cargo-wagon,False,False,2.8151627001783477e-49,2.8151627001783477e-49
2117,1267,__pr_graph_lp_or_to_or_and__: 1487:item: accumulator --> entity-build-item: accumulator,,,True,item: accumulator --> entity-build-item: accumulator,False,False,2.8135574628217455e-49,2.8135574628217455e-49
2118,901,__pr_graph_lp_or_to_or_and__: 10118:entity-operate: chemical-plant-mk01 --> recipe-category: chemistry__1__1:noncoproduct-route,,,True,entity-operate: chemical-plant-mk01 --> recipe-category: chemistry__1__1,False,False,2.7891274889123e-49,2.7891274889123e-49
2119,168,__pr_graph_lp_or_cost_row__: entity: hydroclassifier-mk01,,,True,node-cost:entity: hydroclassifier-mk01,False,False,2.7852868395250038e-49,2.7852868395250038e-49
2120,446,__pr_graph_lp_or_cost_row__: item: creature-chamber-mk01,,,True,node-cost:item: creature-chamber-mk01,False,False,2.7538574966616425e-49,2.7538574966616425e-49
2121,3020,entity-build: upgrader-mk01,entity-build,upgrader-mk01,False,,False,False,2.7300160819364339e-49,2.7300160819364339e-49
2122,302,__pr_graph_lp_or_cost_row__: entity: transport-belt,,,True,node-cost:entity: transport-belt,False,False,2.7185036784206401e-49,2.7185036784206401e-49
2123,1999,__pr_graph_lp_or_to_or_and__: 4305:item-craft: spore-collector-mk01 --> item: spore-collector-mk01,,,True,item-craft: spore-collector-mk01 --> item: spore-collector-mk01,False,False,2.7184460228783344e-49,2.7184460228783344e-49
2124,245,__pr_graph_lp_or_cost_row__: entity: py-tank-8000,,,True,node-cost:entity: py-tank-8000,False,False,2.7041022759785213e-49,2.7041022759785213e-49
2125,1056,__pr_graph_lp_or_to_or_and__: 10308:entity-operate: flotation-cell-mk01 --> recipe-category: flotation__2__3:noncoproduct-route,,,True,entity-operate: flotation-cell-mk01 --> recipe-category: flotation__2__3,False,False,2.6773744674285973e-49,2.6773744674285973e-49
2126,1779,__pr_graph_lp_or_to_or_and__: 3148:item-craft: engine-unit --> item: engine-unit,,,True,item-craft: engine-unit --> item: engine-unit,False,False,2.6771691607790088e-49,2.6771691607790088e-49
2127,443,__pr_graph_lp_or_cost_row__: item: cottongut-pup-mk01,,,True,node-cost:item: cottongut-pup-mk01,False,False,2.6759015792265585e-49,2.6759015792265585e-49
2128,684,__pr_graph_lp_or_cost_row__: item: py-tank-9000,,,True,node-cost:item: py-tank-9000,False,False,2.6745624598169584e-49,2.6745624598169584e-49
2129,1157,__pr_graph_lp_or_to_or_and__: 10434:entity-operate: seaweed-crop-mk01 --> recipe-category: seaweed__3__0:noncoproduct-route,,,True,entity-operate: seaweed-crop-mk01 --> recipe-category: seaweed__3__0,False,False,2.6688774698393861e-49,2.6688774698393861e-49
2130,2499,__pr_graph_lp_or_to_or_and__: 9479:entity-build: rc-mk01 --> entity: rc-mk01:noncoproduct-route,,,True,entity-build: rc-mk01 --> entity: rc-mk01,False,False,2.633985640427652e-49,2.633985640427652e-49
2131,1096,__pr_graph_lp_or_to_or_and__: 10359:entity-operate: pulp-mill-mk01 --> recipe-category: pulp__0__0:noncoproduct-route,,,True,entity-operate: pulp-mill-mk01 --> recipe-category: pulp__0__0,False,False,2.6319487882897973e-49,2.6319487882897973e-49
2132,1332,__pr_graph_lp_or_to_or_and__: 1728:item: rhe --> entity-build-item: rhe,,,True,item: rhe --> entity-build-item: rhe,False,False,2.6213072617565404e-49,2.6213072617565404e-49
2133,318,__pr_graph_lp_or_cost_row__: entity: underground-belt,,,True,node-cost:entity: underground-belt,False,False,2.6046762988597859e-49,2.6046762988597859e-49
2134,1306,__pr_graph_lp_or_to_or_and__: 1624:item: automated-screener-mk01 --> entity-build-item: automated-screener-mk01,,,True,item: automated-screener-mk01 --> entity-build-item: automated-screener-mk01,False,False,2.6039409598011894e-49,2.6039409598011894e-49
2135,2099,__pr_graph_lp_or_to_or_and__: 4623:item-craft: rotor-mk01 --> item: rotor-mk01,,,True,item-craft: rotor-mk01 --> item: rotor-mk01,False,False,2.6030192962421196e-49,2.6030192962421196e-49
2136,2515,__pr_graph_lp_or_to_or_and__: 9511:entity-build: iron-chest --> entity: iron-chest:noncoproduct-route,,,True,entity-build: iron-chest --> entity: iron-chest,False,False,2.5669707477722605e-49,2.5669707477722605e-49
2137,2550,__pr_graph_lp_or_to_or_and__: 9581:entity-build: flora-collector-mk01 --> entity: flora-collector-mk01:noncoproduct-route,,,True,entity-build: flora-collector-mk01 --> entity: flora-collector-mk01,False,False,2.5646567327661436e-49,2.5646567327661436e-49
2138,2791,__pr_graph_lp_or_to_or_and__: 9934:fluid-temperature: liquid-manure: 10 --> fluid: liquid-manure:noncoproduct-route,,,True,fluid-temperature: liquid-manure: 10 --> fluid: liquid-manure,False,False,2.5507130715790646e-49,2.5507130715790646e-49
2139,2592,__pr_graph_lp_or_to_or_and__: 9665:entity-build: caravan --> entity: caravan:noncoproduct-route,,,True,entity-build: caravan --> entity: caravan,False,False,2.5215952819616718e-49,2.5215952819616718e-49
2140,1158,__pr_graph_lp_or_to_or_and__: 10435:entity-operate: seaweed-crop-mk01 --> recipe-category: seaweed__1__1:noncoproduct-route,,,True,entity-operate: seaweed-crop-mk01 --> recipe-category: seaweed__1__1,False,False,2.469377157038692e-49,2.469377157038692e-49
2141,2000,__pr_graph_lp_or_to_or_and__: 4308:item-craft: fwf-mk01 --> item: fwf-mk01,,,True,item-craft: fwf-mk01 --> item: fwf-mk01,False,False,2.4689964131366082e-49,2.4689964131366082e-49
2142,2461,__pr_graph_lp_or_to_or_and__: 9403:entity-build: flotation-cell-mk01 --> entity: flotation-cell-mk01:noncoproduct-route,,,True,entity-build: flotation-cell-mk01 --> entity: flotation-cell-mk01,False,False,2.4412961066388665e-49,2.4412961066388665e-49
2143,728,__pr_graph_lp_or_cost_row__: item: scrubber-mk01,,,True,node-cost:item: scrubber-mk01,False,False,2.4329549456464546e-49,2.4329549456464546e-49
2144,2906,entity-build: gas-refinery-mk01,entity-build,gas-refinery-mk01,False,,False,False,2.4303774241986184e-49,2.4303774241986184e-49
2145,1861,__pr_graph_lp_or_to_or_and__: 3910:item-craft: advanced-foundry-mk01 --> item: advanced-foundry-mk01,,,True,item-craft: advanced-foundry-mk01 --> item: advanced-foundry-mk01,False,False,2.4120228762707363e-49,2.4120228762707363e-49
2146,2494,__pr_graph_lp_or_to_or_and__: 9469:entity-build: fish-farm-mk01 --> entity: fish-farm-mk01:noncoproduct-route,,,True,entity-build: fish-farm-mk01 --> entity: fish-farm-mk01,False,False,2.4084604748643465e-49,2.4084604748643465e-49
2147,2488,__pr_graph_lp_or_to_or_and__: 9457:entity-build: creature-chamber-mk01 --> entity: creature-chamber-mk01:noncoproduct-route,,,True,entity-build: creature-chamber-mk01 --> entity: creature-chamber-mk01,False,False,2.396882842641567e-49,2.396882842641567e-49
2148,664,__pr_graph_lp_or_cost_row__: item: py-iron-oxide,,,True,node-cost:item: py-iron-oxide,False,False,2.3941606450397564e-49,2.3941606450397564e-49
2149,87,__pr_graph_lp_or_cost_row__: entity: assembling-machine-2,,,True,node-cost:entity: assembling-machine-2,False,False,2.3896099834333103e-49,2.3896099834333103e-49
2150,1052,__pr_graph_lp_or_to_or_and__: 10304:entity-operate: flotation-cell-mk01 --> recipe-category: flotation__3__3:noncoproduct-route,,,True,entity-operate: flotation-cell-mk01 --> recipe-category: flotation__3__3,False,False,2.3703006825671222e-49,2.3703006825671222e-49
2151,288,__pr_graph_lp_or_cost_row__: entity: steel-furnace,,,True,node-cost:entity: steel-furnace,False,False,2.3616638162529098e-49,2.3616638162529098e-49
2152,1479,__pr_graph_lp_or_to_or_and__: 2337:item: py-tank-1000 --> entity-build-item: py-tank-1000,,,True,item: py-tank-1000 --> entity-build-item: py-tank-1000,False,False,2.3433634165128823e-49,2.3433634165128823e-49
2153,449,__pr_graph_lp_or_cost_row__: item: crushed-quartz,,,True,node-cost:item: crushed-quartz,False,False,2.3411045933971439e-49,2.3411045933971439e-49
2154,1973,__pr_graph_lp_or_to_or_and__: 4231:item-craft: clay-pit-mk01 --> item: clay-pit-mk01,,,True,item-craft: clay-pit-mk01 --> item: clay-pit-mk01,False,False,2.3407032488118886e-49,2.3407032488118886e-49
2155,716,__pr_graph_lp_or_cost_row__: item: salt-mine,,,True,node-cost:item: salt-mine,False,False,2.3364634097729815e-49,2.3364634097729815e-49
2156,1007,__pr_graph_lp_or_to_or_and__: 10247:entity-operate: vacuum-pump-mk01 --> recipe-category: vacuum__1__1:noncoproduct-route,,,True,entity-operate: vacuum-pump-mk01 --> recipe-category: vacuum__1__1,False,False,2.3356613408925154e-49,2.3356613408925154e-49
2157,125,__pr_graph_lp_or_cost_row__: entity: copper-ore,,,True,node-cost:entity: copper-ore,False,False,2.3319629619249864e-49,2.3319629619249864e-49
2158,106,__pr_graph_lp_or_cost_row__: entity: botanical-nursery,,,True,node-cost:entity: botanical-nursery,False,False,2.3316151433590932e-49,2.3316151433590932e-49
2159,246,__pr_graph_lp_or_cost_row__: entity: py-tank-9000,,,True,node-cost:entity: py-tank-9000,False,False,2.328634433479324e-49,2.328634433479324e-49
2160,1939,__pr_graph_lp_or_to_or_and__: 4140:item-craft: powdered-ralesia-seeds --> item: powdered-ralesia-seeds,,,True,item-craft: powdered-ralesia-seeds --> item: powdered-ralesia-seeds,False,False,2.3235386138097913e-49,2.3235386138097913e-49
2161,120,__pr_graph_lp_or_cost_row__: entity: coal-rock,,,True,node-cost:entity: coal-rock,False,False,2.3186421780624975e-49,2.3186421780624975e-49
2162,2890,entity-build: distilator,entity-build,distilator,False,,False,False,2.3104966678448312e-49,2.3104966678448312e-49
2163,980,__pr_graph_lp_or_to_or_and__: 10211:entity-operate: washer --> recipe-category: washer__1__0:noncoproduct-route,,,True,entity-operate: washer --> recipe-category: washer__1__0,False,False,2.3081637716773466e-49,2.3081637716773466e-49
2164,404,__pr_graph_lp_or_cost_row__: item: casting-unit-mk01,,,True,node-cost:item: casting-unit-mk01,False,False,2.3059681475529976e-49,2.3059681475529976e-49
2165,1796,__pr_graph_lp_or_to_or_and__: 3195:item-craft: splitter --> item: splitter,,,True,item-craft: splitter --> item: splitter,False,False,2.2872609393919092e-49,2.2872609393919092e-49
2166,2977,entity-build: py-warehouse-basic,entity-build,py-warehouse-basic,False,,False,False,2.285093114246587e-49,2.285093114246587e-49
2167,1277,__pr_graph_lp_or_to_or_and__: 1529:item: hpf --> entity-build-item: hpf,,,True,item: hpf --> entity-build-item: hpf,False,False,2.2753985949442387e-49,2.2753985949442387e-49
2168,1379,__pr_graph_lp_or_to_or_and__: 1838:item: cottongut-mk01 --> entity-operate-py-module: prandium-lab-mk01,,,True,item: cottongut-mk01 --> entity-operate-py-module: prandium-lab-mk01,False,False,2.2729068545783142e-49,2.2729068545783142e-49
2169,1055,__pr_graph_lp_or_to_or_and__: 10307:entity-operate: flotation-cell-mk01 --> recipe-category: flotation__1__1:noncoproduct-route,,,True,entity-operate: flotation-cell-mk01 --> recipe-category: flotation__1__1,False,False,2.2703227067806264e-49,2.2703227067806264e-49
2170,2568,__pr_graph_lp_or_to_or_and__: 9617:entity-build: selector-combinator --> entity: selector-combinator:noncoproduct-route,,,True,entity-build: selector-combinator --> entity: selector-combinator,False,False,2.2499760779599852e-49,2.2499760779599852e-49
2171,301,__pr_graph_lp_or_cost_row__: entity: train-stop,,,True,node-cost:entity: train-stop,False,False,2.2480751170792167e-49,2.2480751170792167e-49
2172,3017,entity-build: train-stop,entity-build,train-stop,False,,False,False,2.2444185048510237e-49,2.2444185048510237e-49
2173,1159,__pr_graph_lp_or_to_or_and__: 10436:entity-operate: seaweed-crop-mk01 --> recipe-category: seaweed__2__1:noncoproduct-route,,,True,entity-operate: seaweed-crop-mk01 --> recipe-category: seaweed__2__1,False,False,2.2177638343756936e-49,2.2177638343756936e-49
2174,1271,__pr_graph_lp_or_to_or_and__: 1504:item: assembling-machine-2 --> entity-build-item: assembling-machine-2,,,True,item: assembling-machine-2 --> entity-build-item: assembling-machine-2,False,False,2.2172535124134982e-49,2.2172535124134982e-49
2175,2600,__pr_graph_lp_or_to_or_and__: 9681:entity-build: concrete-wall --> entity: concrete-wall:noncoproduct-route,,,True,entity-build: concrete-wall --> entity: concrete-wall,False,False,2.2118028266421598e-49,2.2118028266421598e-49
2176,1078,__pr_graph_lp_or_to_or_and__: 10335:entity-operate: eaf-mk01 --> recipe-category: eaf__0__0:noncoproduct-route,,,True,entity-operate: eaf-mk01 --> recipe-category: eaf__0__0,False,False,2.2105110864249929e-49,2.2105110864249929e-49
2177,1049,__pr_graph_lp_or_to_or_and__: 10300:entity-operate: scrubber-mk01 --> recipe-category: scrubber__2__0:noncoproduct-route,,,True,entity-operate: scrubber-mk01 --> recipe-category: scrubber__2__0,False,False,2.1991615372296986e-49,2.1991615372296986e-49
2178,2926,entity-build: medium-electric-pole,entity-build,medium-electric-pole,False,,False,False,2.1819493526855808e-49,2.1819493526855808e-49
2179,1156,__pr_graph_lp_or_to_or_and__: 10433:entity-operate: seaweed-crop-mk01 --> recipe-category: seaweed__2__0:noncoproduct-route,,,True,entity-operate: seaweed-crop-mk01 --> recipe-category: seaweed__2__0,False,False,2.1817724663355845e-49,2.1817724663355845e-49
2180,1919,__pr_graph_lp_or_to_or_and__: 4082:item-craft: grade-1-chromite --> item: grade-1-chromite,,,True,item-craft: grade-1-chromite --> item: grade-1-chromite,False,False,2.1767718200928786e-49,2.1767718200928786e-49
2181,216,__pr_graph_lp_or_cost_row__: entity: prandium-lab-mk01,,,True,node-cost:entity: prandium-lab-mk01,False,False,2.1721548681605201e-49,2.1721548681605201e-49
2182,1856,__pr_graph_lp_or_to_or_and__: 3895:item-craft: olefin-plant --> item: olefin-plant,,,True,item-craft: olefin-plant --> item: olefin-plant,False,False,2.169429597484334e-49,2.169429597484334e-49
2183,1051,__pr_graph_lp_or_to_or_and__: 10303:entity-operate: flotation-cell-mk01 --> recipe-category: flotation__2__1:noncoproduct-route,,,True,entity-operate: flotation-cell-mk01 --> recipe-category: flotation__2__1,False,False,2.1664941704017005e-49,2.1664941704017005e-49
2184,1054,__pr_graph_lp_or_to_or_and__: 10306:entity-operate: flotation-cell-mk01 --> recipe-category: flotation__3__2:noncoproduct-route,,,True,entity-operate: flotation-cell-mk01 --> recipe-category: flotation__3__2,False,False,2.1664941704017005e-49,2.1664941704017005e-49
2185,2169,__pr_graph_lp_or_to_or_and__: 6742:item: vrauks-mk02 --> recipe-py-module: vrauks-cocoon-5,,,True,item: vrauks-mk02 --> recipe-py-module: vrauks-cocoon-5,False,False,2.1637784586797095e-49,2.1637784586797095e-49
2186,2469,__pr_graph_lp_or_to_or_and__: 9419:entity-build: moondrop-greenhouse-mk01 --> entity: moondrop-greenhouse-mk01:noncoproduct-route,,,True,entity-build: moondrop-greenhouse-mk01 --> entity: moondrop-greenhouse-mk01,False,False,2.1552462214070953e-49,2.1552462214070953e-49
2187,140,__pr_graph_lp_or_cost_row__: entity: electric-mining-drill,,,True,node-cost:entity: electric-mining-drill,False,False,2.1550911090972463e-49,2.1550911090972463e-49
2188,1027,__pr_graph_lp_or_to_or_and__: 10272:entity-operate: genlab-mk01 --> recipe-category: genlab__2__0:noncoproduct-route,,,True,entity-operate: genlab-mk01 --> recipe-category: genlab__2__0,False,False,2.1546785636766903e-49,2.1546785636766903e-49
2189,3130,entity-mine: ore-bioreserve,entity-mine,ore-bioreserve,False,,True,False,2.1500928027685616e-49,2.1500928027685616e-49
2190,1023,__pr_graph_lp_or_to_or_and__: 10268:entity-operate: genlab-mk01 --> recipe-category: genlab__1__1:noncoproduct-route,,,True,entity-operate: genlab-mk01 --> recipe-category: genlab__1__1,False,False,2.1497887636256083e-49,2.1497887636256083e-49
2191,1024,__pr_graph_lp_or_to_or_and__: 10269:entity-operate: genlab-mk01 --> recipe-category: genlab__1__0:noncoproduct-route,,,True,entity-operate: genlab-mk01 --> recipe-category: genlab__1__0,False,False,2.1497887636256083e-49,2.1497887636256083e-49
2192,1025,__pr_graph_lp_or_to_or_and__: 10270:entity-operate: genlab-mk01 --> recipe-category: genlab__3__0:noncoproduct-route,,,True,entity-operate: genlab-mk01 --> recipe-category: genlab__3__0,False,False,2.1497887636256083e-49,2.1497887636256083e-49
2193,2176,__pr_graph_lp_or_to_or_and__: 7646:item: vrauks --> recipe-py-module: vrauks-cocoon-1-no-water,,,True,item: vrauks --> recipe-py-module: vrauks-cocoon-1-no-water,False,False,2.1396157104928884e-49,2.1396157104928884e-49
2194,1797,__pr_graph_lp_or_to_or_and__: 3198:item-craft: storage-chest --> item: storage-chest,,,True,item-craft: storage-chest --> item: storage-chest,False,False,2.1232327347161567e-49,2.1232327347161567e-49
2195,1809,__pr_graph_lp_or_to_or_and__: 3301:item-craft: power-switch --> item: power-switch,,,True,item-craft: power-switch --> item: power-switch,False,False,2.1040292162083002e-49,2.1040292162083002e-49
2196,2185,__pr_graph_lp_or_to_or_and__: 7655:item: vrauks-mk02 --> recipe-py-module: vrauks-cocoon-5-no-water,,,True,item: vrauks-mk02 --> recipe-py-module: vrauks-cocoon-5-no-water,False,False,2.1036158285865277e-49,2.1036158285865277e-49
2197,395,__pr_graph_lp_or_cost_row__: item: calcium-carbide,,,True,node-cost:item: calcium-carbide,False,False,2.0962613331456514e-49,2.0962613331456514e-49
2198,1394,__pr_graph_lp_or_to_or_and__: 1879:item: py-biomass-powerplant-mk01 --> entity-build-item: py-biomass-powerplant-mk01,,,True,item: py-biomass-powerplant-mk01 --> entity-build-item: py-biomass-powerplant-mk01,False,False,2.0874564959154847e-49,2.0874564959154847e-49
2199,1614,__pr_graph_lp_or_to_or_and__: 2771:fluid-craft-temperature: molten-iron: 10 --> fluid-craft-temperature: molten-iron,,,True,fluid-craft-temperature: molten-iron: 10 --> fluid-craft-temperature: molten-iron,False,False,2.0842270227841148e-49,2.0842270227841148e-49
2200,1298,__pr_graph_lp_or_to_or_and__: 1591:item: automated-factory-mk01 --> entity-build-item: automated-factory-mk01,,,True,item: automated-factory-mk01 --> entity-build-item: automated-factory-mk01,False,False,2.0820416527960696e-49,2.0820416527960696e-49
2201,220,__pr_graph_lp_or_cost_row__: entity: py-biomass-powerplant-mk01,,,True,node-cost:entity: py-biomass-powerplant-mk01,False,False,2.0739292674316904e-49,2.0739292674316904e-49
2202,1050,__pr_graph_lp_or_to_or_and__: 10301:entity-operate: scrubber-mk01 --> recipe-category: scrubber__1__0:noncoproduct-route,,,True,entity-operate: scrubber-mk01 --> recipe-category: scrubber__1__0,False,False,2.0686571623374608e-49,2.0686571623374608e-49
2203,649,__pr_graph_lp_or_cost_row__: item: pressured-water-barrel,,,True,node-cost:item: pressured-water-barrel,False,False,2.0320785060028584e-49,2.0320785060028584e-49
2204,94,__pr_graph_lp_or_cost_row__: entity: behemoth-worm-turret,,,True,node-cost:entity: behemoth-worm-turret,False,False,2.029626002049682e-49,2.029626002049682e-49
2205,3019,entity-build: underground-belt,entity-build,underground-belt,False,,False,False,2.0232478982521115e-49,2.0232478982521115e-49
2206,2438,__pr_graph_lp_or_to_or_and__: 9357:entity-build: solid-separator --> entity: solid-separator:noncoproduct-route,,,True,entity-build: solid-separator --> entity: solid-separator,False,False,2.0186078769884092e-49,2.0186078769884092e-49
2207,1045,__pr_graph_lp_or_to_or_and__: 10296:entity-operate: scrubber-mk01 --> recipe-category: scrubber__2__1:noncoproduct-route,,,True,entity-operate: scrubber-mk01 --> recipe-category: scrubber__2__1,False,False,2.0150350906093813e-49,2.0150350906093813e-49
2208,1316,__pr_graph_lp_or_to_or_and__: 1665:item: electrolyzer-mk01 --> entity-build-item: electrolyzer-mk01,,,True,item: electrolyzer-mk01 --> entity-build-item: electrolyzer-mk01,False,False,2.0040668729945986e-49,2.0040668729945986e-49
2209,661,__pr_graph_lp_or_cost_row__: item: py-electric-boiler,,,True,node-cost:item: py-electric-boiler,False,False,2.0036124713102785e-49,2.0036124713102785e-49
2210,1877,__pr_graph_lp_or_to_or_and__: 3957:item-craft: secondary-crusher-mk01 --> item: secondary-crusher-mk01,,,True,item-craft: secondary-crusher-mk01 --> item: secondary-crusher-mk01,False,False,2.0023526090628203e-49,2.0023526090628203e-49
2211,791,__pr_graph_lp_or_cost_row__: item: underground-belt,,,True,node-cost:item: underground-belt,False,False,2.0012982981911606e-49,2.0012982981911606e-49
2212,2669,__pr_graph_lp_or_to_or_and__: 9773:fluid-temperature: slacked-lime: 10 --> fluid: slacked-lime:noncoproduct-route,,,True,fluid-temperature: slacked-lime: 10 --> fluid: slacked-lime,False,False,1.9809432924114881e-49,1.9809432924114881e-49
2213,2522,__pr_graph_lp_or_to_or_and__: 9525:entity-build: decider-combinator --> entity: decider-combinator:noncoproduct-route,,,True,entity-build: decider-combinator --> entity: decider-combinator,False,False,1.9763332805011542e-49,1.9763332805011542e-49
2214,2455,__pr_graph_lp_or_to_or_and__: 9391:entity-build: secondary-crusher-mk01 --> entity: secondary-crusher-mk01:noncoproduct-route,,,True,entity-build: secondary-crusher-mk01 --> entity: secondary-crusher-mk01,False,False,1.9660925016785253e-49,1.9660925016785253e-49
2215,2954,entity-build: py-deposit-basic,entity-build,py-deposit-basic,False,,False,False,1.9634176384865492e-49,1.9634176384865492e-49
2216,1810,__pr_graph_lp_or_to_or_and__: 3304:item-craft: programmable-speaker --> item: programmable-speaker,,,True,item-craft: programmable-speaker --> item: programmable-speaker,False,False,1.9611036285878889e-49,1.9611036285878889e-49
2217,2562,__pr_graph_lp_or_to_or_and__: 9605:entity-build: py-local-radar --> entity: py-local-radar:noncoproduct-route,,,True,entity-build: py-local-radar --> entity: py-local-radar,False,False,1.9602775915409122e-49,1.9602775915409122e-49
2218,305,__pr_graph_lp_or_cost_row__: entity: tree-02-red,,,True,node-cost:entity: tree-02-red,False,False,1.9590397011557879e-49,1.9590397011557879e-49
2219,2947,entity-build: pulp-mill-mk01,entity-build,pulp-mill-mk01,False,,False,False,1.9523852705486074e-49,1.9523852705486074e-49
2220,813,__pr_graph_lp_or_cost_row__: item: wood-fence,,,True,node-cost:item: wood-fence,False,False,1.948888280472568e-49,1.948888280472568e-49
2221,206,__pr_graph_lp_or_cost_row__: entity: outpost,,,True,node-cost:entity: outpost,False,False,1.9393206976220397e-49,1.9393206976220397e-49
2222,1095,__pr_graph_lp_or_to_or_and__: 10357:entity-operate: electronics-factory-mk01 --> recipe-category: electronic__2__0:noncoproduct-route,,,True,entity-operate: electronics-factory-mk01 --> recipe-category: electronic__2__0,False,False,1.9334975724510965e-49,1.9334975724510965e-49
2223,2492,__pr_graph_lp_or_to_or_and__: 9465:entity-build: atomizer-mk01 --> entity: atomizer-mk01:noncoproduct-route,,,True,entity-build: atomizer-mk01 --> entity: atomizer-mk01,False,False,1.918880481881076e-49,1.918880481881076e-49
2224,1274,__pr_graph_lp_or_to_or_and__: 1517:item: tar-processing-unit --> entity-build-item: tar-processing-unit,,,True,item: tar-processing-unit --> entity-build-item: tar-processing-unit,False,False,1.9076565601098141e-49,1.9076565601098141e-49
2225,1155,__pr_graph_lp_or_to_or_and__: 10432:entity-operate: seaweed-crop-mk01 --> recipe-category: seaweed__1__0:noncoproduct-route,,,True,entity-operate: seaweed-crop-mk01 --> recipe-category: seaweed__1__0,False,False,1.9075581855178711e-49,1.9075581855178711e-49
2226,1160,__pr_graph_lp_or_to_or_and__: 10437:entity-operate: seaweed-crop-mk01 --> recipe-category: seaweed__0__0:noncoproduct-route,,,True,entity-operate: seaweed-crop-mk01 --> recipe-category: seaweed__0__0,False,False,1.9075581855178711e-49,1.9075581855178711e-49
2227,1048,__pr_graph_lp_or_to_or_and__: 10299:entity-operate: scrubber-mk01 --> recipe-category: scrubber__2__3:noncoproduct-route,,,True,entity-operate: scrubber-mk01 --> recipe-category: scrubber__2__3,False,False,1.9059195248252176e-49,1.9059195248252176e-49
2228,1445,__pr_graph_lp_or_to_or_and__: 2061:item: lab --> entity-build-item: lab,,,True,item: lab --> entity-build-item: lab,False,False,1.9022863846417931e-49,1.9022863846417931e-49
2229,2588,__pr_graph_lp_or_to_or_and__: 9657:entity-build: straight-rail --> entity: straight-rail:noncoproduct-route,,,True,entity-build: straight-rail --> entity: straight-rail,False,False,1.8968951134571343e-49,1.8968951134571343e-49
2230,2581,__pr_graph_lp_or_to_or_and__: 9643:entity-build: py-tank-7000 --> entity: py-tank-7000:noncoproduct-route,,,True,entity-build: py-tank-7000 --> entity: py-tank-7000,False,False,1.8946944616678636e-49,1.8946944616678636e-49
2231,2478,__pr_graph_lp_or_to_or_and__: 9437:entity-build: reformer-mk01 --> entity: reformer-mk01:noncoproduct-route,,,True,entity-build: reformer-mk01 --> entity: reformer-mk01,False,False,1.8915149377390183e-49,1.8915149377390183e-49
2232,1881,__pr_graph_lp_or_to_or_and__: 3969:item-craft: poorman-wood-fence --> item: poorman-wood-fence,,,True,item-craft: poorman-wood-fence --> item: poorman-wood-fence,False,False,1.8873076620467837e-49,1.8873076620467837e-49
2233,2518,__pr_graph_lp_or_to_or_and__: 9517:entity-build: py-storehouse-basic --> entity: py-storehouse-basic:noncoproduct-route,,,True,entity-build: py-storehouse-basic --> entity: py-storehouse-basic,False,False,1.8824956115316108e-49,1.8824956115316108e-49
2234,1234,__pr_graph_lp_or_to_or_and__: 10544:logic-and: smart-farm-kicalk-tree-recipe-kicalk-super-1 --> logic-or: smart-farm-kicalk-tree-recipe:noncoproduct-route,,,True,logic-and: smart-farm-kicalk-tree-recipe-kicalk-super-1 --> logic-or: smart-farm-kicalk-tree-recipe,False,False,1.8709777419584393e-49,1.8709777419584393e-49
2235,1235,__pr_graph_lp_or_to_or_and__: 10546:logic-and: smart-farm-kicalk-tree-recipe-kicalk-super-2 --> logic-or: smart-farm-kicalk-tree-recipe:noncoproduct-route,,,True,logic-and: smart-farm-kicalk-tree-recipe-kicalk-super-2 --> logic-or: smart-farm-kicalk-tree-recipe,False,False,1.870975278948847e-49,1.870975278948847e-49
2236,1238,__pr_graph_lp_or_to_or_and__: 10552:logic-and: smart-farm-kicalk-tree-recipe-kicalk-super-5 --> logic-or: smart-farm-kicalk-tree-recipe:noncoproduct-route,,,True,logic-and: smart-farm-kicalk-tree-recipe-kicalk-super-5 --> logic-or: smart-farm-kicalk-tree-recipe,False,False,1.8709750251708185e-49,1.8709750251708185e-49
2237,1236,__pr_graph_lp_or_to_or_and__: 10548:logic-and: smart-farm-kicalk-tree-recipe-kicalk-super-3 --> logic-or: smart-farm-kicalk-tree-recipe:noncoproduct-route,,,True,logic-and: smart-farm-kicalk-tree-recipe-kicalk-super-3 --> logic-or: smart-farm-kicalk-tree-recipe,False,False,1.8709750022611581e-49,1.8709750022611581e-49
2238,1239,__pr_graph_lp_or_to_or_and__: 10554:logic-and: smart-farm-kicalk-tree-recipe-kicalk-super-8 --> logic-or: smart-farm-kicalk-tree-recipe:noncoproduct-route,,,True,logic-and: smart-farm-kicalk-tree-recipe-kicalk-super-8 --> logic-or: smart-farm-kicalk-tree-recipe,False,False,1.8709749892224111e-49,1.8709749892224111e-49
2239,1237,__pr_graph_lp_or_to_or_and__: 10550:logic-and: smart-farm-kicalk-tree-recipe-kicalk-super-4 --> logic-or: smart-farm-kicalk-tree-recipe:noncoproduct-route,,,True,logic-and: smart-farm-kicalk-tree-recipe-kicalk-super-4 --> logic-or: smart-farm-kicalk-tree-recipe,False,False,1.8709749721529997e-49,1.8709749721529997e-49
2240,231,__pr_graph_lp_or_cost_row__: entity: py-overflow-valve,,,True,node-cost:entity: py-overflow-valve,False,False,1.8560857554393119e-49,1.8560857554393119e-49
2241,2111,__pr_graph_lp_or_to_or_and__: 4652:item-craft: centrifuge-mk01 --> item: centrifuge-mk01,,,True,item-craft: centrifuge-mk01 --> item: centrifuge-mk01,False,False,1.8483153370912975e-49,1.8483153370912975e-49
2242,476,__pr_graph_lp_or_cost_row__: item: equipment-chassi,,,True,node-cost:item: equipment-chassi,False,False,1.8442111151137639e-49,1.8442111151137639e-49
2243,2101,__pr_graph_lp_or_to_or_and__: 4627:item-craft: gearbox-mk01 --> item: gearbox-mk01,,,True,item-craft: gearbox-mk01 --> item: gearbox-mk01,False,False,1.8286071743434416e-49,1.8286071743434416e-49
2244,769,__pr_graph_lp_or_cost_row__: item: submachine-gun,,,True,node-cost:item: submachine-gun,False,False,1.8165826590755163e-49,1.8165826590755163e-49
2245,471,__pr_graph_lp_or_cost_row__: item: electronics-mk01,,,True,node-cost:item: electronics-mk01,False,False,1.8073301125914819e-49,1.8073301125914819e-49
2246,1100,__pr_graph_lp_or_to_or_and__: 10363:entity-operate: pulp-mill-mk01 --> recipe-category: pulp__3__0:noncoproduct-route,,,True,entity-operate: pulp-mill-mk01 --> recipe-category: pulp__3__0,False,False,1.8033628720367592e-49,1.8033628720367592e-49
2247,1883,__pr_graph_lp_or_to_or_and__: 3975:item-craft: concrete-wall --> item: concrete-wall,,,True,item-craft: concrete-wall --> item: concrete-wall,False,False,1.8000290038732774e-49,1.8000290038732774e-49
2248,225,__pr_graph_lp_or_cost_row__: entity: py-deposit-basic,,,True,node-cost:entity: py-deposit-basic,False,False,1.7963029818726114e-49,1.7963029818726114e-49
2249,1936,__pr_graph_lp_or_to_or_and__: 4133:item-craft: grade-1-zinc --> item: grade-1-zinc,,,True,item-craft: grade-1-zinc --> item: grade-1-zinc,False,False,1.795739790248474e-49,1.795739790248474e-49
2250,1047,__pr_graph_lp_or_to_or_and__: 10298:entity-operate: scrubber-mk01 --> recipe-category: scrubber__3__1:noncoproduct-route,,,True,entity-operate: scrubber-mk01 --> recipe-category: scrubber__3__1,False,False,1.7890726821900847e-49,1.7890726821900847e-49
2251,2963,entity-build: py-shed-basic,entity-build,py-shed-basic,False,,False,False,1.7861570677380924e-49,1.7861570677380924e-49
2252,1772,__pr_graph_lp_or_to_or_and__: 3129:item-craft: assembling-machine-1 --> item: assembling-machine-1,,,True,item-craft: assembling-machine-1 --> item: assembling-machine-1,False,False,1.777373858906515e-49,1.777373858906515e-49
2253,95,__pr_graph_lp_or_cost_row__: entity: big-rock,,,True,node-cost:entity: big-rock,False,False,1.7691506003329288e-49,1.7691506003329288e-49
2254,1701,__pr_graph_lp_or_to_or_and__: 2965:item: coal --> fuel-category: chemical__1,,,True,item: coal --> fuel-category: chemical__1,False,False,1.767781725247044e-49,1.767781725247044e-49
2255,2232,__pr_graph_lp_or_to_or_and__: 8667:item: coal --> energy-source-burner: chemical__biomass__jerry__nuke_2_1,,,True,item: coal --> energy-source-burner: chemical__biomass__jerry__nuke_2_1,False,False,1.767781725247044e-49,1.767781725247044e-49
2256,2345,__pr_graph_lp_or_to_or_and__: 8780:item: coal --> energy-source-burner: chemical__biomass__nuke_2_1,,,True,item: coal --> energy-source-burner: chemical__biomass__nuke_2_1,False,False,1.767781725247044e-49,1.767781725247044e-49
2257,1892,__pr_graph_lp_or_to_or_and__: 4002:item-craft: py-tank-5000 --> item: py-tank-5000,,,True,item-craft: py-tank-5000 --> item: py-tank-5000,False,False,1.7647129944188954e-49,1.7647129944188954e-49
2258,1046,__pr_graph_lp_or_to_or_and__: 10297:entity-operate: scrubber-mk01 --> recipe-category: scrubber__1__1:noncoproduct-route,,,True,entity-operate: scrubber-mk01 --> recipe-category: scrubber__1__1,False,False,1.7592012846102556e-49,1.7592012846102556e-49
2259,2435,__pr_graph_lp_or_to_or_and__: 9351:entity-build: evaporator --> entity: evaporator:noncoproduct-route,,,True,entity-build: evaporator --> entity: evaporator,False,False,1.7527894445909488e-49,1.7527894445909488e-49
2260,750,__pr_graph_lp_or_cost_row__: item: solid-separator,,,True,node-cost:item: solid-separator,False,False,1.7469676320577505e-49,1.7469676320577505e-49
2261,2507,__pr_graph_lp_or_to_or_and__: 9495:entity-build: boiler --> entity: boiler:noncoproduct-route,,,True,entity-build: boiler --> entity: boiler,False,False,1.7454249658728624e-49,1.7454249658728624e-49
2262,79,__pr_graph_lp_or_cost_row__: entity: accumulator,,,True,node-cost:entity: accumulator,False,False,1.7400307424259733e-49,1.7400307424259733e-49
2263,1101,__pr_graph_lp_or_to_or_and__: 10364:entity-operate: pulp-mill-mk01 --> recipe-category: pulp__0__1:noncoproduct-route,,,True,entity-operate: pulp-mill-mk01 --> recipe-category: pulp__0__1,False,False,1.7350298831408389e-49,1.7350298831408389e-49
2264,2563,__pr_graph_lp_or_to_or_and__: 9607:entity-build: rail-chain-signal --> entity: rail-chain-signal:noncoproduct-route,,,True,entity-build: rail-chain-signal --> entity: rail-chain-signal,False,False,1.7314151238210558e-49,1.7314151238210558e-49
2265,2122,__pr_graph_lp_or_to_or_and__: 4792:item-craft: nco-py-short-crane-mk1 --> item: nco-py-short-crane-mk1,,,True,item-craft: nco-py-short-crane-mk1 --> item: nco-py-short-crane-mk1,False,False,1.7245708552422615e-49,1.7245708552422615e-49
2266,2180,__pr_graph_lp_or_to_or_and__: 7650:item: vrauks --> recipe-py-module: vrauks-cocoon-3-no-water,,,True,item: vrauks --> recipe-py-module: vrauks-cocoon-3-no-water,False,False,1.7015237473750048e-49,1.7015237473750048e-49
2267,1736,__pr_graph_lp_or_to_or_and__: 3003:item-craft: firearm-magazine --> item: firearm-magazine,,,True,item-craft: firearm-magazine --> item: firearm-magazine,False,False,1.6821925747116595e-49,1.6821925747116595e-49
2268,689,__pr_graph_lp_or_cost_row__: item: quenching-tower,,,True,node-cost:item: quenching-tower,False,False,1.6784301018787882e-49,1.6784301018787882e-49
2269,1976,__pr_graph_lp_or_to_or_and__: 4240:item-craft: electronics-factory-mk01 --> item: electronics-factory-mk01,,,True,item-craft: electronics-factory-mk01 --> item: electronics-factory-mk01,False,False,1.6759794741078558e-49,1.6759794741078558e-49
2270,2943,entity-build: poorman-wood-fence,entity-build,poorman-wood-fence,False,,False,False,1.6523532266648222e-49,1.6523532266648222e-49
2271,2922,entity-build: jaw-crusher,entity-build,jaw-crusher,False,,False,False,1.6473154160863546e-49,1.6473154160863546e-49
2272,544,__pr_graph_lp_or_cost_row__: item: impact-crusher-mk01,,,True,node-cost:item: impact-crusher-mk01,False,False,1.618605300982803e-49,1.618605300982803e-49
2273,2946,entity-build: programmable-speaker,entity-build,programmable-speaker,False,,False,False,1.6079611303270313e-49,1.6079611303270313e-49
2274,1257,__pr_graph_lp_or_to_or_and__: 10590:logic-and: smart-farm-yotoi-tree-fruit-recipe-yotoi-fruit-super-1 --> logic-or: smart-farm-yotoi-tree-fruit-recipe:noncoproduct-route,,,True,logic-and: smart-farm-yotoi-tree-fruit-recipe-yotoi-fruit-super-1 --> logic-or: smart-farm-yotoi-tree-fruit-recipe,False,False,1.6010076185145575e-49,1.6010076185145575e-49
2275,1926,__pr_graph_lp_or_to_or_and__: 4106:item-craft: grade-1-lead --> item: grade-1-lead,,,True,item-craft: grade-1-lead --> item: grade-1-lead,False,False,1.5942734470710988e-49,1.5942734470710988e-49
2276,1487,__pr_graph_lp_or_to_or_and__: 2369:item: py-check-valve --> entity-build-item: py-check-valve,,,True,item: py-check-valve --> entity-build-item: py-check-valve,False,False,1.5698214601834994e-49,1.5698214601834994e-49
2277,2113,__pr_graph_lp_or_to_or_and__: 4658:item-craft: py-coal-powerplant-mk01 --> item: py-coal-powerplant-mk01,,,True,item-craft: py-coal-powerplant-mk01 --> item: py-coal-powerplant-mk01,False,False,1.560250567006211e-49,1.560250567006211e-49
2278,2178,__pr_graph_lp_or_to_or_and__: 7648:item: vrauks --> recipe-py-module: vrauks-cocoon-2-no-water,,,True,item: vrauks --> recipe-py-module: vrauks-cocoon-2-no-water,False,False,1.5561480522192785e-49,1.5561480522192785e-49
2279,226,__pr_graph_lp_or_cost_row__: entity: py-electric-boiler,,,True,node-cost:entity: py-electric-boiler,False,False,1.5523544304258652e-49,1.5523544304258652e-49
2280,1476,__pr_graph_lp_or_to_or_and__: 2325:item: splitter --> entity-build-item: splitter,,,True,item: splitter --> entity-build-item: splitter,False,False,1.5491221371580727e-49,1.5491221371580727e-49
2281,1097,__pr_graph_lp_or_to_or_and__: 10360:entity-operate: pulp-mill-mk01 --> recipe-category: pulp__1__0:noncoproduct-route,,,True,entity-operate: pulp-mill-mk01 --> recipe-category: pulp__1__0,False,False,1.5425853858668489e-49,1.5425853858668489e-49
2282,1098,__pr_graph_lp_or_to_or_and__: 10361:entity-operate: pulp-mill-mk01 --> recipe-category: pulp__2__0:noncoproduct-route,,,True,entity-operate: pulp-mill-mk01 --> recipe-category: pulp__2__0,False,False,1.5425853858668489e-49,1.5425853858668489e-49
2283,1102,__pr_graph_lp_or_to_or_and__: 10365:entity-operate: pulp-mill-mk01 --> recipe-category: pulp__1__1:noncoproduct-route,,,True,entity-operate: pulp-mill-mk01 --> recipe-category: pulp__1__1,False,False,1.5425853858668489e-49,1.5425853858668489e-49
2284,257,__pr_graph_lp_or_cost_row__: entity: rare-earth-bolide,,,True,node-cost:entity: rare-earth-bolide,False,False,1.5386588189588933e-49,1.5386588189588933e-49
2285,204,__pr_graph_lp_or_cost_row__: entity: ore-titanium,,,True,node-cost:entity: ore-titanium,False,False,1.5351152520691174e-49,1.5351152520691174e-49
2286,1383,__pr_graph_lp_or_to_or_and__: 1844:item: research-center-mk01 --> entity-build-item: research-center-mk01,,,True,item: research-center-mk01 --> entity-build-item: research-center-mk01,False,False,1.5321751061290521e-49,1.5321751061290521e-49
2287,1482,__pr_graph_lp_or_to_or_and__: 2349:item: py-tank-4000 --> entity-build-item: py-tank-4000,,,True,item: py-tank-4000 --> entity-build-item: py-tank-4000,False,False,1.5245326948286292e-49,1.5245326948286292e-49
2288,1913,__pr_graph_lp_or_to_or_and__: 4065:item-craft: ore-titanium --> item: ore-titanium,,,True,item-craft: ore-titanium --> item: ore-titanium,False,False,1.5160627362428564e-49,1.5160627362428564e-49
2289,2874,entity-build: casting-unit-mk01,entity-build,casting-unit-mk01,False,,False,False,1.5156532732980418e-49,1.5156532732980418e-49
2290,238,__pr_graph_lp_or_cost_row__: entity: py-tank-10000,,,True,node-cost:entity: py-tank-10000,False,False,1.5102026930889856e-49,1.5102026930889856e-49
2291,1503,__pr_graph_lp_or_to_or_and__: 2505:item: concrete-wall --> entity-build-item: concrete-wall,,,True,item: concrete-wall --> entity-build-item: concrete-wall,False,False,1.5092303713464861e-49,1.5092303713464861e-49
2292,1874,__pr_graph_lp_or_to_or_and__: 3948:item-craft: plankton-farm --> item: plankton-farm,,,True,item-craft: plankton-farm --> item: plankton-farm,False,False,1.5086337367578745e-49,1.5086337367578745e-49
2293,2443,__pr_graph_lp_or_to_or_and__: 9367:entity-build: ralesia-plantation-mk01 --> entity: ralesia-plantation-mk01:noncoproduct-route,,,True,entity-build: ralesia-plantation-mk01 --> entity: ralesia-plantation-mk01,False,False,1.4992557142246982e-49,1.4992557142246982e-49
2294,121,__pr_graph_lp_or_cost_row__: entity: compost-plant-mk01,,,True,node-cost:entity: compost-plant-mk01,False,False,1.4936277951017873e-49,1.4936277951017873e-49
2295,2182,__pr_graph_lp_or_to_or_and__: 7652:item: vrauks --> recipe-py-module: vrauks-cocoon-4-no-water,,,True,item: vrauks --> recipe-py-module: vrauks-cocoon-4-no-water,False,False,1.4929006999322596e-49,1.4929006999322596e-49
2296,1465,__pr_graph_lp_or_to_or_and__: 2145:item: py-local-radar --> entity-build-item: py-local-radar,,,True,item: py-local-radar --> entity-build-item: py-local-radar,False,False,1.4807481262675837e-49,1.4807481262675837e-49
2297,1299,__pr_graph_lp_or_to_or_and__: 1595:item: botanical-nursery --> entity-build-item: botanical-nursery,,,True,item: botanical-nursery --> entity-build-item: botanical-nursery,False,False,1.4785956487952356e-49,1.4785956487952356e-49
2298,1455,__pr_graph_lp_or_to_or_and__: 2104:item: fluid-drill-mk02 --> entity-build-item: fluid-drill-mk02,,,True,item: fluid-drill-mk02 --> entity-build-item: fluid-drill-mk02,False,False,1.4769766415772529e-49,1.4769766415772529e-49
2299,2431,__pr_graph_lp_or_to_or_and__: 9343:entity-build: rectisol --> entity: rectisol:noncoproduct-route,,,True,entity-build: rectisol --> entity: rectisol,False,False,1.4676708742900715e-49,1.4676708742900715e-49
2300,2483,__pr_graph_lp_or_to_or_and__: 9447:entity-build: spore-collector-mk01 --> entity: spore-collector-mk01:noncoproduct-route,,,True,entity-build: spore-collector-mk01 --> entity: spore-collector-mk01,False,False,1.4668745265136336e-49,1.4668745265136336e-49
2301,2094,__pr_graph_lp_or_to_or_and__: 4613:item-craft: yaw-drive-mk01 --> item: yaw-drive-mk01,,,True,item-craft: yaw-drive-mk01 --> item: yaw-drive-mk01,False,False,1.4651008826698473e-49,1.4651008826698473e-49
2302,1806,__pr_graph_lp_or_to_or_and__: 3292:item-craft: decider-combinator --> item: decider-combinator,,,True,item-craft: decider-combinator --> item: decider-combinator,False,False,1.4635552970419486e-49,1.4635552970419486e-49
2303,2504,__pr_graph_lp_or_to_or_and__: 9489:entity-build: py-oil-powerplant-mk01 --> entity: py-oil-powerplant-mk01:noncoproduct-route,,,True,entity-build: py-oil-powerplant-mk01 --> entity: py-oil-powerplant-mk01,False,False,1.4547397182533984e-49,1.4547397182533984e-49
2304,1230,__pr_graph_lp_or_to_or_and__: 10536:logic-and: smart-farm-grod-flower-recipe-grod-super-2 --> logic-or: smart-farm-grod-flower-recipe:noncoproduct-route,,,True,logic-and: smart-farm-grod-flower-recipe-grod-super-2 --> logic-or: smart-farm-grod-flower-recipe,False,False,1.4527646663186129e-49,1.4527646663186129e-49
2305,1231,__pr_graph_lp_or_to_or_and__: 10538:logic-and: smart-farm-grod-flower-recipe-grod-super-3 --> logic-or: smart-farm-grod-flower-recipe:noncoproduct-route,,,True,logic-and: smart-farm-grod-flower-recipe-grod-super-3 --> logic-or: smart-farm-grod-flower-recipe,False,False,1.45276463626036e-49,1.45276463626036e-49
2306,1232,__pr_graph_lp_or_to_or_and__: 10540:logic-and: smart-farm-grod-flower-recipe-grod-super-4 --> logic-or: smart-farm-grod-flower-recipe:noncoproduct-route,,,True,logic-and: smart-farm-grod-flower-recipe-grod-super-4 --> logic-or: smart-farm-grod-flower-recipe,False,False,1.4527645174140741e-49,1.4527645174140741e-49
2307,1233,__pr_graph_lp_or_to_or_and__: 10542:logic-and: smart-farm-grod-flower-recipe-grod-super-5 --> logic-or: smart-farm-grod-flower-recipe:noncoproduct-route,,,True,logic-and: smart-farm-grod-flower-recipe-grod-super-5 --> logic-or: smart-farm-grod-flower-recipe,False,False,1.4527644835864779e-49,1.4527644835864779e-49
2308,1771,__pr_graph_lp_or_to_or_and__: 3126:item-craft: pipe-to-ground --> item: pipe-to-ground,,,True,item-craft: pipe-to-ground --> item: pipe-to-ground,False,False,1.4442105567230105e-49,1.4442105567230105e-49
2309,2671,__pr_graph_lp_or_to_or_and__: 9775:fluid-temperature: slacked-lime: 10 --> fluid-temperature-range: slacked-lime: 10: 10:noncoproduct-route,,,True,fluid-temperature: slacked-lime: 10 --> fluid-temperature-range: slacked-lime: 10: 10,False,False,1.4227315711840509e-49,1.4227315711840509e-49
2310,1119,__pr_graph_lp_or_to_or_and__: 10386:entity-operate: upgrader-mk01 --> recipe-category: upgrader__2__1:noncoproduct-route,,,True,entity-operate: upgrader-mk01 --> recipe-category: upgrader__2__1,False,False,1.4123460440037203e-49,1.4123460440037203e-49
2311,1786,__pr_graph_lp_or_to_or_and__: 3169:item-craft: rail-signal --> item: rail-signal,,,True,item-craft: rail-signal --> item: rail-signal,False,False,1.4016648235379615e-49,1.4016648235379615e-49
2312,1495,__pr_graph_lp_or_to_or_and__: 2469:item: caravan --> entity-build-item: caravan,,,True,item: caravan --> entity-build-item: caravan,False,False,1.3979122911747624e-49,1.3979122911747624e-49
2313,2903,entity-build: fluid-wagon,entity-build,fluid-wagon,False,,False,False,1.3890088948805567e-49,1.3890088948805567e-49
2314,3024,entity-build: washer,entity-build,washer,False,,False,False,1.3810942604333303e-49,1.3810942604333303e-49
2315,2529,__pr_graph_lp_or_to_or_and__: 9539:entity-build: barrel-machine-mk01 --> entity: barrel-machine-mk01:noncoproduct-route,,,True,entity-build: barrel-machine-mk01 --> entity: barrel-machine-mk01,False,False,1.3672041763038907e-49,1.3672041763038907e-49
2316,2911,entity-build: geothermal-plant-mk01,entity-build,geothermal-plant-mk01,False,,False,False,1.365087944052061e-49,1.365087944052061e-49
2317,313,__pr_graph_lp_or_cost_row__: entity: tree-08-brown,,,True,node-cost:entity: tree-08-brown,False,False,1.3566811089316224e-49,1.3566811089316224e-49
2318,2769,__pr_graph_lp_or_to_or_and__: 9904:fluid-temperature: condensates: 10 --> fluid-temperature-range: condensates: 10: 10:noncoproduct-route,,,True,fluid-temperature: condensates: 10 --> fluid-temperature-range: condensates: 10: 10,False,False,1.346627725932115e-49,1.346627725932115e-49
2319,2164,__pr_graph_lp_or_to_or_and__: 6737:item: vrauks --> recipe-py-module: vrauks-cocoon-3,,,True,item: vrauks --> recipe-py-module: vrauks-cocoon-3,False,False,1.333841187616524e-49,1.333841187616524e-49
2320,2172,__pr_graph_lp_or_to_or_and__: 6767:item: vrauks --> recipe-py-module: vrauks-mk03,,,True,item: vrauks --> recipe-py-module: vrauks-mk03,False,False,1.333841187616524e-49,1.333841187616524e-49
2321,2174,__pr_graph_lp_or_to_or_and__: 6769:item: vrauks --> recipe-py-module: vrauks-mk04,,,True,item: vrauks --> recipe-py-module: vrauks-mk04,False,False,1.333841187616524e-49,1.333841187616524e-49
2322,36,__pr_graph_lp_explicit_zero_free_source__: 2313:room-autoplace: planet: nauvis --> entity: titanium-rock,,,True,explicit-zero:room-autoplace: planet: nauvis --> entity: titanium-rock,False,False,1.3332580923913204e-49,1.3332580923913204e-49
2323,1871,__pr_graph_lp_or_to_or_and__: 3940:item-craft: glassworks-mk01 --> item: glassworks-mk01,,,True,item-craft: glassworks-mk01 --> item: glassworks-mk01,False,False,1.3286716107180573e-49,1.3286716107180573e-49
2324,685,__pr_graph_lp_or_cost_row__: item: py-underflow-valve,,,True,node-cost:item: py-underflow-valve,False,False,1.3207947796696564e-49,1.3207947796696564e-49
2325,211,__pr_graph_lp_or_cost_row__: entity: pipe,,,True,node-cost:entity: pipe,False,False,1.3178905748139757e-49,1.3178905748139757e-49
2326,2166,__pr_graph_lp_or_to_or_and__: 6739:item: vrauks --> recipe-py-module: vrauks-cocoon-4,,,True,item: vrauks --> recipe-py-module: vrauks-cocoon-4,False,False,1.3174428626703748e-49,1.3174428626703748e-49
2327,594,__pr_graph_lp_or_cost_row__: item: moondrop-greenhouse-mk01,,,True,node-cost:item: moondrop-greenhouse-mk01,False,False,1.3098399530259966e-49,1.3098399530259966e-49
2328,612,__pr_graph_lp_or_cost_row__: item: oil-boiler-mk01,,,True,node-cost:item: oil-boiler-mk01,False,False,1.3090289963785649e-49,1.3090289963785649e-49
2329,131,__pr_graph_lp_or_cost_row__: entity: dead-grey-trunk,,,True,node-cost:entity: dead-grey-trunk,False,False,1.3064363336915531e-49,1.3064363336915531e-49
2330,1313,__pr_graph_lp_or_to_or_and__: 1653:item: flotation-cell-mk01 --> entity-build-item: flotation-cell-mk01,,,True,item: flotation-cell-mk01 --> entity-build-item: flotation-cell-mk01,False,False,1.3051558360256377e-49,1.3051558360256377e-49
2331,2537,__pr_graph_lp_or_to_or_and__: 9555:entity-build: inserter --> entity: inserter:noncoproduct-route,,,True,entity-build: inserter --> entity: inserter,False,False,1.3004210759115692e-49,1.3004210759115692e-49
2332,2019,__pr_graph_lp_or_to_or_and__: 4365:item-craft: fluid-drill-mk01 --> item: fluid-drill-mk01,,,True,item-craft: fluid-drill-mk01 --> item: fluid-drill-mk01,False,False,1.2897500493073347e-49,1.2897500493073347e-49
2333,154,__pr_graph_lp_or_cost_row__: entity: fwf-mk01,,,True,node-cost:entity: fwf-mk01,False,False,1.2890781694391076e-49,1.2890781694391076e-49
2334,2971,entity-build: py-tank-5000,entity-build,py-tank-5000,False,,False,False,1.2835625674441343e-49,1.2835625674441343e-49
2335,473,__pr_graph_lp_or_cost_row__: item: empty-petri-dish,,,True,node-cost:item: empty-petri-dish,False,False,1.2833760393513901e-49,1.2833760393513901e-49
2336,1887,__pr_graph_lp_or_to_or_and__: 3987:item-craft: py-deposit-basic --> item: py-deposit-basic,,,True,item-craft: py-deposit-basic --> item: py-deposit-basic,False,False,1.2817560708929622e-49,1.2817560708929622e-49
2337,2020,__pr_graph_lp_or_to_or_and__: 4368:item-craft: fluid-drill-mk02 --> item: fluid-drill-mk02,,,True,item-craft: fluid-drill-mk02 --> item: fluid-drill-mk02,False,False,1.2816574302714388e-49,1.2816574302714388e-49
2338,118,__pr_graph_lp_or_cost_row__: entity: classifier,,,True,node-cost:entity: classifier,False,False,1.271209910201598e-49,1.271209910201598e-49
2339,291,__pr_graph_lp_or_cost_row__: entity: stone-wall,,,True,node-cost:entity: stone-wall,False,False,1.2695945210238659e-49,1.2695945210238659e-49
2340,1268,__pr_graph_lp_or_to_or_and__: 1491:item: gun-turret --> entity-build-item: gun-turret,,,True,item: gun-turret --> entity-build-item: gun-turret,False,False,1.2693960896804311e-49,1.2693960896804311e-49
2341,3026,entity-build: wooden-chest,entity-build,wooden-chest,False,,False,False,1.2635890256084975e-49,1.2635890256084975e-49
2342,261,__pr_graph_lp_or_cost_row__: entity: ree,,,True,node-cost:entity: ree,False,False,1.2498449646914903e-49,1.2498449646914903e-49
2343,1443,__pr_graph_lp_or_to_or_and__: 2053:item: nco-py-crane-mk1 --> entity-build-item: nco-py-crane-mk1,,,True,item: nco-py-crane-mk1 --> entity-build-item: nco-py-crane-mk1,False,False,1.2453868476880283e-49,1.2453868476880283e-49
2344,241,__pr_graph_lp_or_cost_row__: entity: py-tank-4000,,,True,node-cost:entity: py-tank-4000,False,False,1.2278529153303453e-49,1.2278529153303453e-49
2345,178,__pr_graph_lp_or_cost_row__: entity: locomotive,,,True,node-cost:entity: locomotive,False,False,1.2194657812591906e-49,1.2194657812591906e-49
2346,702,__pr_graph_lp_or_cost_row__: item: rectisol,,,True,node-cost:item: rectisol,False,False,1.2184478334533076e-49,1.2184478334533076e-49
2347,1879,__pr_graph_lp_or_to_or_and__: 3963:item-craft: bio-reactor-mk01 --> item: bio-reactor-mk01,,,True,item-craft: bio-reactor-mk01 --> item: bio-reactor-mk01,False,False,1.2126437120980349e-49,1.2126437120980349e-49
2348,2079,__pr_graph_lp_or_to_or_and__: 4578:item-craft: dino-dig-site --> item: dino-dig-site,,,True,item-craft: dino-dig-site --> item: dino-dig-site,False,False,1.2098725654479358e-49,1.2098725654479358e-49
2349,2008,__pr_graph_lp_or_to_or_and__: 4332:item-craft: atomizer-mk01 --> item: atomizer-mk01,,,True,item-craft: atomizer-mk01 --> item: atomizer-mk01,False,False,1.2050149313514757e-49,1.2050149313514757e-49
2350,60,__pr_graph_lp_explicit_zero_free_source__: 2685:room-autoplace: planet: nauvis --> entity: tree-06-brown,,,True,explicit-zero:room-autoplace: planet: nauvis --> entity: tree-06-brown,False,False,1.2004856574606494e-49,1.2004856574606494e-49
2351,2879,entity-build: clay-pit-mk01,entity-build,clay-pit-mk01,False,,False,False,1.1998682134934343e-49,1.1998682134934343e-49
2352,1356,__pr_graph_lp_or_to_or_and__: 1787:item: vrauks-mk02 --> entity-operate-py-module: vrauks-paddock-mk03,,,True,item: vrauks-mk02 --> entity-operate-py-module: vrauks-paddock-mk03,False,False,1.1961584931849771e-49,1.1961584931849771e-49
2353,1811,__pr_graph_lp_or_to_or_and__: 3307:item-craft: display-panel --> item: display-panel,,,True,item-craft: display-panel --> item: display-panel,False,False,1.1919411683283413e-49,1.1919411683283413e-49
2354,1358,__pr_graph_lp_or_to_or_and__: 1789:item: vrauks-mk02 --> entity-operate-py-module: vrauks-paddock-mk04,,,True,item: vrauks-mk02 --> entity-operate-py-module: vrauks-paddock-mk04,False,False,1.1911221128142527e-49,1.1911221128142527e-49
2355,1140,__pr_graph_lp_or_to_or_and__: 10411:entity-operate: gas-refinery-mk01 --> recipe-category: gas-refinery__0__1:noncoproduct-route,,,True,entity-operate: gas-refinery-mk01 --> recipe-category: gas-refinery__0__1,False,False,1.1806009235176801e-49,1.1806009235176801e-49
2356,275,__pr_graph_lp_or_cost_row__: entity: slaughterhouse-mk01,,,True,node-cost:entity: slaughterhouse-mk01,False,False,1.1801243043938656e-49,1.1801243043938656e-49
2357,974,__pr_graph_lp_or_to_or_and__: 10202:entity-operate: olefin-plant --> recipe-category: olefin__2__2:noncoproduct-route,,,True,entity-operate: olefin-plant --> recipe-category: olefin__2__2,False,False,1.1678472762197912e-49,1.1678472762197912e-49
2358,2064,__pr_graph_lp_or_to_or_and__: 4544:item-craft: cottongut-codex --> item: cottongut-codex,,,True,item-craft: cottongut-codex --> item: cottongut-codex,False,False,1.1675155720030245e-49,1.1675155720030245e-49
2359,2867,entity-build: borax-mine,entity-build,borax-mine,False,,False,False,1.155568640168538e-49,1.155568640168538e-49
2360,228,__pr_graph_lp_or_cost_row__: entity: py-heat-exchanger,,,True,node-cost:entity: py-heat-exchanger,False,False,1.153389859328238e-49,1.153389859328238e-49
2361,1737,__pr_graph_lp_or_to_or_and__: 3006:item-craft: piercing-rounds-magazine --> item: piercing-rounds-magazine,,,True,item-craft: piercing-rounds-magazine --> item: piercing-rounds-magazine,False,False,1.147690802592008e-49,1.147690802592008e-49
2362,2870,entity-build: burner-mining-drill,entity-build,burner-mining-drill,False,,False,False,1.1383676220062377e-49,1.1383676220062377e-49
2363,1331,__pr_graph_lp_or_to_or_and__: 1724:item: reformer-mk01 --> entity-build-item: reformer-mk01,,,True,item: reformer-mk01 --> entity-build-item: reformer-mk01,False,False,1.1297203631314986e-49,1.1297203631314986e-49
2364,299,__pr_graph_lp_or_cost_row__: entity: tin-rock,,,True,node-cost:entity: tin-rock,False,False,1.1211567633284925e-49,1.1211567633284925e-49
2365,90,__pr_graph_lp_or_cost_row__: entity: automated-factory-mk01,,,True,node-cost:entity: automated-factory-mk01,False,False,1.0998123501951189e-49,1.0998123501951189e-49
2366,1780,__pr_graph_lp_or_to_or_and__: 3151:item-craft: iron-chest --> item: iron-chest,,,True,item-craft: iron-chest --> item: iron-chest,False,False,1.0975553273856876e-49,1.0975553273856876e-49
2367,2576,__pr_graph_lp_or_to_or_and__: 9633:entity-build: py-tank-1000 --> entity: py-tank-1000:noncoproduct-route,,,True,entity-build: py-tank-1000 --> entity: py-tank-1000,False,False,1.0922241259907787e-49,1.0922241259907787e-49
2368,2703,__pr_graph_lp_or_to_or_and__: 9818:fluid-temperature: acetylene: 15 --> fluid: acetylene:noncoproduct-route,,,True,fluid-temperature: acetylene: 15 --> fluid: acetylene,False,False,1.0913717966891491e-49,1.0913717966891491e-49
2369,1120,__pr_graph_lp_or_to_or_and__: 10387:entity-operate: upgrader-mk01 --> recipe-category: upgrader__3__1:noncoproduct-route,,,True,entity-operate: upgrader-mk01 --> recipe-category: upgrader__3__1,False,False,1.0827183215124024e-49,1.0827183215124024e-49
2370,535,__pr_graph_lp_or_cost_row__: item: hazard-concrete,,,True,node-cost:item: hazard-concrete,False,False,1.0728098061202694e-49,1.0728098061202694e-49
2371,659,__pr_graph_lp_or_cost_row__: item: py-construction-robot-mk01,,,True,node-cost:item: py-construction-robot-mk01,False,False,1.0718418566616201e-49,1.0718418566616201e-49
2372,221,__pr_graph_lp_or_cost_row__: entity: py-burner,,,True,node-cost:entity: py-burner,False,False,1.0609760081613585e-49,1.0609760081613585e-49
2373,1916,__pr_graph_lp_or_to_or_and__: 4073:item-craft: grade-3-ti --> item: grade-3-ti,,,True,item-craft: grade-3-ti --> item: grade-3-ti,False,False,1.0517640365471014e-49,1.0517640365471014e-49
2374,1884,__pr_graph_lp_or_to_or_and__: 3978:item-craft: py-shed-basic --> item: py-shed-basic,,,True,item-craft: py-shed-basic --> item: py-shed-basic,False,False,1.0500973264004604e-49,1.0500973264004604e-49
2375,190,__pr_graph_lp_or_cost_row__: entity: nickel-rock,,,True,node-cost:entity: nickel-rock,False,False,1.0479423534568485e-49,1.0479423534568485e-49
2376,1355,__pr_graph_lp_or_to_or_and__: 1786:item: vrauks --> entity-operate-py-module: vrauks-paddock-mk03,,,True,item: vrauks --> entity-operate-py-module: vrauks-paddock-mk03,False,False,1.0472330796320663e-49,1.0472330796320663e-49
2377,1279,__pr_graph_lp_or_to_or_and__: 1537:item: evaporator --> entity-build-item: evaporator,,,True,item: evaporator --> entity-build-item: evaporator,False,False,1.0460447886520418e-49,1.0460447886520418e-49
2378,2878,entity-build: classifier,entity-build,classifier,False,,False,False,1.0448818244936881e-49,1.0448818244936881e-49
2379,1122,__pr_graph_lp_or_to_or_and__: 10389:entity-operate: upgrader-mk01 --> recipe-category: upgrader__0__0:noncoproduct-route,,,True,entity-operate: upgrader-mk01 --> recipe-category: upgrader__0__0,False,False,1.04274144168694e-49,1.04274144168694e-49
2380,1357,__pr_graph_lp_or_to_or_and__: 1788:item: vrauks --> entity-operate-py-module: vrauks-paddock-mk04,,,True,item: vrauks --> entity-operate-py-module: vrauks-paddock-mk04,False,False,1.0421966992613419e-49,1.0421966992613419e-49
2381,215,__pr_graph_lp_or_cost_row__: entity: power-switch,,,True,node-cost:entity: power-switch,False,False,1.0380545819532051e-49,1.0380545819532051e-49
2382,368,__pr_graph_lp_or_cost_row__: item: belt,,,True,node-cost:item: belt,False,False,1.0376447573595612e-49,1.0376447573595612e-49
2383,773,__pr_graph_lp_or_cost_row__: item: tailings-barrel,,,True,node-cost:item: tailings-barrel,False,False,1.0314507327744489e-49,1.0314507327744489e-49
2384,744,__pr_graph_lp_or_cost_row__: item: smelter-mk01,,,True,node-cost:item: smelter-mk01,False,False,1.0288022107441194e-49,1.0288022107441194e-49
2385,2486,__pr_graph_lp_or_to_or_and__: 9453:entity-build: biofactory-mk01 --> entity: biofactory-mk01:noncoproduct-route,,,True,entity-build: biofactory-mk01 --> entity: biofactory-mk01,False,False,1.0266477824537716e-49,1.0266477824537716e-49
2386,1192,__pr_graph_lp_or_to_or_and__: 10477:entity-operate: fish-farm-mk01 --> recipe-category: fish-farm__2__2:noncoproduct-route,,,True,entity-operate: fish-farm-mk01 --> recipe-category: fish-farm__2__2,False,False,1.0144047506114979e-49,1.0144047506114979e-49
2387,555,__pr_graph_lp_or_cost_row__: item: jaw-crusher,,,True,node-cost:item: jaw-crusher,False,False,1.0087685979180619e-49,1.0087685979180619e-49
2388,166,__pr_graph_lp_or_cost_row__: entity: hpf,,,True,node-cost:entity: hpf,False,False,1.0081482729798812e-49,1.0081482729798812e-49
2389,219,__pr_graph_lp_or_cost_row__: entity: pump,,,True,node-cost:entity: pump,False,False,1.0060046283248626e-49,1.0060046283248626e-49
2390,1837,__pr_graph_lp_or_to_or_and__: 3803:item-craft: lab-instrument --> item: lab-instrument,,,True,item-craft: lab-instrument --> item: lab-instrument,False,False,1.0050267280625214e-49,1.0050267280625214e-49
2391,1774,__pr_graph_lp_or_to_or_and__: 3135:item-craft: stone-wall --> item: stone-wall,,,True,item-craft: stone-wall --> item: stone-wall,False,False,9.9960156365084576e-50,9.9960156365084576e-50
2392,1849,__pr_graph_lp_or_to_or_and__: 3874:item-craft: tar-processing-unit --> item: tar-processing-unit,,,True,item-craft: tar-processing-unit --> item: tar-processing-unit,False,False,9.9375616512962494e-50,9.9375616512962494e-50
2393,975,__pr_graph_lp_or_to_or_and__: 10203:entity-operate: olefin-plant --> recipe-category: olefin__2__1:noncoproduct-route,,,True,entity-operate: olefin-plant --> recipe-category: olefin__2__1,False,False,9.8850495444418248e-50,9.8850495444418248e-50
2394,1917,__pr_graph_lp_or_to_or_and__: 4076:item-craft: ti-rejects --> item: ti-rejects,,,True,item-craft: ti-rejects --> item: ti-rejects,False,False,9.8806382946697842e-50,9.8806382946697842e-50
2395,156,__pr_graph_lp_or_cost_row__: entity: gasifier,,,True,node-cost:entity: gasifier,False,False,9.8004576761694586e-50,9.8004576761694586e-50
2396,1851,__pr_graph_lp_or_to_or_and__: 3880:item-craft: tailings-pond --> item: tailings-pond,,,True,item-craft: tailings-pond --> item: tailings-pond,False,False,9.7734710590052332e-50,9.7734710590052332e-50
2397,1480,__pr_graph_lp_or_to_or_and__: 2341:item: py-tank-1500 --> entity-build-item: py-tank-1500,,,True,item: py-tank-1500 --> entity-build-item: py-tank-1500,False,False,9.7523815898110525e-50,9.7523815898110525e-50
2398,2896,entity-build: fawogae-plantation-mk01,entity-build,fawogae-plantation-mk01,False,,False,False,9.7304869208029463e-50,9.7304869208029463e-50
2399,1405,__pr_graph_lp_or_to_or_and__: 1909:item: generator-1 --> entity-build-item: generator-1,,,True,item: generator-1 --> entity-build-item: generator-1,False,False,9.6784775013435451e-50,9.6784775013435451e-50
2400,2613,__pr_graph_lp_or_to_or_and__: 9699:fluid-temperature: steam: 150 --> fluid-temperature-range: steam: nil: 500:noncoproduct-route,,,True,fluid-temperature: steam: 150 --> fluid-temperature-range: steam: nil: 500,False,False,9.6634674095631631e-50,9.6634674095631631e-50
2401,1781,__pr_graph_lp_or_to_or_and__: 3154:item-craft: medium-electric-pole --> item: medium-electric-pole,,,True,item-craft: medium-electric-pole --> item: medium-electric-pole,False,False,9.6507949904622249e-50,9.6507949904622249e-50
2402,797,__pr_graph_lp_or_cost_row__: item: vacuum-pump-mk01,,,True,node-cost:item: vacuum-pump-mk01,False,False,9.633429282721357e-50,9.633429282721357e-50
2403,2018,__pr_graph_lp_or_to_or_and__: 4362:item-craft: rc-mk01 --> item: rc-mk01,,,True,item-craft: rc-mk01 --> item: rc-mk01,False,False,9.5796667065086066e-50,9.5796667065086066e-50
2404,782,__pr_graph_lp_or_cost_row__: item: tidal-mk01,,,True,node-cost:item: tidal-mk01,False,False,9.5758680475642924e-50,9.5758680475642924e-50
2405,114,__pr_graph_lp_or_cost_row__: entity: character,,,True,node-cost:entity: character,False,False,9.5514426720520377e-50,9.5514426720520377e-50
2406,2539,__pr_graph_lp_or_to_or_and__: 9559:entity-build: burner-inserter --> entity: burner-inserter:noncoproduct-route,,,True,entity-build: burner-inserter --> entity: burner-inserter,False,False,9.5485148721693725e-50,9.5485148721693725e-50
2407,1226,__pr_graph_lp_or_to_or_and__: 10528:logic-and: smart-farm-ore-bioreserve-recipe-bioreserve-super-1 --> logic-or: smart-farm-ore-bioreserve-recipe:noncoproduct-route,,,True,logic-and: smart-farm-ore-bioreserve-recipe-bioreserve-super-1 --> logic-or: smart-farm-ore-bioreserve-recipe,False,False,9.3994020758425889e-50,9.3994020758425889e-50
2408,1227,__pr_graph_lp_or_to_or_and__: 10530:logic-and: smart-farm-ore-bioreserve-recipe-bioreserve-super-2 --> logic-or: smart-farm-ore-bioreserve-recipe:noncoproduct-route,,,True,logic-and: smart-farm-ore-bioreserve-recipe-bioreserve-super-2 --> logic-or: smart-farm-ore-bioreserve-recipe,False,False,9.3993791201061264e-50,9.3993791201061264e-50
2409,1228,__pr_graph_lp_or_to_or_and__: 10532:logic-and: smart-farm-ore-bioreserve-recipe-bioreserve-super-3 --> logic-or: smart-farm-ore-bioreserve-recipe:noncoproduct-route,,,True,logic-and: smart-farm-ore-bioreserve-recipe-bioreserve-super-3 --> logic-or: smart-farm-ore-bioreserve-recipe,False,False,9.3993769935980403e-50,9.3993769935980403e-50
2410,3570,fluid-temperature: waste-water: 10,fluid-temperature,waste-water: 10,False,,False,False,9.3889035325373015e-50,9.3889035325373015e-50
2411,2743,__pr_graph_lp_or_to_or_and__: 9870:fluid-temperature: cyanic-acid: 10 --> fluid: cyanic-acid:noncoproduct-route,,,True,fluid-temperature: cyanic-acid: 10 --> fluid: cyanic-acid,False,False,9.3860648120266201e-50,9.3860648120266201e-50
2412,2594,__pr_graph_lp_or_to_or_and__: 9669:entity-build: aerial-blimp-mk01 --> entity: aerial-blimp-mk01:noncoproduct-route,,,True,entity-build: aerial-blimp-mk01 --> entity: aerial-blimp-mk01,False,False,9.3353124312437452e-50,9.3353124312437452e-50
2413,2736,__pr_graph_lp_or_to_or_and__: 9860:fluid-temperature: methane: 15 --> fluid-temperature-range: methane: 15: 15:noncoproduct-route,,,True,fluid-temperature: methane: 15 --> fluid-temperature-range: methane: 15: 15,False,False,9.2964347867951188e-50,9.2964347867951188e-50
2414,2557,__pr_graph_lp_or_to_or_and__: 9595:entity-build: pipe-to-ground --> entity: pipe-to-ground:noncoproduct-route,,,True,entity-build: pipe-to-ground --> entity: pipe-to-ground,False,False,9.2755356798893679e-50,9.2755356798893679e-50
2415,1285,__pr_graph_lp_or_to_or_and__: 1561:item: advanced-foundry-mk01 --> entity-build-item: advanced-foundry-mk01,,,True,item: advanced-foundry-mk01 --> entity-build-item: advanced-foundry-mk01,False,False,9.2423564877845089e-50,9.2423564877845089e-50
2416,1118,__pr_graph_lp_or_to_or_and__: 10385:entity-operate: upgrader-mk01 --> recipe-category: upgrader__2__0:noncoproduct-route,,,True,entity-operate: upgrader-mk01 --> recipe-category: upgrader__2__0,False,False,9.2386351839757e-50,9.2386351839757e-50
2417,2573,__pr_graph_lp_or_to_or_and__: 9627:entity-build: splitter --> entity: splitter:noncoproduct-route,,,True,entity-build: splitter --> entity: splitter,False,False,9.2063088700438949e-50,9.2063088700438949e-50
2418,2157,__pr_graph_lp_or_to_or_and__: 6606:item: cottongut-mk01 --> recipe-py-module: cottongut-mk02,,,True,item: cottongut-mk01 --> recipe-py-module: cottongut-mk02,False,False,9.169283283500162e-50,9.169283283500162e-50
2419,2877,entity-build: chipshooter-mk01,entity-build,chipshooter-mk01,False,,False,False,9.1365873417709873e-50,9.1365873417709873e-50
2420,483,__pr_graph_lp_or_cost_row__: item: fbreactor-mk01,,,True,node-cost:item: fbreactor-mk01,False,False,9.1362432722912647e-50,9.1362432722912647e-50
2421,1326,__pr_graph_lp_or_to_or_and__: 1704:item: pcb-factory-mk01 --> entity-build-item: pcb-factory-mk01,,,True,item: pcb-factory-mk01 --> entity-build-item: pcb-factory-mk01,False,False,9.1301168030746572e-50,9.1301168030746572e-50
2422,654,__pr_graph_lp_or_cost_row__: item: py-asphalt,,,True,node-cost:item: py-asphalt,False,False,9.0506139306158767e-50,9.0506139306158767e-50
2423,312,__pr_graph_lp_or_cost_row__: entity: tree-08,,,True,node-cost:entity: tree-08,False,False,9.0245801268429712e-50,9.0245801268429712e-50
2424,136,__pr_graph_lp_or_cost_row__: entity: distilator,,,True,node-cost:entity: distilator,False,False,9.0196547717721304e-50,9.0196547717721304e-50
2425,1151,__pr_graph_lp_or_to_or_and__: 10426:entity-operate: spore-collector-mk01 --> recipe-category: spore__0__0:noncoproduct-route,,,True,entity-operate: spore-collector-mk01 --> recipe-category: spore__0__0,False,False,8.9676985907017013e-50,8.9676985907017013e-50
2426,1902,__pr_graph_lp_or_to_or_and__: 4031:item-craft: py-roboport-mk01 --> item: py-roboport-mk01,,,True,item-craft: py-roboport-mk01 --> item: py-roboport-mk01,False,False,8.9280305283210867e-50,8.9280305283210867e-50
2427,1117,__pr_graph_lp_or_to_or_and__: 10384:entity-operate: upgrader-mk01 --> recipe-category: upgrader__3__0:noncoproduct-route,,,True,entity-operate: upgrader-mk01 --> recipe-category: upgrader__3__0,False,False,8.9233386512012659e-50,8.9233386512012659e-50
2428,1121,__pr_graph_lp_or_to_or_and__: 10388:entity-operate: upgrader-mk01 --> recipe-category: upgrader__1__2:noncoproduct-route,,,True,entity-operate: upgrader-mk01 --> recipe-category: upgrader__1__2,False,False,8.9233386512012659e-50,8.9233386512012659e-50
2429,1123,__pr_graph_lp_or_to_or_and__: 10390:entity-operate: upgrader-mk01 --> recipe-category: upgrader__1__1:noncoproduct-route,,,True,entity-operate: upgrader-mk01 --> recipe-category: upgrader__1__1,False,False,8.9233386512012659e-50,8.9233386512012659e-50
2430,1074,__pr_graph_lp_or_to_or_and__: 10330:entity-operate: casting-unit-mk01 --> recipe-category: casting__3__0:noncoproduct-route,,,True,entity-operate: casting-unit-mk01 --> recipe-category: casting__3__0,False,False,8.8987279310105284e-50,8.8987279310105284e-50
2431,433,__pr_graph_lp_or_cost_row__: item: controler-mk01,,,True,node-cost:item: controler-mk01,False,False,8.8585702674321441e-50,8.8585702674321441e-50
2432,1397,__pr_graph_lp_or_to_or_and__: 1888:item: moondrop --> entity-operate-py-module: moondrop-greenhouse-mk03,,,True,item: moondrop --> entity-operate-py-module: moondrop-greenhouse-mk03,False,False,8.8489046235999521e-50,8.8489046235999521e-50
2433,1732,__pr_graph_lp_or_to_or_and__: 2997:item: cellulose --> fuel-category: biomass__0,,,True,item: cellulose --> fuel-category: biomass__0,False,False,8.8487393956177944e-50,8.8487393956177944e-50
2434,2245,__pr_graph_lp_or_to_or_and__: 8680:item: cellulose --> energy-source-burner: chemical__biomass__jerry__nuke_2_1,,,True,item: cellulose --> energy-source-burner: chemical__biomass__jerry__nuke_2_1,False,False,8.8487393956177944e-50,8.8487393956177944e-50
2435,2358,__pr_graph_lp_or_to_or_and__: 8793:item: cellulose --> energy-source-burner: chemical__biomass__nuke_2_1,,,True,item: cellulose --> energy-source-burner: chemical__biomass__nuke_2_1,False,False,8.8487393956177944e-50,8.8487393956177944e-50
2436,1580,__pr_graph_lp_or_to_or_and__: 2698:fluid-create-temperature: waste-water: 10 --> fluid-create: waste-water,,,True,fluid-create-temperature: waste-water: 10 --> fluid-create: waste-water,False,False,8.8143519480217068e-50,8.8143519480217068e-50
2437,1153,__pr_graph_lp_or_to_or_and__: 10428:entity-operate: spore-collector-mk01 --> recipe-category: spore__0__1:noncoproduct-route,,,True,entity-operate: spore-collector-mk01 --> recipe-category: spore__0__1,False,False,8.7889974519849862e-50,8.7889974519849862e-50
2438,2106,__pr_graph_lp_or_to_or_and__: 4637:item-craft: hawt-turbine-mk01 --> item: hawt-turbine-mk01,,,True,item-craft: hawt-turbine-mk01 --> item: hawt-turbine-mk01,False,False,8.755048303952783e-50,8.755048303952783e-50
2439,3031,entity-mine: antimonium,entity-mine,antimonium,False,,True,False,8.7524925599570386e-50,8.7524925599570386e-50
2440,2503,__pr_graph_lp_or_to_or_and__: 9487:entity-build: py-coal-powerplant-mk01 --> entity: py-coal-powerplant-mk01:noncoproduct-route,,,True,entity-build: py-coal-powerplant-mk01 --> entity: py-coal-powerplant-mk01,False,False,8.7242085025040858e-50,8.7242085025040858e-50
2441,565,__pr_graph_lp_or_cost_row__: item: lens,,,True,node-cost:item: lens,False,False,8.7163143821989855e-50,8.7163143821989855e-50
2442,792,__pr_graph_lp_or_cost_row__: item: upgrader-mk01,,,True,node-cost:item: upgrader-mk01,False,False,8.6745747401449458e-50,8.6745747401449458e-50
2443,647,__pr_graph_lp_or_cost_row__: item: prandium-lab-mk01,,,True,node-cost:item: prandium-lab-mk01,False,False,8.6736225689957243e-50,8.6736225689957243e-50
2444,308,__pr_graph_lp_or_cost_row__: entity: tree-05,,,True,node-cost:entity: tree-05,False,False,8.6666733168620961e-50,8.6666733168620961e-50
2445,2466,__pr_graph_lp_or_to_or_and__: 9413:entity-build: bof-mk01 --> entity: bof-mk01:noncoproduct-route,,,True,entity-build: bof-mk01 --> entity: bof-mk01,False,False,8.6567423263258256e-50,8.6567423263258256e-50
2446,2075,__pr_graph_lp_or_to_or_and__: 4568:item-craft: moondrop-codex --> item: moondrop-codex,,,True,item-craft: moondrop-codex --> item: moondrop-codex,False,False,8.6527498259670651e-50,8.6527498259670651e-50
2447,2158,__pr_graph_lp_or_to_or_and__: 6607:item: cottongut-mk01 --> recipe-py-module: cottongut-mk03,,,True,item: cottongut-mk01 --> recipe-py-module: cottongut-mk03,False,False,8.6142357629796903e-50,8.6142357629796903e-50
2448,2159,__pr_graph_lp_or_to_or_and__: 6608:item: cottongut-mk01 --> recipe-py-module: cottongut-mk04,,,True,item: cottongut-mk01 --> recipe-py-module: cottongut-mk04,False,False,8.6114889888143213e-50,8.6114889888143213e-50
2449,1075,__pr_graph_lp_or_to_or_and__: 10331:entity-operate: casting-unit-mk01 --> recipe-category: casting__4__0:noncoproduct-route,,,True,entity-operate: casting-unit-mk01 --> recipe-category: casting__4__0,False,False,8.5435165210035411e-50,8.5435165210035411e-50
2450,321,__pr_graph_lp_or_cost_row__: entity: uranium-rock,,,True,node-cost:entity: uranium-rock,False,False,8.5252122239411238e-50,8.5252122239411238e-50
2451,86,__pr_graph_lp_or_cost_row__: entity: assembling-machine-1,,,True,node-cost:entity: assembling-machine-1,False,False,8.4981732705889751e-50,8.4981732705889751e-50
2452,153,__pr_graph_lp_or_cost_row__: entity: fluidavan,,,True,node-cost:entity: fluidavan,False,False,8.4973274666738135e-50,8.4973274666738135e-50
2453,652,__pr_graph_lp_or_cost_row__: item: pulp-mill-mk01,,,True,node-cost:item: pulp-mill-mk01,False,False,8.4693840387311518e-50,8.4693840387311518e-50
2454,251,__pr_graph_lp_or_cost_row__: entity: quartz-rock,,,True,node-cost:entity: quartz-rock,False,False,8.46035889709441e-50,8.46035889709441e-50
2455,1981,__pr_graph_lp_or_to_or_and__: 4254:item-craft: carbon-black --> item: carbon-black,,,True,item-craft: carbon-black --> item: carbon-black,False,False,8.4422171705063907e-50,8.4422171705063907e-50
2456,2578,__pr_graph_lp_or_to_or_and__: 9637:entity-build: py-tank-3000 --> entity: py-tank-3000:noncoproduct-route,,,True,entity-build: py-tank-3000 --> entity: py-tank-3000,False,False,8.3380184087221611e-50,8.3380184087221611e-50
2457,2127,__pr_graph_lp_or_to_or_and__: 4807:item-craft: caravan --> item: caravan,,,True,item-craft: caravan --> item: caravan,False,False,8.3368263520623013e-50,8.3368263520623013e-50
2458,100,__pr_graph_lp_or_cost_row__: entity: biter-spawner,,,True,node-cost:entity: biter-spawner,False,False,8.3280389488345174e-50,8.3280389488345174e-50
2459,1885,__pr_graph_lp_or_to_or_and__: 3981:item-craft: py-storehouse-basic --> item: py-storehouse-basic,,,True,item-craft: py-storehouse-basic --> item: py-storehouse-basic,False,False,8.309810083517083e-50,8.309810083517083e-50
2460,1793,__pr_graph_lp_or_to_or_and__: 3185:item-craft: accumulator --> item: accumulator,,,True,item-craft: accumulator --> item: accumulator,False,False,8.3066319277820404e-50,8.3066319277820404e-50
2461,732,__pr_graph_lp_or_cost_row__: item: seaweed-crop-mk01,,,True,node-cost:item: seaweed-crop-mk01,False,False,8.2757968397413569e-50,8.2757968397413569e-50
2462,2799,__pr_graph_lp_or_to_or_and__: 9944:fluid-temperature: formic-acid: 15 --> fluid-temperature-range: formic-acid: 15: 15:noncoproduct-route,,,True,fluid-temperature: formic-acid: 15 --> fluid-temperature-range: formic-acid: 15: 15,False,False,8.267404370690817e-50,8.267404370690817e-50
2463,2897,entity-build: fbreactor-mk01,entity-build,fbreactor-mk01,False,,False,False,8.2640996301049742e-50,8.2640996301049742e-50
2464,1870,__pr_graph_lp_or_to_or_and__: 3937:item-craft: chemical-plant-mk01 --> item: chemical-plant-mk01,,,True,item-craft: chemical-plant-mk01 --> item: chemical-plant-mk01,False,False,8.2393732954198809e-50,8.2393732954198809e-50
2465,2475,__pr_graph_lp_or_to_or_and__: 9431:entity-build: heavy-oil-refinery-mk01 --> entity: heavy-oil-refinery-mk01:noncoproduct-route,,,True,entity-build: heavy-oil-refinery-mk01 --> entity: heavy-oil-refinery-mk01,False,False,8.2222330338702841e-50,8.2222330338702841e-50
2466,752,__pr_graph_lp_or_cost_row__: item: soot,,,True,node-cost:item: soot,False,False,8.2092039340809319e-50,8.2092039340809319e-50
2467,759,__pr_graph_lp_or_cost_row__: item: steel-furnace,,,True,node-cost:item: steel-furnace,False,False,8.1805275112549963e-50,8.1805275112549963e-50
2468,1994,__pr_graph_lp_or_to_or_and__: 4290:item-craft: rhe --> item: rhe,,,True,item-craft: rhe --> item: rhe,False,False,8.1552769442920455e-50,8.1552769442920455e-50
2469,2516,__pr_graph_lp_or_to_or_and__: 9513:entity-build: steel-chest --> entity: steel-chest:noncoproduct-route,,,True,entity-build: steel-chest --> entity: steel-chest,False,False,8.1544154983772589e-50,8.1544154983772589e-50
2470,337,__pr_graph_lp_or_cost_row__: item: aerial-blimp-mk01,,,True,node-cost:item: aerial-blimp-mk01,False,False,8.1427824702773607e-50,8.1427824702773607e-50
2471,1968,__pr_graph_lp_or_to_or_and__: 4211:item-craft: raw-fiber --> item: raw-fiber,,,True,item-craft: raw-fiber --> item: raw-fiber,False,False,8.13579761357863e-50,8.13579761357863e-50
2472,2117,__pr_graph_lp_or_to_or_and__: 4670:item-craft: multiblade-turbine-mk01 --> item: multiblade-turbine-mk01,,,True,item-craft: multiblade-turbine-mk01 --> item: multiblade-turbine-mk01,False,False,8.1291516848930722e-50,8.1291516848930722e-50
2473,623,__pr_graph_lp_or_cost_row__: item: outpost-fluid,,,True,node-cost:item: outpost-fluid,False,False,7.9077900287612179e-50,7.9077900287612179e-50
2474,2501,__pr_graph_lp_or_to_or_and__: 9483:entity-build: seaweed-crop-mk01 --> entity: seaweed-crop-mk01:noncoproduct-route,,,True,entity-build: seaweed-crop-mk01 --> entity: seaweed-crop-mk01,False,False,7.8555618299293592e-50,7.8555618299293592e-50
2475,2555,__pr_graph_lp_or_to_or_and__: 9591:entity-build: offshore-pump --> entity: offshore-pump:noncoproduct-route,,,True,entity-build: offshore-pump --> entity: offshore-pump,False,False,7.8291575651885329e-50,7.8291575651885329e-50
2476,2451,__pr_graph_lp_or_to_or_and__: 9383:entity-build: vacuum-pump-mk01 --> entity: vacuum-pump-mk01:noncoproduct-route,,,True,entity-build: vacuum-pump-mk01 --> entity: vacuum-pump-mk01,False,False,7.792073096248686e-50,7.792073096248686e-50
2477,566,__pr_graph_lp_or_cost_row__: item: light-armor,,,True,node-cost:item: light-armor,False,False,7.7733202167075219e-50,7.7733202167075219e-50
2478,1143,__pr_graph_lp_or_to_or_and__: 10415:entity-operate: retorter --> recipe-category: kerogen__1__1:noncoproduct-route,,,True,entity-operate: retorter --> recipe-category: kerogen__1__1,False,False,7.766832857179995e-50,7.766832857179995e-50
2479,496,__pr_graph_lp_or_cost_row__: item: fluid-drill-mk01,,,True,node-cost:item: fluid-drill-mk01,False,False,7.6776042288852022e-50,7.6776042288852022e-50
2480,1136,__pr_graph_lp_or_to_or_and__: 10407:entity-operate: gas-refinery-mk01 --> recipe-category: gas-refinery__2__1:noncoproduct-route,,,True,entity-operate: gas-refinery-mk01 --> recipe-category: gas-refinery__2__1,False,False,7.6329782481019033e-50,7.6329782481019033e-50
2481,1137,__pr_graph_lp_or_to_or_and__: 10408:entity-operate: gas-refinery-mk01 --> recipe-category: gas-refinery__2__2:noncoproduct-route,,,True,entity-operate: gas-refinery-mk01 --> recipe-category: gas-refinery__2__2,False,False,7.6329782481019033e-50,7.6329782481019033e-50
2482,1138,__pr_graph_lp_or_to_or_and__: 10409:entity-operate: gas-refinery-mk01 --> recipe-category: gas-refinery__1__2:noncoproduct-route,,,True,entity-operate: gas-refinery-mk01 --> recipe-category: gas-refinery__1__2,False,False,7.6329782481019033e-50,7.6329782481019033e-50
2483,1139,__pr_graph_lp_or_to_or_and__: 10410:entity-operate: gas-refinery-mk01 --> recipe-category: gas-refinery__1__3:noncoproduct-route,,,True,entity-operate: gas-refinery-mk01 --> recipe-category: gas-refinery__1__3,False,False,7.6329782481019033e-50,7.6329782481019033e-50
2484,1142,__pr_graph_lp_or_to_or_and__: 10413:entity-operate: gas-refinery-mk01 --> recipe-category: gas-refinery__3__3:noncoproduct-route,,,True,entity-operate: gas-refinery-mk01 --> recipe-category: gas-refinery__3__3,False,False,7.6329782481019033e-50,7.6329782481019033e-50
2485,2445,__pr_graph_lp_or_to_or_and__: 9371:entity-build: ball-mill-mk01 --> entity: ball-mill-mk01:noncoproduct-route,,,True,entity-build: ball-mill-mk01 --> entity: ball-mill-mk01,False,False,7.5664267033965461e-50,7.5664267033965461e-50
2486,183,__pr_graph_lp_or_cost_row__: entity: mixer-mk01,,,True,node-cost:entity: mixer-mk01,False,False,7.5165924082712418e-50,7.5165924082712418e-50
2487,1368,__pr_graph_lp_or_to_or_and__: 1816:item: fish --> entity-operate-py-module: fish-farm-mk01,,,True,item: fish --> entity-operate-py-module: fish-farm-mk01,False,False,7.4829477158595669e-50,7.4829477158595669e-50
2488,2143,__pr_graph_lp_or_to_or_and__: 4867:item-craft: rail --> item: rail,,,True,item-craft: rail --> item: rail,False,False,7.4403125115575009e-50,7.4403125115575009e-50
2489,465,__pr_graph_lp_or_cost_row__: item: earth-mouse-sample,,,True,node-cost:item: earth-mouse-sample,False,False,7.3555876262934697e-50,7.3555876262934697e-50
2490,1474,__pr_graph_lp_or_to_or_and__: 2317:item: vawt-turbine-mk01 --> entity-build-item: vawt-turbine-mk01,,,True,item: vawt-turbine-mk01 --> entity-build-item: vawt-turbine-mk01,False,False,7.3024868732618771e-50,7.3024868732618771e-50
2491,1414,__pr_graph_lp_or_to_or_and__: 1947:item: py-storehouse-basic --> entity-build-item: py-storehouse-basic,,,True,item: py-storehouse-basic --> entity-build-item: py-storehouse-basic,False,False,7.2481411788181659e-50,7.2481411788181659e-50
2492,298,__pr_graph_lp_or_cost_row__: entity: tidal-mk01,,,True,node-cost:entity: tidal-mk01,False,False,7.2473500907168225e-50,7.2473500907168225e-50
2493,2975,entity-build: py-tank-9000,entity-build,py-tank-9000,False,,False,False,7.1881208255907201e-50,7.1881208255907201e-50
2494,574,__pr_graph_lp_or_cost_row__: item: logistic-science-pack,,,True,node-cost:item: logistic-science-pack,False,False,7.1271573727372432e-50,7.1271573727372432e-50
2495,1091,__pr_graph_lp_or_to_or_and__: 10351:entity-operate: moondrop-greenhouse-mk01 --> recipe-category: moon__0__1:noncoproduct-route,,,True,entity-operate: moondrop-greenhouse-mk01 --> recipe-category: moon__0__1,False,False,7.0351241899133764e-50,7.0351241899133764e-50
2496,1073,__pr_graph_lp_or_to_or_and__: 10329:entity-operate: casting-unit-mk01 --> recipe-category: casting__0__0:noncoproduct-route,,,True,entity-operate: casting-unit-mk01 --> recipe-category: casting__0__0,False,False,7.0299496980496142e-50,7.0299496980496142e-50
2497,280,__pr_graph_lp_or_cost_row__: entity: soil-extractor-mk01,,,True,node-cost:entity: soil-extractor-mk01,False,False,7.0207011181192831e-50,7.0207011181192831e-50
2498,1848,__pr_graph_lp_or_to_or_and__: 3871:item-craft: gasifier --> item: gasifier,,,True,item-craft: gasifier --> item: gasifier,False,False,7.0152054967281288e-50,7.0152054967281288e-50
2499,2584,__pr_graph_lp_or_to_or_and__: 9649:entity-build: py-check-valve --> entity: py-check-valve:noncoproduct-route,,,True,entity-build: py-check-valve --> entity: py-check-valve,False,False,7.0141315483559582e-50,7.0141315483559582e-50
2500,319,__pr_graph_lp_or_cost_row__: entity: upgrader-mk01,,,True,node-cost:entity: upgrader-mk01,False,False,7.0025441982050837e-50,7.0025441982050837e-50
2501,325,__pr_graph_lp_or_cost_row__: entity: vrauks-paddock-mk01,,,True,node-cost:entity: vrauks-paddock-mk01,False,False,6.927000893299457e-50,6.927000893299457e-50
2502,601,__pr_graph_lp_or_cost_row__: item: multiblade-turbine-mk01,,,True,node-cost:item: multiblade-turbine-mk01,False,False,6.9062158257987985e-50,6.9062158257987985e-50
2503,1733,__pr_graph_lp_or_to_or_and__: 2999:item: fish --> fuel-category: fish__0,,,True,item: fish --> fuel-category: fish__0,False,False,6.9061532452594106e-50,6.9061532452594106e-50
2504,38,__pr_graph_lp_explicit_zero_free_source__: 2319:room-autoplace: planet: nauvis --> entity: zinc-rock,,,True,explicit-zero:room-autoplace: planet: nauvis --> entity: zinc-rock,False,False,6.8958646466591144e-50,6.8958646466591144e-50
2505,1932,__pr_graph_lp_or_to_or_and__: 4122:item-craft: grade-1-tin --> item: grade-1-tin,,,True,item-craft: grade-1-tin --> item: grade-1-tin,False,False,6.827034501188004e-50,6.827034501188004e-50
2506,2967,entity-build: py-tank-10000,entity-build,py-tank-10000,False,,False,False,6.8188803994367135e-50,6.8188803994367135e-50
2507,2059,__pr_graph_lp_or_to_or_and__: 4533:item-craft: sodium-alginate --> item: sodium-alginate,,,True,item-craft: sodium-alginate --> item: sodium-alginate,False,False,6.7615911229787629e-50,6.7615911229787629e-50
2508,2168,__pr_graph_lp_or_to_or_and__: 6741:item: vrauks --> recipe-py-module: vrauks-cocoon-5,,,True,item: vrauks --> recipe-py-module: vrauks-cocoon-5,False,False,6.7452432315060135e-50,6.7452432315060135e-50
2509,3576,item-ammo: piercing-rounds-magazine,item-ammo,piercing-rounds-magazine,False,,False,False,6.7383903051189812e-50,6.7383903051189812e-50
2510,1760,__pr_graph_lp_or_to_or_and__: 3092:item-craft: electric-mining-drill --> item: electric-mining-drill,,,True,item-craft: electric-mining-drill --> item: electric-mining-drill,False,False,6.720708861780255e-50,6.720708861780255e-50
2511,2512,__pr_graph_lp_or_to_or_and__: 9505:entity-build: constant-combinator --> entity: constant-combinator:noncoproduct-route,,,True,entity-build: constant-combinator --> entity: constant-combinator,False,False,6.7019648087777405e-50,6.7019648087777405e-50
2512,952,__pr_graph_lp_or_to_or_and__: 10174:entity-operate: gasifier --> recipe-category: gasifier__1__2:noncoproduct-route,,,True,entity-operate: gasifier --> recipe-category: gasifier__1__2,False,False,6.676944800323187e-50,6.676944800323187e-50
2513,1344,__pr_graph_lp_or_to_or_and__: 1759:item: tree-mk01 --> entity-operate-py-module: fwf-mk03,,,True,item: tree-mk01 --> entity-operate-py-module: fwf-mk03,False,False,6.6488472314234974e-50,6.6488472314234974e-50
2514,2997,entity-build: slaughterhouse-mk01,entity-build,slaughterhouse-mk01,False,,False,False,6.6461492822013922e-50,6.6461492822013922e-50
2515,1896,__pr_graph_lp_or_to_or_and__: 4014:item-craft: py-check-valve --> item: py-check-valve,,,True,item-craft: py-check-valve --> item: py-check-valve,False,False,6.6406984703683097e-50,6.6406984703683097e-50
2516,643,__pr_graph_lp_or_cost_row__: item: portable-gasoline-generator,,,True,node-cost:item: portable-gasoline-generator,False,False,6.6192570443256802e-50,6.6192570443256802e-50
2517,218,__pr_graph_lp_or_cost_row__: entity: pulp-mill-mk01,,,True,node-cost:entity: pulp-mill-mk01,False,False,6.6054202135127793e-50,6.6054202135127793e-50
2518,663,__pr_graph_lp_or_cost_row__: item: py-heat-exchanger,,,True,node-cost:item: py-heat-exchanger,False,False,6.5927874045102713e-50,6.5927874045102713e-50
2519,2876,entity-build: chemical-plant-mk01,entity-build,chemical-plant-mk01,False,,False,False,6.5678400795119851e-50,6.5678400795119851e-50
2520,2125,__pr_graph_lp_or_to_or_and__: 4801:item-craft: cargo-wagon --> item: cargo-wagon,,,True,item-craft: cargo-wagon --> item: cargo-wagon,False,False,6.5376273638338923e-50,6.5376273638338923e-50
2521,186,__pr_graph_lp_or_cost_row__: entity: moss-farm-mk01,,,True,node-cost:entity: moss-farm-mk01,False,False,6.5270177275411394e-50,6.5270177275411394e-50
2522,239,__pr_graph_lp_or_cost_row__: entity: py-tank-1500,,,True,node-cost:entity: py-tank-1500,False,False,6.5143137646936046e-50,6.5143137646936046e-50
2523,690,__pr_graph_lp_or_cost_row__: item: radar,,,True,node-cost:item: radar,False,False,6.5130411974422435e-50,6.5130411974422435e-50
2524,213,__pr_graph_lp_or_cost_row__: entity: plankton-farm,,,True,node-cost:entity: plankton-farm,False,False,6.4533597597791008e-50,6.4533597597791008e-50
2525,159,__pr_graph_lp_or_cost_row__: entity: genlab-mk01,,,True,node-cost:entity: genlab-mk01,False,False,6.4201558662944666e-50,6.4201558662944666e-50
2526,1215,__pr_graph_lp_or_to_or_and__: 10511:entity-operate: salt-mine --> resource-category: salt-rock__0__0:noncoproduct-route,,,True,entity-operate: salt-mine --> resource-category: salt-rock__0__0,False,False,6.4012481957581705e-50,6.4012481957581705e-50
2527,379,__pr_graph_lp_or_cost_row__: item: boiler,,,True,node-cost:item: boiler,False,False,6.3970015379088596e-50,6.3970015379088596e-50
2528,1191,__pr_graph_lp_or_to_or_and__: 10476:entity-operate: fish-farm-mk01 --> recipe-category: fish-farm__1__0:noncoproduct-route,,,True,entity-operate: fish-farm-mk01 --> recipe-category: fish-farm__1__0,False,False,6.3824974924635533e-50,6.3824974924635533e-50
2529,1464,__pr_graph_lp_or_to_or_and__: 2141:item: radar --> entity-build-item: radar,,,True,item: radar --> entity-build-item: radar,False,False,6.3814195880601512e-50,6.3814195880601512e-50
2530,208,__pr_graph_lp_or_cost_row__: entity: pcb-factory-mk01,,,True,node-cost:entity: pcb-factory-mk01,False,False,6.3652922725574606e-50,6.3652922725574606e-50
2531,3008,entity-build: steel-furnace,entity-build,steel-furnace,False,,False,False,6.2958156878806879e-50,6.2958156878806879e-50
2532,2510,__pr_graph_lp_or_to_or_and__: 9501:entity-build: car --> entity: car:noncoproduct-route,,,True,entity-build: car --> entity: car,False,False,6.2769727213746331e-50,6.2769727213746331e-50
2533,75,__pr_graph_lp_explicit_zero_free_source__: 2756:room-autoplace: planet: nauvis --> entity: big-worm-turret,,,True,explicit-zero:room-autoplace: planet: nauvis --> entity: big-worm-turret,False,False,6.1696747361590141e-50,6.1696747361590141e-50
2534,2184,__pr_graph_lp_or_to_or_and__: 7654:item: vrauks --> recipe-py-module: vrauks-cocoon-5-no-water,,,True,item: vrauks --> recipe-py-module: vrauks-cocoon-5-no-water,False,False,6.1436169305741924e-50,6.1436169305741924e-50
2535,2057,__pr_graph_lp_or_to_or_and__: 4514:item-craft: saps --> item: saps,,,True,item-craft: saps --> item: saps,False,False,6.1079140253315948e-50,6.1079140253315948e-50
2536,1979,__pr_graph_lp_or_to_or_and__: 4249:item-craft: chipshooter-mk01 --> item: chipshooter-mk01,,,True,item-craft: chipshooter-mk01 --> item: chipshooter-mk01,False,False,6.0779832329066047e-50,6.0779832329066047e-50
2537,399,__pr_graph_lp_or_cost_row__: item: carbolic-oil-barrel,,,True,node-cost:item: carbolic-oil-barrel,False,False,6.0625306435357946e-50,6.0625306435357946e-50
2538,1889,__pr_graph_lp_or_to_or_and__: 3993:item-craft: py-tank-1500 --> item: py-tank-1500,,,True,item-craft: py-tank-1500 --> item: py-tank-1500,False,False,6.0592521827065153e-50,6.0592521827065153e-50
2539,2905,entity-build: fwf-mk01,entity-build,fwf-mk01,False,,False,False,6.0544498679774968e-50,6.0544498679774968e-50
2540,2543,__pr_graph_lp_or_to_or_and__: 9567:entity-build: small-lamp --> entity: small-lamp:noncoproduct-route,,,True,entity-build: small-lamp --> entity: small-lamp,False,False,6.0492081132221095e-50,6.0492081132221095e-50
2541,2502,__pr_graph_lp_or_to_or_and__: 9485:entity-build: centrifuge-mk01 --> entity: centrifuge-mk01:noncoproduct-route,,,True,entity-build: centrifuge-mk01 --> entity: centrifuge-mk01,False,False,6.0378711418040071e-50,6.0378711418040071e-50
2542,2485,__pr_graph_lp_or_to_or_and__: 9451:entity-build: micro-mine-mk01 --> entity: micro-mine-mk01:noncoproduct-route,,,True,entity-build: micro-mine-mk01 --> entity: micro-mine-mk01,False,False,6.0341655468702315e-50,6.0341655468702315e-50
2543,85,__pr_graph_lp_or_cost_row__: entity: arithmetic-combinator,,,True,node-cost:entity: arithmetic-combinator,False,False,6.0321203231261098e-50,6.0321203231261098e-50
2544,13,__pr_graph_lp_explicit_zero_free_source__: 2217:room-autoplace: planet: nauvis --> entity: niobium,,,True,explicit-zero:room-autoplace: planet: nauvis --> entity: niobium,False,False,6.0254207936345334e-50,6.0254207936345334e-50
2545,304,__pr_graph_lp_or_cost_row__: entity: tree-02,,,True,node-cost:entity: tree-02,False,False,5.9964738264658541e-50,5.9964738264658541e-50
2546,2888,entity-build: dino-dig-site,entity-build,dino-dig-site,False,,False,False,5.9872305794845444e-50,5.9872305794845444e-50
2547,14,__pr_graph_lp_explicit_zero_free_source__: 2220:room-autoplace: planet: nauvis --> entity: molybdenum-ore,,,True,explicit-zero:room-autoplace: planet: nauvis --> entity: molybdenum-ore,False,False,5.9688093638623093e-50,5.9688093638623093e-50
2548,1429,__pr_graph_lp_or_to_or_and__: 2016:item: compost-plant-mk01 --> entity-build-item: compost-plant-mk01,,,True,item: compost-plant-mk01 --> entity-build-item: compost-plant-mk01,False,False,5.9414548023264644e-50,5.9414548023264644e-50
2549,1152,__pr_graph_lp_or_to_or_and__: 10427:entity-operate: spore-collector-mk01 --> recipe-category: spore__1__0:noncoproduct-route,,,True,entity-operate: spore-collector-mk01 --> recipe-category: spore__1__0,False,False,5.9188986808955618e-50,5.9188986808955618e-50
2550,1591,__pr_graph_lp_or_to_or_and__: 2718:fluid-craft-temperature: gasoline: 10 --> fluid-create-temperature: gasoline: 10,,,True,fluid-craft-temperature: gasoline: 10 --> fluid-create-temperature: gasoline: 10,False,False,5.8985554404121677e-50,5.8985554404121677e-50
2551,227,__pr_graph_lp_or_cost_row__: entity: py-gas-vent,,,True,node-cost:entity: py-gas-vent,False,False,5.8613573401789581e-50,5.8613573401789581e-50
2552,3012,entity-build: storage-tank,entity-build,storage-tank,False,,False,False,5.8177842356670148e-50,5.8177842356670148e-50
2553,1741,__pr_graph_lp_or_to_or_and__: 3016:item-craft: grenade --> item: grenade,,,True,item-craft: grenade --> item: grenade,False,False,5.7596699446806609e-50,5.7596699446806609e-50
2554,2481,__pr_graph_lp_or_to_or_and__: 9443:entity-build: retorter --> entity: retorter:noncoproduct-route,,,True,entity-build: retorter --> entity: retorter,False,False,5.7596550559006813e-50,5.7596550559006813e-50
2555,2153,__pr_graph_lp_or_to_or_and__: 6588:item: cottongut-mk01 --> recipe-py-module: cottongut-cub-1,,,True,item: cottongut-mk01 --> recipe-py-module: cottongut-cub-1,False,False,5.7409926592095485e-50,5.7409926592095485e-50
2556,2154,__pr_graph_lp_or_to_or_and__: 6589:item: cottongut-mk01 --> recipe-py-module: cottongut-cub-2,,,True,item: cottongut-mk01 --> recipe-py-module: cottongut-cub-2,False,False,5.7409926592095485e-50,5.7409926592095485e-50
2557,2155,__pr_graph_lp_or_to_or_and__: 6590:item: cottongut-mk01 --> recipe-py-module: cottongut-cub-3,,,True,item: cottongut-mk01 --> recipe-py-module: cottongut-cub-3,False,False,5.7409926592095485e-50,5.7409926592095485e-50
2558,2156,__pr_graph_lp_or_to_or_and__: 6591:item: cottongut-mk01 --> recipe-py-module: cottongut-cub-4,,,True,item: cottongut-mk01 --> recipe-py-module: cottongut-cub-4,False,False,5.7409926592095485e-50,5.7409926592095485e-50
2559,686,__pr_graph_lp_or_cost_row__: item: py-warehouse-basic,,,True,node-cost:item: py-warehouse-basic,False,False,5.6395194961249576e-50,5.6395194961249576e-50
2560,1392,__pr_graph_lp_or_to_or_and__: 1869:item: py-coal-powerplant-mk01 --> entity-build-item: py-coal-powerplant-mk01,,,True,item: py-coal-powerplant-mk01 --> entity-build-item: py-coal-powerplant-mk01,False,False,5.6099226629767041e-50,5.6099226629767041e-50
2561,1391,__pr_graph_lp_or_to_or_and__: 1865:item: centrifuge-mk01 --> entity-build-item: centrifuge-mk01,,,True,item: centrifuge-mk01 --> entity-build-item: centrifuge-mk01,False,False,5.5974631793179285e-50,5.5974631793179285e-50
2562,1466,__pr_graph_lp_or_to_or_and__: 2149:item: rail-chain-signal --> entity-build-item: rail-chain-signal,,,True,item: rail-chain-signal --> entity-build-item: rail-chain-signal,False,False,5.5628868120113657e-50,5.5628868120113657e-50
2563,1373,__pr_graph_lp_or_to_or_and__: 1825:item: sap-tree --> entity-operate-py-module: sap-extractor-mk01,,,True,item: sap-tree --> entity-operate-py-module: sap-extractor-mk01,False,False,5.5525693102162964e-50,5.5525693102162964e-50
2564,1190,__pr_graph_lp_or_to_or_and__: 10475:entity-operate: fish-farm-mk01 --> recipe-category: fish-farm__2__1:noncoproduct-route,,,True,entity-operate: fish-farm-mk01 --> recipe-category: fish-farm__2__1,False,False,5.5088483328595107e-50,5.5088483328595107e-50
2565,2541,__pr_graph_lp_or_to_or_and__: 9563:entity-build: nco-py-short-crane-mk1 --> entity: nco-py-short-crane-mk1:noncoproduct-route,,,True,entity-build: nco-py-short-crane-mk1 --> entity: nco-py-short-crane-mk1,False,False,5.46426071773403e-50,5.46426071773403e-50
2566,1090,__pr_graph_lp_or_to_or_and__: 10350:entity-operate: moondrop-greenhouse-mk01 --> recipe-category: moon__1__2:noncoproduct-route,,,True,entity-operate: moondrop-greenhouse-mk01 --> recipe-category: moon__1__2,False,False,5.4621540223529035e-50,5.4621540223529035e-50
2567,2705,__pr_graph_lp_or_to_or_and__: 9820:fluid-temperature: acetylene: 15 --> fluid-temperature-range: acetylene: 15: 15:noncoproduct-route,,,True,fluid-temperature: acetylene: 15 --> fluid-temperature-range: acetylene: 15: 15,False,False,5.4568589834457453e-50,5.4568589834457453e-50
2568,27,__pr_graph_lp_explicit_zero_free_source__: 2284:room-autoplace: planet: nauvis --> entity: chromium-rock,,,True,explicit-zero:room-autoplace: planet: nauvis --> entity: chromium-rock,False,False,5.4470510654518689e-50,5.4470510654518689e-50
2569,91,__pr_graph_lp_or_cost_row__: entity: automated-screener-mk01,,,True,node-cost:entity: automated-screener-mk01,False,False,5.4229879162089623e-50,5.4229879162089623e-50
2570,2582,__pr_graph_lp_or_to_or_and__: 9645:entity-build: py-tank-6500 --> entity: py-tank-6500:noncoproduct-route,,,True,entity-build: py-tank-6500 --> entity: py-tank-6500,False,False,5.3701252085553518e-50,5.3701252085553518e-50
2571,2545,__pr_graph_lp_or_to_or_and__: 9571:entity-build: storage-chest --> entity: storage-chest:noncoproduct-route,,,True,entity-build: storage-chest --> entity: storage-chest,False,False,5.3647473084479867e-50,5.3647473084479867e-50
2572,915,__pr_graph_lp_or_to_or_and__: 10134:entity-operate: centrifuge-mk01 --> recipe-category: centrifuging__0__0:noncoproduct-route,,,True,entity-operate: centrifuge-mk01 --> recipe-category: centrifuging__0__0,False,False,5.356137929235935e-50,5.356137929235935e-50
2573,1784,__pr_graph_lp_or_to_or_and__: 3163:item-craft: steel-chest --> item: steel-chest,,,True,item-craft: steel-chest --> item: steel-chest,False,False,5.3500062843254018e-50,5.3500062843254018e-50
2574,2531,__pr_graph_lp_or_to_or_and__: 9543:entity-build: py-sinkhole --> entity: py-sinkhole:noncoproduct-route,,,True,entity-build: py-sinkhole --> entity: py-sinkhole,False,False,5.3462674578389484e-50,5.3462674578389484e-50
2575,3006,entity-build: steam-turbine-mk01,entity-build,steam-turbine-mk01,False,,False,False,5.3445560127375234e-50,5.3445560127375234e-50
2576,706,__pr_graph_lp_or_cost_row__: item: repair-pack,,,True,node-cost:item: repair-pack,False,False,5.2801202375696325e-50,5.2801202375696325e-50
2577,74,__pr_graph_lp_explicit_zero_free_source__: 2753:room-autoplace: planet: nauvis --> entity: medium-worm-turret,,,True,explicit-zero:room-autoplace: planet: nauvis --> entity: medium-worm-turret,False,False,5.2161638131706915e-50,5.2161638131706915e-50
2578,2024,__pr_graph_lp_or_to_or_and__: 4432:item-craft: wood-seeds --> item: wood-seeds,,,True,item-craft: wood-seeds --> item: wood-seeds,False,False,5.2076720498113124e-50,5.2076720498113124e-50
2579,2924,entity-build: locomotive,entity-build,locomotive,False,,False,False,5.1897555457409148e-50,5.1897555457409148e-50
2580,2109,__pr_graph_lp_or_to_or_and__: 4646:item-craft: geothermal-plant-mk01 --> item: geothermal-plant-mk01,,,True,item-craft: geothermal-plant-mk01 --> item: geothermal-plant-mk01,False,False,5.1886098534490879e-50,5.1886098534490879e-50
2581,320,__pr_graph_lp_or_cost_row__: entity: uranium-ore,,,True,node-cost:entity: uranium-ore,False,False,5.1841917657752583e-50,5.1841917657752583e-50
2582,3404,entity-operate: py-sinkhole,entity-operate,py-sinkhole,False,,False,False,5.1704590708349107e-50,5.1704590708349107e-50
2583,662,__pr_graph_lp_or_cost_row__: item: py-gas-vent,,,True,node-cost:item: py-gas-vent,False,False,5.1412636083971658e-50,5.1412636083971658e-50
2584,194,__pr_graph_lp_or_cost_row__: entity: oil-sand,,,True,node-cost:entity: oil-sand,False,False,5.1218568868311674e-50,5.1218568868311674e-50
2585,951,__pr_graph_lp_or_to_or_and__: 10173:entity-operate: gasifier --> recipe-category: gasifier__2__1:noncoproduct-route,,,True,entity-operate: gasifier --> recipe-category: gasifier__2__1,False,False,5.1029165169904336e-50,5.1029165169904336e-50
2586,2908,entity-build: gate,entity-build,gate,False,,False,False,5.0135999739515856e-50,5.0135999739515856e-50
2587,2003,__pr_graph_lp_or_to_or_and__: 4317:item-craft: incubator-mk01 --> item: incubator-mk01,,,True,item-craft: incubator-mk01 --> item: incubator-mk01,False,False,4.9913640904982218e-50,4.9913640904982218e-50
2588,1928,__pr_graph_lp_or_to_or_and__: 4111:item-craft: clean-nexelit --> item: clean-nexelit,,,True,item-craft: clean-nexelit --> item: clean-nexelit,False,False,4.9602319630037673e-50,4.9602319630037673e-50
2589,2917,entity-build: hydroclassifier-mk01,entity-build,hydroclassifier-mk01,False,,False,False,4.8847950770695706e-50,4.8847950770695706e-50
2590,1450,__pr_graph_lp_or_to_or_and__: 2081:item: burner-mining-drill --> entity-build-item: burner-mining-drill,,,True,item: burner-mining-drill --> entity-build-item: burner-mining-drill,False,False,4.8796419422035592e-50,4.8796419422035592e-50
2591,201,__pr_graph_lp_or_cost_row__: entity: ore-nickel,,,True,node-cost:entity: ore-nickel,False,False,4.8630902914928006e-50,4.8630902914928006e-50
2592,2454,__pr_graph_lp_or_to_or_and__: 9389:entity-build: automated-screener-mk01 --> entity: automated-screener-mk01:noncoproduct-route,,,True,entity-build: automated-screener-mk01 --> entity: automated-screener-mk01,False,False,4.8472391613604923e-50,4.8472391613604923e-50
2593,1370,__pr_graph_lp_or_to_or_and__: 1819:item: fish --> entity-operate-py-module: fish-farm-mk03,,,True,item: fish --> entity-operate-py-module: fish-farm-mk03,False,False,4.8148624791979816e-50,4.8148624791979816e-50
2594,1219,__pr_graph_lp_or_to_or_and__: 10519:entity-operate: antimony-drill-mk01 --> resource-category: antimonium__0__0:noncoproduct-route,,,True,entity-operate: antimony-drill-mk01 --> resource-category: antimonium__0__0,False,False,4.814400455773917e-50,4.814400455773917e-50
2595,1484,__pr_graph_lp_or_to_or_and__: 2357:item: py-tank-7000 --> entity-build-item: py-tank-7000,,,True,item: py-tank-7000 --> entity-build-item: py-tank-7000,False,False,4.8095198473956771e-50,4.8095198473956771e-50
2596,1759,__pr_graph_lp_or_to_or_and__: 3089:item-craft: burner-mining-drill --> item: burner-mining-drill,,,True,item-craft: burner-mining-drill --> item: burner-mining-drill,False,False,4.7229725754662848e-50,4.7229725754662848e-50
2597,2745,__pr_graph_lp_or_to_or_and__: 9872:fluid-temperature: cyanic-acid: 10 --> fluid-temperature-range: cyanic-acid: 10: 10:noncoproduct-route,,,True,fluid-temperature: cyanic-acid: 10 --> fluid-temperature-range: cyanic-acid: 10: 10,False,False,4.69303240601331e-50,4.69303240601331e-50
2598,2575,__pr_graph_lp_or_to_or_and__: 9631:entity-build: tailings-pond --> entity: tailings-pond:noncoproduct-route,,,True,entity-build: tailings-pond --> entity: tailings-pond,False,False,4.6156459424839132e-50,4.6156459424839132e-50
2599,2449,__pr_graph_lp_or_to_or_and__: 9379:entity-build: chemical-plant-mk01 --> entity: chemical-plant-mk01:noncoproduct-route,,,True,entity-build: chemical-plant-mk01 --> entity: chemical-plant-mk01,False,False,4.5436235908045785e-50,4.5436235908045785e-50
2600,266,__pr_graph_lp_or_cost_row__: entity: rhe,,,True,node-cost:entity: rhe,False,False,4.5305260450561953e-50,4.5305260450561953e-50
2601,1418,__pr_graph_lp_or_to_or_and__: 1963:item: decider-combinator --> entity-build-item: decider-combinator,,,True,item: decider-combinator --> entity-build-item: decider-combinator,False,False,4.5082096216413036e-50,4.5082096216413036e-50
2602,1808,__pr_graph_lp_or_to_or_and__: 3298:item-craft: selector-combinator --> item: selector-combinator,,,True,item-craft: selector-combinator --> item: selector-combinator,False,False,4.482894666045262e-50,4.482894666045262e-50
2603,609,__pr_graph_lp_or_cost_row__: item: nexelit-plate,,,True,node-cost:item: nexelit-plate,False,False,4.4800023720812058e-50,4.4800023720812058e-50
2604,65,__pr_graph_lp_explicit_zero_free_source__: 2710:room-autoplace: planet: nauvis --> entity: tree-09,,,True,explicit-zero:room-autoplace: planet: nauvis --> entity: tree-09,False,False,4.4194376777563863e-50,4.4194376777563863e-50
2605,1448,__pr_graph_lp_or_to_or_and__: 2073:item: storage-chest --> entity-build-item: storage-chest,,,True,item: storage-chest --> entity-build-item: storage-chest,False,False,4.3194291513371473e-50,4.3194291513371473e-50
2606,737,__pr_graph_lp_or_cost_row__: item: shotgun-shell,,,True,node-cost:item: shotgun-shell,False,False,4.3078553222382909e-50,4.3078553222382909e-50
2607,2095,__pr_graph_lp_or_to_or_and__: 4615:item-craft: vane-mk01 --> item: vane-mk01,,,True,item-craft: vane-mk01 --> item: vane-mk01,False,False,4.3026754858031574e-50,4.3026754858031574e-50
2608,648,__pr_graph_lp_or_cost_row__: item: pressured-air-barrel,,,True,node-cost:item: pressured-air-barrel,False,False,4.2959526540633978e-50,4.2959526540633978e-50
2609,2974,entity-build: py-tank-8000,entity-build,py-tank-8000,False,,False,False,4.2798269062245533e-50,4.2798269062245533e-50
2610,1087,__pr_graph_lp_or_to_or_and__: 10347:entity-operate: moondrop-greenhouse-mk01 --> recipe-category: moon__1__1:noncoproduct-route,,,True,entity-operate: moondrop-greenhouse-mk01 --> recipe-category: moon__1__1,False,False,4.1657594040887598e-50,4.1657594040887598e-50
2611,1088,__pr_graph_lp_or_to_or_and__: 10348:entity-operate: moondrop-greenhouse-mk01 --> recipe-category: moon__1__0:noncoproduct-route,,,True,entity-operate: moondrop-greenhouse-mk01 --> recipe-category: moon__1__0,False,False,4.1657594040887598e-50,4.1657594040887598e-50
2612,1089,__pr_graph_lp_or_to_or_and__: 10349:entity-operate: moondrop-greenhouse-mk01 --> recipe-category: moon__2__0:noncoproduct-route,,,True,entity-operate: moondrop-greenhouse-mk01 --> recipe-category: moon__2__0,False,False,4.1657594040887598e-50,4.1657594040887598e-50
2613,2797,__pr_graph_lp_or_to_or_and__: 9942:fluid-temperature: formic-acid: 15 --> fluid: formic-acid:noncoproduct-route,,,True,fluid-temperature: formic-acid: 15 --> fluid: formic-acid,False,False,4.143801353123403e-50,4.143801353123403e-50
2614,2728,__pr_graph_lp_or_to_or_and__: 9850:fluid-temperature: molten-iron: 10 --> fluid: molten-iron:noncoproduct-route,,,True,fluid-temperature: molten-iron: 10 --> fluid: molten-iron,False,False,4.1124584426505236e-50,4.1124584426505236e-50
2615,316,__pr_graph_lp_or_cost_row__: entity: tree-09-brown,,,True,node-cost:entity: tree-09-brown,False,False,4.0948168676718011e-50,4.0948168676718011e-50
2616,2991,entity-build: salt-mine,entity-build,salt-mine,False,,False,False,4.0846835906320102e-50,4.0846835906320102e-50
2617,705,__pr_graph_lp_or_cost_row__: item: reformer-mk01,,,True,node-cost:item: reformer-mk01,False,False,4.04504841789889e-50,4.04504841789889e-50
2618,2593,__pr_graph_lp_or_to_or_and__: 9667:entity-build: fluidavan --> entity: fluidavan:noncoproduct-route,,,True,entity-build: fluidavan --> entity: fluidavan,False,False,4.0426420261298619e-50,4.0426420261298619e-50
2619,3455,entity-operate: steam-turbine-mk01,entity-operate,steam-turbine-mk01,False,,False,False,4.0236881011220884e-50,4.0236881011220884e-50
2620,232,__pr_graph_lp_or_cost_row__: entity: py-recharge-station-mk01,,,True,node-cost:entity: py-recharge-station-mk01,False,False,4.0075087649747631e-50,4.0075087649747631e-50
2621,3396,entity-operate: py-gas-vent,entity-operate,py-gas-vent,False,,False,False,4.0071402294932896e-50,4.0071402294932896e-50
2622,1385,__pr_graph_lp_or_to_or_and__: 1852:item: dino-dig-site --> entity-build-item: dino-dig-site,,,True,item: dino-dig-site --> entity-build-item: dino-dig-site,False,False,3.9862425834036383e-50,3.9862425834036383e-50
2623,45,__pr_graph_lp_explicit_zero_free_source__: 2340:room-autoplace: planet: nauvis --> entity: ore-bioreserve,,,True,explicit-zero:room-autoplace: planet: nauvis --> entity: ore-bioreserve,False,False,3.979468536128378e-50,3.979468536128378e-50
2624,2495,__pr_graph_lp_or_to_or_and__: 9471:entity-build: sap-extractor-mk01 --> entity: sap-extractor-mk01:noncoproduct-route,,,True,entity-build: sap-extractor-mk01 --> entity: sap-extractor-mk01,False,False,3.9562816223071027e-50,3.9562816223071027e-50
2625,1371,__pr_graph_lp_or_to_or_and__: 1820:item: fish --> entity-operate-py-module: fish-farm-mk04,,,True,item: fish --> entity-operate-py-module: fish-farm-mk04,False,False,3.9320781075615426e-50,3.9320781075615426e-50
2626,946,__pr_graph_lp_or_to_or_and__: 10168:entity-operate: gasifier --> recipe-category: gasifier__2__2:noncoproduct-route,,,True,entity-operate: gasifier --> recipe-category: gasifier__2__2,False,False,3.9266204391045404e-50,3.9266204391045404e-50
2627,947,__pr_graph_lp_or_to_or_and__: 10169:entity-operate: gasifier --> recipe-category: gasifier__1__1:noncoproduct-route,,,True,entity-operate: gasifier --> recipe-category: gasifier__1__1,False,False,3.9266204391045404e-50,3.9266204391045404e-50
2628,948,__pr_graph_lp_or_to_or_and__: 10170:entity-operate: gasifier --> recipe-category: gasifier__0__1:noncoproduct-route,,,True,entity-operate: gasifier --> recipe-category: gasifier__0__1,False,False,3.9266204391045404e-50,3.9266204391045404e-50
2629,949,__pr_graph_lp_or_to_or_and__: 10171:entity-operate: gasifier --> recipe-category: gasifier__3__2:noncoproduct-route,,,True,entity-operate: gasifier --> recipe-category: gasifier__3__2,False,False,3.9266204391045404e-50,3.9266204391045404e-50
2630,950,__pr_graph_lp_or_to_or_and__: 10172:entity-operate: gasifier --> recipe-category: gasifier__0__2:noncoproduct-route,,,True,entity-operate: gasifier --> recipe-category: gasifier__0__2,False,False,3.9266204391045404e-50,3.9266204391045404e-50
2631,953,__pr_graph_lp_or_to_or_and__: 10175:entity-operate: gasifier --> recipe-category: gasifier__3__1:noncoproduct-route,,,True,entity-operate: gasifier --> recipe-category: gasifier__3__1,False,False,3.9266204391045404e-50,3.9266204391045404e-50
2632,1950,__pr_graph_lp_or_to_or_and__: 4168:item-craft: electrolyzer-mk01 --> item: electrolyzer-mk01,,,True,item-craft: electrolyzer-mk01 --> item: electrolyzer-mk01,False,False,3.8936490673976733e-50,3.8936490673976733e-50
2633,248,__pr_graph_lp_or_cost_row__: entity: py-warehouse-basic,,,True,node-cost:entity: py-warehouse-basic,False,False,3.8871514615923179e-50,3.8871514615923179e-50
2634,2100,__pr_graph_lp_or_to_or_and__: 4625:item-craft: nacelle-mk01 --> item: nacelle-mk01,,,True,item-craft: nacelle-mk01 --> item: nacelle-mk01,False,False,3.8712023978852138e-50,3.8712023978852138e-50
2635,1823,__pr_graph_lp_or_to_or_and__: 3766:item-craft: coal-dust --> item: coal-dust,,,True,item-craft: coal-dust --> item: coal-dust,False,False,3.8602094675845198e-50,3.8602094675845198e-50
2636,918,__pr_graph_lp_or_to_or_and__: 10137:entity-operate: centrifuge-mk01 --> recipe-category: centrifuging__2__1:noncoproduct-route,,,True,entity-operate: centrifuge-mk01 --> recipe-category: centrifuging__2__1,False,False,3.8362913644123399e-50,3.8362913644123399e-50
2637,507,__pr_graph_lp_or_cost_row__: item: gate,,,True,node-cost:item: gate,False,False,3.7663525823524427e-50,3.7663525823524427e-50
2638,1590,__pr_graph_lp_or_to_or_and__: 2717:fluid-craft-temperature: gasoline: 10 --> fluid-craft-temperature: gasoline,,,True,fluid-craft-temperature: gasoline: 10 --> fluid-craft-temperature: gasoline,False,False,3.7598401071829434e-50,3.7598401071829434e-50
2639,922,__pr_graph_lp_or_to_or_and__: 10141:entity-operate: centrifuge-mk01 --> recipe-category: centrifuging__0__1:noncoproduct-route,,,True,entity-operate: centrifuge-mk01 --> recipe-category: centrifuging__0__1,False,False,3.7540561488316694e-50,3.7540561488316694e-50
2640,39,__pr_graph_lp_explicit_zero_free_source__: 2322:room-autoplace: planet: nauvis --> entity: phosphate-rock-02,,,True,explicit-zero:room-autoplace: planet: nauvis --> entity: phosphate-rock-02,False,False,3.7019434896009961e-50,3.7019434896009961e-50
2641,1406,__pr_graph_lp_or_to_or_and__: 1913:item: car --> entity-build-item: car,,,True,item: car --> entity-build-item: car,False,False,3.6925593767316318e-50,3.6925593767316318e-50
2642,2097,__pr_graph_lp_or_to_or_and__: 4619:item-craft: tower-mk01 --> item: tower-mk01,,,True,item-craft: tower-mk01 --> item: tower-mk01,False,False,3.6316638422025316e-50,3.6316638422025316e-50
2643,1015,__pr_graph_lp_or_to_or_and__: 10257:entity-operate: mixer-mk01 --> recipe-category: mixer__1__2:noncoproduct-route,,,True,entity-operate: mixer-mk01 --> recipe-category: mixer__1__2,False,False,3.593256741372627e-50,3.593256741372627e-50
2644,665,__pr_graph_lp_or_cost_row__: item: py-limestone,,,True,node-cost:item: py-limestone,False,False,3.532045747079834e-50,3.532045747079834e-50
2645,1369,__pr_graph_lp_or_to_or_and__: 1818:item: fish --> entity-operate-py-module: fish-farm-mk02,,,True,item: fish --> entity-operate-py-module: fish-farm-mk02,False,False,3.494438348244623e-50,3.494438348244623e-50
2646,3027,entity-build: wpu-mk01,entity-build,wpu-mk01,False,,False,False,3.4593489147400352e-50,3.4593489147400352e-50
2647,57,__pr_graph_lp_explicit_zero_free_source__: 2670:room-autoplace: planet: nauvis --> entity: tree-04,,,True,explicit-zero:room-autoplace: planet: nauvis --> entity: tree-04,False,False,3.4350728938588087e-50,3.4350728938588087e-50
2648,2087,__pr_graph_lp_or_to_or_and__: 4599:item-craft: battery-mk00 --> item: battery-mk00,,,True,item-craft: battery-mk00 --> item: battery-mk00,False,False,3.4333554364769697e-50,3.4333554364769697e-50
2649,1396,__pr_graph_lp_or_to_or_and__: 1887:item: moondrop --> entity-operate-py-module: moondrop-greenhouse-mk02,,,True,item: moondrop --> entity-operate-py-module: moondrop-greenhouse-mk02,False,False,3.4154299808766613e-50,3.4154299808766613e-50
2650,1398,__pr_graph_lp_or_to_or_and__: 1889:item: moondrop --> entity-operate-py-module: moondrop-greenhouse-mk04,,,True,item: moondrop --> entity-operate-py-module: moondrop-greenhouse-mk04,False,False,3.4154299808766613e-50,3.4154299808766613e-50
2651,1803,__pr_graph_lp_or_to_or_and__: 3284:item-craft: personal-roboport-equipment --> item: personal-roboport-equipment,,,True,item-craft: personal-roboport-equipment --> item: personal-roboport-equipment,False,False,3.4148638297658304e-50,3.4148638297658304e-50
2652,597,__pr_graph_lp_or_cost_row__: item: moss-farm-mk01,,,True,node-cost:item: moss-farm-mk01,False,False,3.3508554677067409e-50,3.3508554677067409e-50
2653,158,__pr_graph_lp_or_cost_row__: entity: generator-1,,,True,node-cost:entity: generator-1,False,False,3.3484781563173288e-50,3.3484781563173288e-50
2654,1297,__pr_graph_lp_or_to_or_and__: 1587:item: ball-mill-mk01 --> entity-build-item: ball-mill-mk01,,,True,item: ball-mill-mk01 --> entity-build-item: ball-mill-mk01,False,False,3.3426331790152055e-50,3.3426331790152055e-50
2655,920,__pr_graph_lp_or_to_or_and__: 10139:entity-operate: centrifuge-mk01 --> recipe-category: centrifuging__2__2:noncoproduct-route,,,True,entity-operate: centrifuge-mk01 --> recipe-category: centrifuging__2__2,False,False,3.3419390626522883e-50,3.3419390626522883e-50
2656,1080,__pr_graph_lp_or_to_or_and__: 10338:entity-operate: smelter-mk01 --> recipe-category: py-rawores-smelter__1__0:noncoproduct-route,,,True,entity-operate: smelter-mk01 --> recipe-category: py-rawores-smelter__1__0,False,False,3.3260213392574432e-50,3.3260213392574432e-50
2657,1081,__pr_graph_lp_or_to_or_and__: 10339:entity-operate: smelter-mk01 --> recipe-category: py-rawores-smelter__2__0:noncoproduct-route,,,True,entity-operate: smelter-mk01 --> recipe-category: py-rawores-smelter__2__0,False,False,3.3260213392574432e-50,3.3260213392574432e-50
2658,1082,__pr_graph_lp_or_to_or_and__: 10340:entity-operate: smelter-mk01 --> recipe-category: py-rawores-smelter__1__1:noncoproduct-route,,,True,entity-operate: smelter-mk01 --> recipe-category: py-rawores-smelter__1__1,False,False,3.3260213392574432e-50,3.3260213392574432e-50
2659,1083,__pr_graph_lp_or_to_or_and__: 10341:entity-operate: smelter-mk01 --> recipe-category: py-rawores-smelter__2__1:noncoproduct-route,,,True,entity-operate: smelter-mk01 --> recipe-category: py-rawores-smelter__2__1,False,False,3.3260213392574432e-50,3.3260213392574432e-50
2660,1084,__pr_graph_lp_or_to_or_and__: 10342:entity-operate: smelter-mk01 --> recipe-category: py-rawores-smelter__3__1:noncoproduct-route,,,True,entity-operate: smelter-mk01 --> recipe-category: py-rawores-smelter__3__1,False,False,3.3260213392574432e-50,3.3260213392574432e-50
2661,916,__pr_graph_lp_or_to_or_and__: 10135:entity-operate: centrifuge-mk01 --> recipe-category: centrifuging__1__2:noncoproduct-route,,,True,entity-operate: centrifuge-mk01 --> recipe-category: centrifuging__1__2,False,False,3.2576849010264466e-50,3.2576849010264466e-50
2662,917,__pr_graph_lp_or_to_or_and__: 10136:entity-operate: centrifuge-mk01 --> recipe-category: centrifuging__1__0:noncoproduct-route,,,True,entity-operate: centrifuge-mk01 --> recipe-category: centrifuging__1__0,False,False,3.2576849010264466e-50,3.2576849010264466e-50
2663,919,__pr_graph_lp_or_to_or_and__: 10138:entity-operate: centrifuge-mk01 --> recipe-category: centrifuging__1__1:noncoproduct-route,,,True,entity-operate: centrifuge-mk01 --> recipe-category: centrifuging__1__1,False,False,3.2576849010264466e-50,3.2576849010264466e-50
2664,921,__pr_graph_lp_or_to_or_and__: 10140:entity-operate: centrifuge-mk01 --> recipe-category: centrifuging__2__0:noncoproduct-route,,,True,entity-operate: centrifuge-mk01 --> recipe-category: centrifuging__2__0,False,False,3.2576849010264466e-50,3.2576849010264466e-50
2665,786,__pr_graph_lp_or_cost_row__: item: tower-mk01,,,True,node-cost:item: tower-mk01,False,False,3.2432544901527055e-50,3.2432544901527055e-50
2666,326,__pr_graph_lp_or_cost_row__: entity: washer,,,True,node-cost:entity: washer,False,False,3.1695949089025729e-50,3.1695949089025729e-50
2667,1763,__pr_graph_lp_or_to_or_and__: 3101:item-craft: long-handed-inserter --> item: long-handed-inserter,,,True,item-craft: long-handed-inserter --> item: long-handed-inserter,False,False,3.1508945348749636e-50,3.1508945348749636e-50
2668,68,__pr_graph_lp_explicit_zero_free_source__: 2725:room-autoplace: planet: nauvis --> entity: dry-tree,,,True,explicit-zero:room-autoplace: planet: nauvis --> entity: dry-tree,False,False,3.1471145435528699e-50,3.1471145435528699e-50
2669,1702,__pr_graph_lp_or_to_or_and__: 2966:item: coke --> fuel-category: chemical__1,,,True,item: coke --> fuel-category: chemical__1,False,False,3.1470203139368452e-50,3.1470203139368452e-50
2670,2233,__pr_graph_lp_or_to_or_and__: 8668:item: coke --> energy-source-burner: chemical__biomass__jerry__nuke_2_1,,,True,item: coke --> energy-source-burner: chemical__biomass__jerry__nuke_2_1,False,False,3.1470203139368452e-50,3.1470203139368452e-50
2671,2346,__pr_graph_lp_or_to_or_and__: 8781:item: coke --> energy-source-burner: chemical__biomass__nuke_2_1,,,True,item: coke --> energy-source-burner: chemical__biomass__nuke_2_1,False,False,3.1470203139368452e-50,3.1470203139368452e-50
2672,28,__pr_graph_lp_explicit_zero_free_source__: 2287:room-autoplace: planet: nauvis --> entity: aluminium-rock,,,True,explicit-zero:room-autoplace: planet: nauvis --> entity: aluminium-rock,False,False,3.1368886789646574e-50,3.1368886789646574e-50
2673,1348,__pr_graph_lp_or_to_or_and__: 1770:item: incubator-mk01 --> entity-build-item: incubator-mk01,,,True,item: incubator-mk01 --> entity-build-item: incubator-mk01,False,False,3.132158280521281e-50,3.132158280521281e-50
2674,1376,__pr_graph_lp_or_to_or_and__: 1829:item: sap-tree --> entity-operate-py-module: sap-extractor-mk04,,,True,item: sap-tree --> entity-operate-py-module: sap-extractor-mk04,False,False,3.1191408352284343e-50,3.1191408352284343e-50
2675,1019,__pr_graph_lp_or_to_or_and__: 10261:entity-operate: mixer-mk01 --> recipe-category: mixer__2__0:noncoproduct-route,,,True,entity-operate: mixer-mk01 --> recipe-category: mixer__2__0,False,False,3.1094957281450504e-50,3.1094957281450504e-50
2676,2532,__pr_graph_lp_or_to_or_and__: 9545:entity-build: py-gas-vent --> entity: py-gas-vent:noncoproduct-route,,,True,entity-build: py-gas-vent --> entity: py-gas-vent,False,False,3.0655608027881389e-50,3.0655608027881389e-50
2677,127,__pr_graph_lp_or_cost_row__: entity: cracker-mk01,,,True,node-cost:entity: cracker-mk01,False,False,3.0361350338560473e-50,3.0361350338560473e-50
2678,285,__pr_graph_lp_or_cost_row__: entity: steam-engine,,,True,node-cost:entity: steam-engine,False,False,3.016586429589787e-50,3.016586429589787e-50
2679,682,__pr_graph_lp_or_cost_row__: item: py-tank-7000,,,True,node-cost:item: py-tank-7000,False,False,2.9869555263249564e-50,2.9869555263249564e-50
2680,152,__pr_graph_lp_or_cost_row__: entity: fluid-wagon,,,True,node-cost:entity: fluid-wagon,False,False,2.9610455638501394e-50,2.9610455638501394e-50
2681,43,__pr_graph_lp_explicit_zero_free_source__: 2334:room-autoplace: planet: nauvis --> entity: sulfur-patch,,,True,explicit-zero:room-autoplace: planet: nauvis --> entity: sulfur-patch,False,False,2.9459076453143406e-50,2.9459076453143406e-50
2682,508,__pr_graph_lp_or_cost_row__: item: gearbox-mk01,,,True,node-cost:item: gearbox-mk01,False,False,2.9392478551331665e-50,2.9392478551331665e-50
2683,30,__pr_graph_lp_explicit_zero_free_source__: 2293:room-autoplace: planet: nauvis --> entity: salt-rock,,,True,explicit-zero:room-autoplace: planet: nauvis --> entity: salt-rock,False,False,2.9295945094029275e-50,2.9295945094029275e-50
2684,2889,entity-build: display-panel,entity-build,display-panel,False,,False,False,2.8987417235515657e-50,2.8987417235515657e-50
2685,1377,__pr_graph_lp_or_to_or_and__: 1831:item: pyphoon-bay --> entity-build-item: pyphoon-bay,,,True,item: pyphoon-bay --> entity-build-item: pyphoon-bay,False,False,2.8781058380080508e-50,2.8781058380080508e-50
2686,1127,__pr_graph_lp_or_to_or_and__: 10395:entity-operate: cracker-mk01 --> recipe-category: cracker__1__0:noncoproduct-route,,,True,entity-operate: cracker-mk01 --> recipe-category: cracker__1__0,False,False,2.8729568067723086e-50,2.8729568067723086e-50
2687,1350,__pr_graph_lp_or_to_or_and__: 1778:item: vrauks-paddock-mk01 --> entity-build-item: vrauks-paddock-mk01,,,True,item: vrauks-paddock-mk01 --> entity-build-item: vrauks-paddock-mk01,False,False,2.8692891319924645e-50,2.8692891319924645e-50
2688,1461,__pr_graph_lp_or_to_or_and__: 2129:item: power-switch --> entity-build-item: power-switch,,,True,item: power-switch --> entity-build-item: power-switch,False,False,2.8392057411073058e-50,2.8392057411073058e-50
2689,2491,__pr_graph_lp_or_to_or_and__: 9463:entity-build: data-array --> entity: data-array:noncoproduct-route,,,True,entity-build: data-array --> entity: data-array,False,False,2.8168573380484889e-50,2.8168573380484889e-50
2690,188,__pr_graph_lp_or_cost_row__: entity: nco-py-crane-mk1,,,True,node-cost:entity: nco-py-crane-mk1,False,False,2.8124467474937509e-50,2.8124467474937509e-50
2691,1905,__pr_graph_lp_or_to_or_and__: 4040:item-craft: py-ze --> item: py-ze,,,True,item-craft: py-ze --> item: py-ze,False,False,2.8042346054336986e-50,2.8042346054336986e-50
2692,1640,__pr_graph_lp_or_to_or_and__: 2828:fluid-create-temperature: blood: 10 --> fluid-create: blood,,,True,fluid-create-temperature: blood: 10 --> fluid-create: blood,False,False,2.7288494929850839e-50,2.7288494929850839e-50
2693,324,__pr_graph_lp_or_cost_row__: entity: volcanic-pipe,,,True,node-cost:entity: volcanic-pipe,False,False,2.6989744370236067e-50,2.6989744370236067e-50
2694,2962,entity-build: py-roboport-mk01,entity-build,py-roboport-mk01,False,,False,False,2.6951962924401431e-50,2.6951962924401431e-50
2695,1868,__pr_graph_lp_or_to_or_and__: 3931:item-craft: botanical-nursery --> item: botanical-nursery,,,True,item-craft: botanical-nursery --> item: botanical-nursery,False,False,2.6655773748309183e-50,2.6655773748309183e-50
2696,1894,__pr_graph_lp_or_to_or_and__: 4008:item-craft: py-tank-6500 --> item: py-tank-6500,,,True,item-craft: py-tank-6500 --> item: py-tank-6500,False,False,2.6615221485869322e-50,2.6615221485869322e-50
2697,1412,__pr_graph_lp_or_to_or_and__: 1939:item: steel-chest --> entity-build-item: steel-chest,,,True,item: steel-chest --> entity-build-item: steel-chest,False,False,2.6596308238542959e-50,2.6596308238542959e-50
2698,656,__pr_graph_lp_or_cost_row__: item: py-burner,,,True,node-cost:item: py-burner,False,False,2.6362002612112443e-50,2.6362002612112443e-50
2699,71,__pr_graph_lp_explicit_zero_free_source__: 2740:room-autoplace: planet: nauvis --> entity: dead-dry-hairy-tree,,,True,explicit-zero:room-autoplace: planet: nauvis --> entity: dead-dry-hairy-tree,False,False,2.5941279298713322e-50,2.5941279298713322e-50
2700,3,__pr_graph_lp_explicit_zero_free_source__: 1414:fluid: molten-salt --> entity-operate-fluid: lrf-panel-mk01,,,True,explicit-zero:fluid: molten-salt --> entity-operate-fluid: lrf-panel-mk01,False,False,2.4753067816919386e-50,2.4753067816919386e-50
2701,1010,__pr_graph_lp_or_to_or_and__: 10252:entity-operate: mixer-mk01 --> recipe-category: mixer__2__1:noncoproduct-route,,,True,entity-operate: mixer-mk01 --> recipe-category: mixer__2__1,False,False,2.4701124834974039e-50,2.4701124834974039e-50
2702,1309,__pr_graph_lp_or_to_or_and__: 1636:item: bio-reactor-mk01 --> entity-build-item: bio-reactor-mk01,,,True,item: bio-reactor-mk01 --> entity-build-item: bio-reactor-mk01,False,False,2.4665054540522858e-50,2.4665054540522858e-50
2703,536,__pr_graph_lp_or_cost_row__: item: heavy-armor,,,True,node-cost:item: heavy-armor,False,False,2.4394074193180332e-50,2.4394074193180332e-50
2704,1805,__pr_graph_lp_or_to_or_and__: 3289:item-craft: arithmetic-combinator --> item: arithmetic-combinator,,,True,item-craft: arithmetic-combinator --> item: arithmetic-combinator,False,False,2.4360598540189215e-50,2.4360598540189215e-50
2705,40,__pr_graph_lp_explicit_zero_free_source__: 2325:room-autoplace: planet: nauvis --> entity: phosphate-rock,,,True,explicit-zero:room-autoplace: planet: nauvis --> entity: phosphate-rock,False,False,2.4106481619048583e-50,2.4106481619048583e-50
2706,561,__pr_graph_lp_or_cost_row__: item: landfill,,,True,node-cost:item: landfill,False,False,2.4079785459792071e-50,2.4079785459792071e-50
2707,669,__pr_graph_lp_or_cost_row__: item: py-recharge-station-mk01,,,True,node-cost:item: py-recharge-station-mk01,False,False,2.3765151845547719e-50,2.3765151845547719e-50
2708,1011,__pr_graph_lp_or_to_or_and__: 10253:entity-operate: mixer-mk01 --> recipe-category: mixer__3__0:noncoproduct-route,,,True,entity-operate: mixer-mk01 --> recipe-category: mixer__3__0,False,False,2.2932162382537704e-50,2.2932162382537704e-50
2709,1012,__pr_graph_lp_or_to_or_and__: 10254:entity-operate: mixer-mk01 --> recipe-category: mixer__3__2:noncoproduct-route,,,True,entity-operate: mixer-mk01 --> recipe-category: mixer__3__2,False,False,2.2932162382537704e-50,2.2932162382537704e-50
2710,1013,__pr_graph_lp_or_to_or_and__: 10255:entity-operate: mixer-mk01 --> recipe-category: mixer__3__1:noncoproduct-route,,,True,entity-operate: mixer-mk01 --> recipe-category: mixer__3__1,False,False,2.2932162382537704e-50,2.2932162382537704e-50
2711,1014,__pr_graph_lp_or_to_or_and__: 10256:entity-operate: mixer-mk01 --> recipe-category: mixer__1__1:noncoproduct-route,,,True,entity-operate: mixer-mk01 --> recipe-category: mixer__1__1,False,False,2.2932162382537704e-50,2.2932162382537704e-50
2712,1016,__pr_graph_lp_or_to_or_and__: 10258:entity-operate: mixer-mk01 --> recipe-category: mixer__2__3:noncoproduct-route,,,True,entity-operate: mixer-mk01 --> recipe-category: mixer__2__3,False,False,2.2932162382537704e-50,2.2932162382537704e-50
2713,1017,__pr_graph_lp_or_to_or_and__: 10259:entity-operate: mixer-mk01 --> recipe-category: mixer__0__0:noncoproduct-route,,,True,entity-operate: mixer-mk01 --> recipe-category: mixer__0__0,False,False,2.2932162382537704e-50,2.2932162382537704e-50
2714,1018,__pr_graph_lp_or_to_or_and__: 10260:entity-operate: mixer-mk01 --> recipe-category: mixer__1__0:noncoproduct-route,,,True,entity-operate: mixer-mk01 --> recipe-category: mixer__1__0,False,False,2.2932162382537704e-50,2.2932162382537704e-50
2715,1020,__pr_graph_lp_or_to_or_and__: 10262:entity-operate: mixer-mk01 --> recipe-category: mixer__2__2:noncoproduct-route,,,True,entity-operate: mixer-mk01 --> recipe-category: mixer__2__2,False,False,2.2932162382537704e-50,2.2932162382537704e-50
2716,1126,__pr_graph_lp_or_to_or_and__: 10394:entity-operate: cracker-mk01 --> recipe-category: cracker__2__2:noncoproduct-route,,,True,entity-operate: cracker-mk01 --> recipe-category: cracker__2__2,False,False,2.2658540783444477e-50,2.2658540783444477e-50
2717,157,__pr_graph_lp_or_cost_row__: entity: gate,,,True,node-cost:entity: gate,False,False,2.2647930915239319e-50,2.2647930915239319e-50
2718,3329,entity-operate: geothermal-crack,entity-operate,geothermal-crack,False,,False,False,2.2169856765814049e-50,2.2169856765814049e-50
2719,1988,__pr_graph_lp_or_to_or_and__: 4272:item-craft: heavy-oil-refinery-mk01 --> item: heavy-oil-refinery-mk01,,,True,item-craft: heavy-oil-refinery-mk01 --> item: heavy-oil-refinery-mk01,False,False,2.2144605759243018e-50,2.2144605759243018e-50
2720,2085,__pr_graph_lp_or_to_or_and__: 4595:item-craft: sb-oxide --> item: sb-oxide,,,True,item-craft: sb-oxide --> item: sb-oxide,False,False,2.1831512485749308e-50,2.1831512485749308e-50
2721,365,__pr_graph_lp_or_cost_row__: item: barrel-machine-mk01,,,True,node-cost:item: barrel-machine-mk01,False,False,2.1540544906912384e-50,2.1540544906912384e-50
2722,73,__pr_graph_lp_explicit_zero_free_source__: 2750:room-autoplace: planet: nauvis --> entity: small-worm-turret,,,True,explicit-zero:room-autoplace: planet: nauvis --> entity: small-worm-turret,False,False,2.1528222389183886e-50,2.1528222389183886e-50
2723,2123,__pr_graph_lp_or_to_or_and__: 4795:item-craft: car --> item: car,,,True,item-craft: car --> item: car,False,False,2.1175285168546762e-50,2.1175285168546762e-50
2724,2730,__pr_graph_lp_or_to_or_and__: 9852:fluid-temperature: molten-iron: 10 --> fluid-temperature-range: molten-iron: 10: 10:noncoproduct-route,,,True,fluid-temperature: molten-iron: 10 --> fluid-temperature-range: molten-iron: 10: 10,False,False,2.0795798133751797e-50,2.0795798133751797e-50
2725,1107,__pr_graph_lp_or_to_or_and__: 10373:entity-operate: fbreactor-mk01 --> recipe-category: fbreactor__3__0:noncoproduct-route,,,True,entity-operate: fbreactor-mk01 --> recipe-category: fbreactor__3__0,False,False,2.0332897087393035e-50,2.0332897087393035e-50
2726,1108,__pr_graph_lp_or_to_or_and__: 10374:entity-operate: fbreactor-mk01 --> recipe-category: fbreactor__2__0:noncoproduct-route,,,True,entity-operate: fbreactor-mk01 --> recipe-category: fbreactor__2__0,False,False,2.0332897087393035e-50,2.0332897087393035e-50
2727,1110,__pr_graph_lp_or_to_or_and__: 10376:entity-operate: fbreactor-mk01 --> recipe-category: fbreactor__3__2:noncoproduct-route,,,True,entity-operate: fbreactor-mk01 --> recipe-category: fbreactor__3__2,False,False,2.0332897087393035e-50,2.0332897087393035e-50
2728,1111,__pr_graph_lp_or_to_or_and__: 10377:entity-operate: fbreactor-mk01 --> recipe-category: fbreactor__0__3:noncoproduct-route,,,True,entity-operate: fbreactor-mk01 --> recipe-category: fbreactor__0__3,False,False,2.0332897087393035e-50,2.0332897087393035e-50
2729,1112,__pr_graph_lp_or_to_or_and__: 10378:entity-operate: fbreactor-mk01 --> recipe-category: fbreactor__2__1:noncoproduct-route,,,True,entity-operate: fbreactor-mk01 --> recipe-category: fbreactor__2__1,False,False,2.0332897087393035e-50,2.0332897087393035e-50
2730,1113,__pr_graph_lp_or_to_or_and__: 10379:entity-operate: fbreactor-mk01 --> recipe-category: fbreactor__3__1:noncoproduct-route,,,True,entity-operate: fbreactor-mk01 --> recipe-category: fbreactor__3__1,False,False,2.0332897087393035e-50,2.0332897087393035e-50
2731,1114,__pr_graph_lp_or_to_or_and__: 10380:entity-operate: fbreactor-mk01 --> recipe-category: fbreactor__1__1:noncoproduct-route,,,True,entity-operate: fbreactor-mk01 --> recipe-category: fbreactor__1__1,False,False,2.0332897087393035e-50,2.0332897087393035e-50
2732,1115,__pr_graph_lp_or_to_or_and__: 10381:entity-operate: fbreactor-mk01 --> recipe-category: fbreactor__0__0:noncoproduct-route,,,True,entity-operate: fbreactor-mk01 --> recipe-category: fbreactor__0__0,False,False,2.0332897087393035e-50,2.0332897087393035e-50
2733,1116,__pr_graph_lp_or_to_or_and__: 10382:entity-operate: fbreactor-mk01 --> recipe-category: fbreactor__1__2:noncoproduct-route,,,True,entity-operate: fbreactor-mk01 --> recipe-category: fbreactor__1__2,False,False,2.0332897087393035e-50,2.0332897087393035e-50
2734,2572,__pr_graph_lp_or_to_or_and__: 9625:entity-build: multiblade-turbine-mk01 --> entity: multiblade-turbine-mk01:noncoproduct-route,,,True,entity-build: multiblade-turbine-mk01 --> entity: multiblade-turbine-mk01,False,False,2.0280110115071451e-50,2.0280110115071451e-50
2735,1291,__pr_graph_lp_or_to_or_and__: 1574:item: ralesia-plantation-mk01 --> entity-build-item: ralesia-plantation-mk01,,,True,item: ralesia-plantation-mk01 --> entity-build-item: ralesia-plantation-mk01,False,False,2.0043158217320401e-50,2.0043158217320401e-50
2736,96,__pr_graph_lp_or_cost_row__: entity: big-sand-rock,,,True,node-cost:entity: big-sand-rock,False,False,1.9984441999979971e-50,1.9984441999979971e-50
2737,164,__pr_graph_lp_or_cost_row__: entity: hawt-turbine-mk01,,,True,node-cost:entity: hawt-turbine-mk01,False,False,1.995755048652905e-50,1.995755048652905e-50
2738,748,__pr_graph_lp_or_cost_row__: item: soil-extractor-mk01,,,True,node-cost:item: soil-extractor-mk01,False,False,1.9815431614992464e-50,1.9815431614992464e-50
2739,1352,__pr_graph_lp_or_to_or_and__: 1782:item: vrauks-mk02 --> entity-operate-py-module: vrauks-paddock-mk01,,,True,item: vrauks-mk02 --> entity-operate-py-module: vrauks-paddock-mk01,False,False,1.9338678647346165e-50,1.9338678647346165e-50
2740,1354,__pr_graph_lp_or_to_or_and__: 1785:item: vrauks-mk02 --> entity-operate-py-module: vrauks-paddock-mk02,,,True,item: vrauks-mk02 --> entity-operate-py-module: vrauks-paddock-mk02,False,False,1.9338678647346165e-50,1.9338678647346165e-50
2741,622,__pr_graph_lp_or_cost_row__: item: outpost,,,True,node-cost:item: outpost,False,False,1.922313094265311e-50,1.922313094265311e-50
2742,306,__pr_graph_lp_or_cost_row__: entity: tree-03,,,True,node-cost:entity: tree-03,False,False,1.908651649194913e-50,1.908651649194913e-50
2743,1262,__pr_graph_lp_or_to_or_and__: 10600:logic-and: smart-farm-yotoi-tree-recipe-yotoi-super-1 --> logic-or: smart-farm-yotoi-tree-recipe:noncoproduct-route,,,True,logic-and: smart-farm-yotoi-tree-recipe-yotoi-super-1 --> logic-or: smart-farm-yotoi-tree-recipe,False,False,1.8539451956080562e-50,1.8539451956080562e-50
2744,1264,__pr_graph_lp_or_to_or_and__: 10604:logic-and: smart-farm-yotoi-tree-recipe-yotoi-super-3 --> logic-or: smart-farm-yotoi-tree-recipe:noncoproduct-route,,,True,logic-and: smart-farm-yotoi-tree-recipe-yotoi-super-3 --> logic-or: smart-farm-yotoi-tree-recipe,False,False,1.8539433965079527e-50,1.8539433965079527e-50
2745,1263,__pr_graph_lp_or_to_or_and__: 10602:logic-and: smart-farm-yotoi-tree-recipe-yotoi-super-2 --> logic-or: smart-farm-yotoi-tree-recipe:noncoproduct-route,,,True,logic-and: smart-farm-yotoi-tree-recipe-yotoi-super-2 --> logic-or: smart-farm-yotoi-tree-recipe,False,False,1.8539433886655621e-50,1.8539433886655621e-50
2746,1265,__pr_graph_lp_or_to_or_and__: 10606:logic-and: smart-farm-yotoi-tree-recipe-yotoi-super-4 --> logic-or: smart-farm-yotoi-tree-recipe:noncoproduct-route,,,True,logic-and: smart-farm-yotoi-tree-recipe-yotoi-super-4 --> logic-or: smart-farm-yotoi-tree-recipe,False,False,1.8539432645876715e-50,1.8539432645876715e-50
2747,1266,__pr_graph_lp_or_to_or_and__: 10608:logic-and: smart-farm-yotoi-tree-recipe-yotoi-super-5 --> logic-or: smart-farm-yotoi-tree-recipe:noncoproduct-route,,,True,logic-and: smart-farm-yotoi-tree-recipe-yotoi-super-5 --> logic-or: smart-farm-yotoi-tree-recipe,False,False,1.8539431938957961e-50,1.8539431938957961e-50
2748,3014,entity-build: tailings-pond,entity-build,tailings-pond,False,,False,False,1.8389774167544886e-50,1.8389774167544886e-50
2749,1824,__pr_graph_lp_or_to_or_and__: 3772:item-craft: chromite-sand --> item: chromite-sand,,,True,item-craft: chromite-sand --> item: chromite-sand,False,False,1.8126178645753168e-50,1.8126178645753168e-50
2750,701,__pr_graph_lp_or_cost_row__: item: rc-mk01,,,True,node-cost:item: rc-mk01,False,False,1.8122482126241374e-50,1.8122482126241374e-50
2751,2459,__pr_graph_lp_or_to_or_and__: 9399:entity-build: smelter-mk01 --> entity: smelter-mk01:noncoproduct-route,,,True,entity-build: smelter-mk01 --> entity: smelter-mk01,False,False,1.7948072909134097e-50,1.7948072909134097e-50
2752,2891,entity-build: eaf-mk01,entity-build,eaf-mk01,False,,False,False,1.7944823938338786e-50,1.7944823938338786e-50
2753,119,__pr_graph_lp_or_cost_row__: entity: clay-pit-mk01,,,True,node-cost:entity: clay-pit-mk01,False,False,1.7942553845257736e-50,1.7942553845257736e-50
2754,4,__pr_graph_lp_explicit_zero_free_source__: 1418:fluid: molten-salt --> entity-operate-fluid: stirling-concentrator,,,True,explicit-zero:fluid: molten-salt --> entity-operate-fluid: stirling-concentrator,False,False,1.7849833495016627e-50,1.7849833495016627e-50
2755,2853,entity-build: antimony-drill-mk01,entity-build,antimony-drill-mk01,False,,False,False,1.7791159660599482e-50,1.7791159660599482e-50
2756,3293,entity-operate: cooling-tower-mk01,entity-operate,cooling-tower-mk01,False,,False,False,1.7440528824962289e-50,1.7440528824962289e-50
2757,1920,__pr_graph_lp_or_to_or_and__: 4084:item-craft: grade-1-copper --> item: grade-1-copper,,,True,item-craft: grade-1-copper --> item: grade-1-copper,False,False,1.7277559898695665e-50,1.7277559898695665e-50
2758,59,__pr_graph_lp_explicit_zero_free_source__: 2680:room-autoplace: planet: nauvis --> entity: tree-06,,,True,explicit-zero:room-autoplace: planet: nauvis --> entity: tree-06,False,False,1.7205704828414937e-50,1.7205704828414937e-50
2759,146,__pr_graph_lp_or_cost_row__: entity: fish,,,True,node-cost:entity: fish,False,False,1.719534561996229e-50,1.719534561996229e-50
2760,1124,__pr_graph_lp_or_to_or_and__: 10392:entity-operate: cracker-mk01 --> recipe-category: cracker__2__1:noncoproduct-route,,,True,entity-operate: cracker-mk01 --> recipe-category: cracker__2__1,False,False,1.7129369617055853e-50,1.7129369617055853e-50
2761,1125,__pr_graph_lp_or_to_or_and__: 10393:entity-operate: cracker-mk01 --> recipe-category: cracker__3__1:noncoproduct-route,,,True,entity-operate: cracker-mk01 --> recipe-category: cracker__3__1,False,False,1.7129369617055853e-50,1.7129369617055853e-50
2762,1128,__pr_graph_lp_or_to_or_and__: 10396:entity-operate: cracker-mk01 --> recipe-category: cracker__1__3:noncoproduct-route,,,True,entity-operate: cracker-mk01 --> recipe-category: cracker__1__3,False,False,1.7129369617055853e-50,1.7129369617055853e-50
2763,1221,__pr_graph_lp_or_to_or_and__: 10522:entity-operate: offshore-pump --> tile-fluid-pump: deepwater-green:noncoproduct-route,,,True,entity-operate: offshore-pump --> tile-fluid-pump: deepwater-green,False,False,1.6931450725866055e-50,1.6931450725866055e-50
2764,50,__pr_graph_lp_explicit_zero_free_source__: 2411:room-autoplace: planet: nauvis --> entity: huge-rock,,,True,explicit-zero:room-autoplace: planet: nauvis --> entity: huge-rock,False,False,1.6834766311510534e-50,1.6834766311510534e-50
2765,678,__pr_graph_lp_or_cost_row__: item: py-tank-3000,,,True,node-cost:item: py-tank-3000,False,False,1.652887957284702e-50,1.652887957284702e-50
2766,2044,__pr_graph_lp_or_to_or_and__: 4487:item-craft: vrauks-codex --> item: vrauks-codex,,,True,item-craft: vrauks-codex --> item: vrauks-codex,False,False,1.6476955398776436e-50,1.6476955398776436e-50
2767,776,__pr_graph_lp_or_cost_row__: item: tall-oil-barrel,,,True,node-cost:item: tall-oil-barrel,False,False,1.6269810188425057e-50,1.6269810188425057e-50
2768,4999,tile-fluid: deepwater,tile-fluid,deepwater,False,,False,False,1.6038157945153982e-50,1.6038157945153982e-50
2769,169,__pr_graph_lp_or_cost_row__: entity: impact-crusher-mk01,,,True,node-cost:entity: impact-crusher-mk01,False,False,1.5950629655002678e-50,1.5950629655002678e-50
2770,2016,__pr_graph_lp_or_to_or_and__: 4356:item-craft: research-center-mk01 --> item: research-center-mk01,,,True,item-craft: research-center-mk01 --> item: research-center-mk01,False,False,1.5580521409582605e-50,1.5580521409582605e-50
2771,1488,__pr_graph_lp_or_to_or_and__: 2373:item: py-tank-10000 --> entity-build-item: py-tank-10000,,,True,item: py-tank-10000 --> entity-build-item: py-tank-10000,False,False,1.5553014470482856e-50,1.5553014470482856e-50
2772,64,__pr_graph_lp_explicit_zero_free_source__: 2705:room-autoplace: planet: nauvis --> entity: tree-08-red,,,True,explicit-zero:room-autoplace: planet: nauvis --> entity: tree-08-red,False,False,1.5544649432332947e-50,1.5544649432332947e-50
2773,1860,__pr_graph_lp_or_to_or_and__: 3907:item-craft: classifier --> item: classifier,,,True,item-craft: classifier --> item: classifier,False,False,1.5530373491839857e-50,1.5530373491839857e-50
2774,1755,__pr_graph_lp_or_to_or_and__: 3078:item-craft: iron-gear-wheel --> item: iron-gear-wheel,,,True,item-craft: iron-gear-wheel --> item: iron-gear-wheel,False,False,1.5404490758364244e-50,1.5404490758364244e-50
2775,2487,__pr_graph_lp_or_to_or_and__: 9455:entity-build: incubator-mk01 --> entity: incubator-mk01:noncoproduct-route,,,True,entity-build: incubator-mk01 --> entity: incubator-mk01,False,False,1.5239818704032226e-50,1.5239818704032226e-50
2776,31,__pr_graph_lp_explicit_zero_free_source__: 2298:room-autoplace: planet: nauvis --> entity: iron-rock,,,True,explicit-zero:room-autoplace: planet: nauvis --> entity: iron-rock,False,False,1.5201909934154795e-50,1.5201909934154795e-50
2777,1367,__pr_graph_lp_or_to_or_and__: 1813:item: fish-farm-mk01 --> entity-build-item: fish-farm-mk01,,,True,item: fish-farm-mk01 --> entity-build-item: fish-farm-mk01,False,False,1.4979526672979814e-50,1.4979526672979814e-50
2778,17,__pr_graph_lp_explicit_zero_free_source__: 2229:room-autoplace: planet: nauvis --> entity: ore-quartz,,,True,explicit-zero:room-autoplace: planet: nauvis --> entity: ore-quartz,False,False,1.4968975444840341e-50,1.4968975444840341e-50
2779,2653,__pr_graph_lp_or_to_or_and__: 9751:fluid-temperature: tar: 10 --> fluid-temperature-range: tar: 10: 10:noncoproduct-route,,,True,fluid-temperature: tar: 10 --> fluid-temperature-range: tar: 10: 10,False,False,1.4496049409054651e-50,1.4496049409054651e-50
2780,2931,entity-build: multiblade-turbine-mk01,entity-build,multiblade-turbine-mk01,False,,False,False,1.4084224091314475e-50,1.4084224091314475e-50
2781,1496,__pr_graph_lp_or_to_or_and__: 2473:item: fluidavan --> entity-build-item: fluidavan,,,True,item: fluidavan --> entity-build-item: fluidavan,False,False,1.3877469867825545e-50,1.3877469867825545e-50
2782,1195,__pr_graph_lp_or_to_or_and__: 10482:entity-operate: pyphoon-bay --> recipe-category: bay__0__1:noncoproduct-route,,,True,entity-operate: pyphoon-bay --> recipe-category: bay__0__1,False,False,1.3778918931170004e-50,1.3778918931170004e-50
2783,2945,entity-build: prandium-lab-mk01,entity-build,prandium-lab-mk01,False,,False,False,1.3668098160731201e-50,1.3668098160731201e-50
2784,2746,__pr_graph_lp_or_to_or_and__: 9874:fluid-temperature: black-liquor: 10 --> fluid: black-liquor:noncoproduct-route,,,True,fluid-temperature: black-liquor: 10 --> fluid: black-liquor,False,False,1.3561023177708865e-50,1.3561023177708865e-50
2785,18,__pr_graph_lp_explicit_zero_free_source__: 2234:room-autoplace: planet: nauvis --> entity: raw-coal,,,True,explicit-zero:room-autoplace: planet: nauvis --> entity: raw-coal,False,False,1.3434316203499223e-50,1.3434316203499223e-50
2786,509,__pr_graph_lp_or_cost_row__: item: generator-1,,,True,node-cost:item: generator-1,False,False,1.3402350750788083e-50,1.3402350750788083e-50
2787,19,__pr_graph_lp_explicit_zero_free_source__: 2239:room-autoplace: planet: nauvis --> entity: ore-aluminium,,,True,explicit-zero:room-autoplace: planet: nauvis --> entity: ore-aluminium,False,False,1.3289013612547309e-50,1.3289013612547309e-50
2788,1308,__pr_graph_lp_or_to_or_and__: 1632:item: genlab-mk01 --> entity-build-item: genlab-mk01,,,True,item: genlab-mk01 --> entity-build-item: genlab-mk01,False,False,1.2711907807877206e-50,1.2711907807877206e-50
2789,490,__pr_graph_lp_or_cost_row__: item: fish-farm-mk01,,,True,node-cost:item: fish-farm-mk01,False,False,1.2702003935987735e-50,1.2702003935987735e-50
2790,3327,entity-operate: generator-1,entity-operate,generator-1,False,,False,False,1.2699573923958074e-50,1.2699573923958074e-50
2791,2115,__pr_graph_lp_or_to_or_and__: 4664:item-craft: py-biomass-powerplant-mk01 --> item: py-biomass-powerplant-mk01,,,True,item-craft: py-biomass-powerplant-mk01 --> item: py-biomass-powerplant-mk01,False,False,1.2477728512538075e-50,1.2477728512538075e-50
2792,736,__pr_graph_lp_or_cost_row__: item: shotgun,,,True,node-cost:item: shotgun,False,False,1.240411377808823e-50,1.240411377808823e-50
2793,2886,entity-build: data-array,entity-build,data-array,False,,False,False,1.1996357673693269e-50,1.1996357673693269e-50
2794,688,__pr_graph_lp_or_cost_row__: item: pyphoon-bay,,,True,node-cost:item: pyphoon-bay,False,False,1.1924631215318026e-50,1.1924631215318026e-50
2795,69,__pr_graph_lp_explicit_zero_free_source__: 2730:room-autoplace: planet: nauvis --> entity: dead-tree-desert,,,True,explicit-zero:room-autoplace: planet: nauvis --> entity: dead-tree-desert,False,False,1.1921496922326992e-50,1.1921496922326992e-50
2796,2002,__pr_graph_lp_or_to_or_and__: 4314:item-craft: biofactory-mk01 --> item: biofactory-mk01,,,True,item-craft: biofactory-mk01 --> item: biofactory-mk01,False,False,1.1815954696993142e-50,1.1815954696993142e-50
2797,2083,__pr_graph_lp_or_to_or_and__: 4590:item-craft: sb-grade-03 --> item: sb-grade-03,,,True,item-craft: sb-grade-03 --> item: sb-grade-03,False,False,1.1613153923306226e-50,1.1613153923306226e-50
2798,1222,__pr_graph_lp_or_to_or_and__: 10523:entity-operate: offshore-pump --> tile-fluid-pump: water:noncoproduct-route,,,True,entity-operate: offshore-pump --> tile-fluid-pump: water,False,False,1.1586410501443856e-50,1.1586410501443856e-50
2799,195,__pr_graph_lp_or_cost_row__: entity: olefin-plant,,,True,node-cost:entity: olefin-plant,False,False,1.1336918164420311e-50,1.1336918164420311e-50
2800,1705,__pr_graph_lp_or_to_or_and__: 2969:item: raw-coal --> fuel-category: chemical__1,,,True,item: raw-coal --> fuel-category: chemical__1,False,False,1.1226720888519497e-50,1.1226720888519497e-50
2801,2236,__pr_graph_lp_or_to_or_and__: 8671:item: raw-coal --> energy-source-burner: chemical__biomass__jerry__nuke_2_1,,,True,item: raw-coal --> energy-source-burner: chemical__biomass__jerry__nuke_2_1,False,False,1.1226720888519497e-50,1.1226720888519497e-50
2802,2349,__pr_graph_lp_or_to_or_and__: 8784:item: raw-coal --> energy-source-burner: chemical__biomass__nuke_2_1,,,True,item: raw-coal --> energy-source-burner: chemical__biomass__nuke_2_1,False,False,1.1226720888519497e-50,1.1226720888519497e-50
2803,8,__pr_graph_lp_explicit_zero_free_source__: 2193:room-autoplace: planet: nauvis --> entity: iron-ore,,,True,explicit-zero:room-autoplace: planet: nauvis --> entity: iron-ore,False,False,1.0939037997961857e-50,1.0939037997961857e-50
2804,3005,entity-build: steam-engine,entity-build,steam-engine,False,,False,False,1.0890454689905656e-50,1.0890454689905656e-50
2805,1676,__pr_graph_lp_or_to_or_and__: 2914:fluid-create-temperature: liquid-manure: 10 --> fluid-create: liquid-manure,,,True,fluid-create-temperature: liquid-manure: 10 --> fluid-create: liquid-manure,False,False,1.0860113442486724e-50,1.0860113442486724e-50
2806,3361,entity-operate: offshore-pump,entity-operate,offshore-pump,False,,False,False,1.076705161860043e-50,1.076705161860043e-50
2807,515,__pr_graph_lp_or_cost_row__: item: grade-1-chromite,,,True,node-cost:item: grade-1-chromite,False,False,1.0623316691349321e-50,1.0623316691349321e-50
2808,2901,entity-build: fluid-drill-mk01,entity-build,fluid-drill-mk01,False,,False,False,1.0534156077744128e-50,1.0534156077744128e-50
2809,2858,entity-build: auog-paddock-mk01,entity-build,auog-paddock-mk01,False,,False,False,1.0351753332864235e-50,1.0351753332864235e-50
2810,2022,__pr_graph_lp_or_to_or_and__: 4428:item-craft: fawogae-spore --> item: fawogae-spore,,,True,item-craft: fawogae-spore --> item: fawogae-spore,False,False,1.0133394742646694e-50,1.0133394742646694e-50
2811,2961,entity-build: py-recharge-station-mk01,entity-build,py-recharge-station-mk01,False,,False,False,1.0105333346964837e-50,1.0105333346964837e-50
2812,104,__pr_graph_lp_or_cost_row__: entity: borax,,,True,node-cost:entity: borax,False,False,9.4638672642508962e-51,9.4638672642508962e-51
2813,2128,__pr_graph_lp_or_to_or_and__: 4810:item-craft: fluidavan --> item: fluidavan,,,True,item-craft: fluidavan --> item: fluidavan,False,False,9.2497100126035196e-51,9.2497100126035196e-51
2814,2362,__pr_graph_lp_or_to_or_and__: 8797:item: syngas-canister --> energy-source-burner: jerry__nuke_2_1,,,True,item: syngas-canister --> energy-source-burner: jerry__nuke_2_1,False,False,8.9872989514059137e-51,8.9872989514059137e-51
2815,2361,__pr_graph_lp_or_to_or_and__: 8796:item: coal-gas-canister --> energy-source-burner: jerry__nuke_2_1,,,True,item: coal-gas-canister --> energy-source-burner: jerry__nuke_2_1,False,False,8.9847409876039157e-51,8.9847409876039157e-51
2816,2375,__pr_graph_lp_or_to_or_and__: 8810:item: pitch-canister --> energy-source-burner: jerry__nuke_2_1,,,True,item: pitch-canister --> energy-source-burner: jerry__nuke_2_1,False,False,8.9810122456818535e-51,8.9810122456818535e-51
2817,2374,__pr_graph_lp_or_to_or_and__: 8809:item: naphthalene-oil-canister --> energy-source-burner: jerry__nuke_2_1,,,True,item: naphthalene-oil-canister --> energy-source-burner: jerry__nuke_2_1,False,False,8.9796845269767337e-51,8.9796845269767337e-51
2818,2363,__pr_graph_lp_or_to_or_and__: 8798:item: tar-canister --> energy-source-burner: jerry__nuke_2_1,,,True,item: tar-canister --> energy-source-burner: jerry__nuke_2_1,False,False,8.9794666122962211e-51,8.9794666122962211e-51
2819,2364,__pr_graph_lp_or_to_or_and__: 8799:item: aromatics-canister --> energy-source-burner: jerry__nuke_2_1,,,True,item: aromatics-canister --> energy-source-burner: jerry__nuke_2_1,False,False,8.9790145577844509e-51,8.9790145577844509e-51
2820,2370,__pr_graph_lp_or_to_or_and__: 8805:item: scrude-canister --> energy-source-burner: jerry__nuke_2_1,,,True,item: scrude-canister --> energy-source-burner: jerry__nuke_2_1,False,False,8.9761176740597035e-51,8.9761176740597035e-51
2821,2366,__pr_graph_lp_or_to_or_and__: 8801:item: acetylene-canister --> energy-source-burner: jerry__nuke_2_1,,,True,item: acetylene-canister --> energy-source-burner: jerry__nuke_2_1,False,False,8.975548214009913e-51,8.975548214009913e-51
2822,2368,__pr_graph_lp_or_to_or_and__: 8803:item: methane-canister --> energy-source-burner: jerry__nuke_2_1,,,True,item: methane-canister --> energy-source-burner: jerry__nuke_2_1,False,False,8.9742388764648751e-51,8.9742388764648751e-51
2823,2365,__pr_graph_lp_or_to_or_and__: 8800:item: gasoline-canister --> energy-source-burner: jerry__nuke_2_1,,,True,item: gasoline-canister --> energy-source-burner: jerry__nuke_2_1,False,False,8.9740775348105626e-51,8.9740775348105626e-51
2824,2367,__pr_graph_lp_or_to_or_and__: 8802:item: kerosene-canister --> energy-source-burner: jerry__nuke_2_1,,,True,item: kerosene-canister --> energy-source-burner: jerry__nuke_2_1,False,False,8.9740775291580695e-51,8.9740775291580695e-51
2825,2359,__pr_graph_lp_or_to_or_and__: 8794:item: heavy-oil-canister --> energy-source-burner: jerry__nuke_2_1,,,True,item: heavy-oil-canister --> energy-source-burner: jerry__nuke_2_1,False,False,8.9740774995609356e-51,8.9740774995609356e-51
2826,2371,__pr_graph_lp_or_to_or_and__: 8806:item: condensates-canister --> energy-source-burner: jerry__nuke_2_1,,,True,item: condensates-canister --> energy-source-burner: jerry__nuke_2_1,False,False,8.974077047342549e-51,8.974077047342549e-51
2827,2124,__pr_graph_lp_or_to_or_and__: 4798:item-craft: locomotive --> item: locomotive,,,True,item-craft: locomotive --> item: locomotive,False,False,8.8986715145827929e-51,8.8986715145827929e-51
2828,1275,__pr_graph_lp_or_to_or_and__: 1521:item: rectisol --> entity-build-item: rectisol,,,True,item: rectisol --> entity-build-item: rectisol,False,False,8.7139040247271704e-51,8.7139040247271704e-51
2829,1900,__pr_graph_lp_or_to_or_and__: 4025:item-craft: py-local-radar --> item: py-local-radar,,,True,item-craft: py-local-radar --> item: py-local-radar,False,False,8.611256770455934e-51,8.611256770455934e-51
2830,1223,__pr_graph_lp_or_to_or_and__: 10524:entity-operate: offshore-pump --> tile-fluid-pump: water-green:noncoproduct-route,,,True,entity-operate: offshore-pump --> tile-fluid-pump: water-green,False,False,8.1458396580709141e-51,8.1458396580709141e-51
2831,46,__pr_graph_lp_explicit_zero_free_source__: 2345:room-autoplace: planet: nauvis --> entity: ore-nexelit,,,True,explicit-zero:room-autoplace: planet: nauvis --> entity: ore-nexelit,False,False,8.0614038179207667e-51,8.0614038179207667e-51
2832,1773,__pr_graph_lp_or_to_or_and__: 3132:item-craft: assembling-machine-2 --> item: assembling-machine-2,,,True,item-craft: assembling-machine-2 --> item: assembling-machine-2,False,False,8.0126516713955047e-51,8.0126516713955047e-51
2833,444,__pr_graph_lp_or_cost_row__: item: cracker-mk01,,,True,node-cost:item: cracker-mk01,False,False,7.4758312593068236e-51,7.4758312593068236e-51
2834,2441,__pr_graph_lp_or_to_or_and__: 9363:entity-build: advanced-foundry-mk01 --> entity: advanced-foundry-mk01:noncoproduct-route,,,True,entity-build: advanced-foundry-mk01 --> entity: advanced-foundry-mk01,False,False,7.3797902161010588e-51,7.3797902161010588e-51
2835,214,__pr_graph_lp_or_cost_row__: entity: poorman-wood-fence,,,True,node-cost:entity: poorman-wood-fence,False,False,7.088019252448226e-51,7.088019252448226e-51
2836,1907,__pr_graph_lp_or_to_or_and__: 4046:item-craft: py-sinkhole --> item: py-sinkhole,,,True,item-craft: py-sinkhole --> item: py-sinkhole,False,False,7.0664724967973363e-51,7.0664724967973363e-51
2837,1342,__pr_graph_lp_or_to_or_and__: 1756:item: tree-mk01 --> entity-operate-py-module: fwf-mk01,,,True,item: tree-mk01 --> entity-operate-py-module: fwf-mk01,False,False,6.8351920628267203e-51,6.8351920628267203e-51
2838,1343,__pr_graph_lp_or_to_or_and__: 1758:item: tree-mk01 --> entity-operate-py-module: fwf-mk02,,,True,item: tree-mk01 --> entity-operate-py-module: fwf-mk02,False,False,6.8351920628267203e-51,6.8351920628267203e-51
2839,1345,__pr_graph_lp_or_to_or_and__: 1760:item: tree-mk01 --> entity-operate-py-module: fwf-mk04,,,True,item: tree-mk01 --> entity-operate-py-module: fwf-mk04,False,False,6.8351920628267203e-51,6.8351920628267203e-51
2840,2496,__pr_graph_lp_or_to_or_and__: 9473:entity-build: pyphoon-bay --> entity: pyphoon-bay:noncoproduct-route,,,True,entity-build: pyphoon-bay --> entity: pyphoon-bay,False,False,6.7908929011180969e-51,6.7908929011180969e-51
2841,2748,__pr_graph_lp_or_to_or_and__: 9876:fluid-temperature: black-liquor: 10 --> fluid-temperature-range: black-liquor: 10: 10:noncoproduct-route,,,True,fluid-temperature: black-liquor: 10 --> fluid-temperature-range: black-liquor: 10: 10,False,False,6.7805115888544327e-51,6.7805115888544327e-51
2842,44,__pr_graph_lp_explicit_zero_free_source__: 2337:room-autoplace: planet: nauvis --> entity: bitumen-seep,,,True,explicit-zero:room-autoplace: planet: nauvis --> entity: bitumen-seep,False,False,6.5178770818905002e-51,6.5178770818905002e-51
2843,1859,__pr_graph_lp_or_to_or_and__: 3904:item-craft: washer --> item: washer,,,True,item-craft: washer --> item: washer,False,False,6.5090568322435059e-51,6.5090568322435059e-51
2844,2017,__pr_graph_lp_or_to_or_and__: 4359:item-craft: compost-plant-mk01 --> item: compost-plant-mk01,,,True,item-craft: compost-plant-mk01 --> item: compost-plant-mk01,False,False,6.4218635793922699e-51,6.4218635793922699e-51
2845,1458,__pr_graph_lp_or_to_or_and__: 2117:item: offshore-pump --> entity-build-item: offshore-pump,,,True,item: offshore-pump --> entity-build-item: offshore-pump,False,False,6.3878522007879961e-51,6.3878522007879961e-51
2846,1307,__pr_graph_lp_or_to_or_and__: 1628:item: secondary-crusher-mk01 --> entity-build-item: secondary-crusher-mk01,,,True,item: secondary-crusher-mk01 --> entity-build-item: secondary-crusher-mk01,False,False,6.0517991051646274e-51,6.0517991051646274e-51
2847,1730,__pr_graph_lp_or_to_or_and__: 2995:item: carbon-black --> fuel-category: biomass__0,,,True,item: carbon-black --> fuel-category: biomass__0,False,False,5.7042731999565479e-51,5.7042731999565479e-51
2848,2243,__pr_graph_lp_or_to_or_and__: 8678:item: carbon-black --> energy-source-burner: chemical__biomass__jerry__nuke_2_1,,,True,item: carbon-black --> energy-source-burner: chemical__biomass__jerry__nuke_2_1,False,False,5.7042731999565479e-51,5.7042731999565479e-51
2849,2356,__pr_graph_lp_or_to_or_and__: 8791:item: carbon-black --> energy-source-burner: chemical__biomass__nuke_2_1,,,True,item: carbon-black --> energy-source-burner: chemical__biomass__nuke_2_1,False,False,5.7042731999565479e-51,5.7042731999565479e-51
2850,23,__pr_graph_lp_explicit_zero_free_source__: 2263:room-autoplace: planet: nauvis --> entity: ore-tin,,,True,explicit-zero:room-autoplace: planet: nauvis --> entity: ore-tin,False,False,5.6542360039594774e-51,5.6542360039594774e-51
2851,25,__pr_graph_lp_explicit_zero_free_source__: 2275:room-autoplace: planet: nauvis --> entity: ore-zinc,,,True,explicit-zero:room-autoplace: planet: nauvis --> entity: ore-zinc,False,False,5.2220074030178673e-51,5.2220074030178673e-51
2852,2045,__pr_graph_lp_or_to_or_and__: 4489:item-craft: ralesia-codex --> item: ralesia-codex,,,True,item-craft: ralesia-codex --> item: ralesia-codex,False,False,5.1012539340977157e-51,5.1012539340977157e-51
2853,2424,__pr_graph_lp_or_to_or_and__: 9243:entity-build: gun-turret --> entity: gun-turret:noncoproduct-route,,,True,entity-build: gun-turret --> entity: gun-turret,False,False,4.9956392361856205e-51,4.9956392361856205e-51
2854,1375,__pr_graph_lp_or_to_or_and__: 1828:item: sap-tree --> entity-operate-py-module: sap-extractor-mk03,,,True,item: sap-tree --> entity-operate-py-module: sap-extractor-mk03,False,False,4.9956121446428067e-51,4.9956121446428067e-51
2855,1381,__pr_graph_lp_or_to_or_and__: 1841:item: cottongut-mk01 --> entity-operate-py-module: prandium-lab-mk03,,,True,item: cottongut-mk01 --> entity-operate-py-module: prandium-lab-mk03,False,False,4.9204713104058503e-51,4.9204713104058503e-51
2856,1857,__pr_graph_lp_or_to_or_and__: 3898:item-craft: soil-extractor-mk01 --> item: soil-extractor-mk01,,,True,item-craft: soil-extractor-mk01 --> item: soil-extractor-mk01,False,False,4.7129886370748348e-51,4.7129886370748348e-51
2857,2567,__pr_graph_lp_or_to_or_and__: 9615:entity-build: py-ze --> entity: py-ze:noncoproduct-route,,,True,entity-build: py-ze --> entity: py-ze,False,False,4.5201878604536641e-51,4.5201878604536641e-51
2858,1351,__pr_graph_lp_or_to_or_and__: 1781:item: vrauks --> entity-operate-py-module: vrauks-paddock-mk01,,,True,item: vrauks --> entity-operate-py-module: vrauks-paddock-mk01,False,False,4.4461372920550813e-51,4.4461372920550813e-51
2859,1353,__pr_graph_lp_or_to_or_and__: 1784:item: vrauks --> entity-operate-py-module: vrauks-paddock-mk02,,,True,item: vrauks --> entity-operate-py-module: vrauks-paddock-mk02,False,False,4.4461372920550813e-51,4.4461372920550813e-51
2860,1335,__pr_graph_lp_or_to_or_and__: 1740:item: moss-farm-mk01 --> entity-build-item: moss-farm-mk01,,,True,item: moss-farm-mk01 --> entity-build-item: moss-farm-mk01,False,False,4.4286779403731324e-51,4.4286779403731324e-51
2861,1380,__pr_graph_lp_or_to_or_and__: 1840:item: cottongut-mk01 --> entity-operate-py-module: prandium-lab-mk02,,,True,item: cottongut-mk01 --> entity-operate-py-module: prandium-lab-mk02,False,False,4.3977847075679567e-51,4.3977847075679567e-51
2862,719,__pr_graph_lp_or_cost_row__: item: sap-extractor-mk01,,,True,node-cost:item: sap-extractor-mk01,False,False,4.237549613137018e-51,4.237549613137018e-51
2863,2457,__pr_graph_lp_or_to_or_and__: 9395:entity-build: bio-reactor-mk01 --> entity: bio-reactor-mk01:noncoproduct-route,,,True,entity-build: bio-reactor-mk01 --> entity: bio-reactor-mk01,False,False,4.1015660946827945e-51,4.1015660946827945e-51
2864,504,__pr_graph_lp_or_cost_row__: item: gasifier,,,True,node-cost:item: gasifier,False,False,3.6721394720874189e-51,3.6721394720874189e-51
2865,2436,__pr_graph_lp_or_to_or_and__: 9353:entity-build: olefin-plant --> entity: olefin-plant:noncoproduct-route,,,True,entity-build: olefin-plant --> entity: olefin-plant,False,False,3.6170835443176659e-51,3.6170835443176659e-51
2866,20,__pr_graph_lp_explicit_zero_free_source__: 2245:room-autoplace: planet: nauvis --> entity: ore-chromium,,,True,explicit-zero:room-autoplace: planet: nauvis --> entity: ore-chromium,False,False,3.5910054891949765e-51,3.5910054891949765e-51
2867,1903,__pr_graph_lp_or_to_or_and__: 4034:item-craft: py-recharge-station-mk01 --> item: py-recharge-station-mk01,,,True,item-craft: py-recharge-station-mk01 --> item: py-recharge-station-mk01,False,False,3.3075455836790824e-51,3.3075455836790824e-51
2868,1382,__pr_graph_lp_or_to_or_and__: 1842:item: cottongut-mk01 --> entity-operate-py-module: prandium-lab-mk04,,,True,item: cottongut-mk01 --> entity-operate-py-module: prandium-lab-mk04,False,False,3.1920573744993739e-51,3.1920573744993739e-51
2869,328,__pr_graph_lp_or_cost_row__: entity: wooden-chest,,,True,node-cost:entity: wooden-chest,False,False,2.9465647749129468e-51,2.9465647749129468e-51
2870,461,__pr_graph_lp_or_cost_row__: item: eaf-mk01,,,True,node-cost:item: eaf-mk01,False,False,2.8771233247634584e-51,2.8771233247634584e-51
2871,47,__pr_graph_lp_explicit_zero_free_source__: 2348:room-autoplace: planet: nauvis --> entity: geothermal-crack,,,True,explicit-zero:room-autoplace: planet: nauvis --> entity: geothermal-crack,False,False,2.8124673860924359e-51,2.8124673860924359e-51
2872,2312,__pr_graph_lp_or_to_or_and__: 8747:item: meat --> energy-source-burner: dingrit-food_2_0,,,True,item: meat --> energy-source-burner: dingrit-food_2_0,False,False,2.7119890474725753e-51,2.7119890474725753e-51
2873,176,__pr_graph_lp_or_cost_row__: entity: lab,,,True,node-cost:entity: lab,False,False,2.3394279446223917e-51,2.3394279446223917e-51
2874,7,__pr_graph_lp_explicit_zero_free_source__: 1618:room-autoplace: planet: nauvis --> entity: seaweed,,,True,explicit-zero:room-autoplace: planet: nauvis --> entity: seaweed,False,False,2.3191072338286688e-51,2.3191072338286688e-51
2875,1775,__pr_graph_lp_or_to_or_and__: 3138:item-craft: lab --> item: lab,,,True,item-craft: lab --> item: lab,False,False,2.2838318327303467e-51,2.2838318327303467e-51
2876,1224,__pr_graph_lp_or_to_or_and__: 10525:entity-operate: offshore-pump --> tile-fluid-pump: water-shallow:noncoproduct-route,,,True,entity-operate: offshore-pump --> tile-fluid-pump: water-shallow,False,False,1.9522663251259014e-51,1.9522663251259014e-51
2877,139,__pr_graph_lp_or_cost_row__: entity: eaf-mk01,,,True,node-cost:entity: eaf-mk01,False,False,1.8301916533046013e-51,1.8301916533046013e-51
2878,1374,__pr_graph_lp_or_to_or_and__: 1827:item: sap-tree --> entity-operate-py-module: sap-extractor-mk02,,,True,item: sap-tree --> entity-operate-py-module: sap-extractor-mk02,False,False,1.6817599375167006e-51,1.6817599375167006e-51
2879,2936,entity-build: olefin-plant,entity-build,olefin-plant,False,,False,False,1.6379462864424425e-51,1.6379462864424425e-51
2880,323,__pr_graph_lp_or_cost_row__: entity: vawt-turbine-mk01,,,True,node-cost:entity: vawt-turbine-mk01,False,False,1.6293434110471383e-51,1.6293434110471383e-51
2881,3336,entity-operate: huge-rock,entity-operate,huge-rock,False,,False,False,1.1221616178220478e-51,1.1221616178220478e-51
2882,16,__pr_graph_lp_explicit_zero_free_source__: 2226:room-autoplace: planet: nauvis --> entity: regolites,,,True,explicit-zero:room-autoplace: planet: nauvis --> entity: regolites,False,False,1.0058089203457657e-51,1.0058089203457657e-51
2883,233,__pr_graph_lp_or_cost_row__: entity: py-roboport-mk01,,,True,node-cost:entity: py-roboport-mk01,False,False,7.9717864204212497e-52,7.9717864204212497e-52
2884,1426,__pr_graph_lp_or_to_or_and__: 2003:item: py-burner --> entity-build-item: py-burner,,,True,item: py-burner --> entity-build-item: py-burner,False,False,7.6174482482255642e-52,7.6174482482255642e-52
2885,49,__pr_graph_lp_explicit_zero_free_source__: 2357:room-autoplace: planet: nauvis --> entity: antimonium,,,True,explicit-zero:room-autoplace: planet: nauvis --> entity: antimonium,False,False,3.7436843817595988e-52,3.7436843817595988e-52
2886,311,__pr_graph_lp_or_cost_row__: entity: tree-07,,,True,node-cost:entity: tree-07,False,False,2.9328727903506892e-52,2.9328727903506892e-52
2887,3365,entity-operate: ore-aluminium,entity-operate,ore-aluminium,False,,False,False,1.0465924365528377e-52,1.0465924365528377e-52
2888,1727,__pr_graph_lp_or_to_or_and__: 2992:item: log --> fuel-category: biomass__0,,,True,item: log --> fuel-category: biomass__0,False,False,6.5816685266092459e-53,6.5816685266092459e-53
2889,2240,__pr_graph_lp_or_to_or_and__: 8675:item: log --> energy-source-burner: chemical__biomass__jerry__nuke_2_1,,,True,item: log --> energy-source-burner: chemical__biomass__jerry__nuke_2_1,False,False,6.5816685266092459e-53,6.5816685266092459e-53
2890,2353,__pr_graph_lp_or_to_or_and__: 8788:item: log --> energy-source-burner: chemical__biomass__nuke_2_1,,,True,item: log --> energy-source-burner: chemical__biomass__nuke_2_1,False,False,6.5816685266092459e-53,6.5816685266092459e-53
2891,846,__pr_graph_lp_or_to_or_and__: 10029:entity-operate: py-burner --> fuel-category-burn: nuke:noncoproduct-route,,,True,entity-operate: py-burner --> fuel-category-burn: nuke,False,False,6.2239297433326152e-53,6.2239297433326152e-53
2892,2311,__pr_graph_lp_or_to_or_and__: 8746:item: fish --> energy-source-burner: fish_2_0,,,True,item: fish --> energy-source-burner: fish_2_0,False,False,5.0319912214722579e-53,5.0319912214722579e-53
2893,1734,__pr_graph_lp_or_to_or_and__: 3000:item: meat --> fuel-category: dingrit-food__0,,,True,item: meat --> fuel-category: dingrit-food__0,False,False,4.2070333639137704e-53,4.2070333639137704e-53
2894,3462,entity-operate: storage-tank,entity-operate,storage-tank,False,,False,False,3.7869078090707274e-53,3.7869078090707274e-53
2895,2249,__pr_graph_lp_or_to_or_and__: 8684:item: syngas-canister --> energy-source-burner: chemical__biomass__jerry__nuke_2_1,,,True,item: syngas-canister --> energy-source-burner: chemical__biomass__jerry__nuke_2_1,False,False,1.3221507363925255e-53,1.3221507363925255e-53
2896,2248,__pr_graph_lp_or_to_or_and__: 8683:item: coal-gas-canister --> energy-source-burner: chemical__biomass__jerry__nuke_2_1,,,True,item: coal-gas-canister --> energy-source-burner: chemical__biomass__jerry__nuke_2_1,False,False,1.0663543561926685e-53,1.0663543561926685e-53
2897,2262,__pr_graph_lp_or_to_or_and__: 8697:item: pitch-canister --> energy-source-burner: chemical__biomass__jerry__nuke_2_1,,,True,item: pitch-canister --> energy-source-burner: chemical__biomass__jerry__nuke_2_1,False,False,6.9348016398655363e-54,6.9348016398655363e-54
2898,2261,__pr_graph_lp_or_to_or_and__: 8696:item: naphthalene-oil-canister --> energy-source-burner: chemical__biomass__jerry__nuke_2_1,,,True,item: naphthalene-oil-canister --> energy-source-burner: chemical__biomass__jerry__nuke_2_1,False,False,5.6070829347454844e-54,5.6070829347454844e-54
2899,2250,__pr_graph_lp_or_to_or_and__: 8685:item: tar-canister --> energy-source-burner: chemical__biomass__jerry__nuke_2_1,,,True,item: tar-canister --> energy-source-burner: chemical__biomass__jerry__nuke_2_1,False,False,5.3891682542338311e-54,5.3891682542338311e-54
2900,3366,entity-operate: ore-bioreserve,entity-operate,ore-bioreserve,False,,False,False,4.9770666842743095e-54,4.9770666842743095e-54
2901,2251,__pr_graph_lp_or_to_or_and__: 8686:item: aromatics-canister --> energy-source-burner: chemical__biomass__jerry__nuke_2_1,,,True,item: aromatics-canister --> energy-source-burner: chemical__biomass__jerry__nuke_2_1,False,False,4.9371137424628791e-54,4.9371137424628791e-54
2902,3371,entity-operate: ore-quartz,entity-operate,ore-quartz,False,,False,False,4.2576968140044269e-54,4.2576968140044269e-54
2903,3376,entity-operate: outpost-fluid,entity-operate,outpost-fluid,False,,False,False,3.7906631823341702e-54,3.7906631823341702e-54
2904,3348,entity-operate: long-handed-inserter,entity-operate,long-handed-inserter,False,,False,False,3.7011608395775437e-54,3.7011608395775437e-54
2905,3252,entity-operate: antimonium,entity-operate,antimonium,False,,False,False,3.0999146650636638e-54,3.0999146650636638e-54
2906,2257,__pr_graph_lp_or_to_or_and__: 8692:item: scrude-canister --> energy-source-burner: chemical__biomass__jerry__nuke_2_1,,,True,item: scrude-canister --> energy-source-burner: chemical__biomass__jerry__nuke_2_1,False,False,2.0402300177149217e-54,2.0402300177149217e-54
2907,2253,__pr_graph_lp_or_to_or_and__: 8688:item: acetylene-canister --> energy-source-burner: chemical__biomass__jerry__nuke_2_1,,,True,item: acetylene-canister --> energy-source-burner: chemical__biomass__jerry__nuke_2_1,False,False,1.4707699679251783e-54,1.4707699679251783e-54
2908,2255,__pr_graph_lp_or_to_or_and__: 8690:item: methane-canister --> energy-source-burner: chemical__biomass__jerry__nuke_2_1,,,True,item: methane-canister --> energy-source-burner: chemical__biomass__jerry__nuke_2_1,False,False,1.6143242288744782e-55,1.6143242288744782e-55
2909,1706,__pr_graph_lp_or_to_or_and__: 2970:item: crushed-coal --> fuel-category: chemical__1,,,True,item: crushed-coal --> fuel-category: chemical__1,False,False,1.1689485210213477e-56,1.1689485210213477e-56
2910,2237,__pr_graph_lp_or_to_or_and__: 8672:item: crushed-coal --> energy-source-burner: chemical__biomass__jerry__nuke_2_1,,,True,item: crushed-coal --> energy-source-burner: chemical__biomass__jerry__nuke_2_1,False,False,1.1689485210213477e-56,1.1689485210213477e-56
2911,2350,__pr_graph_lp_or_to_or_and__: 8785:item: crushed-coal --> energy-source-burner: chemical__biomass__nuke_2_1,,,True,item: crushed-coal --> energy-source-burner: chemical__biomass__nuke_2_1,False,False,1.1689485210213477e-56,1.1689485210213477e-56
2912,1703,__pr_graph_lp_or_to_or_and__: 2967:item: coal-dust --> fuel-category: chemical__1,,,True,item: coal-dust --> fuel-category: chemical__1,False,False,1.0158676044348264e-57,1.0158676044348264e-57
2913,2234,__pr_graph_lp_or_to_or_and__: 8669:item: coal-dust --> energy-source-burner: chemical__biomass__jerry__nuke_2_1,,,True,item: coal-dust --> energy-source-burner: chemical__biomass__jerry__nuke_2_1,False,False,1.0158676044348264e-57,1.0158676044348264e-57
2914,2347,__pr_graph_lp_or_to_or_and__: 8782:item: coal-dust --> energy-source-burner: chemical__biomass__nuke_2_1,,,True,item: coal-dust --> energy-source-burner: chemical__biomass__nuke_2_1,False,False,1.0158676044348264e-57,1.0158676044348264e-57
2915,2252,__pr_graph_lp_or_to_or_and__: 8687:item: gasoline-canister --> energy-source-burner: chemical__biomass__jerry__nuke_2_1,,,True,item: gasoline-canister --> energy-source-burner: chemical__biomass__jerry__nuke_2_1,False,False,9.0768574965909837e-59,9.0768574965909837e-59
2916,2254,__pr_graph_lp_or_to_or_and__: 8689:item: kerosene-canister --> energy-source-burner: chemical__biomass__jerry__nuke_2_1,,,True,item: kerosene-canister --> energy-source-burner: chemical__biomass__jerry__nuke_2_1,False,False,8.5116081477276406e-59,8.5116081477276406e-59
2917,2246,__pr_graph_lp_or_to_or_and__: 8681:item: heavy-oil-canister --> energy-source-burner: chemical__biomass__jerry__nuke_2_1,,,True,item: heavy-oil-canister --> energy-source-burner: chemical__biomass__jerry__nuke_2_1,False,False,5.551894681081895e-59,5.551894681081895e-59
2918,3461,entity-operate: storage-chest,entity-operate,storage-chest,False,,False,False,3.9172804781936165e-62,3.9172804781936165e-62
2919,3484,entity-operate: tree-09,entity-operate,tree-09,False,,False,False,3.4237899983002598e-62,3.4237899983002598e-62
2920,3266,entity-operate: big-worm-turret,entity-operate,big-worm-turret,False,,False,False,2.5099329216785451e-62,2.5099329216785451e-62
2921,3476,entity-operate: tree-04,entity-operate,tree-04,False,,False,False,2.3381698674021342e-62,2.3381698674021342e-62
2922,3458,entity-operate: stone,entity-operate,stone,False,,False,False,2.2436276315176672e-62,2.2436276315176672e-62
2923,3405,entity-operate: py-storehouse-basic,entity-operate,py-storehouse-basic,False,,False,False,2.1561080169064019e-62,2.1561080169064019e-62
2924,3341,entity-operate: iron-chest,entity-operate,iron-chest,False,,False,False,1.9623933007022042e-62,1.9623933007022042e-62
2925,3279,entity-operate: caravan,entity-operate,caravan,False,,False,False,1.9369061701688845e-62,1.9369061701688845e-62
2926,3368,entity-operate: ore-lead,entity-operate,ore-lead,False,,False,False,1.8990228418711867e-62,1.8990228418711867e-62
2927,3452,entity-operate: splitter,entity-operate,splitter,False,,False,False,1.85789365346125e-62,1.85789365346125e-62
2928,3403,entity-operate: py-shed-basic,entity-operate,py-shed-basic,False,,False,False,1.833153346145722e-62,1.833153346145722e-62
2929,3340,entity-operate: inserter,entity-operate,inserter,False,,False,False,1.7534112941903479e-62,1.7534112941903479e-62
2930,3478,entity-operate: tree-06,entity-operate,tree-06,False,,False,False,1.6400039365045768e-62,1.6400039365045768e-62
2931,3427,entity-operate: raw-coal,entity-operate,raw-coal,False,,False,False,1.6091475099640286e-62,1.6091475099640286e-62
2932,3292,entity-operate: constant-combinator,entity-operate,constant-combinator,False,,False,False,1.5559542998829093e-62,1.5559542998829093e-62
2933,3280,entity-operate: cargo-wagon,entity-operate,cargo-wagon,False,,False,False,1.48414476508544e-62,1.48414476508544e-62
2934,3369,entity-operate: ore-nexelit,entity-operate,ore-nexelit,False,,False,False,1.4174330259130802e-62,1.4174330259130802e-62
2935,3443,entity-operate: selector-combinator,entity-operate,selector-combinator,False,,False,False,1.414348433125276e-62,1.414348433125276e-62
2936,3386,entity-operate: programmable-speaker,entity-operate,programmable-speaker,False,,False,False,1.3914530885417986e-62,1.3914530885417986e-62
2937,3350,entity-operate: medium-worm-turret,entity-operate,medium-worm-turret,False,,False,False,1.3367910740229462e-62,1.3367910740229462e-62
2938,3446,entity-operate: small-lamp,entity-operate,small-lamp,False,,False,False,1.3167488185753923e-62,1.3167488185753923e-62
2939,3295,entity-operate: copper-rock,entity-operate,copper-rock,False,,False,False,1.2395551716020643e-62,1.2395551716020643e-62
2940,3486,entity-operate: tree-09-red,entity-operate,tree-09-red,False,,False,False,1.1413165305866205e-62,1.1413165305866205e-62
2941,3479,entity-operate: tree-06-brown,entity-operate,tree-06-brown,False,,False,False,1.0612015738350083e-62,1.0612015738350083e-62
2942,3360,entity-operate: niobium,entity-operate,niobium,False,,False,False,1.0486501859180596e-62,1.0486501859180596e-62
2943,3411,entity-operate: py-tank-5000,entity-operate,py-tank-5000,False,,False,False,1.0482732101695835e-62,1.0482732101695835e-62
2944,3358,entity-operate: nco-py-short-crane-mk1,entity-operate,nco-py-short-crane-mk1,False,,False,False,1.0162902290202837e-62,1.0162902290202837e-62
2945,3349,entity-operate: medium-electric-pole,entity-operate,medium-electric-pole,False,,False,False,9.9842089877611955e-63,9.9842089877611955e-63
2946,3346,entity-operate: lead-rock,entity-operate,lead-rock,False,,False,False,9.2821332048726702e-63,9.2821332048726702e-63
2947,3445,entity-operate: small-electric-pole,entity-operate,small-electric-pole,False,,False,False,9.0561434771020031e-63,9.0561434771020031e-63
2948,3378,entity-operate: phosphate-rock,entity-operate,phosphate-rock,False,,False,False,8.7220737781551856e-63,8.7220737781551856e-63
2949,3291,entity-operate: concrete-wall,entity-operate,concrete-wall,False,,False,False,8.6616854681893878e-63,8.6616854681893878e-63
2950,3416,entity-operate: py-underflow-valve,entity-operate,py-underflow-valve,False,,False,False,7.9288427833351903e-63,7.9288427833351903e-63
2951,3432,entity-operate: regolites,entity-operate,regolites,False,,False,False,7.8381750154884631e-63,7.8381750154884631e-63
2952,3286,entity-operate: chromium-rock,entity-operate,chromium-rock,False,,False,False,6.1221442576829937e-63,6.1221442576829937e-63
2953,3356,entity-operate: multiblade-turbine-mk01,entity-operate,multiblade-turbine-mk01,False,,False,False,5.929888128592168e-63,5.929888128592168e-63
2954,3393,entity-operate: py-construction-robot-mk01,entity-operate,py-construction-robot-mk01,False,,False,False,5.7392292330301766e-63,5.7392292330301766e-63
2955,3332,entity-operate: gun-turret,entity-operate,gun-turret,False,,False,False,5.3673829505514144e-63,5.3673829505514144e-63
2956,3301,entity-operate: dead-tree-desert,entity-operate,dead-tree-desert,False,,False,False,5.3113352789747341e-63,5.3113352789747341e-63
2957,3251,entity-operate: aluminium-rock,entity-operate,aluminium-rock,False,,False,False,5.2733088608547269e-63,5.2733088608547269e-63
2958,3456,entity-operate: steel-chest,entity-operate,steel-chest,False,,False,False,4.9576675822004499e-63,4.9576675822004499e-63
2959,3463,entity-operate: straight-rail,entity-operate,straight-rail,False,,False,False,4.9285427127183716e-63,4.9285427127183716e-63
2960,3472,entity-operate: tree-01,entity-operate,tree-01,False,,False,False,4.8469649031049979e-63,4.8469649031049979e-63
2961,3381,entity-operate: pipe-to-ground,entity-operate,pipe-to-ground,False,,False,False,3.8088400367588191e-63,3.8088400367588191e-63
2962,3440,entity-operate: seaweed,entity-operate,seaweed,False,,False,False,3.5273708000749664e-63,3.5273708000749664e-63
2963,3299,entity-operate: dead-dry-hairy-tree,entity-operate,dead-dry-hairy-tree,False,,False,False,2.5632119618771396e-63,2.5632119618771396e-63
2964,3423,entity-operate: rail-chain-signal,entity-operate,rail-chain-signal,False,,False,False,2.4692873276918555e-63,2.4692873276918555e-63
2965,3424,entity-operate: rail-signal,entity-operate,rail-signal,False,,False,False,2.4295579037866554e-63,2.4295579037866554e-63
2966,3276,entity-operate: burner-inserter,entity-operate,burner-inserter,False,,False,False,2.3516589378442603e-63,2.3516589378442603e-63
2967,3367,entity-operate: ore-chromium,entity-operate,ore-chromium,False,,False,False,2.2292686195678846e-63,2.2292686195678846e-63
2968,3270,entity-operate: bitumen-seep,entity-operate,bitumen-seep,False,,False,False,2.1661342521157416e-63,2.1661342521157416e-63
2969,3353,entity-operate: molybdenum-ore,entity-operate,molybdenum-ore,False,,False,False,2.054261012383044e-63,2.054261012383044e-63
2970,3499,entity-operate: zinc-rock,entity-operate,zinc-rock,False,,False,False,1.9420208608031158e-63,1.9420208608031158e-63
2971,3469,entity-operate: titanium-rock,entity-operate,titanium-rock,False,,False,False,1.653075518015049e-63,1.653075518015049e-63
2972,3372,entity-operate: ore-tin,entity-operate,ore-tin,False,,False,False,1.5465951729871981e-63,1.5465951729871981e-63
2973,3374,entity-operate: ore-zinc,entity-operate,ore-zinc,False,,False,False,1.4099769509284323e-63,1.4099769509284323e-63
2974,3307,entity-operate: dry-tree,entity-operate,dry-tree,False,,False,False,8.7537290107735649e-64,8.7537290107735649e-64
2975,3465,entity-operate: tailings-pond,entity-operate,tailings-pond,False,,False,False,7.3650861747515923e-64,7.3650861747515923e-64
2976,3406,entity-operate: py-tank-1000,entity-operate,py-tank-1000,False,,False,False,4.9089846109473758e-64,4.9089846109473758e-64
2977,2,__pr_graph_lp_explicit_zero_free_source__: 11777:entity-operate: locomotive --> fuel-category-burn: nuke,,,True,explicit-zero:entity-operate: locomotive --> fuel-category-burn: nuke,False,False,0,0
2978,5,__pr_graph_lp_explicit_zero_free_source__: 1461:entity-character: character --> entity: character,,,True,explicit-zero:entity-character: character --> entity: character,False,False,0,0
2979,6,__pr_graph_lp_explicit_zero_free_source__: 1613:room-autoplace: planet: nauvis --> entity: fish,,,True,explicit-zero:room-autoplace: planet: nauvis --> entity: fish,False,False,0,0
2980,9,__pr_graph_lp_explicit_zero_free_source__: 2198:room-autoplace: planet: nauvis --> entity: copper-ore,,,True,explicit-zero:room-autoplace: planet: nauvis --> entity: copper-ore,False,False,0,0
2981,10,__pr_graph_lp_explicit_zero_free_source__: 2203:room-autoplace: planet: nauvis --> entity: stone,,,True,explicit-zero:room-autoplace: planet: nauvis --> entity: stone,False,False,0,0
2982,11,__pr_graph_lp_explicit_zero_free_source__: 2208:room-autoplace: planet: nauvis --> entity: uranium-ore,,,True,explicit-zero:room-autoplace: planet: nauvis --> entity: uranium-ore,False,False,0,0
2983,12,__pr_graph_lp_explicit_zero_free_source__: 2211:room-autoplace: planet: nauvis --> entity: borax,,,True,explicit-zero:room-autoplace: planet: nauvis --> entity: borax,False,False,0,0
2984,15,__pr_graph_lp_explicit_zero_free_source__: 2223:room-autoplace: planet: nauvis --> entity: volcanic-pipe,,,True,explicit-zero:room-autoplace: planet: nauvis --> entity: volcanic-pipe,False,False,0,0
2985,21,__pr_graph_lp_explicit_zero_free_source__: 2251:room-autoplace: planet: nauvis --> entity: ore-lead,,,True,explicit-zero:room-autoplace: planet: nauvis --> entity: ore-lead,False,False,0,0
2986,22,__pr_graph_lp_explicit_zero_free_source__: 2257:room-autoplace: planet: nauvis --> entity: ore-nickel,,,True,explicit-zero:room-autoplace: planet: nauvis --> entity: ore-nickel,False,False,0,0
2987,24,__pr_graph_lp_explicit_zero_free_source__: 2269:room-autoplace: planet: nauvis --> entity: ore-titanium,,,True,explicit-zero:room-autoplace: planet: nauvis --> entity: ore-titanium,False,False,0,0
2988,26,__pr_graph_lp_explicit_zero_free_source__: 2281:room-autoplace: planet: nauvis --> entity: quartz-rock,,,True,explicit-zero:room-autoplace: planet: nauvis --> entity: quartz-rock,False,False,0,0
2989,29,__pr_graph_lp_explicit_zero_free_source__: 2290:room-autoplace: planet: nauvis --> entity: copper-rock,,,True,explicit-zero:room-autoplace: planet: nauvis --> entity: copper-rock,False,False,0,0
2990,32,__pr_graph_lp_explicit_zero_free_source__: 2301:room-autoplace: planet: nauvis --> entity: coal-rock,,,True,explicit-zero:room-autoplace: planet: nauvis --> entity: coal-rock,False,False,0,0
2991,33,__pr_graph_lp_explicit_zero_free_source__: 2304:room-autoplace: planet: nauvis --> entity: lead-rock,,,True,explicit-zero:room-autoplace: planet: nauvis --> entity: lead-rock,False,False,0,0
2992,34,__pr_graph_lp_explicit_zero_free_source__: 2307:room-autoplace: planet: nauvis --> entity: nickel-rock,,,True,explicit-zero:room-autoplace: planet: nauvis --> entity: nickel-rock,False,False,0,0
2993,35,__pr_graph_lp_explicit_zero_free_source__: 2310:room-autoplace: planet: nauvis --> entity: tin-rock,,,True,explicit-zero:room-autoplace: planet: nauvis --> entity: tin-rock,False,False,0,0
2994,37,__pr_graph_lp_explicit_zero_free_source__: 2316:room-autoplace: planet: nauvis --> entity: uranium-rock,,,True,explicit-zero:room-autoplace: planet: nauvis --> entity: uranium-rock,False,False,0,0
2995,41,__pr_graph_lp_explicit_zero_free_source__: 2328:room-autoplace: planet: nauvis --> entity: rare-earth-bolide,,,True,explicit-zero:room-autoplace: planet: nauvis --> entity: rare-earth-bolide,False,False,0,0
2996,42,__pr_graph_lp_explicit_zero_free_source__: 2331:room-autoplace: planet: nauvis --> entity: oil-sand,,,True,explicit-zero:room-autoplace: planet: nauvis --> entity: oil-sand,False,False,0,0
2997,48,__pr_graph_lp_explicit_zero_free_source__: 2354:room-autoplace: planet: nauvis --> entity: ree,,,True,explicit-zero:room-autoplace: planet: nauvis --> entity: ree,False,False,0,0
2998,51,__pr_graph_lp_explicit_zero_free_source__: 2416:room-autoplace: planet: nauvis --> entity: big-rock,,,True,explicit-zero:room-autoplace: planet: nauvis --> entity: big-rock,False,False,0,0
2999,52,__pr_graph_lp_explicit_zero_free_source__: 2421:room-autoplace: planet: nauvis --> entity: big-sand-rock,,,True,explicit-zero:room-autoplace: planet: nauvis --> entity: big-sand-rock,False,False,0,0
3000,53,__pr_graph_lp_explicit_zero_free_source__: 2650:room-autoplace: planet: nauvis --> entity: tree-01,,,True,explicit-zero:room-autoplace: planet: nauvis --> entity: tree-01,False,False,0,0
3001,54,__pr_graph_lp_explicit_zero_free_source__: 2655:room-autoplace: planet: nauvis --> entity: tree-02,,,True,explicit-zero:room-autoplace: planet: nauvis --> entity: tree-02,False,False,0,0
3002,55,__pr_graph_lp_explicit_zero_free_source__: 2660:room-autoplace: planet: nauvis --> entity: tree-02-red,,,True,explicit-zero:room-autoplace: planet: nauvis --> entity: tree-02-red,False,False,0,0
3003,56,__pr_graph_lp_explicit_zero_free_source__: 2665:room-autoplace: planet: nauvis --> entity: tree-03,,,True,explicit-zero:room-autoplace: planet: nauvis --> entity: tree-03,False,False,0,0
3004,58,__pr_graph_lp_explicit_zero_free_source__: 2675:room-autoplace: planet: nauvis --> entity: tree-05,,,True,explicit-zero:room-autoplace: planet: nauvis --> entity: tree-05,False,False,0,0
3005,61,__pr_graph_lp_explicit_zero_free_source__: 2690:room-autoplace: planet: nauvis --> entity: tree-07,,,True,explicit-zero:room-autoplace: planet: nauvis --> entity: tree-07,False,False,0,0
3006,62,__pr_graph_lp_explicit_zero_free_source__: 2695:room-autoplace: planet: nauvis --> entity: tree-08,,,True,explicit-zero:room-autoplace: planet: nauvis --> entity: tree-08,False,False,0,0
3007,63,__pr_graph_lp_explicit_zero_free_source__: 2700:room-autoplace: planet: nauvis --> entity: tree-08-brown,,,True,explicit-zero:room-autoplace: planet: nauvis --> entity: tree-08-brown,False,False,0,0
3008,66,__pr_graph_lp_explicit_zero_free_source__: 2715:room-autoplace: planet: nauvis --> entity: tree-09-brown,,,True,explicit-zero:room-autoplace: planet: nauvis --> entity: tree-09-brown,False,False,0,0
3009,67,__pr_graph_lp_explicit_zero_free_source__: 2720:room-autoplace: planet: nauvis --> entity: tree-09-red,,,True,explicit-zero:room-autoplace: planet: nauvis --> entity: tree-09-red,False,False,0,0
3010,70,__pr_graph_lp_explicit_zero_free_source__: 2735:room-autoplace: planet: nauvis --> entity: dead-grey-trunk,,,True,explicit-zero:room-autoplace: planet: nauvis --> entity: dead-grey-trunk,False,False,0,0
3011,72,__pr_graph_lp_explicit_zero_free_source__: 2745:room-autoplace: planet: nauvis --> entity: dry-hairy-tree,,,True,explicit-zero:room-autoplace: planet: nauvis --> entity: dry-hairy-tree,False,False,0,0
3012,76,__pr_graph_lp_explicit_zero_free_source__: 2759:room-autoplace: planet: nauvis --> entity: behemoth-worm-turret,,,True,explicit-zero:room-autoplace: planet: nauvis --> entity: behemoth-worm-turret,False,False,0,0
3013,77,__pr_graph_lp_explicit_zero_free_source__: 2815:room-autoplace: planet: nauvis --> entity: biter-spawner,,,True,explicit-zero:room-autoplace: planet: nauvis --> entity: biter-spawner,False,False,0,0
3014,78,__pr_graph_lp_explicit_zero_free_source__: 2818:room-autoplace: planet: nauvis --> entity: spitter-spawner,,,True,explicit-zero:room-autoplace: planet: nauvis --> entity: spitter-spawner,False,False,0,0
3015,80,__pr_graph_lp_or_cost_row__: entity: advanced-foundry-mk01,,,True,node-cost:entity: advanced-foundry-mk01,False,False,0,0
3016,81,__pr_graph_lp_or_cost_row__: entity: aerial-blimp-mk01,,,True,node-cost:entity: aerial-blimp-mk01,False,False,0,0
3017,82,__pr_graph_lp_or_cost_row__: entity: aluminium-rock,,,True,node-cost:entity: aluminium-rock,False,False,0,0
3018,83,__pr_graph_lp_or_cost_row__: entity: antimonium,,,True,node-cost:entity: antimonium,False,False,0,0
3019,84,__pr_graph_lp_or_cost_row__: entity: antimony-drill-mk01,,,True,node-cost:entity: antimony-drill-mk01,False,False,0,0
3020,88,__pr_graph_lp_or_cost_row__: entity: atomizer-mk01,,,True,node-cost:entity: atomizer-mk01,False,False,0,0
3021,92,__pr_graph_lp_or_cost_row__: entity: ball-mill-mk01,,,True,node-cost:entity: ball-mill-mk01,False,False,0,0
3022,93,__pr_graph_lp_or_cost_row__: entity: barrel-machine-mk01,,,True,node-cost:entity: barrel-machine-mk01,False,False,0,0
3023,97,__pr_graph_lp_or_cost_row__: entity: big-worm-turret,,,True,node-cost:entity: big-worm-turret,False,False,0,0
3024,98,__pr_graph_lp_or_cost_row__: entity: bio-reactor-mk01,,,True,node-cost:entity: bio-reactor-mk01,False,False,0,0
3025,99,__pr_graph_lp_or_cost_row__: entity: biofactory-mk01,,,True,node-cost:entity: biofactory-mk01,False,False,0,0
3026,101,__pr_graph_lp_or_cost_row__: entity: bitumen-seep,,,True,node-cost:entity: bitumen-seep,False,False,0,0
3027,102,__pr_graph_lp_or_cost_row__: entity: bof-mk01,,,True,node-cost:entity: bof-mk01,False,False,0,0
3028,103,__pr_graph_lp_or_cost_row__: entity: boiler,,,True,node-cost:entity: boiler,False,False,0,0
3029,105,__pr_graph_lp_or_cost_row__: entity: borax-mine,,,True,node-cost:entity: borax-mine,False,False,0,0
3030,107,__pr_graph_lp_or_cost_row__: entity: burner-inserter,,,True,node-cost:entity: burner-inserter,False,False,0,0
3031,108,__pr_graph_lp_or_cost_row__: entity: burner-mining-drill,,,True,node-cost:entity: burner-mining-drill,False,False,0,0
3032,109,__pr_graph_lp_or_cost_row__: entity: car,,,True,node-cost:entity: car,False,False,0,0
3033,110,__pr_graph_lp_or_cost_row__: entity: caravan,,,True,node-cost:entity: caravan,False,False,0,0
3034,111,__pr_graph_lp_or_cost_row__: entity: cargo-wagon,,,True,node-cost:entity: cargo-wagon,False,False,0,0
3035,113,__pr_graph_lp_or_cost_row__: entity: centrifuge-mk01,,,True,node-cost:entity: centrifuge-mk01,False,False,0,0
3036,115,__pr_graph_lp_or_cost_row__: entity: chemical-plant-mk01,,,True,node-cost:entity: chemical-plant-mk01,False,False,0,0
3037,117,__pr_graph_lp_or_cost_row__: entity: chromium-rock,,,True,node-cost:entity: chromium-rock,False,False,0,0
3038,122,__pr_graph_lp_or_cost_row__: entity: concrete-wall,,,True,node-cost:entity: concrete-wall,False,False,0,0
3039,123,__pr_graph_lp_or_cost_row__: entity: constant-combinator,,,True,node-cost:entity: constant-combinator,False,False,0,0
3040,124,__pr_graph_lp_or_cost_row__: entity: cooling-tower-mk01,,,True,node-cost:entity: cooling-tower-mk01,False,False,0,0
3041,126,__pr_graph_lp_or_cost_row__: entity: copper-rock,,,True,node-cost:entity: copper-rock,False,False,0,0
3042,128,__pr_graph_lp_or_cost_row__: entity: creature-chamber-mk01,,,True,node-cost:entity: creature-chamber-mk01,False,False,0,0
3043,129,__pr_graph_lp_or_cost_row__: entity: data-array,,,True,node-cost:entity: data-array,False,False,0,0
3044,130,__pr_graph_lp_or_cost_row__: entity: dead-dry-hairy-tree,,,True,node-cost:entity: dead-dry-hairy-tree,False,False,0,0
3045,132,__pr_graph_lp_or_cost_row__: entity: dead-tree-desert,,,True,node-cost:entity: dead-tree-desert,False,False,0,0
3046,133,__pr_graph_lp_or_cost_row__: entity: decider-combinator,,,True,node-cost:entity: decider-combinator,False,False,0,0
3047,134,__pr_graph_lp_or_cost_row__: entity: dino-dig-site,,,True,node-cost:entity: dino-dig-site,False,False,0,0
3048,135,__pr_graph_lp_or_cost_row__: entity: display-panel,,,True,node-cost:entity: display-panel,False,False,0,0
3049,138,__pr_graph_lp_or_cost_row__: entity: dry-tree,,,True,node-cost:entity: dry-tree,False,False,0,0
3050,141,__pr_graph_lp_or_cost_row__: entity: electrolyzer-mk01,,,True,node-cost:entity: electrolyzer-mk01,False,False,0,0
3051,142,__pr_graph_lp_or_cost_row__: entity: electronics-factory-mk01,,,True,node-cost:entity: electronics-factory-mk01,False,False,0,0
3052,143,__pr_graph_lp_or_cost_row__: entity: evaporator,,,True,node-cost:entity: evaporator,False,False,0,0
3053,144,__pr_graph_lp_or_cost_row__: entity: fawogae-plantation-mk01,,,True,node-cost:entity: fawogae-plantation-mk01,False,False,0,0
3054,145,__pr_graph_lp_or_cost_row__: entity: fbreactor-mk01,,,True,node-cost:entity: fbreactor-mk01,False,False,0,0
3055,147,__pr_graph_lp_or_cost_row__: entity: fish-farm-mk01,,,True,node-cost:entity: fish-farm-mk01,False,False,0,0
3056,148,__pr_graph_lp_or_cost_row__: entity: flora-collector-mk01,,,True,node-cost:entity: flora-collector-mk01,False,False,0,0
3057,149,__pr_graph_lp_or_cost_row__: entity: flotation-cell-mk01,,,True,node-cost:entity: flotation-cell-mk01,False,False,0,0
3058,150,__pr_graph_lp_or_cost_row__: entity: fluid-drill-mk01,,,True,node-cost:entity: fluid-drill-mk01,False,False,0,0
3059,151,__pr_graph_lp_or_cost_row__: entity: fluid-drill-mk02,,,True,node-cost:entity: fluid-drill-mk02,False,False,0,0
3060,155,__pr_graph_lp_or_cost_row__: entity: gas-refinery-mk01,,,True,node-cost:entity: gas-refinery-mk01,False,False,0,0
3061,160,__pr_graph_lp_or_cost_row__: entity: geothermal-crack,,,True,node-cost:entity: geothermal-crack,False,False,0,0
3062,162,__pr_graph_lp_or_cost_row__: entity: glassworks-mk01,,,True,node-cost:entity: glassworks-mk01,False,False,0,0
3063,163,__pr_graph_lp_or_cost_row__: entity: gun-turret,,,True,node-cost:entity: gun-turret,False,False,0,0
3064,165,__pr_graph_lp_or_cost_row__: entity: heavy-oil-refinery-mk01,,,True,node-cost:entity: heavy-oil-refinery-mk01,False,False,0,0
3065,167,__pr_graph_lp_or_cost_row__: entity: huge-rock,,,True,node-cost:entity: huge-rock,False,False,0,0
3066,170,__pr_graph_lp_or_cost_row__: entity: incubator-mk01,,,True,node-cost:entity: incubator-mk01,False,False,0,0
3067,171,__pr_graph_lp_or_cost_row__: entity: inserter,,,True,node-cost:entity: inserter,False,False,0,0
3068,172,__pr_graph_lp_or_cost_row__: entity: iron-chest,,,True,node-cost:entity: iron-chest,False,False,0,0
3069,173,__pr_graph_lp_or_cost_row__: entity: iron-ore,,,True,node-cost:entity: iron-ore,False,False,0,0
3070,174,__pr_graph_lp_or_cost_row__: entity: iron-rock,,,True,node-cost:entity: iron-rock,False,False,0,0
3071,177,__pr_graph_lp_or_cost_row__: entity: lead-rock,,,True,node-cost:entity: lead-rock,False,False,0,0
3072,179,__pr_graph_lp_or_cost_row__: entity: long-handed-inserter,,,True,node-cost:entity: long-handed-inserter,False,False,0,0
3073,180,__pr_graph_lp_or_cost_row__: entity: medium-electric-pole,,,True,node-cost:entity: medium-electric-pole,False,False,0,0
3074,181,__pr_graph_lp_or_cost_row__: entity: medium-worm-turret,,,True,node-cost:entity: medium-worm-turret,False,False,0,0
3075,182,__pr_graph_lp_or_cost_row__: entity: micro-mine-mk01,,,True,node-cost:entity: micro-mine-mk01,False,False,0,0
3076,184,__pr_graph_lp_or_cost_row__: entity: molybdenum-ore,,,True,node-cost:entity: molybdenum-ore,False,False,0,0
3077,185,__pr_graph_lp_or_cost_row__: entity: moondrop-greenhouse-mk01,,,True,node-cost:entity: moondrop-greenhouse-mk01,False,False,0,0
3078,187,__pr_graph_lp_or_cost_row__: entity: multiblade-turbine-mk01,,,True,node-cost:entity: multiblade-turbine-mk01,False,False,0,0
3079,189,__pr_graph_lp_or_cost_row__: entity: nco-py-short-crane-mk1,,,True,node-cost:entity: nco-py-short-crane-mk1,False,False,0,0
3080,191,__pr_graph_lp_or_cost_row__: entity: niobium,,,True,node-cost:entity: niobium,False,False,0,0
3081,192,__pr_graph_lp_or_cost_row__: entity: offshore-pump,,,True,node-cost:entity: offshore-pump,False,False,0,0
3082,196,__pr_graph_lp_or_cost_row__: entity: ore-aluminium,,,True,node-cost:entity: ore-aluminium,False,False,0,0
3083,197,__pr_graph_lp_or_cost_row__: entity: ore-bioreserve,,,True,node-cost:entity: ore-bioreserve,False,False,0,0
3084,198,__pr_graph_lp_or_cost_row__: entity: ore-chromium,,,True,node-cost:entity: ore-chromium,False,False,0,0
3085,199,__pr_graph_lp_or_cost_row__: entity: ore-lead,,,True,node-cost:entity: ore-lead,False,False,0,0
3086,200,__pr_graph_lp_or_cost_row__: entity: ore-nexelit,,,True,node-cost:entity: ore-nexelit,False,False,0,0
3087,202,__pr_graph_lp_or_cost_row__: entity: ore-quartz,,,True,node-cost:entity: ore-quartz,False,False,0,0
3088,203,__pr_graph_lp_or_cost_row__: entity: ore-tin,,,True,node-cost:entity: ore-tin,False,False,0,0
3089,205,__pr_graph_lp_or_cost_row__: entity: ore-zinc,,,True,node-cost:entity: ore-zinc,False,False,0,0
3090,207,__pr_graph_lp_or_cost_row__: entity: outpost-fluid,,,True,node-cost:entity: outpost-fluid,False,False,0,0
3091,209,__pr_graph_lp_or_cost_row__: entity: phosphate-rock,,,True,node-cost:entity: phosphate-rock,False,False,0,0
3092,210,__pr_graph_lp_or_cost_row__: entity: phosphate-rock-02,,,True,node-cost:entity: phosphate-rock-02,False,False,0,0
3093,212,__pr_graph_lp_or_cost_row__: entity: pipe-to-ground,,,True,node-cost:entity: pipe-to-ground,False,False,0,0
3094,217,__pr_graph_lp_or_cost_row__: entity: programmable-speaker,,,True,node-cost:entity: programmable-speaker,False,False,0,0
3095,222,__pr_graph_lp_or_cost_row__: entity: py-check-valve,,,True,node-cost:entity: py-check-valve,False,False,0,0
3096,223,__pr_graph_lp_or_cost_row__: entity: py-coal-powerplant-mk01,,,True,node-cost:entity: py-coal-powerplant-mk01,False,False,0,0
3097,224,__pr_graph_lp_or_cost_row__: entity: py-construction-robot-mk01,,,True,node-cost:entity: py-construction-robot-mk01,False,False,0,0
3098,229,__pr_graph_lp_or_cost_row__: entity: py-local-radar,,,True,node-cost:entity: py-local-radar,False,False,0,0
3099,230,__pr_graph_lp_or_cost_row__: entity: py-oil-powerplant-mk01,,,True,node-cost:entity: py-oil-powerplant-mk01,False,False,0,0
3100,234,__pr_graph_lp_or_cost_row__: entity: py-shed-basic,,,True,node-cost:entity: py-shed-basic,False,False,0,0
3101,235,__pr_graph_lp_or_cost_row__: entity: py-sinkhole,,,True,node-cost:entity: py-sinkhole,False,False,0,0
3102,236,__pr_graph_lp_or_cost_row__: entity: py-storehouse-basic,,,True,node-cost:entity: py-storehouse-basic,False,False,0,0
3103,237,__pr_graph_lp_or_cost_row__: entity: py-tank-1000,,,True,node-cost:entity: py-tank-1000,False,False,0,0
3104,240,__pr_graph_lp_or_cost_row__: entity: py-tank-3000,,,True,node-cost:entity: py-tank-3000,False,False,0,0
3105,242,__pr_graph_lp_or_cost_row__: entity: py-tank-5000,,,True,node-cost:entity: py-tank-5000,False,False,0,0
3106,243,__pr_graph_lp_or_cost_row__: entity: py-tank-6500,,,True,node-cost:entity: py-tank-6500,False,False,0,0
3107,244,__pr_graph_lp_or_cost_row__: entity: py-tank-7000,,,True,node-cost:entity: py-tank-7000,False,False,0,0
3108,247,__pr_graph_lp_or_cost_row__: entity: py-underflow-valve,,,True,node-cost:entity: py-underflow-valve,False,False,0,0
3109,249,__pr_graph_lp_or_cost_row__: entity: py-ze,,,True,node-cost:entity: py-ze,False,False,0,0
3110,250,__pr_graph_lp_or_cost_row__: entity: pyphoon-bay,,,True,node-cost:entity: pyphoon-bay,False,False,0,0
3111,252,__pr_graph_lp_or_cost_row__: entity: quenching-tower,,,True,node-cost:entity: quenching-tower,False,False,0,0
3112,253,__pr_graph_lp_or_cost_row__: entity: radar,,,True,node-cost:entity: radar,False,False,0,0
3113,254,__pr_graph_lp_or_cost_row__: entity: rail-chain-signal,,,True,node-cost:entity: rail-chain-signal,False,False,0,0
3114,255,__pr_graph_lp_or_cost_row__: entity: rail-signal,,,True,node-cost:entity: rail-signal,False,False,0,0
3115,256,__pr_graph_lp_or_cost_row__: entity: ralesia-plantation-mk01,,,True,node-cost:entity: ralesia-plantation-mk01,False,False,0,0
3116,258,__pr_graph_lp_or_cost_row__: entity: raw-coal,,,True,node-cost:entity: raw-coal,False,False,0,0
3117,259,__pr_graph_lp_or_cost_row__: entity: rc-mk01,,,True,node-cost:entity: rc-mk01,False,False,0,0
3118,260,__pr_graph_lp_or_cost_row__: entity: rectisol,,,True,node-cost:entity: rectisol,False,False,0,0
3119,262,__pr_graph_lp_or_cost_row__: entity: reformer-mk01,,,True,node-cost:entity: reformer-mk01,False,False,0,0
3120,263,__pr_graph_lp_or_cost_row__: entity: regolites,,,True,node-cost:entity: regolites,False,False,0,0
3121,264,__pr_graph_lp_or_cost_row__: entity: research-center-mk01,,,True,node-cost:entity: research-center-mk01,False,False,0,0
3122,265,__pr_graph_lp_or_cost_row__: entity: retorter,,,True,node-cost:entity: retorter,False,False,0,0
3123,267,__pr_graph_lp_or_cost_row__: entity: salt-mine,,,True,node-cost:entity: salt-mine,False,False,0,0
3124,268,__pr_graph_lp_or_cost_row__: entity: salt-rock,,,True,node-cost:entity: salt-rock,False,False,0,0
3125,269,__pr_graph_lp_or_cost_row__: entity: sap-extractor-mk01,,,True,node-cost:entity: sap-extractor-mk01,False,False,0,0
3126,270,__pr_graph_lp_or_cost_row__: entity: scrubber-mk01,,,True,node-cost:entity: scrubber-mk01,False,False,0,0
3127,271,__pr_graph_lp_or_cost_row__: entity: seaweed,,,True,node-cost:entity: seaweed,False,False,0,0
3128,272,__pr_graph_lp_or_cost_row__: entity: seaweed-crop-mk01,,,True,node-cost:entity: seaweed-crop-mk01,False,False,0,0
3129,273,__pr_graph_lp_or_cost_row__: entity: secondary-crusher-mk01,,,True,node-cost:entity: secondary-crusher-mk01,False,False,0,0
3130,274,__pr_graph_lp_or_cost_row__: entity: selector-combinator,,,True,node-cost:entity: selector-combinator,False,False,0,0
3131,276,__pr_graph_lp_or_cost_row__: entity: small-electric-pole,,,True,node-cost:entity: small-electric-pole,False,False,0,0
3132,277,__pr_graph_lp_or_cost_row__: entity: small-lamp,,,True,node-cost:entity: small-lamp,False,False,0,0
3133,278,__pr_graph_lp_or_cost_row__: entity: small-worm-turret,,,True,node-cost:entity: small-worm-turret,False,False,0,0
3134,279,__pr_graph_lp_or_cost_row__: entity: smelter-mk01,,,True,node-cost:entity: smelter-mk01,False,False,0,0
3135,281,__pr_graph_lp_or_cost_row__: entity: solid-separator,,,True,node-cost:entity: solid-separator,False,False,0,0
3136,282,__pr_graph_lp_or_cost_row__: entity: spitter-spawner,,,True,node-cost:entity: spitter-spawner,False,False,0,0
3137,283,__pr_graph_lp_or_cost_row__: entity: splitter,,,True,node-cost:entity: splitter,False,False,0,0
3138,284,__pr_graph_lp_or_cost_row__: entity: spore-collector-mk01,,,True,node-cost:entity: spore-collector-mk01,False,False,0,0
3139,286,__pr_graph_lp_or_cost_row__: entity: steam-turbine-mk01,,,True,node-cost:entity: steam-turbine-mk01,False,False,0,0
3140,287,__pr_graph_lp_or_cost_row__: entity: steel-chest,,,True,node-cost:entity: steel-chest,False,False,0,0
3141,289,__pr_graph_lp_or_cost_row__: entity: stone,,,True,node-cost:entity: stone,False,False,0,0
3142,290,__pr_graph_lp_or_cost_row__: entity: stone-furnace,,,True,node-cost:entity: stone-furnace,False,False,0,0
3143,292,__pr_graph_lp_or_cost_row__: entity: storage-chest,,,True,node-cost:entity: storage-chest,False,False,0,0
3144,293,__pr_graph_lp_or_cost_row__: entity: storage-tank,,,True,node-cost:entity: storage-tank,False,False,0,0
3145,294,__pr_graph_lp_or_cost_row__: entity: straight-rail,,,True,node-cost:entity: straight-rail,False,False,0,0
3146,295,__pr_graph_lp_or_cost_row__: entity: sulfur-patch,,,True,node-cost:entity: sulfur-patch,False,False,0,0
3147,296,__pr_graph_lp_or_cost_row__: entity: tailings-pond,,,True,node-cost:entity: tailings-pond,False,False,0,0
3148,297,__pr_graph_lp_or_cost_row__: entity: tar-processing-unit,,,True,node-cost:entity: tar-processing-unit,False,False,0,0
3149,300,__pr_graph_lp_or_cost_row__: entity: titanium-rock,,,True,node-cost:entity: titanium-rock,False,False,0,0
3150,303,__pr_graph_lp_or_cost_row__: entity: tree-01,,,True,node-cost:entity: tree-01,False,False,0,0
3151,307,__pr_graph_lp_or_cost_row__: entity: tree-04,,,True,node-cost:entity: tree-04,False,False,0,0
3152,309,__pr_graph_lp_or_cost_row__: entity: tree-06,,,True,node-cost:entity: tree-06,False,False,0,0
3153,310,__pr_graph_lp_or_cost_row__: entity: tree-06-brown,,,True,node-cost:entity: tree-06-brown,False,False,0,0
3154,314,__pr_graph_lp_or_cost_row__: entity: tree-08-red,,,True,node-cost:entity: tree-08-red,False,False,0,0
3155,315,__pr_graph_lp_or_cost_row__: entity: tree-09,,,True,node-cost:entity: tree-09,False,False,0,0
3156,317,__pr_graph_lp_or_cost_row__: entity: tree-09-red,,,True,node-cost:entity: tree-09-red,False,False,0,0
3157,322,__pr_graph_lp_or_cost_row__: entity: vacuum-pump-mk01,,,True,node-cost:entity: vacuum-pump-mk01,False,False,0,0
3158,327,__pr_graph_lp_or_cost_row__: entity: wood-fence,,,True,node-cost:entity: wood-fence,False,False,0,0
3159,329,__pr_graph_lp_or_cost_row__: entity: wpu-mk01,,,True,node-cost:entity: wpu-mk01,False,False,0,0
3160,330,__pr_graph_lp_or_cost_row__: entity: zinc-rock,,,True,node-cost:entity: zinc-rock,False,False,0,0
3161,331,__pr_graph_lp_or_cost_row__: item: accumulator,,,True,node-cost:item: accumulator,False,False,0,0
3162,332,__pr_graph_lp_or_cost_row__: item: acetone-barrel,,,True,node-cost:item: acetone-barrel,False,False,0,0
3163,333,__pr_graph_lp_or_cost_row__: item: acetylene-barrel,,,True,node-cost:item: acetylene-barrel,False,False,0,0
3164,334,__pr_graph_lp_or_cost_row__: item: acetylene-canister,,,True,node-cost:item: acetylene-canister,False,False,0,0
3165,335,__pr_graph_lp_or_cost_row__: item: acidgas-barrel,,,True,node-cost:item: acidgas-barrel,False,False,0,0
3166,336,__pr_graph_lp_or_cost_row__: item: advanced-foundry-mk01,,,True,node-cost:item: advanced-foundry-mk01,False,False,0,0
3167,338,__pr_graph_lp_or_cost_row__: item: agar,,,True,node-cost:item: agar,False,False,0,0
3168,339,__pr_graph_lp_or_cost_row__: item: alien-sample01,,,True,node-cost:item: alien-sample01,False,False,0,0
3169,340,__pr_graph_lp_or_cost_row__: item: aluminium-plate,,,True,node-cost:item: aluminium-plate,False,False,0,0
3170,341,__pr_graph_lp_or_cost_row__: item: ammonia-barrel,,,True,node-cost:item: ammonia-barrel,False,False,0,0
3171,342,__pr_graph_lp_or_cost_row__: item: anemometer-mk01,,,True,node-cost:item: anemometer-mk01,False,False,0,0
3172,343,__pr_graph_lp_or_cost_row__: item: animal-sample-01,,,True,node-cost:item: animal-sample-01,False,False,0,0
3173,344,__pr_graph_lp_or_cost_row__: item: anthracene-oil-barrel,,,True,node-cost:item: anthracene-oil-barrel,False,False,0,0
3174,345,__pr_graph_lp_or_cost_row__: item: anthracene-oil-canister,,,True,node-cost:item: anthracene-oil-canister,False,False,0,0
3175,346,__pr_graph_lp_or_cost_row__: item: antimonium-ore,,,True,node-cost:item: antimonium-ore,False,False,0,0
3176,347,__pr_graph_lp_or_cost_row__: item: antimony-drill-mk01,,,True,node-cost:item: antimony-drill-mk01,False,False,0,0
3177,348,__pr_graph_lp_or_cost_row__: item: arithmetic-combinator,,,True,node-cost:item: arithmetic-combinator,False,False,0,0
3178,349,__pr_graph_lp_or_cost_row__: item: aromatics-barrel,,,True,node-cost:item: aromatics-barrel,False,False,0,0
3179,350,__pr_graph_lp_or_cost_row__: item: aromatics-canister,,,True,node-cost:item: aromatics-canister,False,False,0,0
3180,351,__pr_graph_lp_or_cost_row__: item: ash,,,True,node-cost:item: ash,False,False,0,0
3181,352,__pr_graph_lp_or_cost_row__: item: assembling-machine-1,,,True,node-cost:item: assembling-machine-1,False,False,0,0
3182,353,__pr_graph_lp_or_cost_row__: item: assembling-machine-2,,,True,node-cost:item: assembling-machine-2,False,False,0,0
3183,354,__pr_graph_lp_or_cost_row__: item: atomizer-mk01,,,True,node-cost:item: atomizer-mk01,False,False,0,0
3184,355,__pr_graph_lp_or_cost_row__: item: auog,,,True,node-cost:item: auog,False,False,0,0
3185,356,__pr_graph_lp_or_cost_row__: item: auog-codex,,,True,node-cost:item: auog-codex,False,False,0,0
3186,357,__pr_graph_lp_or_cost_row__: item: auog-food-01,,,True,node-cost:item: auog-food-01,False,False,0,0
3187,358,__pr_graph_lp_or_cost_row__: item: auog-paddock-mk01,,,True,node-cost:item: auog-paddock-mk01,False,False,0,0
3188,359,__pr_graph_lp_or_cost_row__: item: auog-pup,,,True,node-cost:item: auog-pup,False,False,0,0
3189,360,__pr_graph_lp_or_cost_row__: item: automated-factory-mk01,,,True,node-cost:item: automated-factory-mk01,False,False,0,0
3190,361,__pr_graph_lp_or_cost_row__: item: automated-screener-mk01,,,True,node-cost:item: automated-screener-mk01,False,False,0,0
3191,362,__pr_graph_lp_or_cost_row__: item: automation-science-pack,,,True,node-cost:item: automation-science-pack,False,False,0,0
3192,363,__pr_graph_lp_or_cost_row__: item: ball-mill-mk01,,,True,node-cost:item: ball-mill-mk01,False,False,0,0
3193,364,__pr_graph_lp_or_cost_row__: item: barrel,,,True,node-cost:item: barrel,False,False,0,0
3194,366,__pr_graph_lp_or_cost_row__: item: battery-mk00,,,True,node-cost:item: battery-mk00,False,False,0,0
3195,367,__pr_graph_lp_or_cost_row__: item: battery-mk01,,,True,node-cost:item: battery-mk01,False,False,0,0
3196,369,__pr_graph_lp_or_cost_row__: item: bio-container,,,True,node-cost:item: bio-container,False,False,0,0
3197,370,__pr_graph_lp_or_cost_row__: item: bio-reactor-mk01,,,True,node-cost:item: bio-reactor-mk01,False,False,0,0
3198,371,__pr_graph_lp_or_cost_row__: item: bio-sample,,,True,node-cost:item: bio-sample,False,False,0,0
3199,373,__pr_graph_lp_or_cost_row__: item: biofactory-mk01,,,True,node-cost:item: biofactory-mk01,False,False,0,0
3200,374,__pr_graph_lp_or_cost_row__: item: biomass,,,True,node-cost:item: biomass,False,False,0,0
3201,375,__pr_graph_lp_or_cost_row__: item: black-liquor-barrel,,,True,node-cost:item: black-liquor-barrel,False,False,0,0
3202,377,__pr_graph_lp_or_cost_row__: item: blood-barrel,,,True,node-cost:item: blood-barrel,False,False,0,0
3203,378,__pr_graph_lp_or_cost_row__: item: bof-mk01,,,True,node-cost:item: bof-mk01,False,False,0,0
3204,380,__pr_graph_lp_or_cost_row__: item: bolts,,,True,node-cost:item: bolts,False,False,0,0
3205,381,__pr_graph_lp_or_cost_row__: item: bonemeal,,,True,node-cost:item: bonemeal,False,False,0,0
3206,382,__pr_graph_lp_or_cost_row__: item: bones,,,True,node-cost:item: bones,False,False,0,0
3207,383,__pr_graph_lp_or_cost_row__: item: borax,,,True,node-cost:item: borax,False,False,0,0
3208,384,__pr_graph_lp_or_cost_row__: item: borax-mine,,,True,node-cost:item: borax-mine,False,False,0,0
3209,385,__pr_graph_lp_or_cost_row__: item: boric-acid-barrel,,,True,node-cost:item: boric-acid-barrel,False,False,0,0
3210,386,__pr_graph_lp_or_cost_row__: item: boron-trioxide,,,True,node-cost:item: boron-trioxide,False,False,0,0
3211,387,__pr_graph_lp_or_cost_row__: item: botanical-nursery,,,True,node-cost:item: botanical-nursery,False,False,0,0
3212,388,__pr_graph_lp_or_cost_row__: item: brain,,,True,node-cost:item: brain,False,False,0,0
3213,390,__pr_graph_lp_or_cost_row__: item: burner-inserter,,,True,node-cost:item: burner-inserter,False,False,0,0
3214,391,__pr_graph_lp_or_cost_row__: item: burner-mining-drill,,,True,node-cost:item: burner-mining-drill,False,False,0,0
3215,392,__pr_graph_lp_or_cost_row__: item: cage,,,True,node-cost:item: cage,False,False,0,0
3216,393,__pr_graph_lp_or_cost_row__: item: caged-auog,,,True,node-cost:item: caged-auog,False,False,0,0
3217,394,__pr_graph_lp_or_cost_row__: item: caged-vrauks,,,True,node-cost:item: caged-vrauks,False,False,0,0
3218,396,__pr_graph_lp_or_cost_row__: item: capacitor1,,,True,node-cost:item: capacitor1,False,False,0,0
3219,397,__pr_graph_lp_or_cost_row__: item: car,,,True,node-cost:item: car,False,False,0,0
3220,398,__pr_graph_lp_or_cost_row__: item: caravan,,,True,node-cost:item: caravan,False,False,0,0
3221,400,__pr_graph_lp_or_cost_row__: item: carbolic-oil-canister,,,True,node-cost:item: carbolic-oil-canister,False,False,0,0
3222,401,__pr_graph_lp_or_cost_row__: item: carbon-black,,,True,node-cost:item: carbon-black,False,False,0,0
3223,402,__pr_graph_lp_or_cost_row__: item: carbon-dioxide-barrel,,,True,node-cost:item: carbon-dioxide-barrel,False,False,0,0
3224,403,__pr_graph_lp_or_cost_row__: item: cargo-wagon,,,True,node-cost:item: cargo-wagon,False,False,0,0
3225,405,__pr_graph_lp_or_cost_row__: item: cdna,,,True,node-cost:item: cdna,False,False,0,0
3226,406,__pr_graph_lp_or_cost_row__: item: cellulose,,,True,node-cost:item: cellulose,False,False,0,0
3227,407,__pr_graph_lp_or_cost_row__: item: centrifuge-mk01,,,True,node-cost:item: centrifuge-mk01,False,False,0,0
3228,408,__pr_graph_lp_or_cost_row__: item: ceramic,,,True,node-cost:item: ceramic,False,False,0,0
3229,409,__pr_graph_lp_or_cost_row__: item: chemical-plant-mk01,,,True,node-cost:item: chemical-plant-mk01,False,False,0,0
3230,410,__pr_graph_lp_or_cost_row__: item: chipshooter-mk01,,,True,node-cost:item: chipshooter-mk01,False,False,0,0
3231,411,__pr_graph_lp_or_cost_row__: item: chitin,,,True,node-cost:item: chitin,False,False,0,0
3232,412,__pr_graph_lp_or_cost_row__: item: chlorine-barrel,,,True,node-cost:item: chlorine-barrel,False,False,0,0
3233,413,__pr_graph_lp_or_cost_row__: item: chromite-sand,,,True,node-cost:item: chromite-sand,False,False,0,0
3234,415,__pr_graph_lp_or_cost_row__: item: classifier,,,True,node-cost:item: classifier,False,False,0,0
3235,417,__pr_graph_lp_or_cost_row__: item: clay-pit-mk01,,,True,node-cost:item: clay-pit-mk01,False,False,0,0
3236,418,__pr_graph_lp_or_cost_row__: item: clean-nexelit,,,True,node-cost:item: clean-nexelit,False,False,0,0
3237,419,__pr_graph_lp_or_cost_row__: item: coal,,,True,node-cost:item: coal,False,False,0,0
3238,420,__pr_graph_lp_or_cost_row__: item: coal-dust,,,True,node-cost:item: coal-dust,False,False,0,0
3239,421,__pr_graph_lp_or_cost_row__: item: coal-gas-barrel,,,True,node-cost:item: coal-gas-barrel,False,False,0,0
3240,422,__pr_graph_lp_or_cost_row__: item: coal-gas-canister,,,True,node-cost:item: coal-gas-canister,False,False,0,0
3241,423,__pr_graph_lp_or_cost_row__: item: coarse,,,True,node-cost:item: coarse,False,False,0,0
3242,424,__pr_graph_lp_or_cost_row__: item: cocoon,,,True,node-cost:item: cocoon,False,False,0,0
3243,425,__pr_graph_lp_or_cost_row__: item: cocoon-mk02,,,True,node-cost:item: cocoon-mk02,False,False,0,0
3244,426,__pr_graph_lp_or_cost_row__: item: coke,,,True,node-cost:item: coke,False,False,0,0
3245,427,__pr_graph_lp_or_cost_row__: item: compost-plant-mk01,,,True,node-cost:item: compost-plant-mk01,False,False,0,0
3246,429,__pr_graph_lp_or_cost_row__: item: concrete-wall,,,True,node-cost:item: concrete-wall,False,False,0,0
3247,430,__pr_graph_lp_or_cost_row__: item: condensates-barrel,,,True,node-cost:item: condensates-barrel,False,False,0,0
3248,431,__pr_graph_lp_or_cost_row__: item: condensates-canister,,,True,node-cost:item: condensates-canister,False,False,0,0
3249,432,__pr_graph_lp_or_cost_row__: item: constant-combinator,,,True,node-cost:item: constant-combinator,False,False,0,0
3250,435,__pr_graph_lp_or_cost_row__: item: copper-cable,,,True,node-cost:item: copper-cable,False,False,0,0
3251,437,__pr_graph_lp_or_cost_row__: item: copper-plate,,,True,node-cost:item: copper-plate,False,False,0,0
3252,438,__pr_graph_lp_or_cost_row__: item: cottongut,,,True,node-cost:item: cottongut,False,False,0,0
3253,439,__pr_graph_lp_or_cost_row__: item: cottongut-codex,,,True,node-cost:item: cottongut-codex,False,False,0,0
3254,440,__pr_graph_lp_or_cost_row__: item: cottongut-food-01,,,True,node-cost:item: cottongut-food-01,False,False,0,0
3255,441,__pr_graph_lp_or_cost_row__: item: cottongut-mk01,,,True,node-cost:item: cottongut-mk01,False,False,0,0
3256,442,__pr_graph_lp_or_cost_row__: item: cottongut-pup,,,True,node-cost:item: cottongut-pup,False,False,0,0
3257,445,__pr_graph_lp_or_cost_row__: item: creamy-latex-barrel,,,True,node-cost:item: creamy-latex-barrel,False,False,0,0
3258,447,__pr_graph_lp_or_cost_row__: item: creosote-barrel,,,True,node-cost:item: creosote-barrel,False,False,0,0
3259,448,__pr_graph_lp_or_cost_row__: item: crushed-coal,,,True,node-cost:item: crushed-coal,False,False,0,0
3260,450,__pr_graph_lp_or_cost_row__: item: cyanic-acid-barrel,,,True,node-cost:item: cyanic-acid-barrel,False,False,0,0
3261,451,__pr_graph_lp_or_cost_row__: item: data-array,,,True,node-cost:item: data-array,False,False,0,0
3262,452,__pr_graph_lp_or_cost_row__: item: decider-combinator,,,True,node-cost:item: decider-combinator,False,False,0,0
3263,453,__pr_graph_lp_or_cost_row__: item: depolymerized-organics-barrel,,,True,node-cost:item: depolymerized-organics-barrel,False,False,0,0
3264,454,__pr_graph_lp_or_cost_row__: item: diborane-barrel,,,True,node-cost:item: diborane-barrel,False,False,0,0
3265,455,__pr_graph_lp_or_cost_row__: item: digosaurus,,,True,node-cost:item: digosaurus,False,False,0,0
3266,456,__pr_graph_lp_or_cost_row__: item: dino-dig-site,,,True,node-cost:item: dino-dig-site,False,False,0,0
3267,457,__pr_graph_lp_or_cost_row__: item: display-panel,,,True,node-cost:item: display-panel,False,False,0,0
3268,458,__pr_graph_lp_or_cost_row__: item: distilator,,,True,node-cost:item: distilator,False,False,0,0
3269,459,__pr_graph_lp_or_cost_row__: item: dried-meat,,,True,node-cost:item: dried-meat,False,False,0,0
3270,460,__pr_graph_lp_or_cost_row__: item: duralumin,,,True,node-cost:item: duralumin,False,False,0,0
3271,462,__pr_graph_lp_or_cost_row__: item: earth-bear-sample,,,True,node-cost:item: earth-bear-sample,False,False,0,0
3272,463,__pr_graph_lp_or_cost_row__: item: earth-flower-sample,,,True,node-cost:item: earth-flower-sample,False,False,0,0
3273,464,__pr_graph_lp_or_cost_row__: item: earth-generic-sample,,,True,node-cost:item: earth-generic-sample,False,False,0,0
3274,466,__pr_graph_lp_or_cost_row__: item: earth-shroom-sample,,,True,node-cost:item: earth-shroom-sample,False,False,0,0
3275,467,__pr_graph_lp_or_cost_row__: item: electric-mining-drill,,,True,node-cost:item: electric-mining-drill,False,False,0,0
3276,468,__pr_graph_lp_or_cost_row__: item: electrolyzer-mk01,,,True,node-cost:item: electrolyzer-mk01,False,False,0,0
3277,469,__pr_graph_lp_or_cost_row__: item: electronic-circuit,,,True,node-cost:item: electronic-circuit,False,False,0,0
3278,470,__pr_graph_lp_or_cost_row__: item: electronics-factory-mk01,,,True,node-cost:item: electronics-factory-mk01,False,False,0,0
3279,472,__pr_graph_lp_or_cost_row__: item: empty-fuel-canister,,,True,node-cost:item: empty-fuel-canister,False,False,0,0
3280,474,__pr_graph_lp_or_cost_row__: item: empty-planter-box,,,True,node-cost:item: empty-planter-box,False,False,0,0
3281,475,__pr_graph_lp_or_cost_row__: item: engine-unit,,,True,node-cost:item: engine-unit,False,False,0,0
3282,477,__pr_graph_lp_or_cost_row__: item: evaporator,,,True,node-cost:item: evaporator,False,False,0,0
3283,478,__pr_graph_lp_or_cost_row__: item: fawogae,,,True,node-cost:item: fawogae,False,False,0,0
3284,479,__pr_graph_lp_or_cost_row__: item: fawogae-codex,,,True,node-cost:item: fawogae-codex,False,False,0,0
3285,480,__pr_graph_lp_or_cost_row__: item: fawogae-plantation-mk01,,,True,node-cost:item: fawogae-plantation-mk01,False,False,0,0
3286,481,__pr_graph_lp_or_cost_row__: item: fawogae-spore,,,True,node-cost:item: fawogae-spore,False,False,0,0
3287,482,__pr_graph_lp_or_cost_row__: item: fawogae-substrate,,,True,node-cost:item: fawogae-substrate,False,False,0,0
3288,484,__pr_graph_lp_or_cost_row__: item: fenxsb-alloy,,,True,node-cost:item: fenxsb-alloy,False,False,0,0
3289,485,__pr_graph_lp_or_cost_row__: item: fertilizer,,,True,node-cost:item: fertilizer,False,False,0,0
3290,486,__pr_graph_lp_or_cost_row__: item: fiberboard,,,True,node-cost:item: fiberboard,False,False,0,0
3291,487,__pr_graph_lp_or_cost_row__: item: firearm-magazine,,,True,node-cost:item: firearm-magazine,False,False,0,0
3292,488,__pr_graph_lp_or_cost_row__: item: fish,,,True,node-cost:item: fish,False,False,0,0
3293,489,__pr_graph_lp_or_cost_row__: item: fish-egg,,,True,node-cost:item: fish-egg,False,False,0,0
3294,491,__pr_graph_lp_or_cost_row__: item: fish-oil-barrel,,,True,node-cost:item: fish-oil-barrel,False,False,0,0
3295,492,__pr_graph_lp_or_cost_row__: item: flask,,,True,node-cost:item: flask,False,False,0,0
3296,493,__pr_graph_lp_or_cost_row__: item: flora-collector-mk01,,,True,node-cost:item: flora-collector-mk01,False,False,0,0
3297,494,__pr_graph_lp_or_cost_row__: item: flotation-cell-mk01,,,True,node-cost:item: flotation-cell-mk01,False,False,0,0
3298,495,__pr_graph_lp_or_cost_row__: item: flue-gas-barrel,,,True,node-cost:item: flue-gas-barrel,False,False,0,0
3299,497,__pr_graph_lp_or_cost_row__: item: fluid-drill-mk02,,,True,node-cost:item: fluid-drill-mk02,False,False,0,0
3300,499,__pr_graph_lp_or_cost_row__: item: fluidavan,,,True,node-cost:item: fluidavan,False,False,0,0
3301,500,__pr_graph_lp_or_cost_row__: item: formic-acid-barrel,,,True,node-cost:item: formic-acid-barrel,False,False,0,0
3302,501,__pr_graph_lp_or_cost_row__: item: formica,,,True,node-cost:item: formica,False,False,0,0
3303,502,__pr_graph_lp_or_cost_row__: item: fwf-mk01,,,True,node-cost:item: fwf-mk01,False,False,0,0
3304,503,__pr_graph_lp_or_cost_row__: item: gas-refinery-mk01,,,True,node-cost:item: gas-refinery-mk01,False,False,0,0
3305,505,__pr_graph_lp_or_cost_row__: item: gasoline-barrel,,,True,node-cost:item: gasoline-barrel,False,False,0,0
3306,506,__pr_graph_lp_or_cost_row__: item: gasoline-canister,,,True,node-cost:item: gasoline-canister,False,False,0,0
3307,510,__pr_graph_lp_or_cost_row__: item: genlab-mk01,,,True,node-cost:item: genlab-mk01,False,False,0,0
3308,511,__pr_graph_lp_or_cost_row__: item: geothermal-plant-mk01,,,True,node-cost:item: geothermal-plant-mk01,False,False,0,0
3309,512,__pr_graph_lp_or_cost_row__: item: geothermal-water-barrel,,,True,node-cost:item: geothermal-water-barrel,False,False,0,0
3310,513,__pr_graph_lp_or_cost_row__: item: glass,,,True,node-cost:item: glass,False,False,0,0
3311,514,__pr_graph_lp_or_cost_row__: item: glassworks-mk01,,,True,node-cost:item: glassworks-mk01,False,False,0,0
3312,516,__pr_graph_lp_or_cost_row__: item: grade-1-copper,,,True,node-cost:item: grade-1-copper,False,False,0,0
3313,517,__pr_graph_lp_or_cost_row__: item: grade-1-lead,,,True,node-cost:item: grade-1-lead,False,False,0,0
3314,518,__pr_graph_lp_or_cost_row__: item: grade-1-nickel,,,True,node-cost:item: grade-1-nickel,False,False,0,0
3315,519,__pr_graph_lp_or_cost_row__: item: grade-1-ti,,,True,node-cost:item: grade-1-ti,False,False,0,0
3316,520,__pr_graph_lp_or_cost_row__: item: grade-1-tin,,,True,node-cost:item: grade-1-tin,False,False,0,0
3317,521,__pr_graph_lp_or_cost_row__: item: grade-1-zinc,,,True,node-cost:item: grade-1-zinc,False,False,0,0
3318,522,__pr_graph_lp_or_cost_row__: item: grade-2-copper,,,True,node-cost:item: grade-2-copper,False,False,0,0
3319,523,__pr_graph_lp_or_cost_row__: item: grade-2-ti,,,True,node-cost:item: grade-2-ti,False,False,0,0
3320,524,__pr_graph_lp_or_cost_row__: item: grade-2-tin,,,True,node-cost:item: grade-2-tin,False,False,0,0
3321,525,__pr_graph_lp_or_cost_row__: item: grade-2-zinc,,,True,node-cost:item: grade-2-zinc,False,False,0,0
3322,526,__pr_graph_lp_or_cost_row__: item: grade-3-ti,,,True,node-cost:item: grade-3-ti,False,False,0,0
3323,527,__pr_graph_lp_or_cost_row__: item: graphite,,,True,node-cost:item: graphite,False,False,0,0
3324,528,__pr_graph_lp_or_cost_row__: item: gravel,,,True,node-cost:item: gravel,False,False,0,0
3325,529,__pr_graph_lp_or_cost_row__: item: grenade,,,True,node-cost:item: grenade,False,False,0,0
3326,530,__pr_graph_lp_or_cost_row__: item: ground-sample01,,,True,node-cost:item: ground-sample01,False,False,0,0
3327,531,__pr_graph_lp_or_cost_row__: item: gun-turret,,,True,node-cost:item: gun-turret,False,False,0,0
3328,533,__pr_graph_lp_or_cost_row__: item: guts,,,True,node-cost:item: guts,False,False,0,0
3329,534,__pr_graph_lp_or_cost_row__: item: hawt-turbine-mk01,,,True,node-cost:item: hawt-turbine-mk01,False,False,0,0
3330,537,__pr_graph_lp_or_cost_row__: item: heavy-oil-barrel,,,True,node-cost:item: heavy-oil-barrel,False,False,0,0
3331,538,__pr_graph_lp_or_cost_row__: item: heavy-oil-canister,,,True,node-cost:item: heavy-oil-canister,False,False,0,0
3332,539,__pr_graph_lp_or_cost_row__: item: heavy-oil-refinery-mk01,,,True,node-cost:item: heavy-oil-refinery-mk01,False,False,0,0
3333,540,__pr_graph_lp_or_cost_row__: item: hot-air-barrel,,,True,node-cost:item: hot-air-barrel,False,False,0,0
3334,541,__pr_graph_lp_or_cost_row__: item: hpf,,,True,node-cost:item: hpf,False,False,0,0
3335,542,__pr_graph_lp_or_cost_row__: item: hydroclassifier-mk01,,,True,node-cost:item: hydroclassifier-mk01,False,False,0,0
3336,543,__pr_graph_lp_or_cost_row__: item: hydrogen-barrel,,,True,node-cost:item: hydrogen-barrel,False,False,0,0
3337,545,__pr_graph_lp_or_cost_row__: item: incubator-mk01,,,True,node-cost:item: incubator-mk01,False,False,0,0
3338,546,__pr_graph_lp_or_cost_row__: item: inductor1,,,True,node-cost:item: inductor1,False,False,0,0
3339,547,__pr_graph_lp_or_cost_row__: item: inserter,,,True,node-cost:item: inserter,False,False,0,0
3340,548,__pr_graph_lp_or_cost_row__: item: intermetallics,,,True,node-cost:item: intermetallics,False,False,0,0
3341,549,__pr_graph_lp_or_cost_row__: item: iron-chest,,,True,node-cost:item: iron-chest,False,False,0,0
3342,550,__pr_graph_lp_or_cost_row__: item: iron-gear-wheel,,,True,node-cost:item: iron-gear-wheel,False,False,0,0
3343,551,__pr_graph_lp_or_cost_row__: item: iron-ore,,,True,node-cost:item: iron-ore,False,False,0,0
3344,552,__pr_graph_lp_or_cost_row__: item: iron-oxide,,,True,node-cost:item: iron-oxide,False,False,0,0
3345,553,__pr_graph_lp_or_cost_row__: item: iron-plate,,,True,node-cost:item: iron-plate,False,False,0,0
3346,554,__pr_graph_lp_or_cost_row__: item: iron-stick,,,True,node-cost:item: iron-stick,False,False,0,0
3347,557,__pr_graph_lp_or_cost_row__: item: kerosene-barrel,,,True,node-cost:item: kerosene-barrel,False,False,0,0
3348,558,__pr_graph_lp_or_cost_row__: item: kerosene-canister,,,True,node-cost:item: kerosene-canister,False,False,0,0
3349,559,__pr_graph_lp_or_cost_row__: item: lab,,,True,node-cost:item: lab,False,False,0,0
3350,560,__pr_graph_lp_or_cost_row__: item: lab-instrument,,,True,node-cost:item: lab-instrument,False,False,0,0
3351,562,__pr_graph_lp_or_cost_row__: item: latex,,,True,node-cost:item: latex,False,False,0,0
3352,563,__pr_graph_lp_or_cost_row__: item: latex-slab,,,True,node-cost:item: latex-slab,False,False,0,0
3353,564,__pr_graph_lp_or_cost_row__: item: lead-plate,,,True,node-cost:item: lead-plate,False,False,0,0
3354,567,__pr_graph_lp_or_cost_row__: item: light-oil-barrel,,,True,node-cost:item: light-oil-barrel,False,False,0,0
3355,568,__pr_graph_lp_or_cost_row__: item: light-oil-canister,,,True,node-cost:item: light-oil-canister,False,False,0,0
3356,569,__pr_graph_lp_or_cost_row__: item: lime,,,True,node-cost:item: lime,False,False,0,0
3357,570,__pr_graph_lp_or_cost_row__: item: limestone,,,True,node-cost:item: limestone,False,False,0,0
3358,571,__pr_graph_lp_or_cost_row__: item: liquid-manure-barrel,,,True,node-cost:item: liquid-manure-barrel,False,False,0,0
3359,572,__pr_graph_lp_or_cost_row__: item: locomotive,,,True,node-cost:item: locomotive,False,False,0,0
3360,573,__pr_graph_lp_or_cost_row__: item: log,,,True,node-cost:item: log,False,False,0,0
3361,575,__pr_graph_lp_or_cost_row__: item: long-handed-inserter,,,True,node-cost:item: long-handed-inserter,False,False,0,0
3362,576,__pr_graph_lp_or_cost_row__: item: manure,,,True,node-cost:item: manure,False,False,0,0
3363,577,__pr_graph_lp_or_cost_row__: item: meat,,,True,node-cost:item: meat,False,False,0,0
3364,578,__pr_graph_lp_or_cost_row__: item: mechanical-parts-01,,,True,node-cost:item: mechanical-parts-01,False,False,0,0
3365,579,__pr_graph_lp_or_cost_row__: item: medium-electric-pole,,,True,node-cost:item: medium-electric-pole,False,False,0,0
3366,580,__pr_graph_lp_or_cost_row__: item: melamine,,,True,node-cost:item: melamine,False,False,0,0
3367,582,__pr_graph_lp_or_cost_row__: item: methanal-barrel,,,True,node-cost:item: methanal-barrel,False,False,0,0
3368,583,__pr_graph_lp_or_cost_row__: item: methane-barrel,,,True,node-cost:item: methane-barrel,False,False,0,0
3369,584,__pr_graph_lp_or_cost_row__: item: methane-canister,,,True,node-cost:item: methane-canister,False,False,0,0
3370,585,__pr_graph_lp_or_cost_row__: item: micro-mine-mk01,,,True,node-cost:item: micro-mine-mk01,False,False,0,0
3371,586,__pr_graph_lp_or_cost_row__: item: middle-oil-barrel,,,True,node-cost:item: middle-oil-barrel,False,False,0,0
3372,587,__pr_graph_lp_or_cost_row__: item: middle-oil-canister,,,True,node-cost:item: middle-oil-canister,False,False,0,0
3373,588,__pr_graph_lp_or_cost_row__: item: mixer-mk01,,,True,node-cost:item: mixer-mk01,False,False,0,0
3374,589,__pr_graph_lp_or_cost_row__: item: molten-aluminium-barrel,,,True,node-cost:item: molten-aluminium-barrel,False,False,0,0
3375,590,__pr_graph_lp_or_cost_row__: item: molten-glass-barrel,,,True,node-cost:item: molten-glass-barrel,False,False,0,0
3376,591,__pr_graph_lp_or_cost_row__: item: molten-iron-barrel,,,True,node-cost:item: molten-iron-barrel,False,False,0,0
3377,592,__pr_graph_lp_or_cost_row__: item: moondrop,,,True,node-cost:item: moondrop,False,False,0,0
3378,593,__pr_graph_lp_or_cost_row__: item: moondrop-codex,,,True,node-cost:item: moondrop-codex,False,False,0,0
3379,595,__pr_graph_lp_or_cost_row__: item: moondrop-seeds,,,True,node-cost:item: moondrop-seeds,False,False,0,0
3380,596,__pr_graph_lp_or_cost_row__: item: moss,,,True,node-cost:item: moss,False,False,0,0
3381,598,__pr_graph_lp_or_cost_row__: item: moss-gen,,,True,node-cost:item: moss-gen,False,False,0,0
3382,599,__pr_graph_lp_or_cost_row__: item: muddy-sludge-barrel,,,True,node-cost:item: muddy-sludge-barrel,False,False,0,0
3383,600,__pr_graph_lp_or_cost_row__: item: mukmoux-fat,,,True,node-cost:item: mukmoux-fat,False,False,0,0
3384,602,__pr_graph_lp_or_cost_row__: item: nacelle-mk01,,,True,node-cost:item: nacelle-mk01,False,False,0,0
3385,603,__pr_graph_lp_or_cost_row__: item: naphthalene-oil-barrel,,,True,node-cost:item: naphthalene-oil-barrel,False,False,0,0
3386,604,__pr_graph_lp_or_cost_row__: item: naphthalene-oil-canister,,,True,node-cost:item: naphthalene-oil-canister,False,False,0,0
3387,605,__pr_graph_lp_or_cost_row__: item: native-flora,,,True,node-cost:item: native-flora,False,False,0,0
3388,606,__pr_graph_lp_or_cost_row__: item: nco-py-crane-mk1,,,True,node-cost:item: nco-py-crane-mk1,False,False,0,0
3389,607,__pr_graph_lp_or_cost_row__: item: nco-py-short-crane-mk1,,,True,node-cost:item: nco-py-short-crane-mk1,False,False,0,0
3390,608,__pr_graph_lp_or_cost_row__: item: nexelit-ore,,,True,node-cost:item: nexelit-ore,False,False,0,0
3391,611,__pr_graph_lp_or_cost_row__: item: offshore-pump,,,True,node-cost:item: offshore-pump,False,False,0,0
3392,613,__pr_graph_lp_or_cost_row__: item: olefin-plant,,,True,node-cost:item: olefin-plant,False,False,0,0
3393,614,__pr_graph_lp_or_cost_row__: item: ore-aluminium,,,True,node-cost:item: ore-aluminium,False,False,0,0
3394,616,__pr_graph_lp_or_cost_row__: item: ore-lead,,,True,node-cost:item: ore-lead,False,False,0,0
3395,617,__pr_graph_lp_or_cost_row__: item: ore-nickel,,,True,node-cost:item: ore-nickel,False,False,0,0
3396,618,__pr_graph_lp_or_cost_row__: item: ore-quartz,,,True,node-cost:item: ore-quartz,False,False,0,0
3397,620,__pr_graph_lp_or_cost_row__: item: ore-titanium,,,True,node-cost:item: ore-titanium,False,False,0,0
3398,624,__pr_graph_lp_or_cost_row__: item: oxygen-barrel,,,True,node-cost:item: oxygen-barrel,False,False,0,0
3399,625,__pr_graph_lp_or_cost_row__: item: pbsb-alloy,,,True,node-cost:item: pbsb-alloy,False,False,0,0
3400,626,__pr_graph_lp_or_cost_row__: item: pcb-factory-mk01,,,True,node-cost:item: pcb-factory-mk01,False,False,0,0
3401,627,__pr_graph_lp_or_cost_row__: item: pcb1,,,True,node-cost:item: pcb1,False,False,0,0
3402,628,__pr_graph_lp_or_cost_row__: item: personal-roboport-equipment,,,True,node-cost:item: personal-roboport-equipment,False,False,0,0
3403,629,__pr_graph_lp_or_cost_row__: item: petri-dish,,,True,node-cost:item: petri-dish,False,False,0,0
3404,630,__pr_graph_lp_or_cost_row__: item: petri-dish-bacteria,,,True,node-cost:item: petri-dish-bacteria,False,False,0,0
3405,631,__pr_graph_lp_or_cost_row__: item: phytoplankton-barrel,,,True,node-cost:item: phytoplankton-barrel,False,False,0,0
3406,632,__pr_graph_lp_or_cost_row__: item: piercing-rounds-magazine,,,True,node-cost:item: piercing-rounds-magazine,False,False,0,0
3407,633,__pr_graph_lp_or_cost_row__: item: pipe,,,True,node-cost:item: pipe,False,False,0,0
3408,634,__pr_graph_lp_or_cost_row__: item: pipe-to-ground,,,True,node-cost:item: pipe-to-ground,False,False,0,0
3409,635,__pr_graph_lp_or_cost_row__: item: pitch-barrel,,,True,node-cost:item: pitch-barrel,False,False,0,0
3410,636,__pr_graph_lp_or_cost_row__: item: pitch-canister,,,True,node-cost:item: pitch-canister,False,False,0,0
3411,637,__pr_graph_lp_or_cost_row__: item: plankton-farm,,,True,node-cost:item: plankton-farm,False,False,0,0
3412,638,__pr_graph_lp_or_cost_row__: item: planter-box,,,True,node-cost:item: planter-box,False,False,0,0
3413,639,__pr_graph_lp_or_cost_row__: item: plasmids,,,True,node-cost:item: plasmids,False,False,0,0
3414,640,__pr_graph_lp_or_cost_row__: item: plastic-bar,,,True,node-cost:item: plastic-bar,False,False,0,0
3415,641,__pr_graph_lp_or_cost_row__: item: polybutadiene-barrel,,,True,node-cost:item: polybutadiene-barrel,False,False,0,0
3416,642,__pr_graph_lp_or_cost_row__: item: poorman-wood-fence,,,True,node-cost:item: poorman-wood-fence,False,False,0,0
3417,644,__pr_graph_lp_or_cost_row__: item: powdered-aluminium,,,True,node-cost:item: powdered-aluminium,False,False,0,0
3418,645,__pr_graph_lp_or_cost_row__: item: powdered-ralesia-seeds,,,True,node-cost:item: powdered-ralesia-seeds,False,False,0,0
3419,646,__pr_graph_lp_or_cost_row__: item: power-switch,,,True,node-cost:item: power-switch,False,False,0,0
3420,650,__pr_graph_lp_or_cost_row__: item: processed-iron-ore,,,True,node-cost:item: processed-iron-ore,False,False,0,0
3421,651,__pr_graph_lp_or_cost_row__: item: programmable-speaker,,,True,node-cost:item: programmable-speaker,False,False,0,0
3422,653,__pr_graph_lp_or_cost_row__: item: pump,,,True,node-cost:item: pump,False,False,0,0
3423,655,__pr_graph_lp_or_cost_row__: item: py-biomass-powerplant-mk01,,,True,node-cost:item: py-biomass-powerplant-mk01,False,False,0,0
3424,657,__pr_graph_lp_or_cost_row__: item: py-check-valve,,,True,node-cost:item: py-check-valve,False,False,0,0
3425,658,__pr_graph_lp_or_cost_row__: item: py-coal-powerplant-mk01,,,True,node-cost:item: py-coal-powerplant-mk01,False,False,0,0
3426,660,__pr_graph_lp_or_cost_row__: item: py-deposit-basic,,,True,node-cost:item: py-deposit-basic,False,False,0,0
3427,666,__pr_graph_lp_or_cost_row__: item: py-local-radar,,,True,node-cost:item: py-local-radar,False,False,0,0
3428,667,__pr_graph_lp_or_cost_row__: item: py-oil-powerplant-mk01,,,True,node-cost:item: py-oil-powerplant-mk01,False,False,0,0
3429,668,__pr_graph_lp_or_cost_row__: item: py-overflow-valve,,,True,node-cost:item: py-overflow-valve,False,False,0,0
3430,670,__pr_graph_lp_or_cost_row__: item: py-roboport-mk01,,,True,node-cost:item: py-roboport-mk01,False,False,0,0
3431,671,__pr_graph_lp_or_cost_row__: item: py-science-pack-1,,,True,node-cost:item: py-science-pack-1,False,False,0,0
3432,672,__pr_graph_lp_or_cost_row__: item: py-shed-basic,,,True,node-cost:item: py-shed-basic,False,False,0,0
3433,673,__pr_graph_lp_or_cost_row__: item: py-sinkhole,,,True,node-cost:item: py-sinkhole,False,False,0,0
3434,674,__pr_graph_lp_or_cost_row__: item: py-storehouse-basic,,,True,node-cost:item: py-storehouse-basic,False,False,0,0
3435,675,__pr_graph_lp_or_cost_row__: item: py-tank-1000,,,True,node-cost:item: py-tank-1000,False,False,0,0
3436,676,__pr_graph_lp_or_cost_row__: item: py-tank-10000,,,True,node-cost:item: py-tank-10000,False,False,0,0
3437,677,__pr_graph_lp_or_cost_row__: item: py-tank-1500,,,True,node-cost:item: py-tank-1500,False,False,0,0
3438,679,__pr_graph_lp_or_cost_row__: item: py-tank-4000,,,True,node-cost:item: py-tank-4000,False,False,0,0
3439,680,__pr_graph_lp_or_cost_row__: item: py-tank-5000,,,True,node-cost:item: py-tank-5000,False,False,0,0
3440,681,__pr_graph_lp_or_cost_row__: item: py-tank-6500,,,True,node-cost:item: py-tank-6500,False,False,0,0
3441,683,__pr_graph_lp_or_cost_row__: item: py-tank-8000,,,True,node-cost:item: py-tank-8000,False,False,0,0
3442,687,__pr_graph_lp_or_cost_row__: item: py-ze,,,True,node-cost:item: py-ze,False,False,0,0
3443,691,__pr_graph_lp_or_cost_row__: item: rail,,,True,node-cost:item: rail,False,False,0,0
3444,692,__pr_graph_lp_or_cost_row__: item: rail-chain-signal,,,True,node-cost:item: rail-chain-signal,False,False,0,0
3445,693,__pr_graph_lp_or_cost_row__: item: rail-signal,,,True,node-cost:item: rail-signal,False,False,0,0
3446,694,__pr_graph_lp_or_cost_row__: item: ralesia,,,True,node-cost:item: ralesia,False,False,0,0
3447,695,__pr_graph_lp_or_cost_row__: item: ralesia-codex,,,True,node-cost:item: ralesia-codex,False,False,0,0
3448,696,__pr_graph_lp_or_cost_row__: item: ralesia-plantation-mk01,,,True,node-cost:item: ralesia-plantation-mk01,False,False,0,0
3449,697,__pr_graph_lp_or_cost_row__: item: ralesia-seeds,,,True,node-cost:item: ralesia-seeds,False,False,0,0
3450,698,__pr_graph_lp_or_cost_row__: item: raw-borax,,,True,node-cost:item: raw-borax,False,False,0,0
3451,699,__pr_graph_lp_or_cost_row__: item: raw-coal,,,True,node-cost:item: raw-coal,False,False,0,0
3452,700,__pr_graph_lp_or_cost_row__: item: raw-fiber,,,True,node-cost:item: raw-fiber,False,False,0,0
3453,704,__pr_graph_lp_or_cost_row__: item: refined-hazard-concrete,,,True,node-cost:item: refined-hazard-concrete,False,False,0,0
3454,707,__pr_graph_lp_or_cost_row__: item: research-center-mk01,,,True,node-cost:item: research-center-mk01,False,False,0,0
3455,708,__pr_graph_lp_or_cost_row__: item: resistor1,,,True,node-cost:item: resistor1,False,False,0,0
3456,709,__pr_graph_lp_or_cost_row__: item: retorter,,,True,node-cost:item: retorter,False,False,0,0
3457,710,__pr_graph_lp_or_cost_row__: item: retrovirus,,,True,node-cost:item: retrovirus,False,False,0,0
3458,711,__pr_graph_lp_or_cost_row__: item: rhe,,,True,node-cost:item: rhe,False,False,0,0
3459,712,__pr_graph_lp_or_cost_row__: item: rich-clay,,,True,node-cost:item: rich-clay,False,False,0,0
3460,713,__pr_graph_lp_or_cost_row__: item: rotor-mk01,,,True,node-cost:item: rotor-mk01,False,False,0,0
3461,717,__pr_graph_lp_or_cost_row__: item: sand,,,True,node-cost:item: sand,False,False,0,0
3462,718,__pr_graph_lp_or_cost_row__: item: sand-casting,,,True,node-cost:item: sand-casting,False,False,0,0
3463,720,__pr_graph_lp_or_cost_row__: item: sap-seeds,,,True,node-cost:item: sap-seeds,False,False,0,0
3464,721,__pr_graph_lp_or_cost_row__: item: sap-tree,,,True,node-cost:item: sap-tree,False,False,0,0
3465,722,__pr_graph_lp_or_cost_row__: item: saps,,,True,node-cost:item: saps,False,False,0,0
3466,723,__pr_graph_lp_or_cost_row__: item: sb-grade-01,,,True,node-cost:item: sb-grade-01,False,False,0,0
3467,724,__pr_graph_lp_or_cost_row__: item: sb-grade-02,,,True,node-cost:item: sb-grade-02,False,False,0,0
3468,725,__pr_graph_lp_or_cost_row__: item: sb-grade-03,,,True,node-cost:item: sb-grade-03,False,False,0,0
3469,726,__pr_graph_lp_or_cost_row__: item: sb-grade-04,,,True,node-cost:item: sb-grade-04,False,False,0,0
3470,727,__pr_graph_lp_or_cost_row__: item: sb-oxide,,,True,node-cost:item: sb-oxide,False,False,0,0
3471,729,__pr_graph_lp_or_cost_row__: item: scrude-barrel,,,True,node-cost:item: scrude-barrel,False,False,0,0
3472,730,__pr_graph_lp_or_cost_row__: item: scrude-canister,,,True,node-cost:item: scrude-canister,False,False,0,0
3473,731,__pr_graph_lp_or_cost_row__: item: seaweed,,,True,node-cost:item: seaweed,False,False,0,0
3474,733,__pr_graph_lp_or_cost_row__: item: secondary-crusher-mk01,,,True,node-cost:item: secondary-crusher-mk01,False,False,0,0
3475,734,__pr_graph_lp_or_cost_row__: item: selector-combinator,,,True,node-cost:item: selector-combinator,False,False,0,0
3476,735,__pr_graph_lp_or_cost_row__: item: shaft-mk01,,,True,node-cost:item: shaft-mk01,False,False,0,0
3477,738,__pr_graph_lp_or_cost_row__: item: skin,,,True,node-cost:item: skin,False,False,0,0
3478,739,__pr_graph_lp_or_cost_row__: item: slacked-lime-barrel,,,True,node-cost:item: slacked-lime-barrel,False,False,0,0
3479,740,__pr_graph_lp_or_cost_row__: item: slaughterhouse-mk01,,,True,node-cost:item: slaughterhouse-mk01,False,False,0,0
3480,742,__pr_graph_lp_or_cost_row__: item: small-lamp,,,True,node-cost:item: small-lamp,False,False,0,0
3481,743,__pr_graph_lp_or_cost_row__: item: small-parts-01,,,True,node-cost:item: small-parts-01,False,False,0,0
3482,745,__pr_graph_lp_or_cost_row__: item: sodium-alginate,,,True,node-cost:item: sodium-alginate,False,False,0,0
3483,746,__pr_graph_lp_or_cost_row__: item: sodium-hydroxide,,,True,node-cost:item: sodium-hydroxide,False,False,0,0
3484,747,__pr_graph_lp_or_cost_row__: item: soil,,,True,node-cost:item: soil,False,False,0,0
3485,749,__pr_graph_lp_or_cost_row__: item: solder,,,True,node-cost:item: solder,False,False,0,0
3486,751,__pr_graph_lp_or_cost_row__: item: solidified-sarcorus,,,True,node-cost:item: solidified-sarcorus,False,False,0,0
3487,753,__pr_graph_lp_or_cost_row__: item: splitter,,,True,node-cost:item: splitter,False,False,0,0
3488,754,__pr_graph_lp_or_cost_row__: item: spore-collector-mk01,,,True,node-cost:item: spore-collector-mk01,False,False,0,0
3489,755,__pr_graph_lp_or_cost_row__: item: starch,,,True,node-cost:item: starch,False,False,0,0
3490,756,__pr_graph_lp_or_cost_row__: item: steam-engine,,,True,node-cost:item: steam-engine,False,False,0,0
3491,757,__pr_graph_lp_or_cost_row__: item: steam-turbine-mk01,,,True,node-cost:item: steam-turbine-mk01,False,False,0,0
3492,758,__pr_graph_lp_or_cost_row__: item: steel-chest,,,True,node-cost:item: steel-chest,False,False,0,0
3493,760,__pr_graph_lp_or_cost_row__: item: steel-plate,,,True,node-cost:item: steel-plate,False,False,0,0
3494,761,__pr_graph_lp_or_cost_row__: item: stone,,,True,node-cost:item: stone,False,False,0,0
3495,762,__pr_graph_lp_or_cost_row__: item: stone-brick,,,True,node-cost:item: stone-brick,False,False,0,0
3496,763,__pr_graph_lp_or_cost_row__: item: stone-furnace,,,True,node-cost:item: stone-furnace,False,False,0,0
3497,764,__pr_graph_lp_or_cost_row__: item: stone-wall,,,True,node-cost:item: stone-wall,False,False,0,0
3498,765,__pr_graph_lp_or_cost_row__: item: stopper,,,True,node-cost:item: stopper,False,False,0,0
3499,766,__pr_graph_lp_or_cost_row__: item: storage-chest,,,True,node-cost:item: storage-chest,False,False,0,0
3500,767,__pr_graph_lp_or_cost_row__: item: storage-tank,,,True,node-cost:item: storage-tank,False,False,0,0
3501,768,__pr_graph_lp_or_cost_row__: item: subcritical-water-barrel,,,True,node-cost:item: subcritical-water-barrel,False,False,0,0
3502,770,__pr_graph_lp_or_cost_row__: item: sulfur,,,True,node-cost:item: sulfur,False,False,0,0
3503,771,__pr_graph_lp_or_cost_row__: item: syngas-barrel,,,True,node-cost:item: syngas-barrel,False,False,0,0
3504,772,__pr_graph_lp_or_cost_row__: item: syngas-canister,,,True,node-cost:item: syngas-canister,False,False,0,0
3505,775,__pr_graph_lp_or_cost_row__: item: tailings-pond,,,True,node-cost:item: tailings-pond,False,False,0,0
3506,777,__pr_graph_lp_or_cost_row__: item: tall-oil-canister,,,True,node-cost:item: tall-oil-canister,False,False,0,0
3507,778,__pr_graph_lp_or_cost_row__: item: tar-barrel,,,True,node-cost:item: tar-barrel,False,False,0,0
3508,779,__pr_graph_lp_or_cost_row__: item: tar-canister,,,True,node-cost:item: tar-canister,False,False,0,0
3509,780,__pr_graph_lp_or_cost_row__: item: tar-processing-unit,,,True,node-cost:item: tar-processing-unit,False,False,0,0
3510,781,__pr_graph_lp_or_cost_row__: item: ti-rejects,,,True,node-cost:item: ti-rejects,False,False,0,0
3511,783,__pr_graph_lp_or_cost_row__: item: tin-plate,,,True,node-cost:item: tin-plate,False,False,0,0
3512,784,__pr_graph_lp_or_cost_row__: item: tinned-cable,,,True,node-cost:item: tinned-cable,False,False,0,0
3513,787,__pr_graph_lp_or_cost_row__: item: train-stop,,,True,node-cost:item: train-stop,False,False,0,0
3514,788,__pr_graph_lp_or_cost_row__: item: transport-belt,,,True,node-cost:item: transport-belt,False,False,0,0
3515,789,__pr_graph_lp_or_cost_row__: item: treated-wood,,,True,node-cost:item: treated-wood,False,False,0,0
3516,790,__pr_graph_lp_or_cost_row__: item: tree-mk01,,,True,node-cost:item: tree-mk01,False,False,0,0
3517,793,__pr_graph_lp_or_cost_row__: item: urea,,,True,node-cost:item: urea,False,False,0,0
3518,794,__pr_graph_lp_or_cost_row__: item: used-auog,,,True,node-cost:item: used-auog,False,False,0,0
3519,795,__pr_graph_lp_or_cost_row__: item: utility-box-mk01,,,True,node-cost:item: utility-box-mk01,False,False,0,0
3520,796,__pr_graph_lp_or_cost_row__: item: vacuum-barrel,,,True,node-cost:item: vacuum-barrel,False,False,0,0
3521,798,__pr_graph_lp_or_cost_row__: item: vacuum-tube,,,True,node-cost:item: vacuum-tube,False,False,0,0
3522,799,__pr_graph_lp_or_cost_row__: item: vane-mk01,,,True,node-cost:item: vane-mk01,False,False,0,0
3523,800,__pr_graph_lp_or_cost_row__: item: vawt-turbine-mk01,,,True,node-cost:item: vawt-turbine-mk01,False,False,0,0
3524,801,__pr_graph_lp_or_cost_row__: item: vitreloy,,,True,node-cost:item: vitreloy,False,False,0,0
3525,802,__pr_graph_lp_or_cost_row__: item: vrauks,,,True,node-cost:item: vrauks,False,False,0,0
3526,803,__pr_graph_lp_or_cost_row__: item: vrauks-codex,,,True,node-cost:item: vrauks-codex,False,False,0,0
3527,804,__pr_graph_lp_or_cost_row__: item: vrauks-food-01,,,True,node-cost:item: vrauks-food-01,False,False,0,0
3528,805,__pr_graph_lp_or_cost_row__: item: vrauks-mk02,,,True,node-cost:item: vrauks-mk02,False,False,0,0
3529,806,__pr_graph_lp_or_cost_row__: item: vrauks-paddock-mk01,,,True,node-cost:item: vrauks-paddock-mk01,False,False,0,0
3530,807,__pr_graph_lp_or_cost_row__: item: warm-stone-brick,,,True,node-cost:item: warm-stone-brick,False,False,0,0
3531,808,__pr_graph_lp_or_cost_row__: item: washer,,,True,node-cost:item: washer,False,False,0,0
3532,809,__pr_graph_lp_or_cost_row__: item: waste-water-barrel,,,True,node-cost:item: waste-water-barrel,False,False,0,0
3533,810,__pr_graph_lp_or_cost_row__: item: water-barrel,,,True,node-cost:item: water-barrel,False,False,0,0
3534,811,__pr_graph_lp_or_cost_row__: item: water-saline-barrel,,,True,node-cost:item: water-saline-barrel,False,False,0,0
3535,812,__pr_graph_lp_or_cost_row__: item: wood,,,True,node-cost:item: wood,False,False,0,0
3536,814,__pr_graph_lp_or_cost_row__: item: wood-seedling,,,True,node-cost:item: wood-seedling,False,False,0,0
3537,815,__pr_graph_lp_or_cost_row__: item: wood-seeds,,,True,node-cost:item: wood-seeds,False,False,0,0
3538,816,__pr_graph_lp_or_cost_row__: item: wooden-chest,,,True,node-cost:item: wooden-chest,False,False,0,0
3539,817,__pr_graph_lp_or_cost_row__: item: workers-food,,,True,node-cost:item: workers-food,False,False,0,0
3540,819,__pr_graph_lp_or_cost_row__: item: yaw-drive-mk01,,,True,node-cost:item: yaw-drive-mk01,False,False,0,0
3541,820,__pr_graph_lp_or_cost_row__: item: zinc-plate,,,True,node-cost:item: zinc-plate,False,False,0,0
3542,821,__pr_graph_lp_or_cost_row__: item: zogna-bacteria-barrel,,,True,node-cost:item: zogna-bacteria-barrel,False,False,0,0
3543,830,__pr_graph_lp_or_to_or_and__: 10009:entity-operate: atomizer-mk01 --> recipe-category: atomizer__0__0:noncoproduct-route,,,True,entity-operate: atomizer-mk01 --> recipe-category: atomizer__0__0,False,False,0,0
3544,836,__pr_graph_lp_or_to_or_and__: 10016:entity-operate: py-coal-powerplant-mk01 --> recipe-category: coal-powerplant__1__1:noncoproduct-route,,,True,entity-operate: py-coal-powerplant-mk01 --> recipe-category: coal-powerplant__1__1,False,False,0,0
3545,838,__pr_graph_lp_or_to_or_and__: 10019:entity-operate: car --> fuel-category-burn: jerry:noncoproduct-route,,,True,entity-operate: car --> fuel-category-burn: jerry,False,False,0,0
3546,842,__pr_graph_lp_or_to_or_and__: 10024:entity-operate: stone-furnace --> recipe-category: smelting__0__0:noncoproduct-route,,,True,entity-operate: stone-furnace --> recipe-category: smelting__0__0,False,False,0,0
3547,844,__pr_graph_lp_or_to_or_and__: 10027:entity-operate: py-burner --> fuel-category-burn: jerry:noncoproduct-route,,,True,entity-operate: py-burner --> fuel-category-burn: jerry,False,False,0,0
3548,847,__pr_graph_lp_or_to_or_and__: 10030:entity-operate: py-burner --> recipe-category: py-incineration__0__0:noncoproduct-route,,,True,entity-operate: py-burner --> recipe-category: py-incineration__0__0,False,False,0,0
3549,853,__pr_graph_lp_or_to_or_and__: 10038:entity-operate: fluid-drill-mk01 --> resource-category: basic-with-fluid__1__0:noncoproduct-route,,,True,entity-operate: fluid-drill-mk01 --> resource-category: basic-with-fluid__1__0,False,False,0,0
3550,855,__pr_graph_lp_or_to_or_and__: 10041:entity-operate: py-biomass-powerplant-mk01 --> recipe-category: biomass-powerplant__1__1:noncoproduct-route,,,True,entity-operate: py-biomass-powerplant-mk01 --> recipe-category: biomass-powerplant__1__1,False,False,0,0
3551,856,__pr_graph_lp_or_to_or_and__: 10043:entity-operate: generator-1 --> fuel-category-burn: auog:noncoproduct-route,,,True,entity-operate: generator-1 --> fuel-category-burn: auog,False,False,0,0
3552,857,__pr_graph_lp_or_to_or_and__: 10045:item-burn: coal --> item: ash:noncoproduct-route,,,True,item-burn: coal --> item: ash,False,False,0,0
3553,858,__pr_graph_lp_or_to_or_and__: 10047:item-burn: coke --> item: ash:noncoproduct-route,,,True,item-burn: coke --> item: ash,False,False,0,0
3554,859,__pr_graph_lp_or_to_or_and__: 10049:item-burn: coal-dust --> item: ash:noncoproduct-route,,,True,item-burn: coal-dust --> item: ash,False,False,0,0
3555,860,__pr_graph_lp_or_to_or_and__: 10051:item-burn: gunpowder --> item: ash:noncoproduct-route,,,True,item-burn: gunpowder --> item: ash,False,False,0,0
3556,861,__pr_graph_lp_or_to_or_and__: 10053:item-burn: raw-coal --> item: ash:noncoproduct-route,,,True,item-burn: raw-coal --> item: ash,False,False,0,0
3557,862,__pr_graph_lp_or_to_or_and__: 10055:item-burn: crushed-coal --> item: ash:noncoproduct-route,,,True,item-burn: crushed-coal --> item: ash,False,False,0,0
3558,863,__pr_graph_lp_or_to_or_and__: 10057:item-burn: kerogen --> item: ash:noncoproduct-route,,,True,item-burn: kerogen --> item: ash,False,False,0,0
3559,865,__pr_graph_lp_or_to_or_and__: 10061:item-burn: light-oil-canister --> item: empty-fuel-canister:noncoproduct-route,,,True,item-burn: light-oil-canister --> item: empty-fuel-canister,False,False,0,0
3560,874,__pr_graph_lp_or_to_or_and__: 10079:item-burn: tall-oil-canister --> item: empty-fuel-canister:noncoproduct-route,,,True,item-burn: tall-oil-canister --> item: empty-fuel-canister,False,False,0,0
3561,877,__pr_graph_lp_or_to_or_and__: 10085:item-burn: anthracene-oil-canister --> item: empty-fuel-canister:noncoproduct-route,,,True,item-burn: anthracene-oil-canister --> item: empty-fuel-canister,False,False,0,0
3562,878,__pr_graph_lp_or_to_or_and__: 10087:item-burn: carbolic-oil-canister --> item: empty-fuel-canister:noncoproduct-route,,,True,item-burn: carbolic-oil-canister --> item: empty-fuel-canister,False,False,0,0
3563,881,__pr_graph_lp_or_to_or_and__: 10093:item-burn: middle-oil-canister --> item: empty-fuel-canister:noncoproduct-route,,,True,item-burn: middle-oil-canister --> item: empty-fuel-canister,False,False,0,0
3564,882,__pr_graph_lp_or_to_or_and__: 10095:item-burn: auog --> item: used-auog:noncoproduct-route,,,True,item-burn: auog --> item: used-auog,False,False,0,0
3565,883,__pr_graph_lp_or_to_or_and__: 10097:entity-operate: automated-factory-mk01 --> recipe-category: crafting__0__0:noncoproduct-route,,,True,entity-operate: automated-factory-mk01 --> recipe-category: crafting__0__0,False,False,0,0
3566,887,__pr_graph_lp_or_to_or_and__: 10101:entity-operate: automated-factory-mk01 --> recipe-category: advanced-crafting__1__0:noncoproduct-route,,,True,entity-operate: automated-factory-mk01 --> recipe-category: advanced-crafting__1__0,False,False,0,0
3567,888,__pr_graph_lp_or_to_or_and__: 10102:entity-operate: automated-factory-mk01 --> recipe-category: crafting-with-fluid__1__0:noncoproduct-route,,,True,entity-operate: automated-factory-mk01 --> recipe-category: crafting-with-fluid__1__0,False,False,0,0
3568,892,__pr_graph_lp_or_to_or_and__: 10107:entity-operate: advanced-foundry-mk01 --> recipe-category: smelting__0__0:noncoproduct-route,,,True,entity-operate: advanced-foundry-mk01 --> recipe-category: smelting__0__0,False,False,0,0
3569,893,__pr_graph_lp_or_to_or_and__: 10108:entity-operate: advanced-foundry-mk01 --> recipe-category: smelting__1__0:noncoproduct-route,,,True,entity-operate: advanced-foundry-mk01 --> recipe-category: smelting__1__0,False,False,0,0
3570,894,__pr_graph_lp_or_to_or_and__: 10109:entity-operate: advanced-foundry-mk01 --> recipe-category: advanced-foundry__0__0:noncoproduct-route,,,True,entity-operate: advanced-foundry-mk01 --> recipe-category: advanced-foundry__0__0,False,False,0,0
3571,895,__pr_graph_lp_or_to_or_and__: 10110:entity-operate: advanced-foundry-mk01 --> recipe-category: advanced-foundry__1__0:noncoproduct-route,,,True,entity-operate: advanced-foundry-mk01 --> recipe-category: advanced-foundry__1__0,False,False,0,0
3572,896,__pr_graph_lp_or_to_or_and__: 10111:entity-operate: advanced-foundry-mk01 --> recipe-category: advanced-foundry__0__1:noncoproduct-route,,,True,entity-operate: advanced-foundry-mk01 --> recipe-category: advanced-foundry__0__1,False,False,0,0
3573,897,__pr_graph_lp_or_to_or_and__: 10112:entity-operate: advanced-foundry-mk01 --> recipe-category: advanced-foundry__2__1:noncoproduct-route,,,True,entity-operate: advanced-foundry-mk01 --> recipe-category: advanced-foundry__2__1,False,False,0,0
3574,898,__pr_graph_lp_or_to_or_and__: 10113:entity-operate: advanced-foundry-mk01 --> recipe-category: advanced-foundry__1__1:noncoproduct-route,,,True,entity-operate: advanced-foundry-mk01 --> recipe-category: advanced-foundry__1__1,False,False,0,0
3575,899,__pr_graph_lp_or_to_or_and__: 10115:entity-operate: steel-furnace --> recipe-category: smelting__0__0:noncoproduct-route,,,True,entity-operate: steel-furnace --> recipe-category: smelting__0__0,False,False,0,0
3576,902,__pr_graph_lp_or_to_or_and__: 10119:entity-operate: chemical-plant-mk01 --> recipe-category: chemistry__1__0:noncoproduct-route,,,True,entity-operate: chemical-plant-mk01 --> recipe-category: chemistry__1__0,False,False,0,0
3577,910,__pr_graph_lp_or_to_or_and__: 10128:entity-operate: heavy-oil-refinery-mk01 --> recipe-category: oil-processing__1__1:noncoproduct-route,,,True,entity-operate: heavy-oil-refinery-mk01 --> recipe-category: oil-processing__1__1,False,False,0,0
3578,911,__pr_graph_lp_or_to_or_and__: 10129:entity-operate: heavy-oil-refinery-mk01 --> recipe-category: hor__2__0:noncoproduct-route,,,True,entity-operate: heavy-oil-refinery-mk01 --> recipe-category: hor__2__0,False,False,0,0
3579,912,__pr_graph_lp_or_to_or_and__: 10130:entity-operate: heavy-oil-refinery-mk01 --> recipe-category: hor__1__0:noncoproduct-route,,,True,entity-operate: heavy-oil-refinery-mk01 --> recipe-category: hor__1__0,False,False,0,0
3580,913,__pr_graph_lp_or_to_or_and__: 10131:entity-operate: heavy-oil-refinery-mk01 --> recipe-category: hor__1__1:noncoproduct-route,,,True,entity-operate: heavy-oil-refinery-mk01 --> recipe-category: hor__1__1,False,False,0,0
3581,914,__pr_graph_lp_or_to_or_and__: 10132:entity-operate: heavy-oil-refinery-mk01 --> recipe-category: hor__2__1:noncoproduct-route,,,True,entity-operate: heavy-oil-refinery-mk01 --> recipe-category: hor__2__1,False,False,0,0
3582,923,__pr_graph_lp_or_to_or_and__: 10143:entity-operate: distilator --> recipe-category: distilator__1__3:noncoproduct-route,,,True,entity-operate: distilator --> recipe-category: distilator__1__3,False,False,0,0
3583,926,__pr_graph_lp_or_to_or_and__: 10146:entity-operate: distilator --> recipe-category: distilator__0__2:noncoproduct-route,,,True,entity-operate: distilator --> recipe-category: distilator__0__2,False,False,0,0
3584,930,__pr_graph_lp_or_to_or_and__: 10150:entity-operate: distilator --> recipe-category: distilator__2__2:noncoproduct-route,,,True,entity-operate: distilator --> recipe-category: distilator__2__2,False,False,0,0
3585,933,__pr_graph_lp_or_to_or_and__: 10153:entity-operate: distilator --> recipe-category: distilator__2__4:noncoproduct-route,,,True,entity-operate: distilator --> recipe-category: distilator__2__4,False,False,0,0
3586,935,__pr_graph_lp_or_to_or_and__: 10155:entity-operate: distilator --> recipe-category: distilator__2__0:noncoproduct-route,,,True,entity-operate: distilator --> recipe-category: distilator__2__0,False,False,0,0
3587,940,__pr_graph_lp_or_to_or_and__: 10161:entity-operate: rectisol --> recipe-category: rectisol__2__4:noncoproduct-route,,,True,entity-operate: rectisol --> recipe-category: rectisol__2__4,False,False,0,0
3588,941,__pr_graph_lp_or_to_or_and__: 10162:entity-operate: rectisol --> recipe-category: rectisol__1__4:noncoproduct-route,,,True,entity-operate: rectisol --> recipe-category: rectisol__1__4,False,False,0,0
3589,942,__pr_graph_lp_or_to_or_and__: 10163:entity-operate: rectisol --> recipe-category: rectisol__2__1:noncoproduct-route,,,True,entity-operate: rectisol --> recipe-category: rectisol__2__1,False,False,0,0
3590,943,__pr_graph_lp_or_to_or_and__: 10164:entity-operate: rectisol --> recipe-category: rectisol__3__1:noncoproduct-route,,,True,entity-operate: rectisol --> recipe-category: rectisol__3__1,False,False,0,0
3591,944,__pr_graph_lp_or_to_or_and__: 10165:entity-operate: rectisol --> recipe-category: rectisol__3__0:noncoproduct-route,,,True,entity-operate: rectisol --> recipe-category: rectisol__3__0,False,False,0,0
3592,945,__pr_graph_lp_or_to_or_and__: 10166:entity-operate: rectisol --> recipe-category: rectisol__2__0:noncoproduct-route,,,True,entity-operate: rectisol --> recipe-category: rectisol__2__0,False,False,0,0
3593,954,__pr_graph_lp_or_to_or_and__: 10177:entity-operate: tar-processing-unit --> recipe-category: tar__1__0:noncoproduct-route,,,True,entity-operate: tar-processing-unit --> recipe-category: tar__1__0,False,False,0,0
3594,955,__pr_graph_lp_or_to_or_and__: 10178:entity-operate: tar-processing-unit --> recipe-category: tar__1__1:noncoproduct-route,,,True,entity-operate: tar-processing-unit --> recipe-category: tar__1__1,False,False,0,0
3595,956,__pr_graph_lp_or_to_or_and__: 10179:entity-operate: tar-processing-unit --> recipe-category: tar__2__4:noncoproduct-route,,,True,entity-operate: tar-processing-unit --> recipe-category: tar__2__4,False,False,0,0
3596,958,__pr_graph_lp_or_to_or_and__: 10181:entity-operate: tar-processing-unit --> recipe-category: tar__2__2:noncoproduct-route,,,True,entity-operate: tar-processing-unit --> recipe-category: tar__2__2,False,False,0,0
3597,959,__pr_graph_lp_or_to_or_and__: 10183:entity-operate: hpf --> recipe-category: hpf__0__1:noncoproduct-route,,,True,entity-operate: hpf --> recipe-category: hpf__0__1,False,False,0,0
3598,960,__pr_graph_lp_or_to_or_and__: 10184:entity-operate: hpf --> recipe-category: hpf__1__0:noncoproduct-route,,,True,entity-operate: hpf --> recipe-category: hpf__1__0,False,False,0,0
3599,961,__pr_graph_lp_or_to_or_and__: 10185:entity-operate: hpf --> recipe-category: hpf__0__0:noncoproduct-route,,,True,entity-operate: hpf --> recipe-category: hpf__0__0,False,False,0,0
3600,962,__pr_graph_lp_or_to_or_and__: 10186:entity-operate: hpf --> recipe-category: hpf__1__1:noncoproduct-route,,,True,entity-operate: hpf --> recipe-category: hpf__1__1,False,False,0,0
3601,963,__pr_graph_lp_or_to_or_and__: 10188:entity-operate: quenching-tower --> recipe-category: quenching-tower__2__3:noncoproduct-route,,,True,entity-operate: quenching-tower --> recipe-category: quenching-tower__2__3,False,False,0,0
3602,964,__pr_graph_lp_or_to_or_and__: 10189:entity-operate: quenching-tower --> recipe-category: quenching-tower__1__1:noncoproduct-route,,,True,entity-operate: quenching-tower --> recipe-category: quenching-tower__1__1,False,False,0,0
3603,965,__pr_graph_lp_or_to_or_and__: 10190:entity-operate: quenching-tower --> recipe-category: quenching-tower__2__1:noncoproduct-route,,,True,entity-operate: quenching-tower --> recipe-category: quenching-tower__2__1,False,False,0,0
3604,966,__pr_graph_lp_or_to_or_and__: 10191:entity-operate: quenching-tower --> recipe-category: quenching-tower__2__2:noncoproduct-route,,,True,entity-operate: quenching-tower --> recipe-category: quenching-tower__2__2,False,False,0,0
3605,967,__pr_graph_lp_or_to_or_and__: 10193:entity-operate: cooling-tower-mk01 --> recipe-category: cooling__1__1:noncoproduct-route,,,True,entity-operate: cooling-tower-mk01 --> recipe-category: cooling__1__1,False,False,0,0
3606,968,__pr_graph_lp_or_to_or_and__: 10195:entity-operate: evaporator --> recipe-category: evaporator__1__0:noncoproduct-route,,,True,entity-operate: evaporator --> recipe-category: evaporator__1__0,False,False,0,0
3607,969,__pr_graph_lp_or_to_or_and__: 10196:entity-operate: evaporator --> recipe-category: evaporator__1__1:noncoproduct-route,,,True,entity-operate: evaporator --> recipe-category: evaporator__1__1,False,False,0,0
3608,970,__pr_graph_lp_or_to_or_and__: 10197:entity-operate: evaporator --> recipe-category: evaporator__2__2:noncoproduct-route,,,True,entity-operate: evaporator --> recipe-category: evaporator__2__2,False,False,0,0
3609,971,__pr_graph_lp_or_to_or_and__: 10198:entity-operate: evaporator --> recipe-category: evaporator__2__1:noncoproduct-route,,,True,entity-operate: evaporator --> recipe-category: evaporator__2__1,False,False,0,0
3610,972,__pr_graph_lp_or_to_or_and__: 10199:entity-operate: evaporator --> recipe-category: evaporator__2__0:noncoproduct-route,,,True,entity-operate: evaporator --> recipe-category: evaporator__2__0,False,False,0,0
3611,973,__pr_graph_lp_or_to_or_and__: 10200:entity-operate: evaporator --> recipe-category: evaporator__0__0:noncoproduct-route,,,True,entity-operate: evaporator --> recipe-category: evaporator__0__0,False,False,0,0
3612,976,__pr_graph_lp_or_to_or_and__: 10204:entity-operate: olefin-plant --> recipe-category: olefin__1__1:noncoproduct-route,,,True,entity-operate: olefin-plant --> recipe-category: olefin__1__1,False,False,0,0
3613,978,__pr_graph_lp_or_to_or_and__: 10208:entity-operate: solid-separator --> recipe-category: solid-separator__0__0:noncoproduct-route,,,True,entity-operate: solid-separator --> recipe-category: solid-separator__0__0,False,False,0,0
3614,981,__pr_graph_lp_or_to_or_and__: 10213:entity-operate: classifier --> recipe-category: classifier__0__0:noncoproduct-route,,,True,entity-operate: classifier --> recipe-category: classifier__0__0,False,False,0,0
3615,985,__pr_graph_lp_or_to_or_and__: 10219:entity-operate: ralesia-plantation-mk01 --> recipe-category: ralesia__2__0:noncoproduct-route,,,True,entity-operate: ralesia-plantation-mk01 --> recipe-category: ralesia__2__0,False,False,0,0
3616,991,__pr_graph_lp_or_to_or_and__: 10226:entity-operate: jaw-crusher --> recipe-category: crusher__0__0:noncoproduct-route,,,True,entity-operate: jaw-crusher --> recipe-category: crusher__0__0,False,False,0,0
3617,992,__pr_graph_lp_or_to_or_and__: 10228:entity-operate: ball-mill-mk01 --> recipe-category: ball-mill__0__0:noncoproduct-route,,,True,entity-operate: ball-mill-mk01 --> recipe-category: ball-mill__0__0,False,False,0,0
3618,993,__pr_graph_lp_or_to_or_and__: 10230:entity-operate: botanical-nursery --> recipe-category: nursery__0__0:noncoproduct-route,,,True,entity-operate: botanical-nursery --> recipe-category: nursery__0__0,False,False,0,0
3619,994,__pr_graph_lp_or_to_or_and__: 10231:entity-operate: botanical-nursery --> recipe-category: nursery__1__0:noncoproduct-route,,,True,entity-operate: botanical-nursery --> recipe-category: nursery__1__0,False,False,0,0
3620,995,__pr_graph_lp_or_to_or_and__: 10232:entity-operate: botanical-nursery --> recipe-category: nursery__2__0:noncoproduct-route,,,True,entity-operate: botanical-nursery --> recipe-category: nursery__2__0,False,False,0,0
3621,996,__pr_graph_lp_or_to_or_and__: 10233:entity-operate: botanical-nursery --> recipe-category: nursery__0__1:noncoproduct-route,,,True,entity-operate: botanical-nursery --> recipe-category: nursery__0__1,False,False,0,0
3622,997,__pr_graph_lp_or_to_or_and__: 10234:entity-operate: botanical-nursery --> recipe-category: nursery__1__1:noncoproduct-route,,,True,entity-operate: botanical-nursery --> recipe-category: nursery__1__1,False,False,0,0
3623,999,__pr_graph_lp_or_to_or_and__: 10237:entity-operate: wpu-mk01 --> recipe-category: wpu-handcrafting__0__0:noncoproduct-route,,,True,entity-operate: wpu-mk01 --> recipe-category: wpu-handcrafting__0__0,False,False,0,0
3624,1001,__pr_graph_lp_or_to_or_and__: 10240:entity-operate: glassworks-mk01 --> recipe-category: glassworks__0__1:noncoproduct-route,,,True,entity-operate: glassworks-mk01 --> recipe-category: glassworks__0__1,False,False,0,0
3625,1004,__pr_graph_lp_or_to_or_and__: 10243:entity-operate: glassworks-mk01 --> recipe-category: glassworks__2__0:noncoproduct-route,,,True,entity-operate: glassworks-mk01 --> recipe-category: glassworks__2__0,False,False,0,0
3626,1006,__pr_graph_lp_or_to_or_and__: 10246:entity-operate: vacuum-pump-mk01 --> recipe-category: vacuum__0__1:noncoproduct-route,,,True,entity-operate: vacuum-pump-mk01 --> recipe-category: vacuum__0__1,False,False,0,0
3627,1021,__pr_graph_lp_or_to_or_and__: 10264:entity-operate: automated-screener-mk01 --> recipe-category: screener__0__0:noncoproduct-route,,,True,entity-operate: automated-screener-mk01 --> recipe-category: screener__0__0,False,False,0,0
3628,1022,__pr_graph_lp_or_to_or_and__: 10266:entity-operate: secondary-crusher-mk01 --> recipe-category: secondary-crusher__0__0:noncoproduct-route,,,True,entity-operate: secondary-crusher-mk01 --> recipe-category: secondary-crusher__0__0,False,False,0,0
3629,1026,__pr_graph_lp_or_to_or_and__: 10271:entity-operate: genlab-mk01 --> recipe-category: genlab__0__0:noncoproduct-route,,,True,entity-operate: genlab-mk01 --> recipe-category: genlab__0__0,False,False,0,0
3630,1029,__pr_graph_lp_or_to_or_and__: 10275:entity-operate: bio-reactor-mk01 --> recipe-category: bio-reactor__2__0:noncoproduct-route,,,True,entity-operate: bio-reactor-mk01 --> recipe-category: bio-reactor__2__0,False,False,0,0
3631,1041,__pr_graph_lp_or_to_or_and__: 10289:entity-operate: py-gas-vent --> recipe-category: py-venting__1__0:noncoproduct-route,,,True,entity-operate: py-gas-vent --> recipe-category: py-venting__1__0,False,False,0,0
3632,1042,__pr_graph_lp_or_to_or_and__: 10291:entity-operate: py-sinkhole --> recipe-category: py-runoff__1__0:noncoproduct-route,,,True,entity-operate: py-sinkhole --> recipe-category: py-runoff__1__0,False,False,0,0
3633,1043,__pr_graph_lp_or_to_or_and__: 10293:entity-operate: barrel-machine-mk01 --> recipe-category: py-barreling__0__1:noncoproduct-route,,,True,entity-operate: barrel-machine-mk01 --> recipe-category: py-barreling__0__1,False,False,0,0
3634,1044,__pr_graph_lp_or_to_or_and__: 10294:entity-operate: barrel-machine-mk01 --> recipe-category: py-unbarreling__1__0:noncoproduct-route,,,True,entity-operate: barrel-machine-mk01 --> recipe-category: py-unbarreling__1__0,False,False,0,0
3635,1057,__pr_graph_lp_or_to_or_and__: 10310:entity-operate: hydroclassifier-mk01 --> recipe-category: hydroclassifier__1__2:noncoproduct-route,,,True,entity-operate: hydroclassifier-mk01 --> recipe-category: hydroclassifier__1__2,False,False,0,0
3636,1058,__pr_graph_lp_or_to_or_and__: 10311:entity-operate: hydroclassifier-mk01 --> recipe-category: hydroclassifier__2__3:noncoproduct-route,,,True,entity-operate: hydroclassifier-mk01 --> recipe-category: hydroclassifier__2__3,False,False,0,0
3637,1059,__pr_graph_lp_or_to_or_and__: 10312:entity-operate: hydroclassifier-mk01 --> recipe-category: hydroclassifier__1__1:noncoproduct-route,,,True,entity-operate: hydroclassifier-mk01 --> recipe-category: hydroclassifier__1__1,False,False,0,0
3638,1060,__pr_graph_lp_or_to_or_and__: 10313:entity-operate: hydroclassifier-mk01 --> recipe-category: hydroclassifier__2__1:noncoproduct-route,,,True,entity-operate: hydroclassifier-mk01 --> recipe-category: hydroclassifier__2__1,False,False,0,0
3639,1061,__pr_graph_lp_or_to_or_and__: 10314:entity-operate: hydroclassifier-mk01 --> recipe-category: hydroclassifier__2__2:noncoproduct-route,,,True,entity-operate: hydroclassifier-mk01 --> recipe-category: hydroclassifier__2__2,False,False,0,0
3640,1065,__pr_graph_lp_or_to_or_and__: 10319:entity-operate: electrolyzer-mk01 --> recipe-category: electrolyzer__1__1:noncoproduct-route,,,True,entity-operate: electrolyzer-mk01 --> recipe-category: electrolyzer__1__1,False,False,0,0
3641,1070,__pr_graph_lp_or_to_or_and__: 10325:entity-operate: impact-crusher-mk01 --> recipe-category: impact-crusher__0__0:noncoproduct-route,,,True,entity-operate: impact-crusher-mk01 --> recipe-category: impact-crusher__0__0,False,False,0,0
3642,1071,__pr_graph_lp_or_to_or_and__: 10327:entity-operate: casting-unit-mk01 --> recipe-category: casting__1__0:noncoproduct-route,,,True,entity-operate: casting-unit-mk01 --> recipe-category: casting__1__0,False,False,0,0
3643,1072,__pr_graph_lp_or_to_or_and__: 10328:entity-operate: casting-unit-mk01 --> recipe-category: casting__2__0:noncoproduct-route,,,True,entity-operate: casting-unit-mk01 --> recipe-category: casting__2__0,False,False,0,0
3644,1076,__pr_graph_lp_or_to_or_and__: 10333:entity-operate: eaf-mk01 --> recipe-category: eaf__0__1:noncoproduct-route,,,True,entity-operate: eaf-mk01 --> recipe-category: eaf__0__1,False,False,0,0
3645,1079,__pr_graph_lp_or_to_or_and__: 10337:entity-operate: smelter-mk01 --> recipe-category: py-rawores-smelter__0__0:noncoproduct-route,,,True,entity-operate: smelter-mk01 --> recipe-category: py-rawores-smelter__0__0,False,False,0,0
3646,1085,__pr_graph_lp_or_to_or_and__: 10344:entity-operate: clay-pit-mk01 --> recipe-category: clay__1__0:noncoproduct-route,,,True,entity-operate: clay-pit-mk01 --> recipe-category: clay__1__0,False,False,0,0
3647,1086,__pr_graph_lp_or_to_or_and__: 10346:entity-operate: moondrop-greenhouse-mk01 --> recipe-category: moon__2__1:noncoproduct-route,,,True,entity-operate: moondrop-greenhouse-mk01 --> recipe-category: moon__2__1,False,False,0,0
3648,1092,__pr_graph_lp_or_to_or_and__: 10353:entity-operate: auog-paddock-mk01 --> recipe-category: auog__0__0:noncoproduct-route,,,True,entity-operate: auog-paddock-mk01 --> recipe-category: auog__0__0,False,False,0,0
3649,1093,__pr_graph_lp_or_to_or_and__: 10355:entity-operate: electronics-factory-mk01 --> recipe-category: electronic__0__0:noncoproduct-route,,,True,entity-operate: electronics-factory-mk01 --> recipe-category: electronic__0__0,False,False,0,0
3650,1094,__pr_graph_lp_or_to_or_and__: 10356:entity-operate: electronics-factory-mk01 --> recipe-category: electronic__1__0:noncoproduct-route,,,True,entity-operate: electronics-factory-mk01 --> recipe-category: electronic__1__0,False,False,0,0
3651,1099,__pr_graph_lp_or_to_or_and__: 10362:entity-operate: pulp-mill-mk01 --> recipe-category: pulp__1__2:noncoproduct-route,,,True,entity-operate: pulp-mill-mk01 --> recipe-category: pulp__1__2,False,False,0,0
3652,1103,__pr_graph_lp_or_to_or_and__: 10367:entity-operate: chipshooter-mk01 --> recipe-category: chip__0__0:noncoproduct-route,,,True,entity-operate: chipshooter-mk01 --> recipe-category: chip__0__0,False,False,0,0
3653,1104,__pr_graph_lp_or_to_or_and__: 10369:entity-operate: pcb-factory-mk01 --> recipe-category: pcb__1__0:noncoproduct-route,,,True,entity-operate: pcb-factory-mk01 --> recipe-category: pcb__1__0,False,False,0,0
3654,1109,__pr_graph_lp_or_to_or_and__: 10375:entity-operate: fbreactor-mk01 --> recipe-category: fbreactor__1__0:noncoproduct-route,,,True,entity-operate: fbreactor-mk01 --> recipe-category: fbreactor__1__0,False,False,0,0
3655,1129,__pr_graph_lp_or_to_or_and__: 10398:entity-operate: reformer-mk01 --> recipe-category: reformer__2__3:noncoproduct-route,,,True,entity-operate: reformer-mk01 --> recipe-category: reformer__2__3,False,False,0,0
3656,1141,__pr_graph_lp_or_to_or_and__: 10412:entity-operate: gas-refinery-mk01 --> recipe-category: gas-refinery__1__1:noncoproduct-route,,,True,entity-operate: gas-refinery-mk01 --> recipe-category: gas-refinery__1__1,False,False,0,0
3657,1144,__pr_graph_lp_or_to_or_and__: 10417:entity-operate: moss-farm-mk01 --> recipe-category: moss__2__0:noncoproduct-route,,,True,entity-operate: moss-farm-mk01 --> recipe-category: moss__2__0,False,False,0,0
3658,1145,__pr_graph_lp_or_to_or_and__: 10418:entity-operate: moss-farm-mk01 --> recipe-category: moss__1__0:noncoproduct-route,,,True,entity-operate: moss-farm-mk01 --> recipe-category: moss__1__0,False,False,0,0
3659,1146,__pr_graph_lp_or_to_or_and__: 10419:entity-operate: moss-farm-mk01 --> recipe-category: moss__1__1:noncoproduct-route,,,True,entity-operate: moss-farm-mk01 --> recipe-category: moss__1__1,False,False,0,0
3660,1147,__pr_graph_lp_or_to_or_and__: 10420:entity-operate: moss-farm-mk01 --> recipe-category: moss__2__1:noncoproduct-route,,,True,entity-operate: moss-farm-mk01 --> recipe-category: moss__2__1,False,False,0,0
3661,1148,__pr_graph_lp_or_to_or_and__: 10422:entity-operate: fwf-mk01 --> recipe-category: fwf__0__0:noncoproduct-route,,,True,entity-operate: fwf-mk01 --> recipe-category: fwf__0__0,False,False,0,0
3662,1154,__pr_graph_lp_or_to_or_and__: 10430:entity-operate: micro-mine-mk01 --> recipe-category: micro-mine__0__0:noncoproduct-route,,,True,entity-operate: micro-mine-mk01 --> recipe-category: micro-mine__0__0,False,False,0,0
3663,1161,__pr_graph_lp_or_to_or_and__: 10439:entity-operate: biofactory-mk01 --> recipe-category: biofactory__2__0:noncoproduct-route,,,True,entity-operate: biofactory-mk01 --> recipe-category: biofactory__2__0,False,False,0,0
3664,1162,__pr_graph_lp_or_to_or_and__: 10440:entity-operate: biofactory-mk01 --> recipe-category: biofactory__1__1:noncoproduct-route,,,True,entity-operate: biofactory-mk01 --> recipe-category: biofactory__1__1,False,False,0,0
3665,1163,__pr_graph_lp_or_to_or_and__: 10441:entity-operate: biofactory-mk01 --> recipe-category: biofactory__2__1:noncoproduct-route,,,True,entity-operate: biofactory-mk01 --> recipe-category: biofactory__2__1,False,False,0,0
3666,1164,__pr_graph_lp_or_to_or_and__: 10442:entity-operate: biofactory-mk01 --> recipe-category: biofactory__0__1:noncoproduct-route,,,True,entity-operate: biofactory-mk01 --> recipe-category: biofactory__0__1,False,False,0,0
3667,1165,__pr_graph_lp_or_to_or_and__: 10443:entity-operate: biofactory-mk01 --> recipe-category: biofactory__1__0:noncoproduct-route,,,True,entity-operate: biofactory-mk01 --> recipe-category: biofactory__1__0,False,False,0,0
3668,1166,__pr_graph_lp_or_to_or_and__: 10444:entity-operate: biofactory-mk01 --> recipe-category: biofactory__0__0:noncoproduct-route,,,True,entity-operate: biofactory-mk01 --> recipe-category: biofactory__0__0,False,False,0,0
3669,1167,__pr_graph_lp_or_to_or_and__: 10445:entity-operate: biofactory-mk01 --> recipe-category: biofactory__2__2:noncoproduct-route,,,True,entity-operate: biofactory-mk01 --> recipe-category: biofactory__2__2,False,False,0,0
3670,1168,__pr_graph_lp_or_to_or_and__: 10446:entity-operate: biofactory-mk01 --> recipe-category: biofactory__3__1:noncoproduct-route,,,True,entity-operate: biofactory-mk01 --> recipe-category: biofactory__3__1,False,False,0,0
3671,1169,__pr_graph_lp_or_to_or_and__: 10447:entity-operate: biofactory-mk01 --> recipe-category: biofactory__3__0:noncoproduct-route,,,True,entity-operate: biofactory-mk01 --> recipe-category: biofactory__3__0,False,False,0,0
3672,1170,__pr_graph_lp_or_to_or_and__: 10448:entity-operate: biofactory-mk01 --> recipe-category: biofactory__3__2:noncoproduct-route,,,True,entity-operate: biofactory-mk01 --> recipe-category: biofactory__3__2,False,False,0,0
3673,1173,__pr_graph_lp_or_to_or_and__: 10452:entity-operate: incubator-mk01 --> recipe-category: incubator__0__0:noncoproduct-route,,,True,entity-operate: incubator-mk01 --> recipe-category: incubator__0__0,False,False,0,0
3674,1174,__pr_graph_lp_or_to_or_and__: 10453:entity-operate: incubator-mk01 --> recipe-category: incubator__1__0:noncoproduct-route,,,True,entity-operate: incubator-mk01 --> recipe-category: incubator__1__0,False,False,0,0
3675,1176,__pr_graph_lp_or_to_or_and__: 10456:entity-operate: creature-chamber-mk01 --> recipe-category: creature-chamber__2__0:noncoproduct-route,,,True,entity-operate: creature-chamber-mk01 --> recipe-category: creature-chamber__2__0,False,False,0,0
3676,1177,__pr_graph_lp_or_to_or_and__: 10457:entity-operate: creature-chamber-mk01 --> recipe-category: creature-chamber__1__0:noncoproduct-route,,,True,entity-operate: creature-chamber-mk01 --> recipe-category: creature-chamber__1__0,False,False,0,0
3677,1178,__pr_graph_lp_or_to_or_and__: 10458:entity-operate: creature-chamber-mk01 --> recipe-category: creature-chamber__3__0:noncoproduct-route,,,True,entity-operate: creature-chamber-mk01 --> recipe-category: creature-chamber__3__0,False,False,0,0
3678,1179,__pr_graph_lp_or_to_or_and__: 10459:entity-operate: creature-chamber-mk01 --> recipe-category: creature-chamber__0__0:noncoproduct-route,,,True,entity-operate: creature-chamber-mk01 --> recipe-category: creature-chamber__0__0,False,False,0,0
3679,1180,__pr_graph_lp_or_to_or_and__: 10461:entity-operate: vrauks-paddock-mk01 --> recipe-category: vrauks__0__0:noncoproduct-route,,,True,entity-operate: vrauks-paddock-mk01 --> recipe-category: vrauks__0__0,False,False,0,0
3680,1181,__pr_graph_lp_or_to_or_and__: 10463:entity-operate: rc-mk01 --> recipe-category: rc__0__0:noncoproduct-route,,,True,entity-operate: rc-mk01 --> recipe-category: rc__0__0,False,False,0,0
3681,1188,__pr_graph_lp_or_to_or_and__: 10471:entity-operate: data-array --> recipe-category: data-array__0__0:noncoproduct-route,,,True,entity-operate: data-array --> recipe-category: data-array__0__0,False,False,0,0
3682,1193,__pr_graph_lp_or_to_or_and__: 10479:entity-operate: dino-dig-site --> recipe-category: dino-dig-site__0__0:noncoproduct-route,,,True,entity-operate: dino-dig-site --> recipe-category: dino-dig-site__0__0,False,False,0,0
3683,1194,__pr_graph_lp_or_to_or_and__: 10481:entity-operate: pyphoon-bay --> recipe-category: bay__0__0:noncoproduct-route,,,True,entity-operate: pyphoon-bay --> recipe-category: bay__0__0,False,False,0,0
3684,1198,__pr_graph_lp_or_to_or_and__: 10487:entity-operate: research-center-mk01 --> recipe-category: research__0__0:noncoproduct-route,,,True,entity-operate: research-center-mk01 --> recipe-category: research__0__0,False,False,0,0
3685,1199,__pr_graph_lp_or_to_or_and__: 10488:entity-operate: research-center-mk01 --> recipe-category: research__1__0:noncoproduct-route,,,True,entity-operate: research-center-mk01 --> recipe-category: research__1__0,False,False,0,0
3686,1200,__pr_graph_lp_or_to_or_and__: 10489:entity-operate: research-center-mk01 --> recipe-category: research__2__0:noncoproduct-route,,,True,entity-operate: research-center-mk01 --> recipe-category: research__2__0,False,False,0,0
3687,1201,__pr_graph_lp_or_to_or_and__: 10490:entity-operate: research-center-mk01 --> recipe-category: research__3__0:noncoproduct-route,,,True,entity-operate: research-center-mk01 --> recipe-category: research__3__0,False,False,0,0
3688,1202,__pr_graph_lp_or_to_or_and__: 10492:entity-operate: compost-plant-mk01 --> recipe-category: compost__0__0:noncoproduct-route,,,True,entity-operate: compost-plant-mk01 --> recipe-category: compost__0__0,False,False,0,0
3689,1203,__pr_graph_lp_or_to_or_and__: 10493:entity-operate: compost-plant-mk01 --> recipe-category: compost__1__0:noncoproduct-route,,,True,entity-operate: compost-plant-mk01 --> recipe-category: compost__1__0,False,False,0,0
3690,1204,__pr_graph_lp_or_to_or_and__: 10495:entity-operate: slaughterhouse-mk01 --> recipe-category: slaughterhouse__0__0:noncoproduct-route,,,True,entity-operate: slaughterhouse-mk01 --> recipe-category: slaughterhouse__0__0,False,False,0,0
3691,1205,__pr_graph_lp_or_to_or_and__: 10496:entity-operate: slaughterhouse-mk01 --> recipe-category: slaughterhouse__0__2:noncoproduct-route,,,True,entity-operate: slaughterhouse-mk01 --> recipe-category: slaughterhouse__0__2,False,False,0,0
3692,1206,__pr_graph_lp_or_to_or_and__: 10497:entity-operate: slaughterhouse-mk01 --> recipe-category: slaughterhouse__0__1:noncoproduct-route,,,True,entity-operate: slaughterhouse-mk01 --> recipe-category: slaughterhouse__0__1,False,False,0,0
3693,1207,__pr_graph_lp_or_to_or_and__: 10498:entity-operate: slaughterhouse-mk01 --> recipe-category: slaughterhouse__1__1:noncoproduct-route,,,True,entity-operate: slaughterhouse-mk01 --> recipe-category: slaughterhouse__1__1,False,False,0,0
3694,1208,__pr_graph_lp_or_to_or_and__: 10499:entity-operate: slaughterhouse-mk01 --> recipe-category: slaughterhouse__1__2:noncoproduct-route,,,True,entity-operate: slaughterhouse-mk01 --> recipe-category: slaughterhouse__1__2,False,False,0,0
3695,1209,__pr_graph_lp_or_to_or_and__: 10500:entity-operate: slaughterhouse-mk01 --> recipe-category: slaughterhouse__1__0:noncoproduct-route,,,True,entity-operate: slaughterhouse-mk01 --> recipe-category: slaughterhouse__1__0,False,False,0,0
3696,1210,__pr_graph_lp_or_to_or_and__: 10502:entity-operate: py-oil-powerplant-mk01 --> recipe-category: oil-powerplant__1__1:noncoproduct-route,,,True,entity-operate: py-oil-powerplant-mk01 --> recipe-category: oil-powerplant__1__1,False,False,0,0
3697,1213,__pr_graph_lp_or_to_or_and__: 10508:entity-operate: borax-mine --> resource-category: borax__1__0:noncoproduct-route,,,True,entity-operate: borax-mine --> resource-category: borax__1__0,False,False,0,0
3698,1214,__pr_graph_lp_or_to_or_and__: 10509:entity-operate: borax-mine --> resource-category: borax__0__0:noncoproduct-route,,,True,entity-operate: borax-mine --> resource-category: borax__0__0,False,False,0,0
3699,1216,__pr_graph_lp_or_to_or_and__: 10513:entity-operate: flora-collector-mk01 --> resource-category: ore-bioreserve__0__0:noncoproduct-route,,,True,entity-operate: flora-collector-mk01 --> resource-category: ore-bioreserve__0__0,False,False,0,0
3700,1217,__pr_graph_lp_or_to_or_and__: 10515:entity-operate: fluid-drill-mk02 --> resource-category: basic-with-fluid__1__0:noncoproduct-route,,,True,entity-operate: fluid-drill-mk02 --> resource-category: basic-with-fluid__1__0,False,False,0,0
3701,1218,__pr_graph_lp_or_to_or_and__: 10517:entity-operate: geothermal-plant-mk01 --> resource-category: geothermal-crack__1__1:noncoproduct-route,,,True,entity-operate: geothermal-plant-mk01 --> resource-category: geothermal-crack__1__1,False,False,0,0
3702,1220,__pr_graph_lp_or_to_or_and__: 10521:entity-operate: offshore-pump --> tile-fluid-pump: deepwater:noncoproduct-route,,,True,entity-operate: offshore-pump --> tile-fluid-pump: deepwater,False,False,0,0
3703,1225,__pr_graph_lp_or_to_or_and__: 10526:entity-operate: offshore-pump --> tile-fluid-pump: water-mud:noncoproduct-route,,,True,entity-operate: offshore-pump --> tile-fluid-pump: water-mud,False,False,0,0
3704,1229,__pr_graph_lp_or_to_or_and__: 10534:logic-and: smart-farm-grod-flower-recipe-grod-super-1 --> logic-or: smart-farm-grod-flower-recipe:noncoproduct-route,,,True,logic-and: smart-farm-grod-flower-recipe-grod-super-1 --> logic-or: smart-farm-grod-flower-recipe,False,False,0,0
3705,1240,__pr_graph_lp_or_to_or_and__: 10556:logic-and: smart-farm-ralesia-flowers-recipe-ralesia-super-1 --> logic-or: smart-farm-ralesia-flowers-recipe:noncoproduct-route,,,True,logic-and: smart-farm-ralesia-flowers-recipe-ralesia-super-1 --> logic-or: smart-farm-ralesia-flowers-recipe,False,False,0,0
3706,1241,__pr_graph_lp_or_to_or_and__: 10558:logic-and: smart-farm-ralesia-flowers-recipe-ralesia-super-2 --> logic-or: smart-farm-ralesia-flowers-recipe:noncoproduct-route,,,True,logic-and: smart-farm-ralesia-flowers-recipe-ralesia-super-2 --> logic-or: smart-farm-ralesia-flowers-recipe,False,False,0,0
3707,1242,__pr_graph_lp_or_to_or_and__: 10560:logic-and: smart-farm-ralesia-flowers-recipe-ralesia-super-3 --> logic-or: smart-farm-ralesia-flowers-recipe:noncoproduct-route,,,True,logic-and: smart-farm-ralesia-flowers-recipe-ralesia-super-3 --> logic-or: smart-farm-ralesia-flowers-recipe,False,False,0,0
3708,1243,__pr_graph_lp_or_to_or_and__: 10562:logic-and: smart-farm-ralesia-flowers-recipe-ralesia-super-4 --> logic-or: smart-farm-ralesia-flowers-recipe:noncoproduct-route,,,True,logic-and: smart-farm-ralesia-flowers-recipe-ralesia-super-4 --> logic-or: smart-farm-ralesia-flowers-recipe,False,False,0,0
3709,1244,__pr_graph_lp_or_to_or_and__: 10564:logic-and: smart-farm-ralesia-flowers-recipe-ralesia-super-5 --> logic-or: smart-farm-ralesia-flowers-recipe:noncoproduct-route,,,True,logic-and: smart-farm-ralesia-flowers-recipe-ralesia-super-5 --> logic-or: smart-farm-ralesia-flowers-recipe,False,False,0,0
3710,1245,__pr_graph_lp_or_to_or_and__: 10566:logic-and: smart-farm-ralesia-flowers-recipe-ralesia-super-7 --> logic-or: smart-farm-ralesia-flowers-recipe:noncoproduct-route,,,True,logic-and: smart-farm-ralesia-flowers-recipe-ralesia-super-7 --> logic-or: smart-farm-ralesia-flowers-recipe,False,False,0,0
3711,1246,__pr_graph_lp_or_to_or_and__: 10568:logic-and: smart-farm-ralesia-flowers-recipe-ralesia-super-8 --> logic-or: smart-farm-ralesia-flowers-recipe:noncoproduct-route,,,True,logic-and: smart-farm-ralesia-flowers-recipe-ralesia-super-8 --> logic-or: smart-farm-ralesia-flowers-recipe,False,False,0,0
3712,1247,__pr_graph_lp_or_to_or_and__: 10570:logic-and: smart-farm-rennea-flowers-recipe-rennea-super-1 --> logic-or: smart-farm-rennea-flowers-recipe:noncoproduct-route,,,True,logic-and: smart-farm-rennea-flowers-recipe-rennea-super-1 --> logic-or: smart-farm-rennea-flowers-recipe,False,False,0,0
3713,1248,__pr_graph_lp_or_to_or_and__: 10572:logic-and: smart-farm-rennea-flowers-recipe-rennea-super-2 --> logic-or: smart-farm-rennea-flowers-recipe:noncoproduct-route,,,True,logic-and: smart-farm-rennea-flowers-recipe-rennea-super-2 --> logic-or: smart-farm-rennea-flowers-recipe,False,False,0,0
3714,1249,__pr_graph_lp_or_to_or_and__: 10574:logic-and: smart-farm-rennea-flowers-recipe-rennea-super-3 --> logic-or: smart-farm-rennea-flowers-recipe:noncoproduct-route,,,True,logic-and: smart-farm-rennea-flowers-recipe-rennea-super-3 --> logic-or: smart-farm-rennea-flowers-recipe,False,False,0,0
3715,1250,__pr_graph_lp_or_to_or_and__: 10576:logic-and: smart-farm-rennea-flowers-recipe-rennea-super-4 --> logic-or: smart-farm-rennea-flowers-recipe:noncoproduct-route,,,True,logic-and: smart-farm-rennea-flowers-recipe-rennea-super-4 --> logic-or: smart-farm-rennea-flowers-recipe,False,False,0,0
3716,1251,__pr_graph_lp_or_to_or_and__: 10578:logic-and: smart-farm-rennea-flowers-recipe-rennea-super-5 --> logic-or: smart-farm-rennea-flowers-recipe:noncoproduct-route,,,True,logic-and: smart-farm-rennea-flowers-recipe-rennea-super-5 --> logic-or: smart-farm-rennea-flowers-recipe,False,False,0,0
3717,1252,__pr_graph_lp_or_to_or_and__: 10580:logic-and: smart-farm-rennea-flowers-recipe-rennea-super-7 --> logic-or: smart-farm-rennea-flowers-recipe:noncoproduct-route,,,True,logic-and: smart-farm-rennea-flowers-recipe-rennea-super-7 --> logic-or: smart-farm-rennea-flowers-recipe,False,False,0,0
3718,1253,__pr_graph_lp_or_to_or_and__: 10582:logic-and: smart-farm-rennea-flowers-recipe-rennea-super-8 --> logic-or: smart-farm-rennea-flowers-recipe:noncoproduct-route,,,True,logic-and: smart-farm-rennea-flowers-recipe-rennea-super-8 --> logic-or: smart-farm-rennea-flowers-recipe,False,False,0,0
3719,1254,__pr_graph_lp_or_to_or_and__: 10584:logic-and: smart-farm-tuuphra-tuber-recipe-tuuphra-super-1 --> logic-or: smart-farm-tuuphra-tuber-recipe:noncoproduct-route,,,True,logic-and: smart-farm-tuuphra-tuber-recipe-tuuphra-super-1 --> logic-or: smart-farm-tuuphra-tuber-recipe,False,False,0,0
3720,1255,__pr_graph_lp_or_to_or_and__: 10586:logic-and: smart-farm-tuuphra-tuber-recipe-tuuphra-super-2 --> logic-or: smart-farm-tuuphra-tuber-recipe:noncoproduct-route,,,True,logic-and: smart-farm-tuuphra-tuber-recipe-tuuphra-super-2 --> logic-or: smart-farm-tuuphra-tuber-recipe,False,False,0,0
3721,1256,__pr_graph_lp_or_to_or_and__: 10588:logic-and: smart-farm-tuuphra-tuber-recipe-tuuphra-super-3 --> logic-or: smart-farm-tuuphra-tuber-recipe:noncoproduct-route,,,True,logic-and: smart-farm-tuuphra-tuber-recipe-tuuphra-super-3 --> logic-or: smart-farm-tuuphra-tuber-recipe,False,False,0,0
3722,1258,__pr_graph_lp_or_to_or_and__: 10592:logic-and: smart-farm-yotoi-tree-fruit-recipe-yotoi-fruit-super-2 --> logic-or: smart-farm-yotoi-tree-fruit-recipe:noncoproduct-route,,,True,logic-and: smart-farm-yotoi-tree-fruit-recipe-yotoi-fruit-super-2 --> logic-or: smart-farm-yotoi-tree-fruit-recipe,False,False,0,0
3723,1259,__pr_graph_lp_or_to_or_and__: 10594:logic-and: smart-farm-yotoi-tree-fruit-recipe-yotoi-fruit-super-3 --> logic-or: smart-farm-yotoi-tree-fruit-recipe:noncoproduct-route,,,True,logic-and: smart-farm-yotoi-tree-fruit-recipe-yotoi-fruit-super-3 --> logic-or: smart-farm-yotoi-tree-fruit-recipe,False,False,0,0
3724,1260,__pr_graph_lp_or_to_or_and__: 10596:logic-and: smart-farm-yotoi-tree-fruit-recipe-yotoi-fruit-super-4 --> logic-or: smart-farm-yotoi-tree-fruit-recipe:noncoproduct-route,,,True,logic-and: smart-farm-yotoi-tree-fruit-recipe-yotoi-fruit-super-4 --> logic-or: smart-farm-yotoi-tree-fruit-recipe,False,False,0,0
3725,1261,__pr_graph_lp_or_to_or_and__: 10598:logic-and: smart-farm-yotoi-tree-fruit-recipe-yotoi-fruit-super-5 --> logic-or: smart-farm-yotoi-tree-fruit-recipe:noncoproduct-route,,,True,logic-and: smart-farm-yotoi-tree-fruit-recipe-yotoi-fruit-super-5 --> logic-or: smart-farm-yotoi-tree-fruit-recipe,False,False,0,0
3726,1269,__pr_graph_lp_or_to_or_and__: 1495:item: arithmetic-combinator --> entity-build-item: arithmetic-combinator,,,True,item: arithmetic-combinator --> entity-build-item: arithmetic-combinator,False,False,0,0
3727,1273,__pr_graph_lp_or_to_or_and__: 1513:item: gasifier --> entity-build-item: gasifier,,,True,item: gasifier --> entity-build-item: gasifier,False,False,0,0
3728,1276,__pr_graph_lp_or_to_or_and__: 1525:item: quenching-tower --> entity-build-item: quenching-tower,,,True,item: quenching-tower --> entity-build-item: quenching-tower,False,False,0,0
3729,1278,__pr_graph_lp_or_to_or_and__: 1533:item: cooling-tower-mk01 --> entity-build-item: cooling-tower-mk01,,,True,item: cooling-tower-mk01 --> entity-build-item: cooling-tower-mk01,False,False,0,0
3730,1280,__pr_graph_lp_or_to_or_and__: 1541:item: olefin-plant --> entity-build-item: olefin-plant,,,True,item: olefin-plant --> entity-build-item: olefin-plant,False,False,0,0
3731,1281,__pr_graph_lp_or_to_or_and__: 1545:item: soil-extractor-mk01 --> entity-build-item: soil-extractor-mk01,,,True,item: soil-extractor-mk01 --> entity-build-item: soil-extractor-mk01,False,False,0,0
3732,1282,__pr_graph_lp_or_to_or_and__: 1549:item: solid-separator --> entity-build-item: solid-separator,,,True,item: solid-separator --> entity-build-item: solid-separator,False,False,0,0
3733,1283,__pr_graph_lp_or_to_or_and__: 1553:item: washer --> entity-build-item: washer,,,True,item: washer --> entity-build-item: washer,False,False,0,0
3734,1284,__pr_graph_lp_or_to_or_and__: 1557:item: classifier --> entity-build-item: classifier,,,True,item: classifier --> entity-build-item: classifier,False,False,0,0
3735,1286,__pr_graph_lp_or_to_or_and__: 1565:item: fawogae-plantation-mk01 --> entity-build-item: fawogae-plantation-mk01,,,True,item: fawogae-plantation-mk01 --> entity-build-item: fawogae-plantation-mk01,False,False,0,0
3736,1296,__pr_graph_lp_or_to_or_and__: 1583:item: jaw-crusher --> entity-build-item: jaw-crusher,,,True,item: jaw-crusher --> entity-build-item: jaw-crusher,False,False,0,0
3737,1300,__pr_graph_lp_or_to_or_and__: 1599:item: wpu-mk01 --> entity-build-item: wpu-mk01,,,True,item: wpu-mk01 --> entity-build-item: wpu-mk01,False,False,0,0
3738,1301,__pr_graph_lp_or_to_or_and__: 1603:item: chemical-plant-mk01 --> entity-build-item: chemical-plant-mk01,,,True,item: chemical-plant-mk01 --> entity-build-item: chemical-plant-mk01,False,False,0,0
3739,1302,__pr_graph_lp_or_to_or_and__: 1607:item: glassworks-mk01 --> entity-build-item: glassworks-mk01,,,True,item: glassworks-mk01 --> entity-build-item: glassworks-mk01,False,False,0,0
3740,1303,__pr_graph_lp_or_to_or_and__: 1612:item: vacuum-pump-mk01 --> entity-build-item: vacuum-pump-mk01,,,True,item: vacuum-pump-mk01 --> entity-build-item: vacuum-pump-mk01,False,False,0,0
3741,1304,__pr_graph_lp_or_to_or_and__: 1616:item: plankton-farm --> entity-build-item: plankton-farm,,,True,item: plankton-farm --> entity-build-item: plankton-farm,False,False,0,0
3742,1310,__pr_graph_lp_or_to_or_and__: 1640:item: py-heat-exchanger --> entity-build-item: py-heat-exchanger,,,True,item: py-heat-exchanger --> entity-build-item: py-heat-exchanger,False,False,0,0
3743,1311,__pr_graph_lp_or_to_or_and__: 1644:item: smelter-mk01 --> entity-build-item: smelter-mk01,,,True,item: smelter-mk01 --> entity-build-item: smelter-mk01,False,False,0,0
3744,1312,__pr_graph_lp_or_to_or_and__: 1649:item: scrubber-mk01 --> entity-build-item: scrubber-mk01,,,True,item: scrubber-mk01 --> entity-build-item: scrubber-mk01,False,False,0,0
3745,1314,__pr_graph_lp_or_to_or_and__: 1657:item: hydroclassifier-mk01 --> entity-build-item: hydroclassifier-mk01,,,True,item: hydroclassifier-mk01 --> entity-build-item: hydroclassifier-mk01,False,False,0,0
3746,1315,__pr_graph_lp_or_to_or_and__: 1661:item: impact-crusher-mk01 --> entity-build-item: impact-crusher-mk01,,,True,item: impact-crusher-mk01 --> entity-build-item: impact-crusher-mk01,False,False,0,0
3747,1317,__pr_graph_lp_or_to_or_and__: 1669:item: casting-unit-mk01 --> entity-build-item: casting-unit-mk01,,,True,item: casting-unit-mk01 --> entity-build-item: casting-unit-mk01,False,False,0,0
3748,1318,__pr_graph_lp_or_to_or_and__: 1673:item: bof-mk01 --> entity-build-item: bof-mk01,,,True,item: bof-mk01 --> entity-build-item: bof-mk01,False,False,0,0
3749,1319,__pr_graph_lp_or_to_or_and__: 1678:item: eaf-mk01 --> entity-build-item: eaf-mk01,,,True,item: eaf-mk01 --> entity-build-item: eaf-mk01,False,False,0,0
3750,1320,__pr_graph_lp_or_to_or_and__: 1682:item: clay-pit-mk01 --> entity-build-item: clay-pit-mk01,,,True,item: clay-pit-mk01 --> entity-build-item: clay-pit-mk01,False,False,0,0
3751,1321,__pr_graph_lp_or_to_or_and__: 1686:item: moondrop-greenhouse-mk01 --> entity-build-item: moondrop-greenhouse-mk01,,,True,item: moondrop-greenhouse-mk01 --> entity-build-item: moondrop-greenhouse-mk01,False,False,0,0
3752,1323,__pr_graph_lp_or_to_or_and__: 1692:item: fbreactor-mk01 --> entity-build-item: fbreactor-mk01,,,True,item: fbreactor-mk01 --> entity-build-item: fbreactor-mk01,False,False,0,0
3753,1324,__pr_graph_lp_or_to_or_and__: 1696:item: electronics-factory-mk01 --> entity-build-item: electronics-factory-mk01,,,True,item: electronics-factory-mk01 --> entity-build-item: electronics-factory-mk01,False,False,0,0
3754,1325,__pr_graph_lp_or_to_or_and__: 1700:item: pulp-mill-mk01 --> entity-build-item: pulp-mill-mk01,,,True,item: pulp-mill-mk01 --> entity-build-item: pulp-mill-mk01,False,False,0,0
3755,1327,__pr_graph_lp_or_to_or_and__: 1708:item: chipshooter-mk01 --> entity-build-item: chipshooter-mk01,,,True,item: chipshooter-mk01 --> entity-build-item: chipshooter-mk01,False,False,0,0
3756,1329,__pr_graph_lp_or_to_or_and__: 1716:item: upgrader-mk01 --> entity-build-item: upgrader-mk01,,,True,item: upgrader-mk01 --> entity-build-item: upgrader-mk01,False,False,0,0
3757,1330,__pr_graph_lp_or_to_or_and__: 1720:item: cracker-mk01 --> entity-build-item: cracker-mk01,,,True,item: cracker-mk01 --> entity-build-item: cracker-mk01,False,False,0,0
3758,1334,__pr_graph_lp_or_to_or_and__: 1736:item: retorter --> entity-build-item: retorter,,,True,item: retorter --> entity-build-item: retorter,False,False,0,0
3759,1340,__pr_graph_lp_or_to_or_and__: 1749:item: spore-collector-mk01 --> entity-build-item: spore-collector-mk01,,,True,item: spore-collector-mk01 --> entity-build-item: spore-collector-mk01,False,False,0,0
3760,1341,__pr_graph_lp_or_to_or_and__: 1753:item: fwf-mk01 --> entity-build-item: fwf-mk01,,,True,item: fwf-mk01 --> entity-build-item: fwf-mk01,False,False,0,0
3761,1346,__pr_graph_lp_or_to_or_and__: 1762:item: micro-mine-mk01 --> entity-build-item: micro-mine-mk01,,,True,item: micro-mine-mk01 --> entity-build-item: micro-mine-mk01,False,False,0,0
3762,1347,__pr_graph_lp_or_to_or_and__: 1766:item: biofactory-mk01 --> entity-build-item: biofactory-mk01,,,True,item: biofactory-mk01 --> entity-build-item: biofactory-mk01,False,False,0,0
3763,1349,__pr_graph_lp_or_to_or_and__: 1774:item: creature-chamber-mk01 --> entity-build-item: creature-chamber-mk01,,,True,item: creature-chamber-mk01 --> entity-build-item: creature-chamber-mk01,False,False,0,0
3764,1359,__pr_graph_lp_or_to_or_and__: 1791:item: slaughterhouse-mk01 --> entity-build-item: slaughterhouse-mk01,,,True,item: slaughterhouse-mk01 --> entity-build-item: slaughterhouse-mk01,False,False,0,0
3765,1360,__pr_graph_lp_or_to_or_and__: 1795:item: data-array --> entity-build-item: data-array,,,True,item: data-array --> entity-build-item: data-array,False,False,0,0
3766,1362,__pr_graph_lp_or_to_or_and__: 1804:item: auog-paddock-mk01 --> entity-build-item: auog-paddock-mk01,,,True,item: auog-paddock-mk01 --> entity-build-item: auog-paddock-mk01,False,False,0,0
3767,1372,__pr_graph_lp_or_to_or_and__: 1822:item: sap-extractor-mk01 --> entity-build-item: sap-extractor-mk01,,,True,item: sap-extractor-mk01 --> entity-build-item: sap-extractor-mk01,False,False,0,0
3768,1378,__pr_graph_lp_or_to_or_and__: 1835:item: prandium-lab-mk01 --> entity-build-item: prandium-lab-mk01,,,True,item: prandium-lab-mk01 --> entity-build-item: prandium-lab-mk01,False,False,0,0
3769,1384,__pr_graph_lp_or_to_or_and__: 1848:item: rc-mk01 --> entity-build-item: rc-mk01,,,True,item: rc-mk01 --> entity-build-item: rc-mk01,False,False,0,0
3770,1386,__pr_graph_lp_or_to_or_and__: 1856:item: seaweed-crop-mk01 --> entity-build-item: seaweed-crop-mk01,,,True,item: seaweed-crop-mk01 --> entity-build-item: seaweed-crop-mk01,False,False,0,0
3771,1393,__pr_graph_lp_or_to_or_and__: 1874:item: py-oil-powerplant-mk01 --> entity-build-item: py-oil-powerplant-mk01,,,True,item: py-oil-powerplant-mk01 --> entity-build-item: py-oil-powerplant-mk01,False,False,0,0
3772,1395,__pr_graph_lp_or_to_or_and__: 1884:item: py-electric-boiler --> entity-build-item: py-electric-boiler,,,True,item: py-electric-boiler --> entity-build-item: py-electric-boiler,False,False,0,0
3773,1399,__pr_graph_lp_or_to_or_and__: 1891:item: boiler --> entity-build-item: boiler,,,True,item: boiler --> entity-build-item: boiler,False,False,0,0
3774,1402,__pr_graph_lp_or_to_or_and__: 1899:item: oil-boiler-mk01 --> entity-build-item: oil-boiler-mk01,,,True,item: oil-boiler-mk01 --> entity-build-item: oil-boiler-mk01,False,False,0,0
3775,1404,__pr_graph_lp_or_to_or_and__: 1906:fluid: molten-salt --> entity-operate-fluid: solar-tower-building,,,True,fluid: molten-salt --> entity-operate-fluid: solar-tower-building,False,False,0,0
3776,1409,__pr_graph_lp_or_to_or_and__: 1927:item: py-construction-robot-mk01 --> entity-build-item: py-construction-robot-mk01,,,True,item: py-construction-robot-mk01 --> entity-build-item: py-construction-robot-mk01,False,False,0,0
3777,1413,__pr_graph_lp_or_to_or_and__: 1943:item: py-shed-basic --> entity-build-item: py-shed-basic,,,True,item: py-shed-basic --> entity-build-item: py-shed-basic,False,False,0,0
3778,1415,__pr_graph_lp_or_to_or_and__: 1951:item: py-warehouse-basic --> entity-build-item: py-warehouse-basic,,,True,item: py-warehouse-basic --> entity-build-item: py-warehouse-basic,False,False,0,0
3779,1416,__pr_graph_lp_or_to_or_and__: 1955:item: py-deposit-basic --> entity-build-item: py-deposit-basic,,,True,item: py-deposit-basic --> entity-build-item: py-deposit-basic,False,False,0,0
3780,1417,__pr_graph_lp_or_to_or_and__: 1959:item: outpost --> entity-build-item: outpost,,,True,item: outpost --> entity-build-item: outpost,False,False,0,0
3781,1419,__pr_graph_lp_or_to_or_and__: 1967:item: display-panel --> entity-build-item: display-panel,,,True,item: display-panel --> entity-build-item: display-panel,False,False,0,0
3782,1420,__pr_graph_lp_or_to_or_and__: 1971:item: small-electric-pole --> entity-build-item: small-electric-pole,,,True,item: small-electric-pole --> entity-build-item: small-electric-pole,False,False,0,0
3783,1421,__pr_graph_lp_or_to_or_and__: 1975:item: medium-electric-pole --> entity-build-item: medium-electric-pole,,,True,item: medium-electric-pole --> entity-build-item: medium-electric-pole,False,False,0,0
3784,1422,__pr_graph_lp_or_to_or_and__: 1985:item: fluid-wagon --> entity-build-item: fluid-wagon,,,True,item: fluid-wagon --> entity-build-item: fluid-wagon,False,False,0,0
3785,1423,__pr_graph_lp_or_to_or_and__: 1989:item: stone-furnace --> entity-build-item: stone-furnace,,,True,item: stone-furnace --> entity-build-item: stone-furnace,False,False,0,0
3786,1424,__pr_graph_lp_or_to_or_and__: 1994:item: steel-furnace --> entity-build-item: steel-furnace,,,True,item: steel-furnace --> entity-build-item: steel-furnace,False,False,0,0
3787,1425,__pr_graph_lp_or_to_or_and__: 1999:item: barrel-machine-mk01 --> entity-build-item: barrel-machine-mk01,,,True,item: barrel-machine-mk01 --> entity-build-item: barrel-machine-mk01,False,False,0,0
3788,1427,__pr_graph_lp_or_to_or_and__: 2008:item: py-sinkhole --> entity-build-item: py-sinkhole,,,True,item: py-sinkhole --> entity-build-item: py-sinkhole,False,False,0,0
3789,1428,__pr_graph_lp_or_to_or_and__: 2012:item: py-gas-vent --> entity-build-item: py-gas-vent,,,True,item: py-gas-vent --> entity-build-item: py-gas-vent,False,False,0,0
3790,1430,__pr_graph_lp_or_to_or_and__: 2020:item: gate --> entity-build-item: gate,,,True,item: gate --> entity-build-item: gate,False,False,0,0
3791,1434,__pr_graph_lp_or_to_or_and__: 2030:fluid: pressured-steam --> entity-operate-fluid: py-turbine,,,True,fluid: pressured-steam --> entity-operate-fluid: py-turbine,False,False,0,0
3792,1435,__pr_graph_lp_or_to_or_and__: 2032:item: steam-turbine-mk01 --> entity-build-item: steam-turbine-mk01,,,True,item: steam-turbine-mk01 --> entity-build-item: steam-turbine-mk01,False,False,0,0
3793,1436,__pr_graph_lp_or_to_or_and__: 2035:fluid: pressured-steam --> entity-operate-fluid: steam-turbine-mk01,,,True,fluid: pressured-steam --> entity-operate-fluid: steam-turbine-mk01,False,False,0,0
3794,1437,__pr_graph_lp_or_to_or_and__: 2037:fluid: pressured-steam --> entity-operate-fluid: steam-turbine-mk02,,,True,fluid: pressured-steam --> entity-operate-fluid: steam-turbine-mk02,False,False,0,0
3795,1438,__pr_graph_lp_or_to_or_and__: 2038:fluid: pressured-steam --> entity-operate-fluid: steam-turbine-mk03,,,True,fluid: pressured-steam --> entity-operate-fluid: steam-turbine-mk03,False,False,0,0
3796,1439,__pr_graph_lp_or_to_or_and__: 2039:fluid: pressured-steam --> entity-operate-fluid: steam-turbine-mk04,,,True,fluid: pressured-steam --> entity-operate-fluid: steam-turbine-mk04,False,False,0,0
3797,1441,__pr_graph_lp_or_to_or_and__: 2045:item: long-handed-inserter --> entity-build-item: long-handed-inserter,,,True,item: long-handed-inserter --> entity-build-item: long-handed-inserter,False,False,0,0
3798,1447,__pr_graph_lp_or_to_or_and__: 2069:item: locomotive --> entity-build-item: locomotive,,,True,item: locomotive --> entity-build-item: locomotive,False,False,0,0
3799,1451,__pr_graph_lp_or_to_or_and__: 2086:item: borax-mine --> entity-build-item: borax-mine,,,True,item: borax-mine --> entity-build-item: borax-mine,False,False,0,0
3800,1452,__pr_graph_lp_or_to_or_and__: 2090:item: salt-mine --> entity-build-item: salt-mine,,,True,item: salt-mine --> entity-build-item: salt-mine,False,False,0,0
3801,1454,__pr_graph_lp_or_to_or_and__: 2099:item: fluid-drill-mk01 --> entity-build-item: fluid-drill-mk01,,,True,item: fluid-drill-mk01 --> entity-build-item: fluid-drill-mk01,False,False,0,0
3802,1456,__pr_graph_lp_or_to_or_and__: 2108:item: geothermal-plant-mk01 --> entity-build-item: geothermal-plant-mk01,,,True,item: geothermal-plant-mk01 --> entity-build-item: geothermal-plant-mk01,False,False,0,0
3803,1457,__pr_graph_lp_or_to_or_and__: 2112:item: antimony-drill-mk01 --> entity-build-item: antimony-drill-mk01,,,True,item: antimony-drill-mk01 --> entity-build-item: antimony-drill-mk01,False,False,0,0
3804,1460,__pr_graph_lp_or_to_or_and__: 2125:item: pipe-to-ground --> entity-build-item: pipe-to-ground,,,True,item: pipe-to-ground --> entity-build-item: pipe-to-ground,False,False,0,0
3805,1462,__pr_graph_lp_or_to_or_and__: 2133:item: programmable-speaker --> entity-build-item: programmable-speaker,,,True,item: programmable-speaker --> entity-build-item: programmable-speaker,False,False,0,0
3806,1467,__pr_graph_lp_or_to_or_and__: 2153:item: rail-signal --> entity-build-item: rail-signal,,,True,item: rail-signal --> entity-build-item: rail-signal,False,False,0,0
3807,1468,__pr_graph_lp_or_to_or_and__: 2284:item: py-roboport-mk01 --> entity-build-item: py-roboport-mk01,,,True,item: py-roboport-mk01 --> entity-build-item: py-roboport-mk01,False,False,0,0
3808,1469,__pr_graph_lp_or_to_or_and__: 2288:item: py-recharge-station-mk01 --> entity-build-item: py-recharge-station-mk01,,,True,item: py-recharge-station-mk01 --> entity-build-item: py-recharge-station-mk01,False,False,0,0
3809,1471,__pr_graph_lp_or_to_or_and__: 2296:item: selector-combinator --> entity-build-item: selector-combinator,,,True,item: selector-combinator --> entity-build-item: selector-combinator,False,False,0,0
3810,1472,__pr_graph_lp_or_to_or_and__: 2309:item: tidal-mk01 --> entity-build-item: tidal-mk01,,,True,item: tidal-mk01 --> entity-build-item: tidal-mk01,False,False,0,0
3811,1475,__pr_graph_lp_or_to_or_and__: 2321:item: multiblade-turbine-mk01 --> entity-build-item: multiblade-turbine-mk01,,,True,item: multiblade-turbine-mk01 --> entity-build-item: multiblade-turbine-mk01,False,False,0,0
3812,1477,__pr_graph_lp_or_to_or_and__: 2329:item: storage-tank --> entity-build-item: storage-tank,,,True,item: storage-tank --> entity-build-item: storage-tank,False,False,0,0
3813,1478,__pr_graph_lp_or_to_or_and__: 2333:item: tailings-pond --> entity-build-item: tailings-pond,,,True,item: tailings-pond --> entity-build-item: tailings-pond,False,False,0,0
3814,1481,__pr_graph_lp_or_to_or_and__: 2345:item: py-tank-3000 --> entity-build-item: py-tank-3000,,,True,item: py-tank-3000 --> entity-build-item: py-tank-3000,False,False,0,0
3815,1483,__pr_graph_lp_or_to_or_and__: 2353:item: py-tank-5000 --> entity-build-item: py-tank-5000,,,True,item: py-tank-5000 --> entity-build-item: py-tank-5000,False,False,0,0
3816,1485,__pr_graph_lp_or_to_or_and__: 2361:item: py-tank-6500 --> entity-build-item: py-tank-6500,,,True,item: py-tank-6500 --> entity-build-item: py-tank-6500,False,False,0,0
3817,1486,__pr_graph_lp_or_to_or_and__: 2365:item: py-tank-8000 --> entity-build-item: py-tank-8000,,,True,item: py-tank-8000 --> entity-build-item: py-tank-8000,False,False,0,0
3818,1489,__pr_graph_lp_or_to_or_and__: 2377:item: py-tank-9000 --> entity-build-item: py-tank-9000,,,True,item: py-tank-9000 --> entity-build-item: py-tank-9000,False,False,0,0
3819,1490,__pr_graph_lp_or_to_or_and__: 2381:item: outpost-fluid --> entity-build-item: outpost-fluid,,,True,item: outpost-fluid --> entity-build-item: outpost-fluid,False,False,0,0
3820,1491,__pr_graph_lp_or_to_or_and__: 2385:item: rail --> entity-build-item: straight-rail,,,True,item: rail --> entity-build-item: straight-rail,False,False,0,0
3821,1492,__pr_graph_lp_or_to_or_and__: 2389:item: train-stop --> entity-build-item: train-stop,,,True,item: train-stop --> entity-build-item: train-stop,False,False,0,0
3822,1494,__pr_graph_lp_or_to_or_and__: 2465:item: underground-belt --> entity-build-item: underground-belt,,,True,item: underground-belt --> entity-build-item: underground-belt,False,False,0,0
3823,1497,__pr_graph_lp_or_to_or_and__: 2477:item: aerial-blimp-mk01 --> entity-build-item: aerial-blimp-mk01,,,True,item: aerial-blimp-mk01 --> entity-build-item: aerial-blimp-mk01,False,False,0,0
3824,1499,__pr_graph_lp_or_to_or_and__: 2489:item: py-underflow-valve --> entity-build-item: py-underflow-valve,,,True,item: py-underflow-valve --> entity-build-item: py-underflow-valve,False,False,0,0
3825,1500,__pr_graph_lp_or_to_or_and__: 2493:item: stone-wall --> entity-build-item: stone-wall,,,True,item: stone-wall --> entity-build-item: stone-wall,False,False,0,0
3826,1501,__pr_graph_lp_or_to_or_and__: 2497:item: poorman-wood-fence --> entity-build-item: poorman-wood-fence,,,True,item: poorman-wood-fence --> entity-build-item: poorman-wood-fence,False,False,0,0
3827,1502,__pr_graph_lp_or_to_or_and__: 2501:item: wood-fence --> entity-build-item: wood-fence,,,True,item: wood-fence --> entity-build-item: wood-fence,False,False,0,0
3828,1504,__pr_graph_lp_or_to_or_and__: 2510:fluid-create-temperature: water: 15 --> fluid-create: water,,,True,fluid-create-temperature: water: 15 --> fluid-create: water,False,False,0,0
3829,1505,__pr_graph_lp_or_to_or_and__: 2511:fluid-create-temperature: water: 100 --> fluid-create: water,,,True,fluid-create-temperature: water: 100 --> fluid-create: water,False,False,0,0
3830,1506,__pr_graph_lp_or_to_or_and__: 2512:fluid-craft-temperature: water: 15 --> fluid-craft-temperature: water,,,True,fluid-craft-temperature: water: 15 --> fluid-craft-temperature: water,False,False,0,0
3831,1507,__pr_graph_lp_or_to_or_and__: 2513:fluid-craft-temperature: water: 100 --> fluid-craft-temperature: water,,,True,fluid-craft-temperature: water: 100 --> fluid-craft-temperature: water,False,False,0,0
3832,1508,__pr_graph_lp_or_to_or_and__: 2514:fluid-craft-temperature: water: 15 --> fluid-create-temperature: water: 15,,,True,fluid-craft-temperature: water: 15 --> fluid-create-temperature: water: 15,False,False,0,0
3833,1510,__pr_graph_lp_or_to_or_and__: 2520:fluid-craft-temperature: water: 100 --> fluid-create-temperature: water: 100,,,True,fluid-craft-temperature: water: 100 --> fluid-create-temperature: water: 100,False,False,0,0
3834,1511,__pr_graph_lp_or_to_or_and__: 2525:fluid-create-temperature: steam: 150 --> fluid-create: steam,,,True,fluid-create-temperature: steam: 150 --> fluid-create: steam,False,False,0,0
3835,1512,__pr_graph_lp_or_to_or_and__: 2526:fluid-create-temperature: steam: 250 --> fluid-create: steam,,,True,fluid-create-temperature: steam: 250 --> fluid-create: steam,False,False,0,0
3836,1513,__pr_graph_lp_or_to_or_and__: 2527:fluid-create-temperature: steam: 500 --> fluid-create: steam,,,True,fluid-create-temperature: steam: 500 --> fluid-create: steam,False,False,0,0
3837,1520,__pr_graph_lp_or_to_or_and__: 2539:fluid-create-temperature: heavy-oil: 25 --> fluid-create: heavy-oil,,,True,fluid-create-temperature: heavy-oil: 25 --> fluid-create: heavy-oil,False,False,0,0
3838,1521,__pr_graph_lp_or_to_or_and__: 2540:fluid-craft-temperature: heavy-oil: 25 --> fluid-craft-temperature: heavy-oil,,,True,fluid-craft-temperature: heavy-oil: 25 --> fluid-craft-temperature: heavy-oil,False,False,0,0
3839,1522,__pr_graph_lp_or_to_or_and__: 2541:fluid-craft-temperature: heavy-oil: 25 --> fluid-create-temperature: heavy-oil: 25,,,True,fluid-craft-temperature: heavy-oil: 25 --> fluid-create-temperature: heavy-oil: 25,False,False,0,0
3840,1523,__pr_graph_lp_or_to_or_and__: 2546:fluid-create-temperature: light-oil: 25 --> fluid-create: light-oil,,,True,fluid-create-temperature: light-oil: 25 --> fluid-create: light-oil,False,False,0,0
3841,1524,__pr_graph_lp_or_to_or_and__: 2547:fluid-craft-temperature: light-oil: 25 --> fluid-craft-temperature: light-oil,,,True,fluid-craft-temperature: light-oil: 25 --> fluid-craft-temperature: light-oil,False,False,0,0
3842,1525,__pr_graph_lp_or_to_or_and__: 2548:fluid-craft-temperature: light-oil: 25 --> fluid-create-temperature: light-oil: 25,,,True,fluid-craft-temperature: light-oil: 25 --> fluid-create-temperature: light-oil: 25,False,False,0,0
3843,1526,__pr_graph_lp_or_to_or_and__: 2555:fluid-create-temperature: acidgas: 15 --> fluid-create: acidgas,,,True,fluid-create-temperature: acidgas: 15 --> fluid-create: acidgas,False,False,0,0
3844,1530,__pr_graph_lp_or_to_or_and__: 2562:fluid-craft-temperature: carbon-dioxide: 15 --> fluid-craft-temperature: carbon-dioxide,,,True,fluid-craft-temperature: carbon-dioxide: 15 --> fluid-craft-temperature: carbon-dioxide,False,False,0,0
3845,1531,__pr_graph_lp_or_to_or_and__: 2563:fluid-craft-temperature: carbon-dioxide: 15 --> fluid-create-temperature: carbon-dioxide: 15,,,True,fluid-craft-temperature: carbon-dioxide: 15 --> fluid-create-temperature: carbon-dioxide: 15,False,False,0,0
3846,1532,__pr_graph_lp_or_to_or_and__: 2570:fluid-create-temperature: coal-gas: 15 --> fluid-create: coal-gas,,,True,fluid-create-temperature: coal-gas: 15 --> fluid-create: coal-gas,False,False,0,0
3847,1533,__pr_graph_lp_or_to_or_and__: 2571:fluid-craft-temperature: coal-gas: 15 --> fluid-craft-temperature: coal-gas,,,True,fluid-craft-temperature: coal-gas: 15 --> fluid-craft-temperature: coal-gas,False,False,0,0
3848,1534,__pr_graph_lp_or_to_or_and__: 2572:fluid-craft-temperature: coal-gas: 15 --> fluid-create-temperature: coal-gas: 15,,,True,fluid-craft-temperature: coal-gas: 15 --> fluid-create-temperature: coal-gas: 15,False,False,0,0
3849,1535,__pr_graph_lp_or_to_or_and__: 2581:fluid-create-temperature: creosote: 10 --> fluid-create: creosote,,,True,fluid-create-temperature: creosote: 10 --> fluid-create: creosote,False,False,0,0
3850,1536,__pr_graph_lp_or_to_or_and__: 2582:fluid-craft-temperature: creosote: 10 --> fluid-craft-temperature: creosote,,,True,fluid-craft-temperature: creosote: 10 --> fluid-craft-temperature: creosote,False,False,0,0
3851,1537,__pr_graph_lp_or_to_or_and__: 2583:fluid-craft-temperature: creosote: 10 --> fluid-create-temperature: creosote: 10,,,True,fluid-craft-temperature: creosote: 10 --> fluid-create-temperature: creosote: 10,False,False,0,0
3852,1538,__pr_graph_lp_or_to_or_and__: 2590:fluid-create-temperature: syngas: 15 --> fluid-create: syngas,,,True,fluid-create-temperature: syngas: 15 --> fluid-create: syngas,False,False,0,0
3853,1541,__pr_graph_lp_or_to_or_and__: 2597:fluid-create-temperature: tar: 10 --> fluid-create: tar,,,True,fluid-create-temperature: tar: 10 --> fluid-create: tar,False,False,0,0
3854,1542,__pr_graph_lp_or_to_or_and__: 2598:fluid-craft-temperature: tar: 10 --> fluid-craft-temperature: tar,,,True,fluid-craft-temperature: tar: 10 --> fluid-craft-temperature: tar,False,False,0,0
3855,1543,__pr_graph_lp_or_to_or_and__: 2599:fluid-craft-temperature: tar: 10 --> fluid-create-temperature: tar: 10,,,True,fluid-craft-temperature: tar: 10 --> fluid-create-temperature: tar: 10,False,False,0,0
3856,1544,__pr_graph_lp_or_to_or_and__: 2609:fluid-create-temperature: muddy-sludge: 10 --> fluid-create: muddy-sludge,,,True,fluid-create-temperature: muddy-sludge: 10 --> fluid-create: muddy-sludge,False,False,0,0
3857,1548,__pr_graph_lp_or_to_or_and__: 2620:fluid-craft-temperature: tailings: 10 --> fluid-craft-temperature: tailings,,,True,fluid-craft-temperature: tailings: 10 --> fluid-craft-temperature: tailings,False,False,0,0
3858,1549,__pr_graph_lp_or_to_or_and__: 2621:fluid-craft-temperature: tailings: 10 --> fluid-create-temperature: tailings: 10,,,True,fluid-craft-temperature: tailings: 10 --> fluid-create-temperature: tailings: 10,False,False,0,0
3859,1550,__pr_graph_lp_or_to_or_and__: 2625:fluid-create-temperature: flue-gas: 15 --> fluid-create: flue-gas,,,True,fluid-create-temperature: flue-gas: 15 --> fluid-create: flue-gas,False,False,0,0
3860,1551,__pr_graph_lp_or_to_or_and__: 2626:fluid-craft-temperature: flue-gas: 15 --> fluid-craft-temperature: flue-gas,,,True,fluid-craft-temperature: flue-gas: 15 --> fluid-craft-temperature: flue-gas,False,False,0,0
3861,1552,__pr_graph_lp_or_to_or_and__: 2627:fluid-craft-temperature: flue-gas: 15 --> fluid-create-temperature: flue-gas: 15,,,True,fluid-craft-temperature: flue-gas: 15 --> fluid-create-temperature: flue-gas: 15,False,False,0,0
3862,1554,__pr_graph_lp_or_to_or_and__: 2635:fluid-craft-temperature: water-saline: 25 --> fluid-craft-temperature: water-saline,,,True,fluid-craft-temperature: water-saline: 25 --> fluid-craft-temperature: water-saline,False,False,0,0
3863,1555,__pr_graph_lp_or_to_or_and__: 2636:fluid-craft-temperature: water-saline: 25 --> fluid-create-temperature: water-saline: 25,,,True,fluid-craft-temperature: water-saline: 25 --> fluid-create-temperature: water-saline: 25,False,False,0,0
3864,1556,__pr_graph_lp_or_to_or_and__: 2644:fluid-create-temperature: aromatics: 10 --> fluid-create: aromatics,,,True,fluid-create-temperature: aromatics: 10 --> fluid-create: aromatics,False,False,0,0
3865,1557,__pr_graph_lp_or_to_or_and__: 2645:fluid-craft-temperature: aromatics: 10 --> fluid-craft-temperature: aromatics,,,True,fluid-craft-temperature: aromatics: 10 --> fluid-craft-temperature: aromatics,False,False,0,0
3866,1558,__pr_graph_lp_or_to_or_and__: 2646:fluid-craft-temperature: aromatics: 10 --> fluid-create-temperature: aromatics: 10,,,True,fluid-craft-temperature: aromatics: 10 --> fluid-create-temperature: aromatics: 10,False,False,0,0
3867,1559,__pr_graph_lp_or_to_or_and__: 2653:fluid-create-temperature: slacked-lime: 10 --> fluid-create: slacked-lime,,,True,fluid-create-temperature: slacked-lime: 10 --> fluid-create: slacked-lime,False,False,0,0
3868,1562,__pr_graph_lp_or_to_or_and__: 2659:fluid-create-temperature: diborane: 15 --> fluid-create: diborane,,,True,fluid-create-temperature: diborane: 15 --> fluid-create: diborane,False,False,0,0
3869,1563,__pr_graph_lp_or_to_or_and__: 2660:fluid-craft-temperature: diborane: 15 --> fluid-craft-temperature: diborane,,,True,fluid-craft-temperature: diborane: 15 --> fluid-craft-temperature: diborane,False,False,0,0
3870,1564,__pr_graph_lp_or_to_or_and__: 2661:fluid-craft-temperature: diborane: 15 --> fluid-create-temperature: diborane: 15,,,True,fluid-craft-temperature: diborane: 15 --> fluid-create-temperature: diborane: 15,False,False,0,0
3871,1565,__pr_graph_lp_or_to_or_and__: 2665:fluid-create-temperature: boric-acid: 10 --> fluid-create: boric-acid,,,True,fluid-create-temperature: boric-acid: 10 --> fluid-create: boric-acid,False,False,0,0
3872,1568,__pr_graph_lp_or_to_or_and__: 2671:fluid-create-temperature: molten-glass: 10 --> fluid-create: molten-glass,,,True,fluid-create-temperature: molten-glass: 10 --> fluid-create: molten-glass,False,False,0,0
3873,1569,__pr_graph_lp_or_to_or_and__: 2672:fluid-craft-temperature: molten-glass: 10 --> fluid-craft-temperature: molten-glass,,,True,fluid-craft-temperature: molten-glass: 10 --> fluid-craft-temperature: molten-glass,False,False,0,0
3874,1570,__pr_graph_lp_or_to_or_and__: 2673:fluid-craft-temperature: molten-glass: 10 --> fluid-create-temperature: molten-glass: 10,,,True,fluid-craft-temperature: molten-glass: 10 --> fluid-create-temperature: molten-glass: 10,False,False,0,0
3875,1572,__pr_graph_lp_or_to_or_and__: 2680:fluid-craft-temperature: vacuum: 15 --> fluid-craft-temperature: vacuum,,,True,fluid-craft-temperature: vacuum: 15 --> fluid-craft-temperature: vacuum,False,False,0,0
3876,1573,__pr_graph_lp_or_to_or_and__: 2681:fluid-craft-temperature: vacuum: 15 --> fluid-create-temperature: vacuum: 15,,,True,fluid-craft-temperature: vacuum: 15 --> fluid-create-temperature: vacuum: 15,False,False,0,0
3877,1576,__pr_graph_lp_or_to_or_and__: 2687:fluid-craft-temperature: phytoplankton: 10 --> fluid-create-temperature: phytoplankton: 10,,,True,fluid-craft-temperature: phytoplankton: 10 --> fluid-create-temperature: phytoplankton: 10,False,False,0,0
3878,1577,__pr_graph_lp_or_to_or_and__: 2692:fluid-create-temperature: pressured-water: 10 --> fluid-create: pressured-water,,,True,fluid-create-temperature: pressured-water: 10 --> fluid-create: pressured-water,False,False,0,0
3879,1581,__pr_graph_lp_or_to_or_and__: 2699:fluid-craft-temperature: waste-water: 10 --> fluid-craft-temperature: waste-water,,,True,fluid-craft-temperature: waste-water: 10 --> fluid-craft-temperature: waste-water,False,False,0,0
3880,1582,__pr_graph_lp_or_to_or_and__: 2700:fluid-craft-temperature: waste-water: 10 --> fluid-create-temperature: waste-water: 10,,,True,fluid-craft-temperature: waste-water: 10 --> fluid-create-temperature: waste-water: 10,False,False,0,0
3881,1586,__pr_graph_lp_or_to_or_and__: 2711:fluid-create-temperature: pressured-steam: 1000 --> fluid-create: pressured-steam,,,True,fluid-create-temperature: pressured-steam: 1000 --> fluid-create: pressured-steam,False,False,0,0
3882,1589,__pr_graph_lp_or_to_or_and__: 2716:fluid-create-temperature: gasoline: 10 --> fluid-create: gasoline,,,True,fluid-create-temperature: gasoline: 10 --> fluid-create: gasoline,False,False,0,0
3883,1592,__pr_graph_lp_or_to_or_and__: 2724:fluid-create-temperature: acetylene: 15 --> fluid-create: acetylene,,,True,fluid-create-temperature: acetylene: 15 --> fluid-create: acetylene,False,False,0,0
3884,1596,__pr_graph_lp_or_to_or_and__: 2732:fluid-craft-temperature: molten-aluminium: 10 --> fluid-craft-temperature: molten-aluminium,,,True,fluid-craft-temperature: molten-aluminium: 10 --> fluid-craft-temperature: molten-aluminium,False,False,0,0
3885,1597,__pr_graph_lp_or_to_or_and__: 2733:fluid-craft-temperature: molten-aluminium: 10 --> fluid-create-temperature: molten-aluminium: 10,,,True,fluid-craft-temperature: molten-aluminium: 10 --> fluid-create-temperature: molten-aluminium: 10,False,False,0,0
3886,1599,__pr_graph_lp_or_to_or_and__: 2738:fluid-craft-temperature: hydrogen: 15 --> fluid-craft-temperature: hydrogen,,,True,fluid-craft-temperature: hydrogen: 15 --> fluid-craft-temperature: hydrogen,False,False,0,0
3887,1600,__pr_graph_lp_or_to_or_and__: 2739:fluid-craft-temperature: hydrogen: 15 --> fluid-create-temperature: hydrogen: 15,,,True,fluid-craft-temperature: hydrogen: 15 --> fluid-create-temperature: hydrogen: 15,False,False,0,0
3888,1601,__pr_graph_lp_or_to_or_and__: 2746:fluid-create-temperature: chlorine: 15 --> fluid-create: chlorine,,,True,fluid-create-temperature: chlorine: 15 --> fluid-create: chlorine,False,False,0,0
3889,1606,__pr_graph_lp_or_to_or_and__: 2755:fluid-craft-temperature: oxygen: 15 --> fluid-create-temperature: oxygen: 15,,,True,fluid-craft-temperature: oxygen: 15 --> fluid-create-temperature: oxygen: 15,False,False,0,0
3890,1607,__pr_graph_lp_or_to_or_and__: 2761:fluid-create-temperature: coke-oven-gas: 100 --> fluid-create: coke-oven-gas,,,True,fluid-create-temperature: coke-oven-gas: 100 --> fluid-create: coke-oven-gas,False,False,0,0
3891,1608,__pr_graph_lp_or_to_or_and__: 2762:fluid-create-temperature: coke-oven-gas: 250 --> fluid-create: coke-oven-gas,,,True,fluid-create-temperature: coke-oven-gas: 250 --> fluid-create: coke-oven-gas,False,False,0,0
3892,1613,__pr_graph_lp_or_to_or_and__: 2770:fluid-create-temperature: molten-iron: 10 --> fluid-create: molten-iron,,,True,fluid-create-temperature: molten-iron: 10 --> fluid-create: molten-iron,False,False,0,0
3893,1617,__pr_graph_lp_or_to_or_and__: 2777:fluid-craft-temperature: kerosene: 10 --> fluid-craft-temperature: kerosene,,,True,fluid-craft-temperature: kerosene: 10 --> fluid-craft-temperature: kerosene,False,False,0,0
3894,1618,__pr_graph_lp_or_to_or_and__: 2778:fluid-craft-temperature: kerosene: 10 --> fluid-create-temperature: kerosene: 10,,,True,fluid-craft-temperature: kerosene: 10 --> fluid-create-temperature: kerosene: 10,False,False,0,0
3895,1619,__pr_graph_lp_or_to_or_and__: 2783:fluid-create-temperature: methane: 15 --> fluid-create: methane,,,True,fluid-create-temperature: methane: 15 --> fluid-create: methane,False,False,0,0
3896,1620,__pr_graph_lp_or_to_or_and__: 2784:fluid-craft-temperature: methane: 15 --> fluid-craft-temperature: methane,,,True,fluid-craft-temperature: methane: 15 --> fluid-craft-temperature: methane,False,False,0,0
3897,1621,__pr_graph_lp_or_to_or_and__: 2785:fluid-craft-temperature: methane: 15 --> fluid-create-temperature: methane: 15,,,True,fluid-craft-temperature: methane: 15 --> fluid-create-temperature: methane: 15,False,False,0,0
3898,1623,__pr_graph_lp_or_to_or_and__: 2791:fluid-craft-temperature: methanal: 10 --> fluid-craft-temperature: methanal,,,True,fluid-craft-temperature: methanal: 10 --> fluid-craft-temperature: methanal,False,False,0,0
3899,1624,__pr_graph_lp_or_to_or_and__: 2792:fluid-craft-temperature: methanal: 10 --> fluid-create-temperature: methanal: 10,,,True,fluid-craft-temperature: methanal: 10 --> fluid-create-temperature: methanal: 10,False,False,0,0
3900,1625,__pr_graph_lp_or_to_or_and__: 2796:fluid-create-temperature: ammonia: 15 --> fluid-create: ammonia,,,True,fluid-create-temperature: ammonia: 15 --> fluid-create: ammonia,False,False,0,0
3901,1626,__pr_graph_lp_or_to_or_and__: 2797:fluid-craft-temperature: ammonia: 15 --> fluid-craft-temperature: ammonia,,,True,fluid-craft-temperature: ammonia: 15 --> fluid-craft-temperature: ammonia,False,False,0,0
3902,1627,__pr_graph_lp_or_to_or_and__: 2798:fluid-craft-temperature: ammonia: 15 --> fluid-create-temperature: ammonia: 15,,,True,fluid-craft-temperature: ammonia: 15 --> fluid-create-temperature: ammonia: 15,False,False,0,0
3903,1628,__pr_graph_lp_or_to_or_and__: 2802:fluid-create-temperature: cyanic-acid: 10 --> fluid-create: cyanic-acid,,,True,fluid-create-temperature: cyanic-acid: 10 --> fluid-create: cyanic-acid,False,False,0,0
3904,1629,__pr_graph_lp_or_to_or_and__: 2803:fluid-craft-temperature: cyanic-acid: 10 --> fluid-craft-temperature: cyanic-acid,,,True,fluid-craft-temperature: cyanic-acid: 10 --> fluid-craft-temperature: cyanic-acid,False,False,0,0
3905,1630,__pr_graph_lp_or_to_or_and__: 2804:fluid-craft-temperature: cyanic-acid: 10 --> fluid-create-temperature: cyanic-acid: 10,,,True,fluid-craft-temperature: cyanic-acid: 10 --> fluid-create-temperature: cyanic-acid: 10,False,False,0,0
3906,1631,__pr_graph_lp_or_to_or_and__: 2809:fluid-create-temperature: black-liquor: 10 --> fluid-create: black-liquor,,,True,fluid-create-temperature: black-liquor: 10 --> fluid-create: black-liquor,False,False,0,0
3907,1632,__pr_graph_lp_or_to_or_and__: 2810:fluid-craft-temperature: black-liquor: 10 --> fluid-craft-temperature: black-liquor,,,True,fluid-craft-temperature: black-liquor: 10 --> fluid-craft-temperature: black-liquor,False,False,0,0
3908,1633,__pr_graph_lp_or_to_or_and__: 2811:fluid-craft-temperature: black-liquor: 10 --> fluid-create-temperature: black-liquor: 10,,,True,fluid-craft-temperature: black-liquor: 10 --> fluid-create-temperature: black-liquor: 10,False,False,0,0
3909,1635,__pr_graph_lp_or_to_or_and__: 2816:fluid-craft-temperature: tall-oil: 10 --> fluid-craft-temperature: tall-oil,,,True,fluid-craft-temperature: tall-oil: 10 --> fluid-craft-temperature: tall-oil,False,False,0,0
3910,1636,__pr_graph_lp_or_to_or_and__: 2817:fluid-craft-temperature: tall-oil: 10 --> fluid-create-temperature: tall-oil: 10,,,True,fluid-craft-temperature: tall-oil: 10 --> fluid-create-temperature: tall-oil: 10,False,False,0,0
3911,1637,__pr_graph_lp_or_to_or_and__: 2822:fluid-create-temperature: acetone: 15 --> fluid-create: acetone,,,True,fluid-create-temperature: acetone: 15 --> fluid-create: acetone,False,False,0,0
3912,1641,__pr_graph_lp_or_to_or_and__: 2829:fluid-craft-temperature: blood: 10 --> fluid-craft-temperature: blood,,,True,fluid-craft-temperature: blood: 10 --> fluid-craft-temperature: blood,False,False,0,0
3913,1642,__pr_graph_lp_or_to_or_and__: 2830:fluid-craft-temperature: blood: 10 --> fluid-create-temperature: blood: 10,,,True,fluid-craft-temperature: blood: 10 --> fluid-create-temperature: blood: 10,False,False,0,0
3914,1643,__pr_graph_lp_or_to_or_and__: 2836:fluid-create-temperature: scrude: 10 --> fluid-create: scrude,,,True,fluid-create-temperature: scrude: 10 --> fluid-create: scrude,False,False,0,0
3915,1646,__pr_graph_lp_or_to_or_and__: 2843:fluid-create-temperature: polybutadiene: 10 --> fluid-create: polybutadiene,,,True,fluid-create-temperature: polybutadiene: 10 --> fluid-create: polybutadiene,False,False,0,0
3916,1649,__pr_graph_lp_or_to_or_and__: 2849:fluid-create-temperature: hot-air: 15 --> fluid-create: hot-air,,,True,fluid-create-temperature: hot-air: 15 --> fluid-create: hot-air,False,False,0,0
3917,1650,__pr_graph_lp_or_to_or_and__: 2850:fluid-craft-temperature: hot-air: 15 --> fluid-craft-temperature: hot-air,,,True,fluid-craft-temperature: hot-air: 15 --> fluid-craft-temperature: hot-air,False,False,0,0
3918,1652,__pr_graph_lp_or_to_or_and__: 2855:fluid-create-temperature: condensates: 10 --> fluid-create: condensates,,,True,fluid-create-temperature: condensates: 10 --> fluid-create: condensates,False,False,0,0
3919,1653,__pr_graph_lp_or_to_or_and__: 2856:fluid-craft-temperature: condensates: 10 --> fluid-craft-temperature: condensates,,,True,fluid-craft-temperature: condensates: 10 --> fluid-craft-temperature: condensates,False,False,0,0
3920,1654,__pr_graph_lp_or_to_or_and__: 2857:fluid-craft-temperature: condensates: 10 --> fluid-create-temperature: condensates: 10,,,True,fluid-craft-temperature: condensates: 10 --> fluid-create-temperature: condensates: 10,False,False,0,0
3921,1655,__pr_graph_lp_or_to_or_and__: 2862:fluid-create-temperature: anthracene-oil: 10 --> fluid-create: anthracene-oil,,,True,fluid-create-temperature: anthracene-oil: 10 --> fluid-create: anthracene-oil,False,False,0,0
3922,1656,__pr_graph_lp_or_to_or_and__: 2863:fluid-craft-temperature: anthracene-oil: 10 --> fluid-craft-temperature: anthracene-oil,,,True,fluid-craft-temperature: anthracene-oil: 10 --> fluid-craft-temperature: anthracene-oil,False,False,0,0
3923,1657,__pr_graph_lp_or_to_or_and__: 2864:fluid-craft-temperature: anthracene-oil: 10 --> fluid-create-temperature: anthracene-oil: 10,,,True,fluid-craft-temperature: anthracene-oil: 10 --> fluid-create-temperature: anthracene-oil: 10,False,False,0,0
3924,1659,__pr_graph_lp_or_to_or_and__: 2871:fluid-craft-temperature: carbolic-oil: 10 --> fluid-craft-temperature: carbolic-oil,,,True,fluid-craft-temperature: carbolic-oil: 10 --> fluid-craft-temperature: carbolic-oil,False,False,0,0
3925,1660,__pr_graph_lp_or_to_or_and__: 2872:fluid-craft-temperature: carbolic-oil: 10 --> fluid-create-temperature: carbolic-oil: 10,,,True,fluid-craft-temperature: carbolic-oil: 10 --> fluid-create-temperature: carbolic-oil: 10,False,False,0,0
3926,1661,__pr_graph_lp_or_to_or_and__: 2879:fluid-create-temperature: naphthalene-oil: 10 --> fluid-create: naphthalene-oil,,,True,fluid-create-temperature: naphthalene-oil: 10 --> fluid-create: naphthalene-oil,False,False,0,0
3927,1662,__pr_graph_lp_or_to_or_and__: 2880:fluid-craft-temperature: naphthalene-oil: 10 --> fluid-craft-temperature: naphthalene-oil,,,True,fluid-craft-temperature: naphthalene-oil: 10 --> fluid-craft-temperature: naphthalene-oil,False,False,0,0
3928,1663,__pr_graph_lp_or_to_or_and__: 2881:fluid-craft-temperature: naphthalene-oil: 10 --> fluid-create-temperature: naphthalene-oil: 10,,,True,fluid-craft-temperature: naphthalene-oil: 10 --> fluid-create-temperature: naphthalene-oil: 10,False,False,0,0
3929,1664,__pr_graph_lp_or_to_or_and__: 2888:fluid-create-temperature: pitch: 10 --> fluid-create: pitch,,,True,fluid-create-temperature: pitch: 10 --> fluid-create: pitch,False,False,0,0
3930,1665,__pr_graph_lp_or_to_or_and__: 2889:fluid-craft-temperature: pitch: 10 --> fluid-craft-temperature: pitch,,,True,fluid-craft-temperature: pitch: 10 --> fluid-craft-temperature: pitch,False,False,0,0
3931,1666,__pr_graph_lp_or_to_or_and__: 2890:fluid-craft-temperature: pitch: 10 --> fluid-create-temperature: pitch: 10,,,True,fluid-craft-temperature: pitch: 10 --> fluid-create-temperature: pitch: 10,False,False,0,0
3932,1667,__pr_graph_lp_or_to_or_and__: 2895:fluid-create-temperature: middle-oil: 10 --> fluid-create: middle-oil,,,True,fluid-create-temperature: middle-oil: 10 --> fluid-create: middle-oil,False,False,0,0
3933,1668,__pr_graph_lp_or_to_or_and__: 2896:fluid-craft-temperature: middle-oil: 10 --> fluid-craft-temperature: middle-oil,,,True,fluid-craft-temperature: middle-oil: 10 --> fluid-craft-temperature: middle-oil,False,False,0,0
3934,1669,__pr_graph_lp_or_to_or_and__: 2897:fluid-craft-temperature: middle-oil: 10 --> fluid-create-temperature: middle-oil: 10,,,True,fluid-craft-temperature: middle-oil: 10 --> fluid-create-temperature: middle-oil: 10,False,False,0,0
3935,1670,__pr_graph_lp_or_to_or_and__: 2902:fluid-create-temperature: zogna-bacteria: 10 --> fluid-create: zogna-bacteria,,,True,fluid-create-temperature: zogna-bacteria: 10 --> fluid-create: zogna-bacteria,False,False,0,0
3936,1673,__pr_graph_lp_or_to_or_and__: 2908:fluid-create-temperature: fish-oil: 10 --> fluid-create: fish-oil,,,True,fluid-create-temperature: fish-oil: 10 --> fluid-create: fish-oil,False,False,0,0
3937,1674,__pr_graph_lp_or_to_or_and__: 2909:fluid-craft-temperature: fish-oil: 10 --> fluid-craft-temperature: fish-oil,,,True,fluid-craft-temperature: fish-oil: 10 --> fluid-craft-temperature: fish-oil,False,False,0,0
3938,1677,__pr_graph_lp_or_to_or_and__: 2915:fluid-craft-temperature: liquid-manure: 10 --> fluid-craft-temperature: liquid-manure,,,True,fluid-craft-temperature: liquid-manure: 10 --> fluid-craft-temperature: liquid-manure,False,False,0,0
3939,1678,__pr_graph_lp_or_to_or_and__: 2916:fluid-craft-temperature: liquid-manure: 10 --> fluid-create-temperature: liquid-manure: 10,,,True,fluid-craft-temperature: liquid-manure: 10 --> fluid-create-temperature: liquid-manure: 10,False,False,0,0
3940,1679,__pr_graph_lp_or_to_or_and__: 2920:fluid-create-temperature: creamy-latex: 10 --> fluid-create: creamy-latex,,,True,fluid-create-temperature: creamy-latex: 10 --> fluid-create: creamy-latex,False,False,0,0
3941,1682,__pr_graph_lp_or_to_or_and__: 2926:fluid-create-temperature: formic-acid: 15 --> fluid-create: formic-acid,,,True,fluid-create-temperature: formic-acid: 15 --> fluid-create: formic-acid,False,False,0,0
3942,1685,__pr_graph_lp_or_to_or_and__: 2932:fluid-create-temperature: subcritical-water: 10 --> fluid-create: subcritical-water,,,True,fluid-create-temperature: subcritical-water: 10 --> fluid-create: subcritical-water,False,False,0,0
3943,1690,__pr_graph_lp_or_to_or_and__: 2940:fluid-craft-temperature: depolymerized-organics: 10 --> fluid-create-temperature: depolymerized-organics: 10,,,True,fluid-craft-temperature: depolymerized-organics: 10 --> fluid-create-temperature: depolymerized-organics: 10,False,False,0,0
3944,1692,__pr_graph_lp_or_to_or_and__: 2946:fluid-create-temperature: geothermal-water: 3000 --> fluid-create: geothermal-water,,,True,fluid-create-temperature: geothermal-water: 3000 --> fluid-create: geothermal-water,False,False,0,0
3945,1695,__pr_graph_lp_or_to_or_and__: 2953:fluid-create-temperature: molten-salt: 1000 --> fluid-create: molten-salt,,,True,fluid-create-temperature: molten-salt: 1000 --> fluid-create: molten-salt,False,False,0,0
3946,1698,__pr_graph_lp_or_to_or_and__: 2959:fluid-create-temperature: hot-molten-salt: 1000 --> fluid-create: hot-molten-salt,,,True,fluid-create-temperature: hot-molten-salt: 1000 --> fluid-create: hot-molten-salt,False,False,0,0
3947,1699,__pr_graph_lp_or_to_or_and__: 2960:fluid-craft-temperature: hot-molten-salt: 1000 --> fluid-craft-temperature: hot-molten-salt,,,True,fluid-craft-temperature: hot-molten-salt: 1000 --> fluid-craft-temperature: hot-molten-salt,False,False,0,0
3948,1700,__pr_graph_lp_or_to_or_and__: 2961:fluid-craft-temperature: hot-molten-salt: 1000 --> fluid-create-temperature: hot-molten-salt: 1000,,,True,fluid-craft-temperature: hot-molten-salt: 1000 --> fluid-create-temperature: hot-molten-salt: 1000,False,False,0,0
3949,1704,__pr_graph_lp_or_to_or_and__: 2968:item: gunpowder --> fuel-category: chemical__1,,,True,item: gunpowder --> fuel-category: chemical__1,False,False,0,0
3950,1707,__pr_graph_lp_or_to_or_and__: 2971:item: kerogen --> fuel-category: chemical__1,,,True,item: kerogen --> fuel-category: chemical__1,False,False,0,0
3951,1738,__pr_graph_lp_or_to_or_and__: 3009:item-craft: shotgun-shell --> item: shotgun-shell,,,True,item-craft: shotgun-shell --> item: shotgun-shell,False,False,0,0
3952,1739,__pr_graph_lp_or_to_or_and__: 3012:item-craft: light-armor --> item: light-armor,,,True,item-craft: light-armor --> item: light-armor,False,False,0,0
3953,1740,__pr_graph_lp_or_to_or_and__: 3014:item-craft: heavy-armor --> item: heavy-armor,,,True,item-craft: heavy-armor --> item: heavy-armor,False,False,0,0
3954,1742,__pr_graph_lp_or_to_or_and__: 3019:item-craft: dried-meat --> item: dried-meat,,,True,item-craft: dried-meat --> item: dried-meat,False,False,0,0
3955,1743,__pr_graph_lp_or_to_or_and__: 3021:item-craft: submachine-gun --> item: submachine-gun,,,True,item-craft: submachine-gun --> item: submachine-gun,False,False,0,0
3956,1744,__pr_graph_lp_or_to_or_and__: 3024:item-craft: shotgun --> item: shotgun,,,True,item-craft: shotgun --> item: shotgun,False,False,0,0
3957,1745,__pr_graph_lp_or_to_or_and__: 3027:item-craft: stone-brick --> item: stone-brick,,,True,item-craft: stone-brick --> item: stone-brick,False,False,0,0
3958,1746,__pr_graph_lp_or_to_or_and__: 3032:item-craft: wood --> item: wood,,,True,item-craft: wood --> item: wood,False,False,0,0
3959,1747,__pr_graph_lp_or_to_or_and__: 3034:item-craft: coal --> item: coal,,,True,item-craft: coal --> item: coal,False,False,0,0
3960,1749,__pr_graph_lp_or_to_or_and__: 3057:item-craft: iron-ore --> item: iron-ore,,,True,item-craft: iron-ore --> item: iron-ore,False,False,0,0
3961,1750,__pr_graph_lp_or_to_or_and__: 3062:item-craft: copper-ore --> item: copper-ore,,,True,item-craft: copper-ore --> item: copper-ore,False,False,0,0
3962,1751,__pr_graph_lp_or_to_or_and__: 3065:item-craft: iron-plate --> item: iron-plate,,,True,item-craft: iron-plate --> item: iron-plate,False,False,0,0
3963,1752,__pr_graph_lp_or_to_or_and__: 3071:item-craft: copper-plate --> item: copper-plate,,,True,item-craft: copper-plate --> item: copper-plate,False,False,0,0
3964,1753,__pr_graph_lp_or_to_or_and__: 3074:item-craft: copper-cable --> item: copper-cable,,,True,item-craft: copper-cable --> item: copper-cable,False,False,0,0
3965,1754,__pr_graph_lp_or_to_or_and__: 3076:item-craft: iron-stick --> item: iron-stick,,,True,item-craft: iron-stick --> item: iron-stick,False,False,0,0
3966,1756,__pr_graph_lp_or_to_or_and__: 3080:item-craft: electronic-circuit --> item: electronic-circuit,,,True,item-craft: electronic-circuit --> item: electronic-circuit,False,False,0,0
3967,1757,__pr_graph_lp_or_to_or_and__: 3083:item-craft: wooden-chest --> item: wooden-chest,,,True,item-craft: wooden-chest --> item: wooden-chest,False,False,0,0
3968,1758,__pr_graph_lp_or_to_or_and__: 3086:item-craft: stone-furnace --> item: stone-furnace,,,True,item-craft: stone-furnace --> item: stone-furnace,False,False,0,0
3969,1761,__pr_graph_lp_or_to_or_and__: 3095:item-craft: burner-inserter --> item: burner-inserter,,,True,item-craft: burner-inserter --> item: burner-inserter,False,False,0,0
3970,1762,__pr_graph_lp_or_to_or_and__: 3098:item-craft: inserter --> item: inserter,,,True,item-craft: inserter --> item: inserter,False,False,0,0
3971,1764,__pr_graph_lp_or_to_or_and__: 3104:item-craft: offshore-pump --> item: offshore-pump,,,True,item-craft: offshore-pump --> item: offshore-pump,False,False,0,0
3972,1765,__pr_graph_lp_or_to_or_and__: 3107:item-craft: pipe --> item: pipe,,,True,item-craft: pipe --> item: pipe,False,False,0,0
3973,1766,__pr_graph_lp_or_to_or_and__: 3110:item-craft: boiler --> item: boiler,,,True,item-craft: boiler --> item: boiler,False,False,0,0
3974,1767,__pr_graph_lp_or_to_or_and__: 3113:item-craft: steam-engine --> item: steam-engine,,,True,item-craft: steam-engine --> item: steam-engine,False,False,0,0
3975,1768,__pr_graph_lp_or_to_or_and__: 3116:item-craft: small-electric-pole --> item: small-electric-pole,,,True,item-craft: small-electric-pole --> item: small-electric-pole,False,False,0,0
3976,1769,__pr_graph_lp_or_to_or_and__: 3120:item-craft: radar --> item: radar,,,True,item-craft: radar --> item: radar,False,False,0,0
3977,1770,__pr_graph_lp_or_to_or_and__: 3123:item-craft: small-lamp --> item: small-lamp,,,True,item-craft: small-lamp --> item: small-lamp,False,False,0,0
3978,1776,__pr_graph_lp_or_to_or_and__: 3141:item-craft: automation-science-pack --> item: automation-science-pack,,,True,item-craft: automation-science-pack --> item: automation-science-pack,False,False,0,0
3979,1777,__pr_graph_lp_or_to_or_and__: 3143:item-craft: logistic-science-pack --> item: logistic-science-pack,,,True,item-craft: logistic-science-pack --> item: logistic-science-pack,False,False,0,0
3980,1778,__pr_graph_lp_or_to_or_and__: 3145:item-craft: steel-plate --> item: steel-plate,,,True,item-craft: steel-plate --> item: steel-plate,False,False,0,0
3981,1782,__pr_graph_lp_or_to_or_and__: 3157:item-craft: steel-furnace --> item: steel-furnace,,,True,item-craft: steel-furnace --> item: steel-furnace,False,False,0,0
3982,1783,__pr_graph_lp_or_to_or_and__: 3160:item-craft: gate --> item: gate,,,True,item-craft: gate --> item: gate,False,False,0,0
3983,1787,__pr_graph_lp_or_to_or_and__: 3172:item-craft: rail-chain-signal --> item: rail-chain-signal,,,True,item-craft: rail-chain-signal --> item: rail-chain-signal,False,False,0,0
3984,1788,__pr_graph_lp_or_to_or_and__: 3175:item-craft: concrete --> item: concrete,,,True,item-craft: concrete --> item: concrete,False,False,0,0
3985,1789,__pr_graph_lp_or_to_or_and__: 3177:item-craft: refined-concrete --> item: refined-concrete,,,True,item-craft: refined-concrete --> item: refined-concrete,False,False,0,0
3986,1790,__pr_graph_lp_or_to_or_and__: 3179:item-craft: hazard-concrete --> item: hazard-concrete,,,True,item-craft: hazard-concrete --> item: hazard-concrete,False,False,0,0
3987,1791,__pr_graph_lp_or_to_or_and__: 3181:item-craft: refined-hazard-concrete --> item: refined-hazard-concrete,,,True,item-craft: refined-hazard-concrete --> item: refined-hazard-concrete,False,False,0,0
3988,1792,__pr_graph_lp_or_to_or_and__: 3183:item-craft: landfill --> item: landfill,,,True,item-craft: landfill --> item: landfill,False,False,0,0
3989,1795,__pr_graph_lp_or_to_or_and__: 3192:item-craft: underground-belt --> item: underground-belt,,,True,item-craft: underground-belt --> item: underground-belt,False,False,0,0
3990,1799,__pr_graph_lp_or_to_or_and__: 3204:item-craft: pump --> item: pump,,,True,item-craft: pump --> item: pump,False,False,0,0
3991,1800,__pr_graph_lp_or_to_or_and__: 3207:item-craft: sulfur --> item: sulfur,,,True,item-craft: sulfur --> item: sulfur,False,False,0,0
3992,1801,__pr_graph_lp_or_to_or_and__: 3209:item-craft: barrel --> item: barrel,,,True,item-craft: barrel --> item: barrel,False,False,0,0
3993,1802,__pr_graph_lp_or_to_or_and__: 3282:item-craft: plastic-bar --> item: plastic-bar,,,True,item-craft: plastic-bar --> item: plastic-bar,False,False,0,0
3994,1804,__pr_graph_lp_or_to_or_and__: 3286:item-craft: gun-turret --> item: gun-turret,,,True,item-craft: gun-turret --> item: gun-turret,False,False,0,0
3995,1807,__pr_graph_lp_or_to_or_and__: 3295:item-craft: constant-combinator --> item: constant-combinator,,,True,item-craft: constant-combinator --> item: constant-combinator,False,False,0,0
3996,1812,__pr_graph_lp_or_to_or_and__: 3310:item-craft: ash --> item: ash,,,True,item-craft: ash --> item: ash,False,False,0,0
3997,1813,__pr_graph_lp_or_to_or_and__: 3718:item-craft: chromium --> item: chromium,,,True,item-craft: chromium --> item: chromium,False,False,0,0
3998,1814,__pr_graph_lp_or_to_or_and__: 3720:item-craft: gravel --> item: gravel,,,True,item-craft: gravel --> item: gravel,False,False,0,0
3999,1815,__pr_graph_lp_or_to_or_and__: 3728:item-craft: coke --> item: coke,,,True,item-craft: coke --> item: coke,False,False,0,0
4000,1816,__pr_graph_lp_or_to_or_and__: 3735:item-craft: iron-oxide --> item: iron-oxide,,,True,item-craft: iron-oxide --> item: iron-oxide,False,False,0,0
4001,1817,__pr_graph_lp_or_to_or_and__: 3744:item-craft: tailings-dust --> item: tailings-dust,,,True,item-craft: tailings-dust --> item: tailings-dust,False,False,0,0
4002,1820,__pr_graph_lp_or_to_or_and__: 3755:item-craft: sand --> item: sand,,,True,item-craft: sand --> item: sand,False,False,0,0
4003,1821,__pr_graph_lp_or_to_or_and__: 3760:item-craft: limestone --> item: limestone,,,True,item-craft: limestone --> item: limestone,False,False,0,0
4004,1822,__pr_graph_lp_or_to_or_and__: 3764:item-craft: coarse --> item: coarse,,,True,item-craft: coarse --> item: coarse,False,False,0,0
4005,1825,__pr_graph_lp_or_to_or_and__: 3774:item-craft: nexelit-plate --> item: nexelit-plate,,,True,item-craft: nexelit-plate --> item: nexelit-plate,False,False,0,0
4006,1826,__pr_graph_lp_or_to_or_and__: 3776:item-craft: sand-casting --> item: sand-casting,,,True,item-craft: sand-casting --> item: sand-casting,False,False,0,0
4007,1827,__pr_graph_lp_or_to_or_and__: 3778:item-craft: lime --> item: lime,,,True,item-craft: lime --> item: lime,False,False,0,0
4008,1828,__pr_graph_lp_or_to_or_and__: 3781:item-craft: fawogae-substrate --> item: fawogae-substrate,,,True,item-craft: fawogae-substrate --> item: fawogae-substrate,False,False,0,0
4009,1829,__pr_graph_lp_or_to_or_and__: 3783:item-craft: flask --> item: flask,,,True,item-craft: flask --> item: flask,False,False,0,0
4010,1830,__pr_graph_lp_or_to_or_and__: 3786:item-craft: bonemeal --> item: bonemeal,,,True,item-craft: bonemeal --> item: bonemeal,False,False,0,0
4011,1831,__pr_graph_lp_or_to_or_and__: 3789:item-craft: borax --> item: borax,,,True,item-craft: borax --> item: borax,False,False,0,0
4012,1832,__pr_graph_lp_or_to_or_and__: 3791:item-craft: rich-clay --> item: rich-clay,,,True,item-craft: rich-clay --> item: rich-clay,False,False,0,0
4013,1833,__pr_graph_lp_or_to_or_and__: 3795:item-craft: ground-sample01 --> item: ground-sample01,,,True,item-craft: ground-sample01 --> item: ground-sample01,False,False,0,0
4014,1834,__pr_graph_lp_or_to_or_and__: 3797:item-craft: bio-sample01 --> item: bio-sample01,,,True,item-craft: bio-sample01 --> item: bio-sample01,False,False,0,0
4015,1836,__pr_graph_lp_or_to_or_and__: 3801:item-craft: equipment-chassi --> item: equipment-chassi,,,True,item-craft: equipment-chassi --> item: equipment-chassi,False,False,0,0
4016,1838,__pr_graph_lp_or_to_or_and__: 3805:item-craft: lens --> item: lens,,,True,item-craft: lens --> item: lens,False,False,0,0
4017,1839,__pr_graph_lp_or_to_or_and__: 3808:item-craft: boron-trioxide --> item: boron-trioxide,,,True,item-craft: boron-trioxide --> item: boron-trioxide,False,False,0,0
4018,1840,__pr_graph_lp_or_to_or_and__: 3810:item-craft: ralesia-seeds --> item: ralesia-seeds,,,True,item-craft: ralesia-seeds --> item: ralesia-seeds,False,False,0,0
4019,1841,__pr_graph_lp_or_to_or_and__: 3812:item-craft: mukmoux-fat --> item: mukmoux-fat,,,True,item-craft: mukmoux-fat --> item: mukmoux-fat,False,False,0,0
4020,1842,__pr_graph_lp_or_to_or_and__: 3815:item-craft: log --> item: log,,,True,item-craft: log --> item: log,False,False,0,0
4021,1843,__pr_graph_lp_or_to_or_and__: 3839:item-craft: treated-wood --> item: treated-wood,,,True,item-craft: treated-wood --> item: treated-wood,False,False,0,0
4022,1845,__pr_graph_lp_or_to_or_and__: 3861:item-craft: crushed-quartz --> item: crushed-quartz,,,True,item-craft: crushed-quartz --> item: crushed-quartz,False,False,0,0
4023,1846,__pr_graph_lp_or_to_or_and__: 3864:item-craft: gunpowder --> item: gunpowder,,,True,item-craft: gunpowder --> item: gunpowder,False,False,0,0
4024,1847,__pr_graph_lp_or_to_or_and__: 3868:item-craft: distilator --> item: distilator,,,True,item-craft: distilator --> item: distilator,False,False,0,0
4025,1850,__pr_graph_lp_or_to_or_and__: 3877:item-craft: rectisol --> item: rectisol,,,True,item-craft: rectisol --> item: rectisol,False,False,0,0
4026,1852,__pr_graph_lp_or_to_or_and__: 3883:item-craft: quenching-tower --> item: quenching-tower,,,True,item-craft: quenching-tower --> item: quenching-tower,False,False,0,0
4027,1853,__pr_graph_lp_or_to_or_and__: 3886:item-craft: hpf --> item: hpf,,,True,item-craft: hpf --> item: hpf,False,False,0,0
4028,1854,__pr_graph_lp_or_to_or_and__: 3889:item-craft: cooling-tower-mk01 --> item: cooling-tower-mk01,,,True,item-craft: cooling-tower-mk01 --> item: cooling-tower-mk01,False,False,0,0
4029,1855,__pr_graph_lp_or_to_or_and__: 3892:item-craft: evaporator --> item: evaporator,,,True,item-craft: evaporator --> item: evaporator,False,False,0,0
4030,1858,__pr_graph_lp_or_to_or_and__: 3901:item-craft: solid-separator --> item: solid-separator,,,True,item-craft: solid-separator --> item: solid-separator,False,False,0,0
4031,1862,__pr_graph_lp_or_to_or_and__: 3913:item-craft: fawogae-plantation-mk01 --> item: fawogae-plantation-mk01,,,True,item-craft: fawogae-plantation-mk01 --> item: fawogae-plantation-mk01,False,False,0,0
4032,1864,__pr_graph_lp_or_to_or_and__: 3919:item-craft: ralesia-plantation-mk01 --> item: ralesia-plantation-mk01,,,True,item-craft: ralesia-plantation-mk01 --> item: ralesia-plantation-mk01,False,False,0,0
4033,1865,__pr_graph_lp_or_to_or_and__: 3922:item-craft: jaw-crusher --> item: jaw-crusher,,,True,item-craft: jaw-crusher --> item: jaw-crusher,False,False,0,0
4034,1866,__pr_graph_lp_or_to_or_and__: 3925:item-craft: ball-mill-mk01 --> item: ball-mill-mk01,,,True,item-craft: ball-mill-mk01 --> item: ball-mill-mk01,False,False,0,0
4035,1867,__pr_graph_lp_or_to_or_and__: 3928:item-craft: automated-factory-mk01 --> item: automated-factory-mk01,,,True,item-craft: automated-factory-mk01 --> item: automated-factory-mk01,False,False,0,0
4036,1869,__pr_graph_lp_or_to_or_and__: 3934:item-craft: wpu-mk01 --> item: wpu-mk01,,,True,item-craft: wpu-mk01 --> item: wpu-mk01,False,False,0,0
4037,1872,__pr_graph_lp_or_to_or_and__: 3943:item-craft: calcium-carbide --> item: calcium-carbide,,,True,item-craft: calcium-carbide --> item: calcium-carbide,False,False,0,0
4038,1873,__pr_graph_lp_or_to_or_and__: 3945:item-craft: vacuum-pump-mk01 --> item: vacuum-pump-mk01,,,True,item-craft: vacuum-pump-mk01 --> item: vacuum-pump-mk01,False,False,0,0
4039,1875,__pr_graph_lp_or_to_or_and__: 3951:item-craft: mixer-mk01 --> item: mixer-mk01,,,True,item-craft: mixer-mk01 --> item: mixer-mk01,False,False,0,0
4040,1878,__pr_graph_lp_or_to_or_and__: 3960:item-craft: genlab-mk01 --> item: genlab-mk01,,,True,item-craft: genlab-mk01 --> item: genlab-mk01,False,False,0,0
4041,1880,__pr_graph_lp_or_to_or_and__: 3966:item-craft: py-heat-exchanger --> item: py-heat-exchanger,,,True,item-craft: py-heat-exchanger --> item: py-heat-exchanger,False,False,0,0
4042,1882,__pr_graph_lp_or_to_or_and__: 3972:item-craft: wood-fence --> item: wood-fence,,,True,item-craft: wood-fence --> item: wood-fence,False,False,0,0
4043,1886,__pr_graph_lp_or_to_or_and__: 3984:item-craft: py-warehouse-basic --> item: py-warehouse-basic,,,True,item-craft: py-warehouse-basic --> item: py-warehouse-basic,False,False,0,0
4044,1890,__pr_graph_lp_or_to_or_and__: 3996:item-craft: py-tank-3000 --> item: py-tank-3000,,,True,item-craft: py-tank-3000 --> item: py-tank-3000,False,False,0,0
4045,1891,__pr_graph_lp_or_to_or_and__: 3999:item-craft: py-tank-4000 --> item: py-tank-4000,,,True,item-craft: py-tank-4000 --> item: py-tank-4000,False,False,0,0
4046,1893,__pr_graph_lp_or_to_or_and__: 4005:item-craft: py-tank-7000 --> item: py-tank-7000,,,True,item-craft: py-tank-7000 --> item: py-tank-7000,False,False,0,0
4047,1895,__pr_graph_lp_or_to_or_and__: 4011:item-craft: py-tank-8000 --> item: py-tank-8000,,,True,item-craft: py-tank-8000 --> item: py-tank-8000,False,False,0,0
4048,1897,__pr_graph_lp_or_to_or_and__: 4017:item-craft: py-overflow-valve --> item: py-overflow-valve,,,True,item-craft: py-overflow-valve --> item: py-overflow-valve,False,False,0,0
4049,1898,__pr_graph_lp_or_to_or_and__: 4020:item-craft: py-underflow-valve --> item: py-underflow-valve,,,True,item-craft: py-underflow-valve --> item: py-underflow-valve,False,False,0,0
4050,1899,__pr_graph_lp_or_to_or_and__: 4023:item-craft: portable-gasoline-generator --> item: portable-gasoline-generator,,,True,item-craft: portable-gasoline-generator --> item: portable-gasoline-generator,False,False,0,0
4051,1901,__pr_graph_lp_or_to_or_and__: 4028:item-craft: barrel-machine-mk01 --> item: barrel-machine-mk01,,,True,item-craft: barrel-machine-mk01 --> item: barrel-machine-mk01,False,False,0,0
4052,1904,__pr_graph_lp_or_to_or_and__: 4037:item-craft: py-construction-robot-mk01 --> item: py-construction-robot-mk01,,,True,item-craft: py-construction-robot-mk01 --> item: py-construction-robot-mk01,False,False,0,0
4053,1906,__pr_graph_lp_or_to_or_and__: 4043:item-craft: py-burner --> item: py-burner,,,True,item-craft: py-burner --> item: py-burner,False,False,0,0
4054,1908,__pr_graph_lp_or_to_or_and__: 4049:item-craft: py-gas-vent --> item: py-gas-vent,,,True,item-craft: py-gas-vent --> item: py-gas-vent,False,False,0,0
4055,1909,__pr_graph_lp_or_to_or_and__: 4053:item-craft: glass --> item: glass,,,True,item-craft: glass --> item: glass,False,False,0,0
4056,1911,__pr_graph_lp_or_to_or_and__: 4059:item-craft: powdered-aluminium --> item: powdered-aluminium,,,True,item-craft: powdered-aluminium --> item: powdered-aluminium,False,False,0,0
4057,1912,__pr_graph_lp_or_to_or_and__: 4061:item-craft: aluminium-plate --> item: aluminium-plate,,,True,item-craft: aluminium-plate --> item: aluminium-plate,False,False,0,0
4058,1914,__pr_graph_lp_or_to_or_and__: 4068:item-craft: grade-1-ti --> item: grade-1-ti,,,True,item-craft: grade-1-ti --> item: grade-1-ti,False,False,0,0
4059,1915,__pr_graph_lp_or_to_or_and__: 4071:item-craft: grade-2-ti --> item: grade-2-ti,,,True,item-craft: grade-2-ti --> item: grade-2-ti,False,False,0,0
4060,1918,__pr_graph_lp_or_to_or_and__: 4078:item-craft: titanium-plate --> item: titanium-plate,,,True,item-craft: titanium-plate --> item: titanium-plate,False,False,0,0
4061,1921,__pr_graph_lp_or_to_or_and__: 4086:item-craft: grade-2-copper --> item: grade-2-copper,,,True,item-craft: grade-2-copper --> item: grade-2-copper,False,False,0,0
4062,1922,__pr_graph_lp_or_to_or_and__: 4089:item-craft: processed-iron-ore --> item: processed-iron-ore,,,True,item-craft: processed-iron-ore --> item: processed-iron-ore,False,False,0,0
4063,1923,__pr_graph_lp_or_to_or_and__: 4091:item-craft: raw-coal --> item: raw-coal,,,True,item-craft: raw-coal --> item: raw-coal,False,False,0,0
4064,1924,__pr_graph_lp_or_to_or_and__: 4098:item-craft: crushed-coal --> item: crushed-coal,,,True,item-craft: crushed-coal --> item: crushed-coal,False,False,0,0
4065,1925,__pr_graph_lp_or_to_or_and__: 4102:item-craft: ore-lead --> item: ore-lead,,,True,item-craft: ore-lead --> item: ore-lead,False,False,0,0
4066,1927,__pr_graph_lp_or_to_or_and__: 4108:item-craft: lead-plate --> item: lead-plate,,,True,item-craft: lead-plate --> item: lead-plate,False,False,0,0
4067,1929,__pr_graph_lp_or_to_or_and__: 4114:item-craft: grade-1-nickel --> item: grade-1-nickel,,,True,item-craft: grade-1-nickel --> item: grade-1-nickel,False,False,0,0
4068,1930,__pr_graph_lp_or_to_or_and__: 4116:item-craft: nickel-plate --> item: nickel-plate,,,True,item-craft: nickel-plate --> item: nickel-plate,False,False,0,0
4069,1931,__pr_graph_lp_or_to_or_and__: 4118:item-craft: ore-tin --> item: ore-tin,,,True,item-craft: ore-tin --> item: ore-tin,False,False,0,0
4070,1933,__pr_graph_lp_or_to_or_and__: 4125:item-craft: grade-2-tin --> item: grade-2-tin,,,True,item-craft: grade-2-tin --> item: grade-2-tin,False,False,0,0
4071,1934,__pr_graph_lp_or_to_or_and__: 4127:item-craft: tin-plate --> item: tin-plate,,,True,item-craft: tin-plate --> item: tin-plate,False,False,0,0
4072,1935,__pr_graph_lp_or_to_or_and__: 4130:item-craft: ore-zinc --> item: ore-zinc,,,True,item-craft: ore-zinc --> item: ore-zinc,False,False,0,0
4073,1937,__pr_graph_lp_or_to_or_and__: 4135:item-craft: grade-2-zinc --> item: grade-2-zinc,,,True,item-craft: grade-2-zinc --> item: grade-2-zinc,False,False,0,0
4074,1938,__pr_graph_lp_or_to_or_and__: 4137:item-craft: zinc-plate --> item: zinc-plate,,,True,item-craft: zinc-plate --> item: zinc-plate,False,False,0,0
4075,1940,__pr_graph_lp_or_to_or_and__: 4142:item-craft: starch --> item: starch,,,True,item-craft: starch --> item: starch,False,False,0,0
4076,1942,__pr_graph_lp_or_to_or_and__: 4147:item-craft: duralumin --> item: duralumin,,,True,item-craft: duralumin --> item: duralumin,False,False,0,0
4077,1943,__pr_graph_lp_or_to_or_and__: 4149:item-craft: tinned-cable --> item: tinned-cable,,,True,item-craft: tinned-cable --> item: tinned-cable,False,False,0,0
4078,1944,__pr_graph_lp_or_to_or_and__: 4151:item-craft: solder --> item: solder,,,True,item-craft: solder --> item: solder,False,False,0,0
4079,1945,__pr_graph_lp_or_to_or_and__: 4153:item-craft: smelter-mk01 --> item: smelter-mk01,,,True,item-craft: smelter-mk01 --> item: smelter-mk01,False,False,0,0
4080,1946,__pr_graph_lp_or_to_or_and__: 4156:item-craft: scrubber-mk01 --> item: scrubber-mk01,,,True,item-craft: scrubber-mk01 --> item: scrubber-mk01,False,False,0,0
4081,1947,__pr_graph_lp_or_to_or_and__: 4159:item-craft: flotation-cell-mk01 --> item: flotation-cell-mk01,,,True,item-craft: flotation-cell-mk01 --> item: flotation-cell-mk01,False,False,0,0
4082,1948,__pr_graph_lp_or_to_or_and__: 4162:item-craft: hydroclassifier-mk01 --> item: hydroclassifier-mk01,,,True,item-craft: hydroclassifier-mk01 --> item: hydroclassifier-mk01,False,False,0,0
4083,1949,__pr_graph_lp_or_to_or_and__: 4165:item-craft: impact-crusher-mk01 --> item: impact-crusher-mk01,,,True,item-craft: impact-crusher-mk01 --> item: impact-crusher-mk01,False,False,0,0
4084,1951,__pr_graph_lp_or_to_or_and__: 4171:item-craft: casting-unit-mk01 --> item: casting-unit-mk01,,,True,item-craft: casting-unit-mk01 --> item: casting-unit-mk01,False,False,0,0
4085,1952,__pr_graph_lp_or_to_or_and__: 4174:item-craft: bof-mk01 --> item: bof-mk01,,,True,item-craft: bof-mk01 --> item: bof-mk01,False,False,0,0
4086,1953,__pr_graph_lp_or_to_or_and__: 4177:item-craft: eaf-mk01 --> item: eaf-mk01,,,True,item-craft: eaf-mk01 --> item: eaf-mk01,False,False,0,0
4087,1954,__pr_graph_lp_or_to_or_and__: 4180:item-craft: salt-mine --> item: salt-mine,,,True,item-craft: salt-mine --> item: salt-mine,False,False,0,0
4088,1955,__pr_graph_lp_or_to_or_and__: 4183:item-craft: clay --> item: clay,,,True,item-craft: clay --> item: clay,False,False,0,0
4089,1956,__pr_graph_lp_or_to_or_and__: 4185:item-craft: melamine --> item: melamine,,,True,item-craft: melamine --> item: melamine,False,False,0,0
4090,1957,__pr_graph_lp_or_to_or_and__: 4187:item-craft: melamine-resin --> item: melamine-resin,,,True,item-craft: melamine-resin --> item: melamine-resin,False,False,0,0
4091,1958,__pr_graph_lp_or_to_or_and__: 4189:item-craft: urea --> item: urea,,,True,item-craft: urea --> item: urea,False,False,0,0
4092,1959,__pr_graph_lp_or_to_or_and__: 4191:item-craft: ceramic --> item: ceramic,,,True,item-craft: ceramic --> item: ceramic,False,False,0,0
4093,1960,__pr_graph_lp_or_to_or_and__: 4193:item-craft: inductor1 --> item: inductor1,,,True,item-craft: inductor1 --> item: inductor1,False,False,0,0
4094,1961,__pr_graph_lp_or_to_or_and__: 4196:item-craft: capacitor1 --> item: capacitor1,,,True,item-craft: capacitor1 --> item: capacitor1,False,False,0,0
4095,1962,__pr_graph_lp_or_to_or_and__: 4198:item-craft: resistor1 --> item: resistor1,,,True,item-craft: resistor1 --> item: resistor1,False,False,0,0
4096,1963,__pr_graph_lp_or_to_or_and__: 4200:item-craft: graphite --> item: graphite,,,True,item-craft: graphite --> item: graphite,False,False,0,0
4097,1964,__pr_graph_lp_or_to_or_and__: 4202:item-craft: vacuum-tube --> item: vacuum-tube,,,True,item-craft: vacuum-tube --> item: vacuum-tube,False,False,0,0
4098,1965,__pr_graph_lp_or_to_or_and__: 4204:item-craft: pcb1 --> item: pcb1,,,True,item-craft: pcb1 --> item: pcb1,False,False,0,0
4099,1966,__pr_graph_lp_or_to_or_and__: 4206:item-craft: fiberboard --> item: fiberboard,,,True,item-craft: fiberboard --> item: fiberboard,False,False,0,0
4100,1969,__pr_graph_lp_or_to_or_and__: 4213:item-craft: bones --> item: bones,,,True,item-craft: bones --> item: bones,False,False,0,0
4101,1970,__pr_graph_lp_or_to_or_and__: 4218:item-craft: meat --> item: meat,,,True,item-craft: meat --> item: meat,False,False,0,0
4102,1971,__pr_graph_lp_or_to_or_and__: 4224:item-craft: skin --> item: skin,,,True,item-craft: skin --> item: skin,False,False,0,0
4103,1972,__pr_graph_lp_or_to_or_and__: 4229:item-craft: fertilizer --> item: fertilizer,,,True,item-craft: fertilizer --> item: fertilizer,False,False,0,0
4104,1974,__pr_graph_lp_or_to_or_and__: 4234:item-craft: moondrop-greenhouse-mk01 --> item: moondrop-greenhouse-mk01,,,True,item-craft: moondrop-greenhouse-mk01 --> item: moondrop-greenhouse-mk01,False,False,0,0
4105,1975,__pr_graph_lp_or_to_or_and__: 4237:item-craft: fbreactor-mk01 --> item: fbreactor-mk01,,,True,item-craft: fbreactor-mk01 --> item: fbreactor-mk01,False,False,0,0
4106,1977,__pr_graph_lp_or_to_or_and__: 4243:item-craft: pulp-mill-mk01 --> item: pulp-mill-mk01,,,True,item-craft: pulp-mill-mk01 --> item: pulp-mill-mk01,False,False,0,0
4107,1978,__pr_graph_lp_or_to_or_and__: 4246:item-craft: pcb-factory-mk01 --> item: pcb-factory-mk01,,,True,item-craft: pcb-factory-mk01 --> item: pcb-factory-mk01,False,False,0,0
4108,1980,__pr_graph_lp_or_to_or_and__: 4252:item-craft: small-parts-01 --> item: small-parts-01,,,True,item-craft: small-parts-01 --> item: small-parts-01,False,False,0,0
4109,1982,__pr_graph_lp_or_to_or_and__: 4256:item-craft: bolts --> item: bolts,,,True,item-craft: bolts --> item: bolts,False,False,0,0
4110,1983,__pr_graph_lp_or_to_or_and__: 4258:item-craft: rubber --> item: rubber,,,True,item-craft: rubber --> item: rubber,False,False,0,0
4111,1984,__pr_graph_lp_or_to_or_and__: 4260:item-craft: belt --> item: belt,,,True,item-craft: belt --> item: belt,False,False,0,0
4112,1985,__pr_graph_lp_or_to_or_and__: 4262:item-craft: soot --> item: soot,,,True,item-craft: soot --> item: soot,False,False,0,0
4113,1986,__pr_graph_lp_or_to_or_and__: 4265:item-craft: kerogen --> item: kerogen,,,True,item-craft: kerogen --> item: kerogen,False,False,0,0
4114,1989,__pr_graph_lp_or_to_or_and__: 4275:item-craft: upgrader-mk01 --> item: upgrader-mk01,,,True,item-craft: upgrader-mk01 --> item: upgrader-mk01,False,False,0,0
4115,1990,__pr_graph_lp_or_to_or_and__: 4278:item-craft: py-tank-10000 --> item: py-tank-10000,,,True,item-craft: py-tank-10000 --> item: py-tank-10000,False,False,0,0
4116,1991,__pr_graph_lp_or_to_or_and__: 4281:item-craft: py-tank-9000 --> item: py-tank-9000,,,True,item-craft: py-tank-9000 --> item: py-tank-9000,False,False,0,0
4117,1992,__pr_graph_lp_or_to_or_and__: 4284:item-craft: cracker-mk01 --> item: cracker-mk01,,,True,item-craft: cracker-mk01 --> item: cracker-mk01,False,False,0,0
4118,1993,__pr_graph_lp_or_to_or_and__: 4287:item-craft: reformer-mk01 --> item: reformer-mk01,,,True,item-craft: reformer-mk01 --> item: reformer-mk01,False,False,0,0
4119,1995,__pr_graph_lp_or_to_or_and__: 4293:item-craft: gas-refinery-mk01 --> item: gas-refinery-mk01,,,True,item-craft: gas-refinery-mk01 --> item: gas-refinery-mk01,False,False,0,0
4120,1996,__pr_graph_lp_or_to_or_and__: 4296:item-craft: retorter --> item: retorter,,,True,item-craft: retorter --> item: retorter,False,False,0,0
4121,1997,__pr_graph_lp_or_to_or_and__: 4299:item-craft: oil-boiler-mk01 --> item: oil-boiler-mk01,,,True,item-craft: oil-boiler-mk01 --> item: oil-boiler-mk01,False,False,0,0
4122,1998,__pr_graph_lp_or_to_or_and__: 4302:item-craft: moss-farm-mk01 --> item: moss-farm-mk01,,,True,item-craft: moss-farm-mk01 --> item: moss-farm-mk01,False,False,0,0
4123,2004,__pr_graph_lp_or_to_or_and__: 4320:item-craft: creature-chamber-mk01 --> item: creature-chamber-mk01,,,True,item-craft: creature-chamber-mk01 --> item: creature-chamber-mk01,False,False,0,0
4124,2005,__pr_graph_lp_or_to_or_and__: 4323:item-craft: vrauks-paddock-mk01 --> item: vrauks-paddock-mk01,,,True,item-craft: vrauks-paddock-mk01 --> item: vrauks-paddock-mk01,False,False,0,0
4125,2006,__pr_graph_lp_or_to_or_and__: 4326:item-craft: slaughterhouse-mk01 --> item: slaughterhouse-mk01,,,True,item-craft: slaughterhouse-mk01 --> item: slaughterhouse-mk01,False,False,0,0
4126,2009,__pr_graph_lp_or_to_or_and__: 4335:item-craft: auog-paddock-mk01 --> item: auog-paddock-mk01,,,True,item-craft: auog-paddock-mk01 --> item: auog-paddock-mk01,False,False,0,0
4127,2010,__pr_graph_lp_or_to_or_and__: 4338:item-craft: fish-farm-mk01 --> item: fish-farm-mk01,,,True,item-craft: fish-farm-mk01 --> item: fish-farm-mk01,False,False,0,0
4128,2011,__pr_graph_lp_or_to_or_and__: 4341:item-craft: sap-extractor-mk01 --> item: sap-extractor-mk01,,,True,item-craft: sap-extractor-mk01 --> item: sap-extractor-mk01,False,False,0,0
4129,2012,__pr_graph_lp_or_to_or_and__: 4344:item-craft: generator-1 --> item: generator-1,,,True,item-craft: generator-1 --> item: generator-1,False,False,0,0
4130,2013,__pr_graph_lp_or_to_or_and__: 4347:item-craft: pyphoon-bay --> item: pyphoon-bay,,,True,item-craft: pyphoon-bay --> item: pyphoon-bay,False,False,0,0
4131,2014,__pr_graph_lp_or_to_or_and__: 4350:item-craft: flora-collector-mk01 --> item: flora-collector-mk01,,,True,item-craft: flora-collector-mk01 --> item: flora-collector-mk01,False,False,0,0
4132,2015,__pr_graph_lp_or_to_or_and__: 4353:item-craft: prandium-lab-mk01 --> item: prandium-lab-mk01,,,True,item-craft: prandium-lab-mk01 --> item: prandium-lab-mk01,False,False,0,0
4133,2021,__pr_graph_lp_or_to_or_and__: 4371:item-craft: biomass --> item: biomass,,,True,item-craft: biomass --> item: biomass,False,False,0,0
4134,2023,__pr_graph_lp_or_to_or_and__: 4430:item-craft: wood-seedling --> item: wood-seedling,,,True,item-craft: wood-seedling --> item: wood-seedling,False,False,0,0
4135,2025,__pr_graph_lp_or_to_or_and__: 4434:item-craft: empty-petri-dish --> item: empty-petri-dish,,,True,item-craft: empty-petri-dish --> item: empty-petri-dish,False,False,0,0
4136,2026,__pr_graph_lp_or_to_or_and__: 4437:item-craft: petri-dish --> item: petri-dish,,,True,item-craft: petri-dish --> item: petri-dish,False,False,0,0
4137,2027,__pr_graph_lp_or_to_or_and__: 4439:item-craft: petri-dish-bacteria --> item: petri-dish-bacteria,,,True,item-craft: petri-dish-bacteria --> item: petri-dish-bacteria,False,False,0,0
4138,2028,__pr_graph_lp_or_to_or_and__: 4441:item-craft: agar --> item: agar,,,True,item-craft: agar --> item: agar,False,False,0,0
4139,2029,__pr_graph_lp_or_to_or_and__: 4443:item-craft: moss-gen --> item: moss-gen,,,True,item-craft: moss-gen --> item: moss-gen,False,False,0,0
4140,2030,__pr_graph_lp_or_to_or_and__: 4445:item-craft: bio-container --> item: bio-container,,,True,item-craft: bio-container --> item: bio-container,False,False,0,0
4141,2031,__pr_graph_lp_or_to_or_and__: 4447:item-craft: bio-sample --> item: bio-sample,,,True,item-craft: bio-sample --> item: bio-sample,False,False,0,0
4142,2032,__pr_graph_lp_or_to_or_and__: 4449:item-craft: cocoon --> item: cocoon,,,True,item-craft: cocoon --> item: cocoon,False,False,0,0
4143,2033,__pr_graph_lp_or_to_or_and__: 4452:item-craft: cocoon-mk02 --> item: cocoon-mk02,,,True,item-craft: cocoon-mk02 --> item: cocoon-mk02,False,False,0,0
4144,2034,__pr_graph_lp_or_to_or_and__: 4454:item-craft: plasmids --> item: plasmids,,,True,item-craft: plasmids --> item: plasmids,False,False,0,0
4145,2035,__pr_graph_lp_or_to_or_and__: 4456:item-craft: retrovirus --> item: retrovirus,,,True,item-craft: retrovirus --> item: retrovirus,False,False,0,0
4146,2036,__pr_graph_lp_or_to_or_and__: 4458:item-craft: cdna --> item: cdna,,,True,item-craft: cdna --> item: cdna,False,False,0,0
4147,2037,__pr_graph_lp_or_to_or_and__: 4460:item-craft: cage --> item: cage,,,True,item-craft: cage --> item: cage,False,False,0,0
4148,2038,__pr_graph_lp_or_to_or_and__: 4466:item-craft: py-science-pack-1 --> item: py-science-pack-1,,,True,item-craft: py-science-pack-1 --> item: py-science-pack-1,False,False,0,0
4149,2039,__pr_graph_lp_or_to_or_and__: 4468:item-craft: guts --> item: guts,,,True,item-craft: guts --> item: guts,False,False,0,0
4150,2040,__pr_graph_lp_or_to_or_and__: 4474:item-craft: manure --> item: manure,,,True,item-craft: manure --> item: manure,False,False,0,0
4151,2041,__pr_graph_lp_or_to_or_and__: 4477:item-craft: brain --> item: brain,,,True,item-craft: brain --> item: brain,False,False,0,0
4152,2042,__pr_graph_lp_or_to_or_and__: 4482:item-craft: cellulose --> item: cellulose,,,True,item-craft: cellulose --> item: cellulose,False,False,0,0
4153,2043,__pr_graph_lp_or_to_or_and__: 4485:item-craft: chitin --> item: chitin,,,True,item-craft: chitin --> item: chitin,False,False,0,0
4154,2046,__pr_graph_lp_or_to_or_and__: 4491:item-craft: fawogae-codex --> item: fawogae-codex,,,True,item-craft: fawogae-codex --> item: fawogae-codex,False,False,0,0
4155,2047,__pr_graph_lp_or_to_or_and__: 4493:item-craft: earth-generic-sample --> item: earth-generic-sample,,,True,item-craft: earth-generic-sample --> item: earth-generic-sample,False,False,0,0
4156,2048,__pr_graph_lp_or_to_or_and__: 4495:item-craft: earth-flower-sample --> item: earth-flower-sample,,,True,item-craft: earth-flower-sample --> item: earth-flower-sample,False,False,0,0
4157,2049,__pr_graph_lp_or_to_or_and__: 4497:item-craft: earth-shroom-sample --> item: earth-shroom-sample,,,True,item-craft: earth-shroom-sample --> item: earth-shroom-sample,False,False,0,0
4158,2050,__pr_graph_lp_or_to_or_and__: 4499:item-craft: caged-auog --> item: caged-auog,,,True,item-craft: caged-auog --> item: caged-auog,False,False,0,0
4159,2051,__pr_graph_lp_or_to_or_and__: 4501:item-craft: earth-bear-sample --> item: earth-bear-sample,,,True,item-craft: earth-bear-sample --> item: earth-bear-sample,False,False,0,0
4160,2052,__pr_graph_lp_or_to_or_and__: 4503:item-craft: auog-pup --> item: auog-pup,,,True,item-craft: auog-pup --> item: auog-pup,False,False,0,0
4161,2053,__pr_graph_lp_or_to_or_and__: 4506:item-craft: auog-food-01 --> item: auog-food-01,,,True,item-craft: auog-food-01 --> item: auog-food-01,False,False,0,0
4162,2054,__pr_graph_lp_or_to_or_and__: 4508:item-craft: auog-codex --> item: auog-codex,,,True,item-craft: auog-codex --> item: auog-codex,False,False,0,0
4163,2055,__pr_graph_lp_or_to_or_and__: 4510:item-craft: fish-egg --> item: fish-egg,,,True,item-craft: fish-egg --> item: fish-egg,False,False,0,0
4164,2056,__pr_graph_lp_or_to_or_and__: 4512:item-craft: vrauks-food-01 --> item: vrauks-food-01,,,True,item-craft: vrauks-food-01 --> item: vrauks-food-01,False,False,0,0
4165,2058,__pr_graph_lp_or_to_or_and__: 4531:item-craft: sap-seeds --> item: sap-seeds,,,True,item-craft: sap-seeds --> item: sap-seeds,False,False,0,0
4166,2060,__pr_graph_lp_or_to_or_and__: 4535:item-craft: latex-slab --> item: latex-slab,,,True,item-craft: latex-slab --> item: latex-slab,False,False,0,0
4167,2061,__pr_graph_lp_or_to_or_and__: 4537:item-craft: latex --> item: latex,,,True,item-craft: latex --> item: latex,False,False,0,0
4168,2062,__pr_graph_lp_or_to_or_and__: 4539:item-craft: stopper --> item: stopper,,,True,item-craft: stopper --> item: stopper,False,False,0,0
4169,2063,__pr_graph_lp_or_to_or_and__: 4542:item-craft: caged-vrauks --> item: caged-vrauks,,,True,item-craft: caged-vrauks --> item: caged-vrauks,False,False,0,0
4170,2065,__pr_graph_lp_or_to_or_and__: 4546:item-craft: earth-mouse-sample --> item: earth-mouse-sample,,,True,item-craft: earth-mouse-sample --> item: earth-mouse-sample,False,False,0,0
4171,2066,__pr_graph_lp_or_to_or_and__: 4548:item-craft: cottongut --> item: cottongut,,,True,item-craft: cottongut --> item: cottongut,False,False,0,0
4172,2067,__pr_graph_lp_or_to_or_and__: 4550:item-craft: cottongut-food-01 --> item: cottongut-food-01,,,True,item-craft: cottongut-food-01 --> item: cottongut-food-01,False,False,0,0
4173,2068,__pr_graph_lp_or_to_or_and__: 4552:item-craft: cottongut-pup --> item: cottongut-pup,,,True,item-craft: cottongut-pup --> item: cottongut-pup,False,False,0,0
4174,2069,__pr_graph_lp_or_to_or_and__: 4555:item-craft: cottongut-pup-mk01 --> item: cottongut-pup-mk01,,,True,item-craft: cottongut-pup-mk01 --> item: cottongut-pup-mk01,False,False,0,0
4175,2070,__pr_graph_lp_or_to_or_and__: 4557:item-craft: solidified-sarcorus --> item: solidified-sarcorus,,,True,item-craft: solidified-sarcorus --> item: solidified-sarcorus,False,False,0,0
4176,2071,__pr_graph_lp_or_to_or_and__: 4559:item-craft: empty-planter-box --> item: empty-planter-box,,,True,item-craft: empty-planter-box --> item: empty-planter-box,False,False,0,0
4177,2072,__pr_graph_lp_or_to_or_and__: 4561:item-craft: planter-box --> item: planter-box,,,True,item-craft: planter-box --> item: planter-box,False,False,0,0
4178,2073,__pr_graph_lp_or_to_or_and__: 4564:item-craft: animal-sample-01 --> item: animal-sample-01,,,True,item-craft: animal-sample-01 --> item: animal-sample-01,False,False,0,0
4179,2074,__pr_graph_lp_or_to_or_and__: 4566:item-craft: workers-food --> item: workers-food,,,True,item-craft: workers-food --> item: workers-food,False,False,0,0
4180,2076,__pr_graph_lp_or_to_or_and__: 4570:item-craft: moondrop-seeds --> item: moondrop-seeds,,,True,item-craft: moondrop-seeds --> item: moondrop-seeds,False,False,0,0
4181,2077,__pr_graph_lp_or_to_or_and__: 4572:item-craft: outpost-fluid --> item: outpost-fluid,,,True,item-craft: outpost-fluid --> item: outpost-fluid,False,False,0,0
4182,2078,__pr_graph_lp_or_to_or_and__: 4575:item-craft: outpost --> item: outpost,,,True,item-craft: outpost --> item: outpost,False,False,0,0
4183,2080,__pr_graph_lp_or_to_or_and__: 4581:item-craft: seaweed-crop-mk01 --> item: seaweed-crop-mk01,,,True,item-craft: seaweed-crop-mk01 --> item: seaweed-crop-mk01,False,False,0,0
4184,2082,__pr_graph_lp_or_to_or_and__: 4587:item-craft: sb-grade-02 --> item: sb-grade-02,,,True,item-craft: sb-grade-02 --> item: sb-grade-02,False,False,0,0
4185,2084,__pr_graph_lp_or_to_or_and__: 4592:item-craft: sb-grade-04 --> item: sb-grade-04,,,True,item-craft: sb-grade-04 --> item: sb-grade-04,False,False,0,0
4186,2086,__pr_graph_lp_or_to_or_and__: 4597:item-craft: battery-mk01 --> item: battery-mk01,,,True,item-craft: battery-mk01 --> item: battery-mk01,False,False,0,0
4187,2088,__pr_graph_lp_or_to_or_and__: 4601:item-craft: fenxsb-alloy --> item: fenxsb-alloy,,,True,item-craft: fenxsb-alloy --> item: fenxsb-alloy,False,False,0,0
4188,2089,__pr_graph_lp_or_to_or_and__: 4603:item-craft: vitreloy --> item: vitreloy,,,True,item-craft: vitreloy --> item: vitreloy,False,False,0,0
4189,2090,__pr_graph_lp_or_to_or_and__: 4605:item-craft: intermetallics --> item: intermetallics,,,True,item-craft: intermetallics --> item: intermetallics,False,False,0,0
4190,2091,__pr_graph_lp_or_to_or_and__: 4607:item-craft: pbsb-alloy --> item: pbsb-alloy,,,True,item-craft: pbsb-alloy --> item: pbsb-alloy,False,False,0,0
4191,2092,__pr_graph_lp_or_to_or_and__: 4609:item-craft: mechanical-parts-01 --> item: mechanical-parts-01,,,True,item-craft: mechanical-parts-01 --> item: mechanical-parts-01,False,False,0,0
4192,2093,__pr_graph_lp_or_to_or_and__: 4611:item-craft: blade-mk01 --> item: blade-mk01,,,True,item-craft: blade-mk01 --> item: blade-mk01,False,False,0,0
4193,2096,__pr_graph_lp_or_to_or_and__: 4617:item-craft: utility-box-mk01 --> item: utility-box-mk01,,,True,item-craft: utility-box-mk01 --> item: utility-box-mk01,False,False,0,0
4194,2098,__pr_graph_lp_or_to_or_and__: 4621:item-craft: shaft-mk01 --> item: shaft-mk01,,,True,item-craft: shaft-mk01 --> item: shaft-mk01,False,False,0,0
4195,2102,__pr_graph_lp_or_to_or_and__: 4629:item-craft: electronics-mk01 --> item: electronics-mk01,,,True,item-craft: electronics-mk01 --> item: electronics-mk01,False,False,0,0
4196,2103,__pr_graph_lp_or_to_or_and__: 4631:item-craft: controler-mk01 --> item: controler-mk01,,,True,item-craft: controler-mk01 --> item: controler-mk01,False,False,0,0
4197,2104,__pr_graph_lp_or_to_or_and__: 4633:item-craft: brake-mk01 --> item: brake-mk01,,,True,item-craft: brake-mk01 --> item: brake-mk01,False,False,0,0
4198,2105,__pr_graph_lp_or_to_or_and__: 4635:item-craft: anemometer-mk01 --> item: anemometer-mk01,,,True,item-craft: anemometer-mk01 --> item: anemometer-mk01,False,False,0,0
4199,2107,__pr_graph_lp_or_to_or_and__: 4640:item-craft: vawt-turbine-mk01 --> item: vawt-turbine-mk01,,,True,item-craft: vawt-turbine-mk01 --> item: vawt-turbine-mk01,False,False,0,0
4200,2108,__pr_graph_lp_or_to_or_and__: 4643:item-craft: steam-turbine-mk01 --> item: steam-turbine-mk01,,,True,item-craft: steam-turbine-mk01 --> item: steam-turbine-mk01,False,False,0,0
4201,2112,__pr_graph_lp_or_to_or_and__: 4655:item-craft: tidal-mk01 --> item: tidal-mk01,,,True,item-craft: tidal-mk01 --> item: tidal-mk01,False,False,0,0
4202,2114,__pr_graph_lp_or_to_or_and__: 4661:item-craft: py-oil-powerplant-mk01 --> item: py-oil-powerplant-mk01,,,True,item-craft: py-oil-powerplant-mk01 --> item: py-oil-powerplant-mk01,False,False,0,0
4203,2116,__pr_graph_lp_or_to_or_and__: 4667:item-craft: py-electric-boiler --> item: py-electric-boiler,,,True,item-craft: py-electric-boiler --> item: py-electric-boiler,False,False,0,0
4204,2118,__pr_graph_lp_or_to_or_and__: 4783:item-craft: py-asphalt --> item: py-asphalt,,,True,item-craft: py-asphalt --> item: py-asphalt,False,False,0,0
4205,2119,__pr_graph_lp_or_to_or_and__: 4785:item-craft: py-limestone --> item: py-limestone,,,True,item-craft: py-limestone --> item: py-limestone,False,False,0,0
4206,2120,__pr_graph_lp_or_to_or_and__: 4787:item-craft: py-iron-oxide --> item: py-iron-oxide,,,True,item-craft: py-iron-oxide --> item: py-iron-oxide,False,False,0,0
4207,2121,__pr_graph_lp_or_to_or_and__: 4789:item-craft: nco-py-crane-mk1 --> item: nco-py-crane-mk1,,,True,item-craft: nco-py-crane-mk1 --> item: nco-py-crane-mk1,False,False,0,0
4208,2126,__pr_graph_lp_or_to_or_and__: 4804:item-craft: fluid-wagon --> item: fluid-wagon,,,True,item-craft: fluid-wagon --> item: fluid-wagon,False,False,0,0
4209,2129,__pr_graph_lp_or_to_or_and__: 4813:item-craft: aerial-blimp-mk01 --> item: aerial-blimp-mk01,,,True,item-craft: aerial-blimp-mk01 --> item: aerial-blimp-mk01,False,False,0,0
4210,2130,__pr_graph_lp_or_to_or_and__: 4816:item-craft: ralesia --> item: ralesia,,,True,item-craft: ralesia --> item: ralesia,False,False,0,0
4211,2131,__pr_graph_lp_or_to_or_and__: 4819:item-craft: tree-mk01 --> item: tree-mk01,,,True,item-craft: tree-mk01 --> item: tree-mk01,False,False,0,0
4212,2132,__pr_graph_lp_or_to_or_and__: 4821:item-craft: seaweed --> item: seaweed,,,True,item-craft: seaweed --> item: seaweed,False,False,0,0
4213,2134,__pr_graph_lp_or_to_or_and__: 4830:item-craft: sap-tree --> item: sap-tree,,,True,item-craft: sap-tree --> item: sap-tree,False,False,0,0
4214,2135,__pr_graph_lp_or_to_or_and__: 4832:item-craft: auog --> item: auog,,,True,item-craft: auog --> item: auog,False,False,0,0
4215,2136,__pr_graph_lp_or_to_or_and__: 4841:item-craft: fish --> item: fish,,,True,item-craft: fish --> item: fish,False,False,0,0
4216,2137,__pr_graph_lp_or_to_or_and__: 4844:item-craft: vrauks --> item: vrauks,,,True,item-craft: vrauks --> item: vrauks,False,False,0,0
4217,2138,__pr_graph_lp_or_to_or_and__: 4850:item-craft: vrauks-mk02 --> item: vrauks-mk02,,,True,item-craft: vrauks-mk02 --> item: vrauks-mk02,False,False,0,0
4218,2139,__pr_graph_lp_or_to_or_and__: 4854:item-craft: fawogae --> item: fawogae,,,True,item-craft: fawogae --> item: fawogae,False,False,0,0
4219,2140,__pr_graph_lp_or_to_or_and__: 4857:item-craft: cottongut-mk01 --> item: cottongut-mk01,,,True,item-craft: cottongut-mk01 --> item: cottongut-mk01,False,False,0,0
4220,2141,__pr_graph_lp_or_to_or_and__: 4861:item-craft: moondrop --> item: moondrop,,,True,item-craft: moondrop --> item: moondrop,False,False,0,0
4221,2142,__pr_graph_lp_or_to_or_and__: 4865:item-craft: digosaurus --> item: digosaurus,,,True,item-craft: digosaurus --> item: digosaurus,False,False,0,0
4222,2144,__pr_graph_lp_or_to_or_and__: 4870:item-craft: repair-pack --> item: repair-pack,,,True,item-craft: repair-pack --> item: repair-pack,False,False,0,0
4223,2160,__pr_graph_lp_or_to_or_and__: 6726:item: vrauks --> recipe-py-module: vrauks-cocoon-1,,,True,item: vrauks --> recipe-py-module: vrauks-cocoon-1,False,False,0,0
4224,2161,__pr_graph_lp_or_to_or_and__: 6727:item: vrauks-mk02 --> recipe-py-module: vrauks-cocoon-1,,,True,item: vrauks-mk02 --> recipe-py-module: vrauks-cocoon-1,False,False,0,0
4225,2162,__pr_graph_lp_or_to_or_and__: 6735:item: vrauks --> recipe-py-module: vrauks-cocoon-2,,,True,item: vrauks --> recipe-py-module: vrauks-cocoon-2,False,False,0,0
4226,2163,__pr_graph_lp_or_to_or_and__: 6736:item: vrauks-mk02 --> recipe-py-module: vrauks-cocoon-2,,,True,item: vrauks-mk02 --> recipe-py-module: vrauks-cocoon-2,False,False,0,0
4227,2170,__pr_graph_lp_or_to_or_and__: 6752:item: vrauks --> recipe-py-module: vrauks-mk02,,,True,item: vrauks --> recipe-py-module: vrauks-mk02,False,False,0,0
4228,2171,__pr_graph_lp_or_to_or_and__: 6753:item: vrauks-mk02 --> recipe-py-module: vrauks-mk02,,,True,item: vrauks-mk02 --> recipe-py-module: vrauks-mk02,False,False,0,0
4229,2235,__pr_graph_lp_or_to_or_and__: 8670:item: gunpowder --> energy-source-burner: chemical__biomass__jerry__nuke_2_1,,,True,item: gunpowder --> energy-source-burner: chemical__biomass__jerry__nuke_2_1,False,False,0,0
4230,2238,__pr_graph_lp_or_to_or_and__: 8673:item: kerogen --> energy-source-burner: chemical__biomass__jerry__nuke_2_1,,,True,item: kerogen --> energy-source-burner: chemical__biomass__jerry__nuke_2_1,False,False,0,0
4231,2258,__pr_graph_lp_or_to_or_and__: 8693:item: condensates-canister --> energy-source-burner: chemical__biomass__jerry__nuke_2_1,,,True,item: condensates-canister --> energy-source-burner: chemical__biomass__jerry__nuke_2_1,False,False,0,0
4232,2264,__pr_graph_lp_or_to_or_and__: 8699:item: coal --> energy-source-burner: chemical_2_1,,,True,item: coal --> energy-source-burner: chemical_2_1,False,False,0,0
4233,2265,__pr_graph_lp_or_to_or_and__: 8700:item: coke --> energy-source-burner: chemical_2_1,,,True,item: coke --> energy-source-burner: chemical_2_1,False,False,0,0
4234,2266,__pr_graph_lp_or_to_or_and__: 8701:item: coal-dust --> energy-source-burner: chemical_2_1,,,True,item: coal-dust --> energy-source-burner: chemical_2_1,False,False,0,0
4235,2267,__pr_graph_lp_or_to_or_and__: 8702:item: gunpowder --> energy-source-burner: chemical_2_1,,,True,item: gunpowder --> energy-source-burner: chemical_2_1,False,False,0,0
4236,2268,__pr_graph_lp_or_to_or_and__: 8703:item: raw-coal --> energy-source-burner: chemical_2_1,,,True,item: raw-coal --> energy-source-burner: chemical_2_1,False,False,0,0
4237,2269,__pr_graph_lp_or_to_or_and__: 8704:item: crushed-coal --> energy-source-burner: chemical_2_1,,,True,item: crushed-coal --> energy-source-burner: chemical_2_1,False,False,0,0
4238,2270,__pr_graph_lp_or_to_or_and__: 8705:item: kerogen --> energy-source-burner: chemical_2_1,,,True,item: kerogen --> energy-source-burner: chemical_2_1,False,False,0,0
4239,2348,__pr_graph_lp_or_to_or_and__: 8783:item: gunpowder --> energy-source-burner: chemical__biomass__nuke_2_1,,,True,item: gunpowder --> energy-source-burner: chemical__biomass__nuke_2_1,False,False,0,0
4240,2351,__pr_graph_lp_or_to_or_and__: 8786:item: kerogen --> energy-source-burner: chemical__biomass__nuke_2_1,,,True,item: kerogen --> energy-source-burner: chemical__biomass__nuke_2_1,False,False,0,0
4241,2419,__pr_graph_lp_or_to_or_and__: 9033:entity-build: accumulator --> entity: accumulator:noncoproduct-route,,,True,entity-build: accumulator --> entity: accumulator,False,False,0,0
4242,2420,__pr_graph_lp_or_to_or_and__: 9238:entity-operate: character --> recipe-category: crafting__0__0:noncoproduct-route,,,True,entity-operate: character --> recipe-category: crafting__0__0,False,False,0,0
4243,2422,__pr_graph_lp_or_to_or_and__: 9240:entity-operate: character --> recipe-category: wpu-handcrafting__0__0:noncoproduct-route,,,True,entity-operate: character --> recipe-category: wpu-handcrafting__0__0,False,False,0,0
4244,2425,__pr_graph_lp_or_to_or_and__: 9245:entity-build: arithmetic-combinator --> entity: arithmetic-combinator:noncoproduct-route,,,True,entity-build: arithmetic-combinator --> entity: arithmetic-combinator,False,False,0,0
4245,2426,__pr_graph_lp_or_to_or_and__: 9247:entity-build: assembling-machine-1 --> entity: assembling-machine-1:noncoproduct-route,,,True,entity-build: assembling-machine-1 --> entity: assembling-machine-1,False,False,0,0
4246,2427,__pr_graph_lp_or_to_or_and__: 9249:entity-build: assembling-machine-2 --> entity: assembling-machine-2:noncoproduct-route,,,True,entity-build: assembling-machine-2 --> entity: assembling-machine-2,False,False,0,0
4247,2428,__pr_graph_lp_or_to_or_and__: 9251:entity-build: distilator --> entity: distilator:noncoproduct-route,,,True,entity-build: distilator --> entity: distilator,False,False,0,0
4248,2429,__pr_graph_lp_or_to_or_and__: 9339:entity-build: gasifier --> entity: gasifier:noncoproduct-route,,,True,entity-build: gasifier --> entity: gasifier,False,False,0,0
4249,2433,__pr_graph_lp_or_to_or_and__: 9347:entity-build: hpf --> entity: hpf:noncoproduct-route,,,True,entity-build: hpf --> entity: hpf,False,False,0,0
4250,2437,__pr_graph_lp_or_to_or_and__: 9355:entity-build: soil-extractor-mk01 --> entity: soil-extractor-mk01:noncoproduct-route,,,True,entity-build: soil-extractor-mk01 --> entity: soil-extractor-mk01,False,False,0,0
4251,2439,__pr_graph_lp_or_to_or_and__: 9359:entity-build: washer --> entity: washer:noncoproduct-route,,,True,entity-build: washer --> entity: washer,False,False,0,0
4252,2440,__pr_graph_lp_or_to_or_and__: 9361:entity-build: classifier --> entity: classifier:noncoproduct-route,,,True,entity-build: classifier --> entity: classifier,False,False,0,0
4253,2442,__pr_graph_lp_or_to_or_and__: 9365:entity-build: fawogae-plantation-mk01 --> entity: fawogae-plantation-mk01:noncoproduct-route,,,True,entity-build: fawogae-plantation-mk01 --> entity: fawogae-plantation-mk01,False,False,0,0
4254,2444,__pr_graph_lp_or_to_or_and__: 9369:entity-build: jaw-crusher --> entity: jaw-crusher:noncoproduct-route,,,True,entity-build: jaw-crusher --> entity: jaw-crusher,False,False,0,0
4255,2446,__pr_graph_lp_or_to_or_and__: 9373:entity-build: automated-factory-mk01 --> entity: automated-factory-mk01:noncoproduct-route,,,True,entity-build: automated-factory-mk01 --> entity: automated-factory-mk01,False,False,0,0
4256,2447,__pr_graph_lp_or_to_or_and__: 9375:entity-build: botanical-nursery --> entity: botanical-nursery:noncoproduct-route,,,True,entity-build: botanical-nursery --> entity: botanical-nursery,False,False,0,0
4257,2448,__pr_graph_lp_or_to_or_and__: 9377:entity-build: wpu-mk01 --> entity: wpu-mk01:noncoproduct-route,,,True,entity-build: wpu-mk01 --> entity: wpu-mk01,False,False,0,0
4258,2450,__pr_graph_lp_or_to_or_and__: 9381:entity-build: glassworks-mk01 --> entity: glassworks-mk01:noncoproduct-route,,,True,entity-build: glassworks-mk01 --> entity: glassworks-mk01,False,False,0,0
4259,2452,__pr_graph_lp_or_to_or_and__: 9385:entity-build: plankton-farm --> entity: plankton-farm:noncoproduct-route,,,True,entity-build: plankton-farm --> entity: plankton-farm,False,False,0,0
4260,2453,__pr_graph_lp_or_to_or_and__: 9387:entity-build: mixer-mk01 --> entity: mixer-mk01:noncoproduct-route,,,True,entity-build: mixer-mk01 --> entity: mixer-mk01,False,False,0,0
4261,2456,__pr_graph_lp_or_to_or_and__: 9393:entity-build: genlab-mk01 --> entity: genlab-mk01:noncoproduct-route,,,True,entity-build: genlab-mk01 --> entity: genlab-mk01,False,False,0,0
4262,2458,__pr_graph_lp_or_to_or_and__: 9397:entity-build: py-heat-exchanger --> entity: py-heat-exchanger:noncoproduct-route,,,True,entity-build: py-heat-exchanger --> entity: py-heat-exchanger,False,False,0,0
4263,2460,__pr_graph_lp_or_to_or_and__: 9401:entity-build: scrubber-mk01 --> entity: scrubber-mk01:noncoproduct-route,,,True,entity-build: scrubber-mk01 --> entity: scrubber-mk01,False,False,0,0
4264,2462,__pr_graph_lp_or_to_or_and__: 9405:entity-build: hydroclassifier-mk01 --> entity: hydroclassifier-mk01:noncoproduct-route,,,True,entity-build: hydroclassifier-mk01 --> entity: hydroclassifier-mk01,False,False,0,0
4265,2463,__pr_graph_lp_or_to_or_and__: 9407:entity-build: impact-crusher-mk01 --> entity: impact-crusher-mk01:noncoproduct-route,,,True,entity-build: impact-crusher-mk01 --> entity: impact-crusher-mk01,False,False,0,0
4266,2464,__pr_graph_lp_or_to_or_and__: 9409:entity-build: electrolyzer-mk01 --> entity: electrolyzer-mk01:noncoproduct-route,,,True,entity-build: electrolyzer-mk01 --> entity: electrolyzer-mk01,False,False,0,0
4267,2465,__pr_graph_lp_or_to_or_and__: 9411:entity-build: casting-unit-mk01 --> entity: casting-unit-mk01:noncoproduct-route,,,True,entity-build: casting-unit-mk01 --> entity: casting-unit-mk01,False,False,0,0
4268,2467,__pr_graph_lp_or_to_or_and__: 9415:entity-build: eaf-mk01 --> entity: eaf-mk01:noncoproduct-route,,,True,entity-build: eaf-mk01 --> entity: eaf-mk01,False,False,0,0
4269,2468,__pr_graph_lp_or_to_or_and__: 9417:entity-build: clay-pit-mk01 --> entity: clay-pit-mk01:noncoproduct-route,,,True,entity-build: clay-pit-mk01 --> entity: clay-pit-mk01,False,False,0,0
4270,2470,__pr_graph_lp_or_to_or_and__: 9421:entity-build: fbreactor-mk01 --> entity: fbreactor-mk01:noncoproduct-route,,,True,entity-build: fbreactor-mk01 --> entity: fbreactor-mk01,False,False,0,0
4271,2472,__pr_graph_lp_or_to_or_and__: 9425:entity-build: pulp-mill-mk01 --> entity: pulp-mill-mk01:noncoproduct-route,,,True,entity-build: pulp-mill-mk01 --> entity: pulp-mill-mk01,False,False,0,0
4272,2473,__pr_graph_lp_or_to_or_and__: 9427:entity-build: pcb-factory-mk01 --> entity: pcb-factory-mk01:noncoproduct-route,,,True,entity-build: pcb-factory-mk01 --> entity: pcb-factory-mk01,False,False,0,0
4273,2474,__pr_graph_lp_or_to_or_and__: 9429:entity-build: chipshooter-mk01 --> entity: chipshooter-mk01:noncoproduct-route,,,True,entity-build: chipshooter-mk01 --> entity: chipshooter-mk01,False,False,0,0
4274,2476,__pr_graph_lp_or_to_or_and__: 9433:entity-build: upgrader-mk01 --> entity: upgrader-mk01:noncoproduct-route,,,True,entity-build: upgrader-mk01 --> entity: upgrader-mk01,False,False,0,0
4275,2477,__pr_graph_lp_or_to_or_and__: 9435:entity-build: cracker-mk01 --> entity: cracker-mk01:noncoproduct-route,,,True,entity-build: cracker-mk01 --> entity: cracker-mk01,False,False,0,0
4276,2479,__pr_graph_lp_or_to_or_and__: 9439:entity-build: rhe --> entity: rhe:noncoproduct-route,,,True,entity-build: rhe --> entity: rhe,False,False,0,0
4277,2480,__pr_graph_lp_or_to_or_and__: 9441:entity-build: gas-refinery-mk01 --> entity: gas-refinery-mk01:noncoproduct-route,,,True,entity-build: gas-refinery-mk01 --> entity: gas-refinery-mk01,False,False,0,0
4278,2482,__pr_graph_lp_or_to_or_and__: 9445:entity-build: moss-farm-mk01 --> entity: moss-farm-mk01:noncoproduct-route,,,True,entity-build: moss-farm-mk01 --> entity: moss-farm-mk01,False,False,0,0
4279,2484,__pr_graph_lp_or_to_or_and__: 9449:entity-build: fwf-mk01 --> entity: fwf-mk01:noncoproduct-route,,,True,entity-build: fwf-mk01 --> entity: fwf-mk01,False,False,0,0
4280,2489,__pr_graph_lp_or_to_or_and__: 9459:entity-build: vrauks-paddock-mk01 --> entity: vrauks-paddock-mk01:noncoproduct-route,,,True,entity-build: vrauks-paddock-mk01 --> entity: vrauks-paddock-mk01,False,False,0,0
4281,2490,__pr_graph_lp_or_to_or_and__: 9461:entity-build: slaughterhouse-mk01 --> entity: slaughterhouse-mk01:noncoproduct-route,,,True,entity-build: slaughterhouse-mk01 --> entity: slaughterhouse-mk01,False,False,0,0
4282,2493,__pr_graph_lp_or_to_or_and__: 9467:entity-build: auog-paddock-mk01 --> entity: auog-paddock-mk01:noncoproduct-route,,,True,entity-build: auog-paddock-mk01 --> entity: auog-paddock-mk01,False,False,0,0
4283,2497,__pr_graph_lp_or_to_or_and__: 9475:entity-build: prandium-lab-mk01 --> entity: prandium-lab-mk01:noncoproduct-route,,,True,entity-build: prandium-lab-mk01 --> entity: prandium-lab-mk01,False,False,0,0
4284,2498,__pr_graph_lp_or_to_or_and__: 9477:entity-build: research-center-mk01 --> entity: research-center-mk01:noncoproduct-route,,,True,entity-build: research-center-mk01 --> entity: research-center-mk01,False,False,0,0
4285,2500,__pr_graph_lp_or_to_or_and__: 9481:entity-build: dino-dig-site --> entity: dino-dig-site:noncoproduct-route,,,True,entity-build: dino-dig-site --> entity: dino-dig-site,False,False,0,0
4286,2505,__pr_graph_lp_or_to_or_and__: 9491:entity-build: py-biomass-powerplant-mk01 --> entity: py-biomass-powerplant-mk01:noncoproduct-route,,,True,entity-build: py-biomass-powerplant-mk01 --> entity: py-biomass-powerplant-mk01,False,False,0,0
4287,2506,__pr_graph_lp_or_to_or_and__: 9493:entity-build: py-electric-boiler --> entity: py-electric-boiler:noncoproduct-route,,,True,entity-build: py-electric-boiler --> entity: py-electric-boiler,False,False,0,0
4288,2508,__pr_graph_lp_or_to_or_and__: 9497:entity-build: oil-boiler-mk01 --> entity: oil-boiler-mk01:noncoproduct-route,,,True,entity-build: oil-boiler-mk01 --> entity: oil-boiler-mk01,False,False,0,0
4289,2509,__pr_graph_lp_or_to_or_and__: 9499:entity-build: generator-1 --> entity: generator-1:noncoproduct-route,,,True,entity-build: generator-1 --> entity: generator-1,False,False,0,0
4290,2513,__pr_graph_lp_or_to_or_and__: 9507:entity-build: py-construction-robot-mk01 --> entity: py-construction-robot-mk01:noncoproduct-route,,,True,entity-build: py-construction-robot-mk01 --> entity: py-construction-robot-mk01,False,False,0,0
4291,2514,__pr_graph_lp_or_to_or_and__: 9509:entity-build: wooden-chest --> entity: wooden-chest:noncoproduct-route,,,True,entity-build: wooden-chest --> entity: wooden-chest,False,False,0,0
4292,2517,__pr_graph_lp_or_to_or_and__: 9515:entity-build: py-shed-basic --> entity: py-shed-basic:noncoproduct-route,,,True,entity-build: py-shed-basic --> entity: py-shed-basic,False,False,0,0
4293,2519,__pr_graph_lp_or_to_or_and__: 9519:entity-build: py-warehouse-basic --> entity: py-warehouse-basic:noncoproduct-route,,,True,entity-build: py-warehouse-basic --> entity: py-warehouse-basic,False,False,0,0
4294,2520,__pr_graph_lp_or_to_or_and__: 9521:entity-build: py-deposit-basic --> entity: py-deposit-basic:noncoproduct-route,,,True,entity-build: py-deposit-basic --> entity: py-deposit-basic,False,False,0,0
4295,2521,__pr_graph_lp_or_to_or_and__: 9523:entity-build: outpost --> entity: outpost:noncoproduct-route,,,True,entity-build: outpost --> entity: outpost,False,False,0,0
4296,2523,__pr_graph_lp_or_to_or_and__: 9527:entity-build: display-panel --> entity: display-panel:noncoproduct-route,,,True,entity-build: display-panel --> entity: display-panel,False,False,0,0
4297,2525,__pr_graph_lp_or_to_or_and__: 9531:entity-build: medium-electric-pole --> entity: medium-electric-pole:noncoproduct-route,,,True,entity-build: medium-electric-pole --> entity: medium-electric-pole,False,False,0,0
4298,2526,__pr_graph_lp_or_to_or_and__: 9533:entity-build: fluid-wagon --> entity: fluid-wagon:noncoproduct-route,,,True,entity-build: fluid-wagon --> entity: fluid-wagon,False,False,0,0
4299,2527,__pr_graph_lp_or_to_or_and__: 9535:entity-build: stone-furnace --> entity: stone-furnace:noncoproduct-route,,,True,entity-build: stone-furnace --> entity: stone-furnace,False,False,0,0
4300,2528,__pr_graph_lp_or_to_or_and__: 9537:entity-build: steel-furnace --> entity: steel-furnace:noncoproduct-route,,,True,entity-build: steel-furnace --> entity: steel-furnace,False,False,0,0
4301,2530,__pr_graph_lp_or_to_or_and__: 9541:entity-build: py-burner --> entity: py-burner:noncoproduct-route,,,True,entity-build: py-burner --> entity: py-burner,False,False,0,0
4302,2533,__pr_graph_lp_or_to_or_and__: 9547:entity-build: compost-plant-mk01 --> entity: compost-plant-mk01:noncoproduct-route,,,True,entity-build: compost-plant-mk01 --> entity: compost-plant-mk01,False,False,0,0
4303,2534,__pr_graph_lp_or_to_or_and__: 9549:entity-build: gate --> entity: gate:noncoproduct-route,,,True,entity-build: gate --> entity: gate,False,False,0,0
4304,2535,__pr_graph_lp_or_to_or_and__: 9551:entity-build: steam-engine --> entity: steam-engine:noncoproduct-route,,,True,entity-build: steam-engine --> entity: steam-engine,False,False,0,0
4305,2536,__pr_graph_lp_or_to_or_and__: 9553:entity-build: steam-turbine-mk01 --> entity: steam-turbine-mk01:noncoproduct-route,,,True,entity-build: steam-turbine-mk01 --> entity: steam-turbine-mk01,False,False,0,0
4306,2538,__pr_graph_lp_or_to_or_and__: 9557:entity-build: long-handed-inserter --> entity: long-handed-inserter:noncoproduct-route,,,True,entity-build: long-handed-inserter --> entity: long-handed-inserter,False,False,0,0
4307,2540,__pr_graph_lp_or_to_or_and__: 9561:entity-build: nco-py-crane-mk1 --> entity: nco-py-crane-mk1:noncoproduct-route,,,True,entity-build: nco-py-crane-mk1 --> entity: nco-py-crane-mk1,False,False,0,0
4308,2542,__pr_graph_lp_or_to_or_and__: 9565:entity-build: lab --> entity: lab:noncoproduct-route,,,True,entity-build: lab --> entity: lab,False,False,0,0
4309,2544,__pr_graph_lp_or_to_or_and__: 9569:entity-build: locomotive --> entity: locomotive:noncoproduct-route,,,True,entity-build: locomotive --> entity: locomotive,False,False,0,0
4310,2546,__pr_graph_lp_or_to_or_and__: 9573:entity-build: electric-mining-drill --> entity: electric-mining-drill:noncoproduct-route,,,True,entity-build: electric-mining-drill --> entity: electric-mining-drill,False,False,0,0
4311,2547,__pr_graph_lp_or_to_or_and__: 9575:entity-build: burner-mining-drill --> entity: burner-mining-drill:noncoproduct-route,,,True,entity-build: burner-mining-drill --> entity: burner-mining-drill,False,False,0,0
4312,2548,__pr_graph_lp_or_to_or_and__: 9577:entity-build: borax-mine --> entity: borax-mine:noncoproduct-route,,,True,entity-build: borax-mine --> entity: borax-mine,False,False,0,0
4313,2549,__pr_graph_lp_or_to_or_and__: 9579:entity-build: salt-mine --> entity: salt-mine:noncoproduct-route,,,True,entity-build: salt-mine --> entity: salt-mine,False,False,0,0
4314,2551,__pr_graph_lp_or_to_or_and__: 9583:entity-build: fluid-drill-mk01 --> entity: fluid-drill-mk01:noncoproduct-route,,,True,entity-build: fluid-drill-mk01 --> entity: fluid-drill-mk01,False,False,0,0
4315,2552,__pr_graph_lp_or_to_or_and__: 9585:entity-build: fluid-drill-mk02 --> entity: fluid-drill-mk02:noncoproduct-route,,,True,entity-build: fluid-drill-mk02 --> entity: fluid-drill-mk02,False,False,0,0
4316,2553,__pr_graph_lp_or_to_or_and__: 9587:entity-build: geothermal-plant-mk01 --> entity: geothermal-plant-mk01:noncoproduct-route,,,True,entity-build: geothermal-plant-mk01 --> entity: geothermal-plant-mk01,False,False,0,0
4317,2554,__pr_graph_lp_or_to_or_and__: 9589:entity-build: antimony-drill-mk01 --> entity: antimony-drill-mk01:noncoproduct-route,,,True,entity-build: antimony-drill-mk01 --> entity: antimony-drill-mk01,False,False,0,0
4318,2556,__pr_graph_lp_or_to_or_and__: 9593:entity-build: pipe --> entity: pipe:noncoproduct-route,,,True,entity-build: pipe --> entity: pipe,False,False,0,0
4319,2558,__pr_graph_lp_or_to_or_and__: 9597:entity-build: power-switch --> entity: power-switch:noncoproduct-route,,,True,entity-build: power-switch --> entity: power-switch,False,False,0,0
4320,2559,__pr_graph_lp_or_to_or_and__: 9599:entity-build: programmable-speaker --> entity: programmable-speaker:noncoproduct-route,,,True,entity-build: programmable-speaker --> entity: programmable-speaker,False,False,0,0
4321,2560,__pr_graph_lp_or_to_or_and__: 9601:entity-build: pump --> entity: pump:noncoproduct-route,,,True,entity-build: pump --> entity: pump,False,False,0,0
4322,2561,__pr_graph_lp_or_to_or_and__: 9603:entity-build: radar --> entity: radar:noncoproduct-route,,,True,entity-build: radar --> entity: radar,False,False,0,0
4323,2565,__pr_graph_lp_or_to_or_and__: 9611:entity-build: py-roboport-mk01 --> entity: py-roboport-mk01:noncoproduct-route,,,True,entity-build: py-roboport-mk01 --> entity: py-roboport-mk01,False,False,0,0
4324,2566,__pr_graph_lp_or_to_or_and__: 9613:entity-build: py-recharge-station-mk01 --> entity: py-recharge-station-mk01:noncoproduct-route,,,True,entity-build: py-recharge-station-mk01 --> entity: py-recharge-station-mk01,False,False,0,0
4325,2569,__pr_graph_lp_or_to_or_and__: 9619:entity-build: tidal-mk01 --> entity: tidal-mk01:noncoproduct-route,,,True,entity-build: tidal-mk01 --> entity: tidal-mk01,False,False,0,0
4326,2570,__pr_graph_lp_or_to_or_and__: 9621:entity-build: hawt-turbine-mk01 --> entity: hawt-turbine-mk01:noncoproduct-route,,,True,entity-build: hawt-turbine-mk01 --> entity: hawt-turbine-mk01,False,False,0,0
4327,2571,__pr_graph_lp_or_to_or_and__: 9623:entity-build: vawt-turbine-mk01 --> entity: vawt-turbine-mk01:noncoproduct-route,,,True,entity-build: vawt-turbine-mk01 --> entity: vawt-turbine-mk01,False,False,0,0
4328,2574,__pr_graph_lp_or_to_or_and__: 9629:entity-build: storage-tank --> entity: storage-tank:noncoproduct-route,,,True,entity-build: storage-tank --> entity: storage-tank,False,False,0,0
4329,2577,__pr_graph_lp_or_to_or_and__: 9635:entity-build: py-tank-1500 --> entity: py-tank-1500:noncoproduct-route,,,True,entity-build: py-tank-1500 --> entity: py-tank-1500,False,False,0,0
4330,2579,__pr_graph_lp_or_to_or_and__: 9639:entity-build: py-tank-4000 --> entity: py-tank-4000:noncoproduct-route,,,True,entity-build: py-tank-4000 --> entity: py-tank-4000,False,False,0,0
4331,2580,__pr_graph_lp_or_to_or_and__: 9641:entity-build: py-tank-5000 --> entity: py-tank-5000:noncoproduct-route,,,True,entity-build: py-tank-5000 --> entity: py-tank-5000,False,False,0,0
4332,2583,__pr_graph_lp_or_to_or_and__: 9647:entity-build: py-tank-8000 --> entity: py-tank-8000:noncoproduct-route,,,True,entity-build: py-tank-8000 --> entity: py-tank-8000,False,False,0,0
4333,2585,__pr_graph_lp_or_to_or_and__: 9651:entity-build: py-tank-10000 --> entity: py-tank-10000:noncoproduct-route,,,True,entity-build: py-tank-10000 --> entity: py-tank-10000,False,False,0,0
4334,2586,__pr_graph_lp_or_to_or_and__: 9653:entity-build: py-tank-9000 --> entity: py-tank-9000:noncoproduct-route,,,True,entity-build: py-tank-9000 --> entity: py-tank-9000,False,False,0,0
4335,2589,__pr_graph_lp_or_to_or_and__: 9659:entity-build: train-stop --> entity: train-stop:noncoproduct-route,,,True,entity-build: train-stop --> entity: train-stop,False,False,0,0
4336,2590,__pr_graph_lp_or_to_or_and__: 9661:entity-build: transport-belt --> entity: transport-belt:noncoproduct-route,,,True,entity-build: transport-belt --> entity: transport-belt,False,False,0,0
4337,2591,__pr_graph_lp_or_to_or_and__: 9663:entity-build: underground-belt --> entity: underground-belt:noncoproduct-route,,,True,entity-build: underground-belt --> entity: underground-belt,False,False,0,0
4338,2595,__pr_graph_lp_or_to_or_and__: 9671:entity-build: py-overflow-valve --> entity: py-overflow-valve:noncoproduct-route,,,True,entity-build: py-overflow-valve --> entity: py-overflow-valve,False,False,0,0
4339,2597,__pr_graph_lp_or_to_or_and__: 9675:entity-build: stone-wall --> entity: stone-wall:noncoproduct-route,,,True,entity-build: stone-wall --> entity: stone-wall,False,False,0,0
4340,2598,__pr_graph_lp_or_to_or_and__: 9677:entity-build: poorman-wood-fence --> entity: poorman-wood-fence:noncoproduct-route,,,True,entity-build: poorman-wood-fence --> entity: poorman-wood-fence,False,False,0,0
4341,2599,__pr_graph_lp_or_to_or_and__: 9679:entity-build: wood-fence --> entity: wood-fence:noncoproduct-route,,,True,entity-build: wood-fence --> entity: wood-fence,False,False,0,0
4342,2601,__pr_graph_lp_or_to_or_and__: 9683:fluid-temperature: water: 15 --> fluid: water:noncoproduct-route,,,True,fluid-temperature: water: 15 --> fluid: water,False,False,0,0
4343,2602,__pr_graph_lp_or_to_or_and__: 9684:fluid-temperature: water: 15 --> fluid-temperature-range: water: nil: nil:noncoproduct-route,,,True,fluid-temperature: water: 15 --> fluid-temperature-range: water: nil: nil,False,False,0,0
4344,2605,__pr_graph_lp_or_to_or_and__: 9688:fluid-temperature: water: 100 --> fluid: water:noncoproduct-route,,,True,fluid-temperature: water: 100 --> fluid: water,False,False,0,0
4345,2606,__pr_graph_lp_or_to_or_and__: 9689:fluid-temperature: water: 100 --> fluid-temperature-range: water: nil: nil:noncoproduct-route,,,True,fluid-temperature: water: 100 --> fluid-temperature-range: water: nil: nil,False,False,0,0
4346,2609,__pr_graph_lp_or_to_or_and__: 9693:tile-fluid: deepwater --> fluid-create-offshore-temperature: water: 15:noncoproduct-route,,,True,tile-fluid: deepwater --> fluid-create-offshore-temperature: water: 15,False,False,0,0
4347,2610,__pr_graph_lp_or_to_or_and__: 9695:tile-fluid: water --> fluid-create-offshore-temperature: water: 15:noncoproduct-route,,,True,tile-fluid: water --> fluid-create-offshore-temperature: water: 15,False,False,0,0
4348,2611,__pr_graph_lp_or_to_or_and__: 9697:fluid-temperature: steam: 150 --> fluid: steam:noncoproduct-route,,,True,fluid-temperature: steam: 150 --> fluid: steam,False,False,0,0
4349,2612,__pr_graph_lp_or_to_or_and__: 9698:fluid-temperature: steam: 150 --> fluid-temperature-range: steam: nil: nil:noncoproduct-route,,,True,fluid-temperature: steam: 150 --> fluid-temperature-range: steam: nil: nil,False,False,0,0
4350,2614,__pr_graph_lp_or_to_or_and__: 9700:fluid-temperature: steam: 150 --> fluid-temperature-range: steam: 150: 150:noncoproduct-route,,,True,fluid-temperature: steam: 150 --> fluid-temperature-range: steam: 150: 150,False,False,0,0
4351,2615,__pr_graph_lp_or_to_or_and__: 9702:fluid-temperature: steam: 250 --> fluid: steam:noncoproduct-route,,,True,fluid-temperature: steam: 250 --> fluid: steam,False,False,0,0
4352,2616,__pr_graph_lp_or_to_or_and__: 9703:fluid-temperature: steam: 250 --> fluid-temperature-range: steam: nil: nil:noncoproduct-route,,,True,fluid-temperature: steam: 250 --> fluid-temperature-range: steam: nil: nil,False,False,0,0
4353,2618,__pr_graph_lp_or_to_or_and__: 9705:fluid-temperature: steam: 250 --> fluid-temperature-range: steam: 250: nil:noncoproduct-route,,,True,fluid-temperature: steam: 250 --> fluid-temperature-range: steam: 250: nil,False,False,0,0
4354,2620,__pr_graph_lp_or_to_or_and__: 9708:fluid-temperature: steam: 500 --> fluid: steam:noncoproduct-route,,,True,fluid-temperature: steam: 500 --> fluid: steam,False,False,0,0
4355,2621,__pr_graph_lp_or_to_or_and__: 9709:fluid-temperature: steam: 500 --> fluid-temperature-range: steam: nil: nil:noncoproduct-route,,,True,fluid-temperature: steam: 500 --> fluid-temperature-range: steam: nil: nil,False,False,0,0
4356,2623,__pr_graph_lp_or_to_or_and__: 9711:fluid-temperature: steam: 500 --> fluid-temperature-range: steam: 250: nil:noncoproduct-route,,,True,fluid-temperature: steam: 500 --> fluid-temperature-range: steam: 250: nil,False,False,0,0
4357,2630,__pr_graph_lp_or_to_or_and__: 9721:fluid-temperature: heavy-oil: 25 --> fluid: heavy-oil:noncoproduct-route,,,True,fluid-temperature: heavy-oil: 25 --> fluid: heavy-oil,False,False,0,0
4358,2631,__pr_graph_lp_or_to_or_and__: 9722:fluid-temperature: heavy-oil: 25 --> fluid-temperature-range: heavy-oil: nil: nil:noncoproduct-route,,,True,fluid-temperature: heavy-oil: 25 --> fluid-temperature-range: heavy-oil: nil: nil,False,False,0,0
4359,2632,__pr_graph_lp_or_to_or_and__: 9723:fluid-temperature: heavy-oil: 25 --> fluid-temperature-range: heavy-oil: 25: 25:noncoproduct-route,,,True,fluid-temperature: heavy-oil: 25 --> fluid-temperature-range: heavy-oil: 25: 25,False,False,0,0
4360,2639,__pr_graph_lp_or_to_or_and__: 9733:fluid-temperature: carbon-dioxide: 15 --> fluid: carbon-dioxide:noncoproduct-route,,,True,fluid-temperature: carbon-dioxide: 15 --> fluid: carbon-dioxide,False,False,0,0
4361,2640,__pr_graph_lp_or_to_or_and__: 9734:fluid-temperature: carbon-dioxide: 15 --> fluid-temperature-range: carbon-dioxide: nil: nil:noncoproduct-route,,,True,fluid-temperature: carbon-dioxide: 15 --> fluid-temperature-range: carbon-dioxide: nil: nil,False,False,0,0
4362,2641,__pr_graph_lp_or_to_or_and__: 9735:fluid-temperature: carbon-dioxide: 15 --> fluid-temperature-range: carbon-dioxide: 15: 15:noncoproduct-route,,,True,fluid-temperature: carbon-dioxide: 15 --> fluid-temperature-range: carbon-dioxide: 15: 15,False,False,0,0
4363,2642,__pr_graph_lp_or_to_or_and__: 9737:fluid-temperature: coal-gas: 15 --> fluid: coal-gas:noncoproduct-route,,,True,fluid-temperature: coal-gas: 15 --> fluid: coal-gas,False,False,0,0
4364,2643,__pr_graph_lp_or_to_or_and__: 9738:fluid-temperature: coal-gas: 15 --> fluid-temperature-range: coal-gas: nil: nil:noncoproduct-route,,,True,fluid-temperature: coal-gas: 15 --> fluid-temperature-range: coal-gas: nil: nil,False,False,0,0
4365,2644,__pr_graph_lp_or_to_or_and__: 9739:fluid-temperature: coal-gas: 15 --> fluid-temperature-range: coal-gas: 15: 15:noncoproduct-route,,,True,fluid-temperature: coal-gas: 15 --> fluid-temperature-range: coal-gas: 15: 15,False,False,0,0
4366,2645,__pr_graph_lp_or_to_or_and__: 9741:fluid-temperature: creosote: 10 --> fluid: creosote:noncoproduct-route,,,True,fluid-temperature: creosote: 10 --> fluid: creosote,False,False,0,0
4367,2646,__pr_graph_lp_or_to_or_and__: 9742:fluid-temperature: creosote: 10 --> fluid-temperature-range: creosote: nil: nil:noncoproduct-route,,,True,fluid-temperature: creosote: 10 --> fluid-temperature-range: creosote: nil: nil,False,False,0,0
4368,2647,__pr_graph_lp_or_to_or_and__: 9743:fluid-temperature: creosote: 10 --> fluid-temperature-range: creosote: 10: 10:noncoproduct-route,,,True,fluid-temperature: creosote: 10 --> fluid-temperature-range: creosote: 10: 10,False,False,0,0
4369,2649,__pr_graph_lp_or_to_or_and__: 9746:fluid-temperature: syngas: 15 --> fluid-temperature-range: syngas: nil: nil:noncoproduct-route,,,True,fluid-temperature: syngas: 15 --> fluid-temperature-range: syngas: nil: nil,False,False,0,0
4370,2651,__pr_graph_lp_or_to_or_and__: 9749:fluid-temperature: tar: 10 --> fluid: tar:noncoproduct-route,,,True,fluid-temperature: tar: 10 --> fluid: tar,False,False,0,0
4371,2652,__pr_graph_lp_or_to_or_and__: 9750:fluid-temperature: tar: 10 --> fluid-temperature-range: tar: nil: nil:noncoproduct-route,,,True,fluid-temperature: tar: 10 --> fluid-temperature-range: tar: nil: nil,False,False,0,0
4372,2664,__pr_graph_lp_or_to_or_and__: 9766:fluid-temperature: water-saline: 25 --> fluid-temperature-range: water-saline: nil: nil:noncoproduct-route,,,True,fluid-temperature: water-saline: 25 --> fluid-temperature-range: water-saline: nil: nil,False,False,0,0
4373,2670,__pr_graph_lp_or_to_or_and__: 9774:fluid-temperature: slacked-lime: 10 --> fluid-temperature-range: slacked-lime: nil: nil:noncoproduct-route,,,True,fluid-temperature: slacked-lime: 10 --> fluid-temperature-range: slacked-lime: nil: nil,False,False,0,0
4374,2676,__pr_graph_lp_or_to_or_and__: 9782:fluid-temperature: boric-acid: 10 --> fluid-temperature-range: boric-acid: nil: nil:noncoproduct-route,,,True,fluid-temperature: boric-acid: 10 --> fluid-temperature-range: boric-acid: nil: nil,False,False,0,0
4375,2679,__pr_graph_lp_or_to_or_and__: 9786:fluid-temperature: molten-glass: 10 --> fluid-temperature-range: molten-glass: nil: nil:noncoproduct-route,,,True,fluid-temperature: molten-glass: 10 --> fluid-temperature-range: molten-glass: nil: nil,False,False,0,0
4376,2682,__pr_graph_lp_or_to_or_and__: 9790:fluid-temperature: vacuum: 15 --> fluid-temperature-range: vacuum: nil: nil:noncoproduct-route,,,True,fluid-temperature: vacuum: 15 --> fluid-temperature-range: vacuum: nil: nil,False,False,0,0
4377,2687,__pr_graph_lp_or_to_or_and__: 9797:fluid-temperature: pressured-water: 10 --> fluid: pressured-water:noncoproduct-route,,,True,fluid-temperature: pressured-water: 10 --> fluid: pressured-water,False,False,0,0
4378,2690,__pr_graph_lp_or_to_or_and__: 9801:fluid-temperature: waste-water: 10 --> fluid: waste-water:noncoproduct-route,,,True,fluid-temperature: waste-water: 10 --> fluid: waste-water,False,False,0,0
4379,2691,__pr_graph_lp_or_to_or_and__: 9802:fluid-temperature: waste-water: 10 --> fluid-temperature-range: waste-water: nil: nil:noncoproduct-route,,,True,fluid-temperature: waste-water: 10 --> fluid-temperature-range: waste-water: nil: nil,False,False,0,0
4380,2692,__pr_graph_lp_or_to_or_and__: 9803:fluid-temperature: waste-water: 10 --> fluid-temperature-range: waste-water: 10: 10:noncoproduct-route,,,True,fluid-temperature: waste-water: 10 --> fluid-temperature-range: waste-water: 10: 10,False,False,0,0
4381,2700,__pr_graph_lp_or_to_or_and__: 9814:fluid-temperature: gasoline: 10 --> fluid: gasoline:noncoproduct-route,,,True,fluid-temperature: gasoline: 10 --> fluid: gasoline,False,False,0,0
4382,2701,__pr_graph_lp_or_to_or_and__: 9815:fluid-temperature: gasoline: 10 --> fluid-temperature-range: gasoline: nil: nil:noncoproduct-route,,,True,fluid-temperature: gasoline: 10 --> fluid-temperature-range: gasoline: nil: nil,False,False,0,0
4383,2704,__pr_graph_lp_or_to_or_and__: 9819:fluid-temperature: acetylene: 15 --> fluid-temperature-range: acetylene: nil: nil:noncoproduct-route,,,True,fluid-temperature: acetylene: 15 --> fluid-temperature-range: acetylene: nil: nil,False,False,0,0
4384,2706,__pr_graph_lp_or_to_or_and__: 9822:fluid-temperature: molten-aluminium: 10 --> fluid: molten-aluminium:noncoproduct-route,,,True,fluid-temperature: molten-aluminium: 10 --> fluid: molten-aluminium,False,False,0,0
4385,2707,__pr_graph_lp_or_to_or_and__: 9823:fluid-temperature: molten-aluminium: 10 --> fluid-temperature-range: molten-aluminium: nil: nil:noncoproduct-route,,,True,fluid-temperature: molten-aluminium: 10 --> fluid-temperature-range: molten-aluminium: nil: nil,False,False,0,0
4386,2708,__pr_graph_lp_or_to_or_and__: 9824:fluid-temperature: molten-aluminium: 10 --> fluid-temperature-range: molten-aluminium: 10: 10:noncoproduct-route,,,True,fluid-temperature: molten-aluminium: 10 --> fluid-temperature-range: molten-aluminium: 10: 10,False,False,0,0
4387,2709,__pr_graph_lp_or_to_or_and__: 9826:fluid-temperature: hydrogen: 15 --> fluid: hydrogen:noncoproduct-route,,,True,fluid-temperature: hydrogen: 15 --> fluid: hydrogen,False,False,0,0
4388,2710,__pr_graph_lp_or_to_or_and__: 9827:fluid-temperature: hydrogen: 15 --> fluid-temperature-range: hydrogen: nil: nil:noncoproduct-route,,,True,fluid-temperature: hydrogen: 15 --> fluid-temperature-range: hydrogen: nil: nil,False,False,0,0
4389,2711,__pr_graph_lp_or_to_or_and__: 9828:fluid-temperature: hydrogen: 15 --> fluid-temperature-range: hydrogen: 15: 15:noncoproduct-route,,,True,fluid-temperature: hydrogen: 15 --> fluid-temperature-range: hydrogen: 15: 15,False,False,0,0
4390,2713,__pr_graph_lp_or_to_or_and__: 9831:fluid-temperature: chlorine: 15 --> fluid-temperature-range: chlorine: nil: nil:noncoproduct-route,,,True,fluid-temperature: chlorine: 15 --> fluid-temperature-range: chlorine: nil: nil,False,False,0,0
4391,2715,__pr_graph_lp_or_to_or_and__: 9834:fluid-temperature: oxygen: 15 --> fluid: oxygen:noncoproduct-route,,,True,fluid-temperature: oxygen: 15 --> fluid: oxygen,False,False,0,0
4392,2716,__pr_graph_lp_or_to_or_and__: 9835:fluid-temperature: oxygen: 15 --> fluid-temperature-range: oxygen: nil: nil:noncoproduct-route,,,True,fluid-temperature: oxygen: 15 --> fluid-temperature-range: oxygen: nil: nil,False,False,0,0
4393,2717,__pr_graph_lp_or_to_or_and__: 9836:fluid-temperature: oxygen: 15 --> fluid-temperature-range: oxygen: 15: 15:noncoproduct-route,,,True,fluid-temperature: oxygen: 15 --> fluid-temperature-range: oxygen: 15: 15,False,False,0,0
4394,2729,__pr_graph_lp_or_to_or_and__: 9851:fluid-temperature: molten-iron: 10 --> fluid-temperature-range: molten-iron: nil: nil:noncoproduct-route,,,True,fluid-temperature: molten-iron: 10 --> fluid-temperature-range: molten-iron: nil: nil,False,False,0,0
4395,2731,__pr_graph_lp_or_to_or_and__: 9854:fluid-temperature: kerosene: 10 --> fluid: kerosene:noncoproduct-route,,,True,fluid-temperature: kerosene: 10 --> fluid: kerosene,False,False,0,0
4396,2732,__pr_graph_lp_or_to_or_and__: 9855:fluid-temperature: kerosene: 10 --> fluid-temperature-range: kerosene: nil: nil:noncoproduct-route,,,True,fluid-temperature: kerosene: 10 --> fluid-temperature-range: kerosene: nil: nil,False,False,0,0
4397,2733,__pr_graph_lp_or_to_or_and__: 9856:fluid-temperature: kerosene: 10 --> fluid-temperature-range: kerosene: 10: 10:noncoproduct-route,,,True,fluid-temperature: kerosene: 10 --> fluid-temperature-range: kerosene: 10: 10,False,False,0,0
4398,2734,__pr_graph_lp_or_to_or_and__: 9858:fluid-temperature: methane: 15 --> fluid: methane:noncoproduct-route,,,True,fluid-temperature: methane: 15 --> fluid: methane,False,False,0,0
4399,2735,__pr_graph_lp_or_to_or_and__: 9859:fluid-temperature: methane: 15 --> fluid-temperature-range: methane: nil: nil:noncoproduct-route,,,True,fluid-temperature: methane: 15 --> fluid-temperature-range: methane: nil: nil,False,False,0,0
4400,2741,__pr_graph_lp_or_to_or_and__: 9867:fluid-temperature: ammonia: 15 --> fluid-temperature-range: ammonia: nil: nil:noncoproduct-route,,,True,fluid-temperature: ammonia: 15 --> fluid-temperature-range: ammonia: nil: nil,False,False,0,0
4401,2744,__pr_graph_lp_or_to_or_and__: 9871:fluid-temperature: cyanic-acid: 10 --> fluid-temperature-range: cyanic-acid: nil: nil:noncoproduct-route,,,True,fluid-temperature: cyanic-acid: 10 --> fluid-temperature-range: cyanic-acid: nil: nil,False,False,0,0
4402,2747,__pr_graph_lp_or_to_or_and__: 9875:fluid-temperature: black-liquor: 10 --> fluid-temperature-range: black-liquor: nil: nil:noncoproduct-route,,,True,fluid-temperature: black-liquor: 10 --> fluid-temperature-range: black-liquor: nil: nil,False,False,0,0
4403,2749,__pr_graph_lp_or_to_or_and__: 9878:fluid-temperature: tall-oil: 10 --> fluid: tall-oil:noncoproduct-route,,,True,fluid-temperature: tall-oil: 10 --> fluid: tall-oil,False,False,0,0
4404,2750,__pr_graph_lp_or_to_or_and__: 9879:fluid-temperature: tall-oil: 10 --> fluid-temperature-range: tall-oil: nil: nil:noncoproduct-route,,,True,fluid-temperature: tall-oil: 10 --> fluid-temperature-range: tall-oil: nil: nil,False,False,0,0
4405,2751,__pr_graph_lp_or_to_or_and__: 9880:fluid-temperature: tall-oil: 10 --> fluid-temperature-range: tall-oil: 10: 10:noncoproduct-route,,,True,fluid-temperature: tall-oil: 10 --> fluid-temperature-range: tall-oil: 10: 10,False,False,0,0
4406,2753,__pr_graph_lp_or_to_or_and__: 9883:fluid-temperature: acetone: 15 --> fluid-temperature-range: acetone: nil: nil:noncoproduct-route,,,True,fluid-temperature: acetone: 15 --> fluid-temperature-range: acetone: nil: nil,False,False,0,0
4407,2758,__pr_graph_lp_or_to_or_and__: 9890:fluid-temperature: scrude: 10 --> fluid: scrude:noncoproduct-route,,,True,fluid-temperature: scrude: 10 --> fluid: scrude,False,False,0,0
4408,2759,__pr_graph_lp_or_to_or_and__: 9891:fluid-temperature: scrude: 10 --> fluid-temperature-range: scrude: nil: nil:noncoproduct-route,,,True,fluid-temperature: scrude: 10 --> fluid-temperature-range: scrude: nil: nil,False,False,0,0
4409,2760,__pr_graph_lp_or_to_or_and__: 9892:fluid-temperature: scrude: 10 --> fluid-temperature-range: scrude: 10: 10:noncoproduct-route,,,True,fluid-temperature: scrude: 10 --> fluid-temperature-range: scrude: 10: 10,False,False,0,0
4410,2761,__pr_graph_lp_or_to_or_and__: 9894:fluid-temperature: polybutadiene: 10 --> fluid: polybutadiene:noncoproduct-route,,,True,fluid-temperature: polybutadiene: 10 --> fluid: polybutadiene,False,False,0,0
4411,2762,__pr_graph_lp_or_to_or_and__: 9895:fluid-temperature: polybutadiene: 10 --> fluid-temperature-range: polybutadiene: nil: nil:noncoproduct-route,,,True,fluid-temperature: polybutadiene: 10 --> fluid-temperature-range: polybutadiene: nil: nil,False,False,0,0
4412,2763,__pr_graph_lp_or_to_or_and__: 9896:fluid-temperature: polybutadiene: 10 --> fluid-temperature-range: polybutadiene: 10: 10:noncoproduct-route,,,True,fluid-temperature: polybutadiene: 10 --> fluid-temperature-range: polybutadiene: 10: 10,False,False,0,0
4413,2764,__pr_graph_lp_or_to_or_and__: 9898:fluid-temperature: hot-air: 15 --> fluid: hot-air:noncoproduct-route,,,True,fluid-temperature: hot-air: 15 --> fluid: hot-air,False,False,0,0
4414,2765,__pr_graph_lp_or_to_or_and__: 9899:fluid-temperature: hot-air: 15 --> fluid-temperature-range: hot-air: nil: nil:noncoproduct-route,,,True,fluid-temperature: hot-air: 15 --> fluid-temperature-range: hot-air: nil: nil,False,False,0,0
4415,2766,__pr_graph_lp_or_to_or_and__: 9900:fluid-temperature: hot-air: 15 --> fluid-temperature-range: hot-air: 15: 15:noncoproduct-route,,,True,fluid-temperature: hot-air: 15 --> fluid-temperature-range: hot-air: 15: 15,False,False,0,0
4416,2767,__pr_graph_lp_or_to_or_and__: 9902:fluid-temperature: condensates: 10 --> fluid: condensates:noncoproduct-route,,,True,fluid-temperature: condensates: 10 --> fluid: condensates,False,False,0,0
4417,2768,__pr_graph_lp_or_to_or_and__: 9903:fluid-temperature: condensates: 10 --> fluid-temperature-range: condensates: nil: nil:noncoproduct-route,,,True,fluid-temperature: condensates: 10 --> fluid-temperature-range: condensates: nil: nil,False,False,0,0
4418,2771,__pr_graph_lp_or_to_or_and__: 9907:fluid-temperature: anthracene-oil: 10 --> fluid-temperature-range: anthracene-oil: nil: nil:noncoproduct-route,,,True,fluid-temperature: anthracene-oil: 10 --> fluid-temperature-range: anthracene-oil: nil: nil,False,False,0,0
4419,2776,__pr_graph_lp_or_to_or_and__: 9914:fluid-temperature: naphthalene-oil: 10 --> fluid: naphthalene-oil:noncoproduct-route,,,True,fluid-temperature: naphthalene-oil: 10 --> fluid: naphthalene-oil,False,False,0,0
4420,2777,__pr_graph_lp_or_to_or_and__: 9915:fluid-temperature: naphthalene-oil: 10 --> fluid-temperature-range: naphthalene-oil: nil: nil:noncoproduct-route,,,True,fluid-temperature: naphthalene-oil: 10 --> fluid-temperature-range: naphthalene-oil: nil: nil,False,False,0,0
4421,2778,__pr_graph_lp_or_to_or_and__: 9916:fluid-temperature: naphthalene-oil: 10 --> fluid-temperature-range: naphthalene-oil: 10: 10:noncoproduct-route,,,True,fluid-temperature: naphthalene-oil: 10 --> fluid-temperature-range: naphthalene-oil: 10: 10,False,False,0,0
4422,2779,__pr_graph_lp_or_to_or_and__: 9918:fluid-temperature: pitch: 10 --> fluid: pitch:noncoproduct-route,,,True,fluid-temperature: pitch: 10 --> fluid: pitch,False,False,0,0
4423,2780,__pr_graph_lp_or_to_or_and__: 9919:fluid-temperature: pitch: 10 --> fluid-temperature-range: pitch: nil: nil:noncoproduct-route,,,True,fluid-temperature: pitch: 10 --> fluid-temperature-range: pitch: nil: nil,False,False,0,0
4424,2781,__pr_graph_lp_or_to_or_and__: 9920:fluid-temperature: pitch: 10 --> fluid-temperature-range: pitch: 10: 10:noncoproduct-route,,,True,fluid-temperature: pitch: 10 --> fluid-temperature-range: pitch: 10: 10,False,False,0,0
4425,2782,__pr_graph_lp_or_to_or_and__: 9922:fluid-temperature: middle-oil: 10 --> fluid: middle-oil:noncoproduct-route,,,True,fluid-temperature: middle-oil: 10 --> fluid: middle-oil,False,False,0,0
4426,2783,__pr_graph_lp_or_to_or_and__: 9923:fluid-temperature: middle-oil: 10 --> fluid-temperature-range: middle-oil: nil: nil:noncoproduct-route,,,True,fluid-temperature: middle-oil: 10 --> fluid-temperature-range: middle-oil: nil: nil,False,False,0,0
4427,2784,__pr_graph_lp_or_to_or_and__: 9924:fluid-temperature: middle-oil: 10 --> fluid-temperature-range: middle-oil: 10: 10:noncoproduct-route,,,True,fluid-temperature: middle-oil: 10 --> fluid-temperature-range: middle-oil: 10: 10,False,False,0,0
4428,2785,__pr_graph_lp_or_to_or_and__: 9926:fluid-temperature: zogna-bacteria: 10 --> fluid: zogna-bacteria:noncoproduct-route,,,True,fluid-temperature: zogna-bacteria: 10 --> fluid: zogna-bacteria,False,False,0,0
4429,2786,__pr_graph_lp_or_to_or_and__: 9927:fluid-temperature: zogna-bacteria: 10 --> fluid-temperature-range: zogna-bacteria: nil: nil:noncoproduct-route,,,True,fluid-temperature: zogna-bacteria: 10 --> fluid-temperature-range: zogna-bacteria: nil: nil,False,False,0,0
4430,2787,__pr_graph_lp_or_to_or_and__: 9928:fluid-temperature: zogna-bacteria: 10 --> fluid-temperature-range: zogna-bacteria: 10: 10:noncoproduct-route,,,True,fluid-temperature: zogna-bacteria: 10 --> fluid-temperature-range: zogna-bacteria: 10: 10,False,False,0,0
4431,2792,__pr_graph_lp_or_to_or_and__: 9935:fluid-temperature: liquid-manure: 10 --> fluid-temperature-range: liquid-manure: nil: nil:noncoproduct-route,,,True,fluid-temperature: liquid-manure: 10 --> fluid-temperature-range: liquid-manure: nil: nil,False,False,0,0
4432,2794,__pr_graph_lp_or_to_or_and__: 9938:fluid-temperature: creamy-latex: 10 --> fluid: creamy-latex:noncoproduct-route,,,True,fluid-temperature: creamy-latex: 10 --> fluid: creamy-latex,False,False,0,0
4433,2795,__pr_graph_lp_or_to_or_and__: 9939:fluid-temperature: creamy-latex: 10 --> fluid-temperature-range: creamy-latex: nil: nil:noncoproduct-route,,,True,fluid-temperature: creamy-latex: 10 --> fluid-temperature-range: creamy-latex: nil: nil,False,False,0,0
4434,2796,__pr_graph_lp_or_to_or_and__: 9940:fluid-temperature: creamy-latex: 10 --> fluid-temperature-range: creamy-latex: 10: 10:noncoproduct-route,,,True,fluid-temperature: creamy-latex: 10 --> fluid-temperature-range: creamy-latex: 10: 10,False,False,0,0
4435,2798,__pr_graph_lp_or_to_or_and__: 9943:fluid-temperature: formic-acid: 15 --> fluid-temperature-range: formic-acid: nil: nil:noncoproduct-route,,,True,fluid-temperature: formic-acid: 15 --> fluid-temperature-range: formic-acid: nil: nil,False,False,0,0
4436,2803,__pr_graph_lp_or_to_or_and__: 9950:fluid-temperature: depolymerized-organics: 10 --> fluid: depolymerized-organics:noncoproduct-route,,,True,fluid-temperature: depolymerized-organics: 10 --> fluid: depolymerized-organics,False,False,0,0
4437,2804,__pr_graph_lp_or_to_or_and__: 9951:fluid-temperature: depolymerized-organics: 10 --> fluid-temperature-range: depolymerized-organics: nil: nil:noncoproduct-route,,,True,fluid-temperature: depolymerized-organics: 10 --> fluid-temperature-range: depolymerized-organics: nil: nil,False,False,0,0
4438,2805,__pr_graph_lp_or_to_or_and__: 9952:fluid-temperature: depolymerized-organics: 10 --> fluid-temperature-range: depolymerized-organics: 10: 10:noncoproduct-route,,,True,fluid-temperature: depolymerized-organics: 10 --> fluid-temperature-range: depolymerized-organics: 10: 10,False,False,0,0
4439,2806,__pr_graph_lp_or_to_or_and__: 9954:fluid-temperature: geothermal-water: 10 --> fluid: geothermal-water:noncoproduct-route,,,True,fluid-temperature: geothermal-water: 10 --> fluid: geothermal-water,False,False,0,0
4440,2807,__pr_graph_lp_or_to_or_and__: 9955:fluid-temperature: geothermal-water: 10 --> fluid-temperature-range: geothermal-water: nil: nil:noncoproduct-route,,,True,fluid-temperature: geothermal-water: 10 --> fluid-temperature-range: geothermal-water: nil: nil,False,False,0,0
4441,2808,__pr_graph_lp_or_to_or_and__: 9956:fluid-temperature: geothermal-water: 10 --> fluid-temperature-range: geothermal-water: 10: 10:noncoproduct-route,,,True,fluid-temperature: geothermal-water: 10 --> fluid-temperature-range: geothermal-water: 10: 10,False,False,0,0
4442,2810,__pr_graph_lp_or_to_or_and__: 9959:fluid-temperature: geothermal-water: 3000 --> fluid-temperature-range: geothermal-water: nil: nil:noncoproduct-route,,,True,fluid-temperature: geothermal-water: 3000 --> fluid-temperature-range: geothermal-water: nil: nil,False,False,0,0
4443,2816,__pr_graph_lp_or_to_or_and__: 9966:fluid-temperature: molten-salt: 1000 --> fluid-temperature-range: molten-salt: nil: nil:noncoproduct-route,,,True,fluid-temperature: molten-salt: 1000 --> fluid-temperature-range: molten-salt: nil: nil,False,False,0,0
4444,2824,__pr_graph_lp_or_to_or_and__: 9976:entity-operate: assembling-machine-1 --> recipe-category: crafting__0__0:noncoproduct-route,,,True,entity-operate: assembling-machine-1 --> recipe-category: crafting__0__0,False,False,0,0
4445,2827,__pr_graph_lp_or_to_or_and__: 9979:entity-operate: assembling-machine-1 --> recipe-category: advanced-crafting__1__0:noncoproduct-route,,,True,entity-operate: assembling-machine-1 --> recipe-category: advanced-crafting__1__0,False,False,0,0
4446,2828,__pr_graph_lp_or_to_or_and__: 9980:entity-operate: assembling-machine-1 --> recipe-category: crafting-with-fluid__1__0:noncoproduct-route,,,True,entity-operate: assembling-machine-1 --> recipe-category: crafting-with-fluid__1__0,False,False,0,0
4447,2832,__pr_graph_lp_or_to_or_and__: 9985:entity-operate: assembling-machine-2 --> fuel-category-burn: jerry:noncoproduct-route,,,True,entity-operate: assembling-machine-2 --> fuel-category-burn: jerry,False,False,0,0
4448,2834,__pr_graph_lp_or_to_or_and__: 9987:entity-operate: assembling-machine-2 --> recipe-category: crafting__0__0:noncoproduct-route,,,True,entity-operate: assembling-machine-2 --> recipe-category: crafting__0__0,False,False,0,0
4449,2837,__pr_graph_lp_or_to_or_and__: 9990:entity-operate: assembling-machine-2 --> recipe-category: advanced-crafting__1__0:noncoproduct-route,,,True,entity-operate: assembling-machine-2 --> recipe-category: advanced-crafting__1__0,False,False,0,0
4450,2838,__pr_graph_lp_or_to_or_and__: 9991:entity-operate: assembling-machine-2 --> recipe-category: crafting-with-fluid__1__0:noncoproduct-route,,,True,entity-operate: assembling-machine-2 --> recipe-category: crafting-with-fluid__1__0,False,False,0,0
4451,2846,base: ,base,,False,,False,False,0,0
4452,2849,energy-source-void: ,energy-source-void,,False,,False,False,0,0
4453,2850,entity-build: accumulator,entity-build,accumulator,False,,False,False,0,0
4454,2851,entity-build: advanced-foundry-mk01,entity-build,advanced-foundry-mk01,False,,False,False,0,0
4455,2852,entity-build: aerial-blimp-mk01,entity-build,aerial-blimp-mk01,False,,False,False,0,0
4456,2855,entity-build: assembling-machine-1,entity-build,assembling-machine-1,False,,False,False,0,0
4457,2856,entity-build: assembling-machine-2,entity-build,assembling-machine-2,False,,False,False,0,0
4458,2857,entity-build: atomizer-mk01,entity-build,atomizer-mk01,False,,False,False,0,0
4459,2859,entity-build: automated-factory-mk01,entity-build,automated-factory-mk01,False,,False,False,0,0
4460,2860,entity-build: automated-screener-mk01,entity-build,automated-screener-mk01,False,,False,False,0,0
4461,2861,entity-build: ball-mill-mk01,entity-build,ball-mill-mk01,False,,False,False,0,0
4462,2862,entity-build: barrel-machine-mk01,entity-build,barrel-machine-mk01,False,,False,False,0,0
4463,2863,entity-build: bio-reactor-mk01,entity-build,bio-reactor-mk01,False,,False,False,0,0
4464,2864,entity-build: biofactory-mk01,entity-build,biofactory-mk01,False,,False,False,0,0
4465,2865,entity-build: bof-mk01,entity-build,bof-mk01,False,,False,False,0,0
4466,2866,entity-build: boiler,entity-build,boiler,False,,False,False,0,0
4467,2868,entity-build: botanical-nursery,entity-build,botanical-nursery,False,,False,False,0,0
4468,2869,entity-build: burner-inserter,entity-build,burner-inserter,False,,False,False,0,0
4469,2871,entity-build: car,entity-build,car,False,,False,False,0,0
4470,2872,entity-build: caravan,entity-build,caravan,False,,False,False,0,0
4471,2873,entity-build: cargo-wagon,entity-build,cargo-wagon,False,,False,False,0,0
4472,2875,entity-build: centrifuge-mk01,entity-build,centrifuge-mk01,False,,False,False,0,0
4473,2880,entity-build: compost-plant-mk01,entity-build,compost-plant-mk01,False,,False,False,0,0
4474,2881,entity-build: concrete-wall,entity-build,concrete-wall,False,,False,False,0,0
4475,2882,entity-build: constant-combinator,entity-build,constant-combinator,False,,False,False,0,0
4476,2883,entity-build: cooling-tower-mk01,entity-build,cooling-tower-mk01,False,,False,False,0,0
4477,2884,entity-build: cracker-mk01,entity-build,cracker-mk01,False,,False,False,0,0
4478,2885,entity-build: creature-chamber-mk01,entity-build,creature-chamber-mk01,False,,False,False,0,0
4479,2887,entity-build: decider-combinator,entity-build,decider-combinator,False,,False,False,0,0
4480,2892,entity-build: electric-mining-drill,entity-build,electric-mining-drill,False,,False,False,0,0
4481,2893,entity-build: electrolyzer-mk01,entity-build,electrolyzer-mk01,False,,False,False,0,0
4482,2894,entity-build: electronics-factory-mk01,entity-build,electronics-factory-mk01,False,,False,False,0,0
4483,2895,entity-build: evaporator,entity-build,evaporator,False,,False,False,0,0
4484,2898,entity-build: fish-farm-mk01,entity-build,fish-farm-mk01,False,,False,False,0,0
4485,2899,entity-build: flora-collector-mk01,entity-build,flora-collector-mk01,False,,False,False,0,0
4486,2900,entity-build: flotation-cell-mk01,entity-build,flotation-cell-mk01,False,,False,False,0,0
4487,2902,entity-build: fluid-drill-mk02,entity-build,fluid-drill-mk02,False,,False,False,0,0
4488,2904,entity-build: fluidavan,entity-build,fluidavan,False,,False,False,0,0
4489,2907,entity-build: gasifier,entity-build,gasifier,False,,False,False,0,0
4490,2909,entity-build: generator-1,entity-build,generator-1,False,,False,False,0,0
4491,2910,entity-build: genlab-mk01,entity-build,genlab-mk01,False,,False,False,0,0
4492,2912,entity-build: glassworks-mk01,entity-build,glassworks-mk01,False,,False,False,0,0
4493,2913,entity-build: gun-turret,entity-build,gun-turret,False,,False,False,0,0
4494,2914,entity-build: hawt-turbine-mk01,entity-build,hawt-turbine-mk01,False,,False,False,0,0
4495,2915,entity-build: heavy-oil-refinery-mk01,entity-build,heavy-oil-refinery-mk01,False,,False,False,0,0
4496,2916,entity-build: hpf,entity-build,hpf,False,,False,False,0,0
4497,2918,entity-build: impact-crusher-mk01,entity-build,impact-crusher-mk01,False,,False,False,0,0
4498,2919,entity-build: incubator-mk01,entity-build,incubator-mk01,False,,False,False,0,0
4499,2920,entity-build: inserter,entity-build,inserter,False,,False,False,0,0
4500,2921,entity-build: iron-chest,entity-build,iron-chest,False,,False,False,0,0
4501,2923,entity-build: lab,entity-build,lab,False,,False,False,0,0
4502,2925,entity-build: long-handed-inserter,entity-build,long-handed-inserter,False,,False,False,0,0
4503,2927,entity-build: micro-mine-mk01,entity-build,micro-mine-mk01,False,,False,False,0,0
4504,2928,entity-build: mixer-mk01,entity-build,mixer-mk01,False,,False,False,0,0
4505,2929,entity-build: moondrop-greenhouse-mk01,entity-build,moondrop-greenhouse-mk01,False,,False,False,0,0
4506,2930,entity-build: moss-farm-mk01,entity-build,moss-farm-mk01,False,,False,False,0,0
4507,2932,entity-build: nco-py-crane-mk1,entity-build,nco-py-crane-mk1,False,,False,False,0,0
4508,2933,entity-build: nco-py-short-crane-mk1,entity-build,nco-py-short-crane-mk1,False,,False,False,0,0
4509,2934,entity-build: offshore-pump,entity-build,offshore-pump,False,,False,False,0,0
4510,2935,entity-build: oil-boiler-mk01,entity-build,oil-boiler-mk01,False,,False,False,0,0
4511,2937,entity-build: outpost,entity-build,outpost,False,,False,False,0,0
4512,2938,entity-build: outpost-fluid,entity-build,outpost-fluid,False,,False,False,0,0
4513,2939,entity-build: pcb-factory-mk01,entity-build,pcb-factory-mk01,False,,False,False,0,0
4514,2940,entity-build: pipe,entity-build,pipe,False,,False,False,0,0
4515,2941,entity-build: pipe-to-ground,entity-build,pipe-to-ground,False,,False,False,0,0
4516,2944,entity-build: power-switch,entity-build,power-switch,False,,False,False,0,0
4517,2948,entity-build: pump,entity-build,pump,False,,False,False,0,0
4518,2949,entity-build: py-biomass-powerplant-mk01,entity-build,py-biomass-powerplant-mk01,False,,False,False,0,0
4519,2950,entity-build: py-burner,entity-build,py-burner,False,,False,False,0,0
4520,2951,entity-build: py-check-valve,entity-build,py-check-valve,False,,False,False,0,0
4521,2952,entity-build: py-coal-powerplant-mk01,entity-build,py-coal-powerplant-mk01,False,,False,False,0,0
4522,2955,entity-build: py-electric-boiler,entity-build,py-electric-boiler,False,,False,False,0,0
4523,2956,entity-build: py-gas-vent,entity-build,py-gas-vent,False,,False,False,0,0
4524,2958,entity-build: py-local-radar,entity-build,py-local-radar,False,,False,False,0,0
4525,2959,entity-build: py-oil-powerplant-mk01,entity-build,py-oil-powerplant-mk01,False,,False,False,0,0
4526,2960,entity-build: py-overflow-valve,entity-build,py-overflow-valve,False,,False,False,0,0
4527,2964,entity-build: py-sinkhole,entity-build,py-sinkhole,False,,False,False,0,0
4528,2965,entity-build: py-storehouse-basic,entity-build,py-storehouse-basic,False,,False,False,0,0
4529,2966,entity-build: py-tank-1000,entity-build,py-tank-1000,False,,False,False,0,0
4530,2968,entity-build: py-tank-1500,entity-build,py-tank-1500,False,,False,False,0,0
4531,2969,entity-build: py-tank-3000,entity-build,py-tank-3000,False,,False,False,0,0
4532,2970,entity-build: py-tank-4000,entity-build,py-tank-4000,False,,False,False,0,0
4533,2972,entity-build: py-tank-6500,entity-build,py-tank-6500,False,,False,False,0,0
4534,2973,entity-build: py-tank-7000,entity-build,py-tank-7000,False,,False,False,0,0
4535,2976,entity-build: py-underflow-valve,entity-build,py-underflow-valve,False,,False,False,0,0
4536,2978,entity-build: py-ze,entity-build,py-ze,False,,False,False,0,0
4537,2979,entity-build: pyphoon-bay,entity-build,pyphoon-bay,False,,False,False,0,0
4538,2980,entity-build: quenching-tower,entity-build,quenching-tower,False,,False,False,0,0
4539,2981,entity-build: radar,entity-build,radar,False,,False,False,0,0
4540,2982,entity-build: rail-chain-signal,entity-build,rail-chain-signal,False,,False,False,0,0
4541,2983,entity-build: rail-signal,entity-build,rail-signal,False,,False,False,0,0
4542,2984,entity-build: ralesia-plantation-mk01,entity-build,ralesia-plantation-mk01,False,,False,False,0,0
4543,2985,entity-build: rc-mk01,entity-build,rc-mk01,False,,False,False,0,0
4544,2986,entity-build: rectisol,entity-build,rectisol,False,,False,False,0,0
4545,2987,entity-build: reformer-mk01,entity-build,reformer-mk01,False,,False,False,0,0
4546,2988,entity-build: research-center-mk01,entity-build,research-center-mk01,False,,False,False,0,0
4547,2989,entity-build: retorter,entity-build,retorter,False,,False,False,0,0
4548,2990,entity-build: rhe,entity-build,rhe,False,,False,False,0,0
4549,2992,entity-build: sap-extractor-mk01,entity-build,sap-extractor-mk01,False,,False,False,0,0
4550,2994,entity-build: seaweed-crop-mk01,entity-build,seaweed-crop-mk01,False,,False,False,0,0
4551,2995,entity-build: secondary-crusher-mk01,entity-build,secondary-crusher-mk01,False,,False,False,0,0
4552,2996,entity-build: selector-combinator,entity-build,selector-combinator,False,,False,False,0,0
4553,2998,entity-build: small-electric-pole,entity-build,small-electric-pole,False,,False,False,0,0
4554,2999,entity-build: small-lamp,entity-build,small-lamp,False,,False,False,0,0
4555,3000,entity-build: smelter-mk01,entity-build,smelter-mk01,False,,False,False,0,0
4556,3002,entity-build: solid-separator,entity-build,solid-separator,False,,False,False,0,0
4557,3003,entity-build: splitter,entity-build,splitter,False,,False,False,0,0
4558,3004,entity-build: spore-collector-mk01,entity-build,spore-collector-mk01,False,,False,False,0,0
4559,3007,entity-build: steel-chest,entity-build,steel-chest,False,,False,False,0,0
4560,3009,entity-build: stone-furnace,entity-build,stone-furnace,False,,False,False,0,0
4561,3011,entity-build: storage-chest,entity-build,storage-chest,False,,False,False,0,0
4562,3013,entity-build: straight-rail,entity-build,straight-rail,False,,False,False,0,0
4563,3015,entity-build: tar-processing-unit,entity-build,tar-processing-unit,False,,False,False,0,0
4564,3016,entity-build: tidal-mk01,entity-build,tidal-mk01,False,,False,False,0,0
4565,3018,entity-build: transport-belt,entity-build,transport-belt,False,,False,False,0,0
4566,3021,entity-build: vacuum-pump-mk01,entity-build,vacuum-pump-mk01,False,,False,False,0,0
4567,3022,entity-build: vawt-turbine-mk01,entity-build,vawt-turbine-mk01,False,,False,False,0,0
4568,3023,entity-build: vrauks-paddock-mk01,entity-build,vrauks-paddock-mk01,False,,False,False,0,0
4569,3048,entity-mine: borax,entity-mine,borax,False,,True,False,0,0
4570,3066,entity-mine: copper-ore,entity-mine,copper-ore,False,,True,False,0,0
4571,3113,entity-mine: iron-ore,entity-mine,iron-ore,False,,True,False,0,0
4572,3194,entity-mine: salt-rock,entity-mine,salt-rock,False,,True,False,0,0
4573,3248,entity-operate: accumulator,entity-operate,accumulator,False,,False,False,0,0
4574,3249,entity-operate: advanced-foundry-mk01,entity-operate,advanced-foundry-mk01,False,,False,False,0,0
4575,3250,entity-operate: aerial-blimp-mk01,entity-operate,aerial-blimp-mk01,False,,False,False,0,0
4576,3253,entity-operate: antimony-drill-mk01,entity-operate,antimony-drill-mk01,False,,False,False,0,0
4577,3254,entity-operate: arithmetic-combinator,entity-operate,arithmetic-combinator,False,,False,False,0,0
4578,3255,entity-operate: assembling-machine-1,entity-operate,assembling-machine-1,False,,False,False,0,0
4579,3256,entity-operate: assembling-machine-2,entity-operate,assembling-machine-2,False,,False,False,0,0
4580,3257,entity-operate: atomizer-mk01,entity-operate,atomizer-mk01,False,,False,False,0,0
4581,3258,entity-operate: auog-paddock-mk01,entity-operate,auog-paddock-mk01,False,,False,False,0,0
4582,3259,entity-operate: automated-factory-mk01,entity-operate,automated-factory-mk01,False,,False,False,0,0
4583,3260,entity-operate: automated-screener-mk01,entity-operate,automated-screener-mk01,False,,False,False,0,0
4584,3261,entity-operate: ball-mill-mk01,entity-operate,ball-mill-mk01,False,,False,False,0,0
4585,3262,entity-operate: barrel-machine-mk01,entity-operate,barrel-machine-mk01,False,,False,False,0,0
4586,3263,entity-operate: behemoth-worm-turret,entity-operate,behemoth-worm-turret,False,,False,False,0,0
4587,3264,entity-operate: big-rock,entity-operate,big-rock,False,,False,False,0,0
4588,3265,entity-operate: big-sand-rock,entity-operate,big-sand-rock,False,,False,False,0,0
4589,3267,entity-operate: bio-reactor-mk01,entity-operate,bio-reactor-mk01,False,,False,False,0,0
4590,3268,entity-operate: biofactory-mk01,entity-operate,biofactory-mk01,False,,False,False,0,0
4591,3269,entity-operate: biter-spawner,entity-operate,biter-spawner,False,,False,False,0,0
4592,3271,entity-operate: bof-mk01,entity-operate,bof-mk01,False,,False,False,0,0
4593,3272,entity-operate: boiler,entity-operate,boiler,False,,False,False,0,0
4594,3273,entity-operate: borax,entity-operate,borax,False,,False,False,0,0
4595,3274,entity-operate: borax-mine,entity-operate,borax-mine,False,,False,False,0,0
4596,3275,entity-operate: botanical-nursery,entity-operate,botanical-nursery,False,,False,False,0,0
4597,3277,entity-operate: burner-mining-drill,entity-operate,burner-mining-drill,False,,False,False,0,0
4598,3278,entity-operate: car,entity-operate,car,False,,False,False,0,0
4599,3281,entity-operate: casting-unit-mk01,entity-operate,casting-unit-mk01,False,,False,False,0,0
4600,3282,entity-operate: centrifuge-mk01,entity-operate,centrifuge-mk01,False,,False,False,0,0
4601,3283,entity-operate: character,entity-operate,character,False,,False,False,0,0
4602,3284,entity-operate: chemical-plant-mk01,entity-operate,chemical-plant-mk01,False,,False,False,0,0
4603,3285,entity-operate: chipshooter-mk01,entity-operate,chipshooter-mk01,False,,False,False,0,0
4604,3287,entity-operate: classifier,entity-operate,classifier,False,,False,False,0,0
4605,3288,entity-operate: clay-pit-mk01,entity-operate,clay-pit-mk01,False,,False,False,0,0
4606,3289,entity-operate: coal-rock,entity-operate,coal-rock,False,,False,False,0,0
4607,3290,entity-operate: compost-plant-mk01,entity-operate,compost-plant-mk01,False,,False,False,0,0
4608,3294,entity-operate: copper-ore,entity-operate,copper-ore,False,,False,False,0,0
4609,3296,entity-operate: cracker-mk01,entity-operate,cracker-mk01,False,,False,False,0,0
4610,3297,entity-operate: creature-chamber-mk01,entity-operate,creature-chamber-mk01,False,,False,False,0,0
4611,3298,entity-operate: data-array,entity-operate,data-array,False,,False,False,0,0
4612,3300,entity-operate: dead-grey-trunk,entity-operate,dead-grey-trunk,False,,False,False,0,0
4613,3302,entity-operate: decider-combinator,entity-operate,decider-combinator,False,,False,False,0,0
4614,3303,entity-operate: dino-dig-site,entity-operate,dino-dig-site,False,,False,False,0,0
4615,3304,entity-operate: display-panel,entity-operate,display-panel,False,,False,False,0,0
4616,3305,entity-operate: distilator,entity-operate,distilator,False,,False,False,0,0
4617,3306,entity-operate: dry-hairy-tree,entity-operate,dry-hairy-tree,False,,False,False,0,0
4618,3308,entity-operate: eaf-mk01,entity-operate,eaf-mk01,False,,False,False,0,0
4619,3309,entity-operate: electric-mining-drill,entity-operate,electric-mining-drill,False,,False,False,0,0
4620,3310,entity-operate: electrolyzer-mk01,entity-operate,electrolyzer-mk01,False,,False,False,0,0
4621,3311,entity-operate: electronics-factory-mk01,entity-operate,electronics-factory-mk01,False,,False,False,0,0
4622,3312,entity-operate: evaporator,entity-operate,evaporator,False,,False,False,0,0
4623,3313,entity-operate: fawogae-plantation-mk01,entity-operate,fawogae-plantation-mk01,False,,False,False,0,0
4624,3314,entity-operate: fbreactor-mk01,entity-operate,fbreactor-mk01,False,,False,False,0,0
4625,3315,entity-operate: fish,entity-operate,fish,False,,False,False,0,0
4626,3316,entity-operate: fish-farm-mk01,entity-operate,fish-farm-mk01,False,,False,False,0,0
4627,3317,entity-operate: flora-collector-mk01,entity-operate,flora-collector-mk01,False,,False,False,0,0
4628,3318,entity-operate: flotation-cell-mk01,entity-operate,flotation-cell-mk01,False,,False,False,0,0
4629,3319,entity-operate: fluid-drill-mk01,entity-operate,fluid-drill-mk01,False,,False,False,0,0
4630,3320,entity-operate: fluid-drill-mk02,entity-operate,fluid-drill-mk02,False,,False,False,0,0
4631,3321,entity-operate: fluid-wagon,entity-operate,fluid-wagon,False,,False,False,0,0
4632,3322,entity-operate: fluidavan,entity-operate,fluidavan,False,,False,False,0,0
4633,3323,entity-operate: fwf-mk01,entity-operate,fwf-mk01,False,,False,False,0,0
4634,3324,entity-operate: gas-refinery-mk01,entity-operate,gas-refinery-mk01,False,,False,False,0,0
4635,3325,entity-operate: gasifier,entity-operate,gasifier,False,,False,False,0,0
4636,3326,entity-operate: gate,entity-operate,gate,False,,False,False,0,0
4637,3328,entity-operate: genlab-mk01,entity-operate,genlab-mk01,False,,False,False,0,0
4638,3330,entity-operate: geothermal-plant-mk01,entity-operate,geothermal-plant-mk01,False,,False,False,0,0
4639,3331,entity-operate: glassworks-mk01,entity-operate,glassworks-mk01,False,,False,False,0,0
4640,3333,entity-operate: hawt-turbine-mk01,entity-operate,hawt-turbine-mk01,False,,False,False,0,0
4641,3334,entity-operate: heavy-oil-refinery-mk01,entity-operate,heavy-oil-refinery-mk01,False,,False,False,0,0
4642,3335,entity-operate: hpf,entity-operate,hpf,False,,False,False,0,0
4643,3337,entity-operate: hydroclassifier-mk01,entity-operate,hydroclassifier-mk01,False,,False,False,0,0
4644,3338,entity-operate: impact-crusher-mk01,entity-operate,impact-crusher-mk01,False,,False,False,0,0
4645,3339,entity-operate: incubator-mk01,entity-operate,incubator-mk01,False,,False,False,0,0
4646,3342,entity-operate: iron-ore,entity-operate,iron-ore,False,,False,False,0,0
4647,3343,entity-operate: iron-rock,entity-operate,iron-rock,False,,False,False,0,0
4648,3344,entity-operate: jaw-crusher,entity-operate,jaw-crusher,False,,False,False,0,0
4649,3345,entity-operate: lab,entity-operate,lab,False,,False,False,0,0
4650,3347,entity-operate: locomotive,entity-operate,locomotive,False,,False,False,0,0
4651,3351,entity-operate: micro-mine-mk01,entity-operate,micro-mine-mk01,False,,False,False,0,0
4652,3352,entity-operate: mixer-mk01,entity-operate,mixer-mk01,False,,False,False,0,0
4653,3354,entity-operate: moondrop-greenhouse-mk01,entity-operate,moondrop-greenhouse-mk01,False,,False,False,0,0
4654,3355,entity-operate: moss-farm-mk01,entity-operate,moss-farm-mk01,False,,False,False,0,0
4655,3357,entity-operate: nco-py-crane-mk1,entity-operate,nco-py-crane-mk1,False,,False,False,0,0
4656,3359,entity-operate: nickel-rock,entity-operate,nickel-rock,False,,False,False,0,0
4657,3362,entity-operate: oil-boiler-mk01,entity-operate,oil-boiler-mk01,False,,False,False,0,0
4658,3363,entity-operate: oil-sand,entity-operate,oil-sand,False,,False,False,0,0
4659,3364,entity-operate: olefin-plant,entity-operate,olefin-plant,False,,False,False,0,0
4660,3370,entity-operate: ore-nickel,entity-operate,ore-nickel,False,,False,False,0,0
4661,3373,entity-operate: ore-titanium,entity-operate,ore-titanium,False,,False,False,0,0
4662,3375,entity-operate: outpost,entity-operate,outpost,False,,False,False,0,0
4663,3377,entity-operate: pcb-factory-mk01,entity-operate,pcb-factory-mk01,False,,False,False,0,0
4664,3379,entity-operate: phosphate-rock-02,entity-operate,phosphate-rock-02,False,,False,False,0,0
4665,3380,entity-operate: pipe,entity-operate,pipe,False,,False,False,0,0
4666,3382,entity-operate: plankton-farm,entity-operate,plankton-farm,False,,False,False,0,0
4667,3383,entity-operate: poorman-wood-fence,entity-operate,poorman-wood-fence,False,,False,False,0,0
4668,3384,entity-operate: power-switch,entity-operate,power-switch,False,,False,False,0,0
4669,3385,entity-operate: prandium-lab-mk01,entity-operate,prandium-lab-mk01,False,,False,False,0,0
4670,3387,entity-operate: pulp-mill-mk01,entity-operate,pulp-mill-mk01,False,,False,False,0,0
4671,3388,entity-operate: pump,entity-operate,pump,False,,False,False,0,0
4672,3389,entity-operate: py-biomass-powerplant-mk01,entity-operate,py-biomass-powerplant-mk01,False,,False,False,0,0
4673,3390,entity-operate: py-burner,entity-operate,py-burner,False,,False,False,0,0
4674,3391,entity-operate: py-check-valve,entity-operate,py-check-valve,False,,False,False,0,0
4675,3394,entity-operate: py-deposit-basic,entity-operate,py-deposit-basic,False,,False,False,0,0
4676,3395,entity-operate: py-electric-boiler,entity-operate,py-electric-boiler,False,,False,False,0,0
4677,3397,entity-operate: py-heat-exchanger,entity-operate,py-heat-exchanger,False,,False,False,0,0
4678,3398,entity-operate: py-local-radar,entity-operate,py-local-radar,False,,False,False,0,0
4679,3399,entity-operate: py-oil-powerplant-mk01,entity-operate,py-oil-powerplant-mk01,False,,False,False,0,0
4680,3400,entity-operate: py-overflow-valve,entity-operate,py-overflow-valve,False,,False,False,0,0
4681,3401,entity-operate: py-recharge-station-mk01,entity-operate,py-recharge-station-mk01,False,,False,False,0,0
4682,3402,entity-operate: py-roboport-mk01,entity-operate,py-roboport-mk01,False,,False,False,0,0
4683,3407,entity-operate: py-tank-10000,entity-operate,py-tank-10000,False,,False,False,0,0
4684,3408,entity-operate: py-tank-1500,entity-operate,py-tank-1500,False,,False,False,0,0
4685,3409,entity-operate: py-tank-3000,entity-operate,py-tank-3000,False,,False,False,0,0
4686,3410,entity-operate: py-tank-4000,entity-operate,py-tank-4000,False,,False,False,0,0
4687,3412,entity-operate: py-tank-6500,entity-operate,py-tank-6500,False,,False,False,0,0
4688,3413,entity-operate: py-tank-7000,entity-operate,py-tank-7000,False,,False,False,0,0
4689,3414,entity-operate: py-tank-8000,entity-operate,py-tank-8000,False,,False,False,0,0
4690,3415,entity-operate: py-tank-9000,entity-operate,py-tank-9000,False,,False,False,0,0
4691,3417,entity-operate: py-warehouse-basic,entity-operate,py-warehouse-basic,False,,False,False,0,0
4692,3418,entity-operate: py-ze,entity-operate,py-ze,False,,False,False,0,0
4693,3419,entity-operate: pyphoon-bay,entity-operate,pyphoon-bay,False,,False,False,0,0
4694,3420,entity-operate: quartz-rock,entity-operate,quartz-rock,False,,False,False,0,0
4695,3421,entity-operate: quenching-tower,entity-operate,quenching-tower,False,,False,False,0,0
4696,3422,entity-operate: radar,entity-operate,radar,False,,False,False,0,0
4697,3425,entity-operate: ralesia-plantation-mk01,entity-operate,ralesia-plantation-mk01,False,,False,False,0,0
4698,3426,entity-operate: rare-earth-bolide,entity-operate,rare-earth-bolide,False,,False,False,0,0
4699,3428,entity-operate: rc-mk01,entity-operate,rc-mk01,False,,False,False,0,0
4700,3429,entity-operate: rectisol,entity-operate,rectisol,False,,False,False,0,0
4701,3430,entity-operate: ree,entity-operate,ree,False,,False,False,0,0
4702,3431,entity-operate: reformer-mk01,entity-operate,reformer-mk01,False,,False,False,0,0
4703,3433,entity-operate: research-center-mk01,entity-operate,research-center-mk01,False,,False,False,0,0
4704,3434,entity-operate: retorter,entity-operate,retorter,False,,False,False,0,0
4705,3435,entity-operate: rhe,entity-operate,rhe,False,,False,False,0,0
4706,3436,entity-operate: salt-mine,entity-operate,salt-mine,False,,False,False,0,0
4707,3437,entity-operate: salt-rock,entity-operate,salt-rock,False,,False,False,0,0
4708,3438,entity-operate: sap-extractor-mk01,entity-operate,sap-extractor-mk01,False,,False,False,0,0
4709,3439,entity-operate: scrubber-mk01,entity-operate,scrubber-mk01,False,,False,False,0,0
4710,3441,entity-operate: seaweed-crop-mk01,entity-operate,seaweed-crop-mk01,False,,False,False,0,0
4711,3442,entity-operate: secondary-crusher-mk01,entity-operate,secondary-crusher-mk01,False,,False,False,0,0
4712,3444,entity-operate: slaughterhouse-mk01,entity-operate,slaughterhouse-mk01,False,,False,False,0,0
4713,3447,entity-operate: small-worm-turret,entity-operate,small-worm-turret,False,,False,False,0,0
4714,3448,entity-operate: smelter-mk01,entity-operate,smelter-mk01,False,,False,False,0,0
4715,3449,entity-operate: soil-extractor-mk01,entity-operate,soil-extractor-mk01,False,,False,False,0,0
4716,3450,entity-operate: solid-separator,entity-operate,solid-separator,False,,False,False,0,0
4717,3451,entity-operate: spitter-spawner,entity-operate,spitter-spawner,False,,False,False,0,0
4718,3453,entity-operate: spore-collector-mk01,entity-operate,spore-collector-mk01,False,,False,False,0,0
4719,3454,entity-operate: steam-engine,entity-operate,steam-engine,False,,False,False,0,0
4720,3457,entity-operate: steel-furnace,entity-operate,steel-furnace,False,,False,False,0,0
4721,3459,entity-operate: stone-furnace,entity-operate,stone-furnace,False,,False,False,0,0
4722,3460,entity-operate: stone-wall,entity-operate,stone-wall,False,,False,False,0,0
4723,3464,entity-operate: sulfur-patch,entity-operate,sulfur-patch,False,,False,False,0,0
4724,3466,entity-operate: tar-processing-unit,entity-operate,tar-processing-unit,False,,False,False,0,0
4725,3467,entity-operate: tidal-mk01,entity-operate,tidal-mk01,False,,False,False,0,0
4726,3468,entity-operate: tin-rock,entity-operate,tin-rock,False,,False,False,0,0
4727,3470,entity-operate: train-stop,entity-operate,train-stop,False,,False,False,0,0
4728,3471,entity-operate: transport-belt,entity-operate,transport-belt,False,,False,False,0,0
4729,3473,entity-operate: tree-02,entity-operate,tree-02,False,,False,False,0,0
4730,3474,entity-operate: tree-02-red,entity-operate,tree-02-red,False,,False,False,0,0
4731,3475,entity-operate: tree-03,entity-operate,tree-03,False,,False,False,0,0
4732,3477,entity-operate: tree-05,entity-operate,tree-05,False,,False,False,0,0
4733,3480,entity-operate: tree-07,entity-operate,tree-07,False,,False,False,0,0
4734,3481,entity-operate: tree-08,entity-operate,tree-08,False,,False,False,0,0
4735,3482,entity-operate: tree-08-brown,entity-operate,tree-08-brown,False,,False,False,0,0
4736,3483,entity-operate: tree-08-red,entity-operate,tree-08-red,False,,False,False,0,0
4737,3485,entity-operate: tree-09-brown,entity-operate,tree-09-brown,False,,False,False,0,0
4738,3487,entity-operate: underground-belt,entity-operate,underground-belt,False,,False,False,0,0
4739,3488,entity-operate: upgrader-mk01,entity-operate,upgrader-mk01,False,,False,False,0,0
4740,3489,entity-operate: uranium-ore,entity-operate,uranium-ore,False,,False,False,0,0
4741,3490,entity-operate: uranium-rock,entity-operate,uranium-rock,False,,False,False,0,0
4742,3491,entity-operate: vacuum-pump-mk01,entity-operate,vacuum-pump-mk01,False,,False,False,0,0
4743,3492,entity-operate: vawt-turbine-mk01,entity-operate,vawt-turbine-mk01,False,,False,False,0,0
4744,3493,entity-operate: volcanic-pipe,entity-operate,volcanic-pipe,False,,False,False,0,0
4745,3494,entity-operate: vrauks-paddock-mk01,entity-operate,vrauks-paddock-mk01,False,,False,False,0,0
4746,3495,entity-operate: washer,entity-operate,washer,False,,False,False,0,0
4747,3496,entity-operate: wood-fence,entity-operate,wood-fence,False,,False,False,0,0
4748,3497,entity-operate: wooden-chest,entity-operate,wooden-chest,False,,False,False,0,0
4749,3498,entity-operate: wpu-mk01,entity-operate,wpu-mk01,False,,False,False,0,0
4750,3500,equipment-grid-powered: heavy-armor-equipment-grid,equipment-grid-powered,heavy-armor-equipment-grid,False,,False,False,0,0
4751,3501,equipment-grid-powered: light-armor-equipment-grid,equipment-grid-powered,light-armor-equipment-grid,False,,False,False,0,0
4752,3502,equipment-operate: battery-equipment,equipment-operate,battery-equipment,False,,False,False,0,0
4753,3503,equipment-operate: personal-roboport-equipment,equipment-operate,personal-roboport-equipment,False,,False,False,0,0
4754,3504,equipment-operate: portable-gasoline-generator,equipment-operate,portable-gasoline-generator,False,,False,False,0,0
4755,3505,equipment: battery-equipment,equipment,battery-equipment,False,,False,False,0,0
4756,3506,equipment: personal-roboport-equipment,equipment,personal-roboport-equipment,False,,False,False,0,0
4757,3507,equipment: portable-gasoline-generator,equipment,portable-gasoline-generator,False,,False,False,0,0
4758,3508,fluid-ingredient: ,fluid-ingredient,,False,,False,False,0,0
4759,3509,fluid-temperature: acetone: 15,fluid-temperature,acetone: 15,False,,False,False,0,0
4760,3510,fluid-temperature: acetylene: 15,fluid-temperature,acetylene: 15,False,,False,False,0,0
4761,3511,fluid-temperature: acidgas: 15,fluid-temperature,acidgas: 15,False,,False,False,0,0
4762,3512,fluid-temperature: ammonia: 15,fluid-temperature,ammonia: 15,False,,False,False,0,0
4763,3513,fluid-temperature: anthracene-oil: 10,fluid-temperature,anthracene-oil: 10,False,,False,False,0,0
4764,3514,fluid-temperature: aromatics: 10,fluid-temperature,aromatics: 10,False,,False,False,0,0
4765,3515,fluid-temperature: black-liquor: 10,fluid-temperature,black-liquor: 10,False,,False,False,0,0
4766,3516,fluid-temperature: blood: 10,fluid-temperature,blood: 10,False,,False,False,0,0
4767,3517,fluid-temperature: boric-acid: 10,fluid-temperature,boric-acid: 10,False,,False,False,0,0
4768,3518,fluid-temperature: carbolic-oil: 10,fluid-temperature,carbolic-oil: 10,False,,False,False,0,0
4769,3520,fluid-temperature: chlorine: 15,fluid-temperature,chlorine: 15,False,,False,False,0,0
4770,3521,fluid-temperature: coal-gas: 15,fluid-temperature,coal-gas: 15,False,,False,False,0,0
4771,3522,fluid-temperature: coke-oven-gas: 100,fluid-temperature,coke-oven-gas: 100,False,,False,False,0,0
4772,3523,fluid-temperature: coke-oven-gas: 250,fluid-temperature,coke-oven-gas: 250,False,,False,False,0,0
4773,3524,fluid-temperature: condensates: 10,fluid-temperature,condensates: 10,False,,False,False,0,0
4774,3525,fluid-temperature: creamy-latex: 10,fluid-temperature,creamy-latex: 10,False,,False,False,0,0
4775,3526,fluid-temperature: creosote: 10,fluid-temperature,creosote: 10,False,,False,False,0,0
4776,3527,fluid-temperature: cyanic-acid: 10,fluid-temperature,cyanic-acid: 10,False,,False,False,0,0
4777,3529,fluid-temperature: diborane: 15,fluid-temperature,diborane: 15,False,,False,False,0,0
4778,3530,fluid-temperature: fish-oil: 10,fluid-temperature,fish-oil: 10,False,,False,False,0,0
4779,3531,fluid-temperature: flue-gas: 15,fluid-temperature,flue-gas: 15,False,,False,False,0,0
4780,3532,fluid-temperature: formic-acid: 15,fluid-temperature,formic-acid: 15,False,,False,False,0,0
4781,3533,fluid-temperature: gasoline: 10,fluid-temperature,gasoline: 10,False,,False,False,0,0
4782,3535,fluid-temperature: geothermal-water: 3000,fluid-temperature,geothermal-water: 3000,False,,False,False,0,0
4783,3536,fluid-temperature: heavy-oil: 25,fluid-temperature,heavy-oil: 25,False,,False,False,0,0
4784,3537,fluid-temperature: hot-air: 15,fluid-temperature,hot-air: 15,False,,False,False,0,0
4785,3538,fluid-temperature: hot-molten-salt: 1000,fluid-temperature,hot-molten-salt: 1000,False,,False,False,0,0
4786,3541,fluid-temperature: light-oil: 25,fluid-temperature,light-oil: 25,False,,False,False,0,0
4787,3542,fluid-temperature: liquid-manure: 10,fluid-temperature,liquid-manure: 10,False,,False,False,0,0
4788,3543,fluid-temperature: methanal: 10,fluid-temperature,methanal: 10,False,,False,False,0,0
4789,3544,fluid-temperature: methane: 15,fluid-temperature,methane: 15,False,,False,False,0,0
4790,3545,fluid-temperature: middle-oil: 10,fluid-temperature,middle-oil: 10,False,,False,False,0,0
4791,3547,fluid-temperature: molten-glass: 10,fluid-temperature,molten-glass: 10,False,,False,False,0,0
4792,3548,fluid-temperature: molten-iron: 10,fluid-temperature,molten-iron: 10,False,,False,False,0,0
4793,3549,fluid-temperature: molten-salt: 1000,fluid-temperature,molten-salt: 1000,False,,False,False,0,0
4794,3550,fluid-temperature: muddy-sludge: 10,fluid-temperature,muddy-sludge: 10,False,,False,False,0,0
4795,3551,fluid-temperature: naphthalene-oil: 10,fluid-temperature,naphthalene-oil: 10,False,,False,False,0,0
4796,3553,fluid-temperature: phytoplankton: 10,fluid-temperature,phytoplankton: 10,False,,False,False,0,0
4797,3554,fluid-temperature: pitch: 10,fluid-temperature,pitch: 10,False,,False,False,0,0
4798,3555,fluid-temperature: polybutadiene: 10,fluid-temperature,polybutadiene: 10,False,,False,False,0,0
4799,3556,fluid-temperature: pressured-air: 15,fluid-temperature,pressured-air: 15,False,,False,False,0,0
4800,3557,fluid-temperature: pressured-steam: 1000,fluid-temperature,pressured-steam: 1000,False,,False,False,0,0
4801,3558,fluid-temperature: pressured-water: 10,fluid-temperature,pressured-water: 10,False,,False,False,0,0
4802,3559,fluid-temperature: scrude: 10,fluid-temperature,scrude: 10,False,,False,False,0,0
4803,3560,fluid-temperature: slacked-lime: 10,fluid-temperature,slacked-lime: 10,False,,False,False,0,0
4804,3561,fluid-temperature: steam: 150,fluid-temperature,steam: 150,False,,False,False,0,0
4805,3562,fluid-temperature: steam: 250,fluid-temperature,steam: 250,False,,False,False,0,0
4806,3563,fluid-temperature: steam: 500,fluid-temperature,steam: 500,False,,False,False,0,0
4807,3564,fluid-temperature: subcritical-water: 10,fluid-temperature,subcritical-water: 10,False,,False,False,0,0
4808,3565,fluid-temperature: syngas: 15,fluid-temperature,syngas: 15,False,,False,False,0,0
4809,3566,fluid-temperature: tailings: 10,fluid-temperature,tailings: 10,False,,False,False,0,0
4810,3568,fluid-temperature: tar: 10,fluid-temperature,tar: 10,False,,False,False,0,0
4811,3569,fluid-temperature: vacuum: 15,fluid-temperature,vacuum: 15,False,,False,False,0,0
4812,3571,fluid-temperature: water-saline: 25,fluid-temperature,water-saline: 25,False,,False,False,0,0
4813,3572,fluid-temperature: water: 100,fluid-temperature,water: 100,False,,False,False,0,0
4814,3573,fluid-temperature: water: 15,fluid-temperature,water: 15,False,,False,False,0,0
4815,3574,fluid-temperature: zogna-bacteria: 10,fluid-temperature,zogna-bacteria: 10,False,,False,False,0,0
4816,3575,item-ammo: firearm-magazine,item-ammo,firearm-magazine,False,,False,False,0,0
4817,3577,item-ammo: shotgun-shell,item-ammo,shotgun-shell,False,,False,False,0,0
4818,3583,item-burn: coal,item-burn,coal,False,,False,False,0,0
4819,3584,item-burn: coal-dust,item-burn,coal-dust,False,,False,False,0,0
4820,3586,item-burn: coke,item-burn,coke,False,,False,False,0,0
4821,3588,item-burn: crushed-coal,item-burn,crushed-coal,False,,False,False,0,0
4822,3590,item-burn: gunpowder,item-burn,gunpowder,False,,False,False,0,0
4823,3592,item-burn: kerogen,item-burn,kerogen,False,,False,False,0,0
4824,3599,item-burn: raw-coal,item-burn,raw-coal,False,,False,False,0,0
4825,3604,item-capsule: grenade,item-capsule,grenade,False,,False,False,0,0
4826,3605,item-gun: shotgun,item-gun,shotgun,False,,False,False,0,0
4827,3606,item-gun: submachine-gun,item-gun,submachine-gun,False,,False,False,0,0
4828,3607,item-ingredient: ,item-ingredient,,False,,False,False,0,0
4829,3608,logic-and: ,logic-and,,False,,False,False,0,0
4830,3650,orand: ,orand,,False,,False,False,0,0
4831,3710,recipe: auog-pup-breeding-1,recipe,auog-pup-breeding-1,False,,True,True,0,0
4832,3711,recipe: auog-pup-breeding-2,recipe,auog-pup-breeding-2,False,,True,True,0,0
4833,3807,recipe: blood-to-iron,recipe,blood-to-iron,False,,True,True,0,0
4834,3970,recipe: digosaurus-hidden-recipe,recipe,digosaurus-hidden-recipe,False,,True,True,0,0
4835,4104,recipe: fawogae-spore,recipe,fawogae-spore,False,,True,True,0,0
4836,4187,recipe: geo-he-00,recipe,geo-he-00,False,,True,True,0,0
4837,4235,recipe: guts-to-chlorine,recipe,guts-to-chlorine,False,,True,True,0,0
4838,4240,recipe: he-01,recipe,he-01,False,,True,True,0,0
4839,4362,recipe: molten-salt,recipe,molten-salt,False,,True,True,0,0
4840,4468,recipe: pressured-air,recipe,pressured-air,False,,True,True,0,0
4841,4611,recipe: sap-01,recipe,sap-01,False,,True,True,0,0
4842,4727,recipe: tailings-dust,recipe,tailings-dust,False,,True,True,0,0
4843,4841,room-autoplace: planet: nauvis,room-autoplace,planet: nauvis,False,,False,False,0,0
4844,4842,satisfied: ,satisfied,,False,,False,False,0,0
4845,4843,science-pack-set-science: automation-science-pack,science-pack-set-science,automation-science-pack,False,,False,False,0,0
4846,4844,science-pack-set-science: automation-science-pack__py-science-pack-1,science-pack-set-science,automation-science-pack__py-science-pack-1,False,,False,False,0,0
4847,4845,slot: ,slot,,False,,False,False,0,0
4848,4846,starting-character: ,starting-character,,False,,False,False,0,0
4849,4847,starting-planet: ,starting-planet,,False,,False,False,0,0
4850,4848,technology: acetylene,technology,acetylene,False,,False,False,0,0
4851,4849,technology: advanced-combinators,technology,advanced-combinators,False,,False,False,0,0
4852,4850,technology: advanced-material-processing,technology,advanced-material-processing,False,,False,False,0,0
4853,4851,technology: alloys-mk01,technology,alloys-mk01,False,,False,False,0,0
4854,4852,technology: aluminium-mk01,technology,aluminium-mk01,False,,False,False,0,0
4855,4853,technology: antimony-mk01,technology,antimony-mk01,False,,False,False,0,0
4856,4854,technology: ash-separation,technology,ash-separation,False,,False,False,0,0
4857,4855,technology: auog,technology,auog,False,,False,False,0,0
4858,4856,technology: automated-rail-transportation,technology,automated-rail-transportation,False,,False,False,0,0
4859,4857,technology: automation,technology,automation,False,,False,False,0,0
4860,4858,technology: automation-2,technology,automation-2,False,,False,False,0,0
4861,4859,technology: automation-science-pack,technology,automation-science-pack,False,,False,False,0,0
4862,4860,technology: automobilism,technology,automobilism,False,,False,False,0,0
4863,4861,technology: basic-substrate,technology,basic-substrate,False,,False,False,0,0
4864,4862,technology: battery-mk01,technology,battery-mk01,False,,False,False,0,0
4865,4863,technology: biomassplant-mk01,technology,biomassplant-mk01,False,,False,False,0,0
4866,4864,technology: biotech-machines-mk01,technology,biotech-machines-mk01,False,,False,False,0,0
4867,4865,technology: biotech-mk01,technology,biotech-mk01,False,,False,False,0,0
4868,4866,technology: boron,technology,boron,False,,False,False,0,0
4869,4867,technology: botany-mk01,technology,botany-mk01,False,,False,False,0,0
4870,4868,technology: casting-mk01,technology,casting-mk01,False,,False,False,0,0
4871,4869,technology: cellulose-mk01,technology,cellulose-mk01,False,,False,False,0,0
4872,4870,technology: ceramic,technology,ceramic,False,,False,False,0,0
4873,4871,technology: chromium-mk01,technology,chromium-mk01,False,,False,False,0,0
4874,4872,technology: circuit-network,technology,circuit-network,False,,False,False,0,0
4875,4873,technology: coal-mk01,technology,coal-mk01,False,,False,False,0,0
4876,4874,technology: coal-processing-1,technology,coal-processing-1,False,,False,False,0,0
4877,4875,technology: coalplant-mk01,technology,coalplant-mk01,False,,False,False,0,0
4878,4876,technology: coke-mk01,technology,coke-mk01,False,,False,False,0,0
4879,4877,technology: compost,technology,compost,False,,False,False,0,0
4880,4878,technology: concrete,technology,concrete,False,,False,False,0,0
4881,4879,technology: construction-robotics,technology,construction-robotics,False,,False,False,0,0
4882,4880,technology: cooling-tower-1,technology,cooling-tower-1,False,,False,False,0,0
4883,4881,technology: copper-mk01,technology,copper-mk01,False,,False,False,0,0
4884,4882,technology: cottongut-mk01,technology,cottongut-mk01,False,,False,False,0,0
4885,4883,technology: cottongut-science-mk01,technology,cottongut-science-mk01,False,,False,False,0,0
4886,4884,technology: creature-chamber-upgrade,technology,creature-chamber-upgrade,False,,False,False,0,0
4887,4885,technology: creosote,technology,creosote,False,,False,False,0,0
4888,4886,technology: crusher,technology,crusher,False,,False,False,0,0
4889,4887,technology: crusher-2,technology,crusher-2,False,,False,False,0,0
4890,4888,technology: domestication,technology,domestication,False,,False,False,0,0
4891,4889,technology: electric-energy-accumulators,technology,electric-energy-accumulators,False,,False,False,0,0
4892,4890,technology: electric-energy-distribution-1,technology,electric-energy-distribution-1,False,,False,False,0,0
4893,4891,technology: electric-mining-drill,technology,electric-mining-drill,False,,False,False,0,0
4894,4892,technology: electrolysis,technology,electrolysis,False,,False,False,0,0
4895,4893,technology: electronics,technology,electronics,False,,False,False,0,0
4896,4894,technology: energy-1,technology,energy-1,False,,False,False,0,0
4897,4895,technology: engine,technology,engine,False,,False,False,0,0
4898,4896,technology: fast-wood-forestry-upgrade,technology,fast-wood-forestry-upgrade,False,,False,False,0,0
4899,4897,technology: fawogae-mk01,technology,fawogae-mk01,False,,False,False,0,0
4900,4898,technology: fertilizer-mk01,technology,fertilizer-mk01,False,,False,False,0,0
4901,4899,technology: fiberboard,technology,fiberboard,False,,False,False,0,0
4902,4900,technology: fish-mk01,technology,fish-mk01,False,,False,False,0,0
4903,4901,technology: fish-upgrade,technology,fish-upgrade,False,,False,False,0,0
4904,4902,technology: fluid-handling,technology,fluid-handling,False,,False,False,0,0
4905,4903,technology: fluid-pressurization,technology,fluid-pressurization,False,,False,False,0,0
4906,4904,technology: fluid-processing-machines-1,technology,fluid-processing-machines-1,False,,False,False,0,0
4907,4905,technology: fluid-wagon,technology,fluid-wagon,False,,False,False,0,0
4908,4906,technology: gate,technology,gate,False,,False,False,0,0
4909,4907,technology: genetics-mk01,technology,genetics-mk01,False,,False,False,0,0
4910,4908,technology: genetics-mk02,technology,genetics-mk02,False,,False,False,0,0
4911,4909,technology: geothermal-power-mk01,technology,geothermal-power-mk01,False,,False,False,0,0
4912,4910,technology: glass,technology,glass,False,,False,False,0,0
4913,4911,technology: gun-turret,technology,gun-turret,False,,False,False,0,0
4914,4912,technology: heavy-armor,technology,heavy-armor,False,,False,False,0,0
4915,4913,technology: hot-air-mk01,technology,hot-air-mk01,False,,False,False,0,0
4916,4914,technology: intermetallics-mk01,technology,intermetallics-mk01,False,,False,False,0,0
4917,4915,technology: iron-mk01,technology,iron-mk01,False,,False,False,0,0
4918,4916,technology: kerogen,technology,kerogen,False,,False,False,0,0
4919,4917,technology: lab-instrument,technology,lab-instrument,False,,False,False,0,0
4920,4918,technology: lamp,technology,lamp,False,,False,False,0,0
4921,4919,technology: land-animals-mk01,technology,land-animals-mk01,False,,False,False,0,0
4922,4920,technology: landfill,technology,landfill,False,,False,False,0,0
4923,4921,technology: latex,technology,latex,False,,False,False,0,0
4924,4922,technology: lead-mk01,technology,lead-mk01,False,,False,False,0,0
4925,4923,technology: logistic-science-pack,technology,logistic-science-pack,False,,False,False,0,0
4926,4924,technology: logistics,technology,logistics,False,,False,False,0,0
4927,4925,technology: machine-components-mk01,technology,machine-components-mk01,False,,False,False,0,0
4928,4926,technology: machines-mk01,technology,machines-mk01,False,,False,False,0,0
4929,4927,technology: melamine,technology,melamine,False,,False,False,0,0
4930,4928,technology: microbiology-mk01,technology,microbiology-mk01,False,,False,False,0,0
4931,4929,technology: military,technology,military,False,,False,False,0,0
4932,4930,technology: military-2,technology,military-2,False,,False,False,0,0
4933,4931,technology: mining-productivity-1,technology,mining-productivity-1,False,,False,False,0,0
4934,4932,technology: mining-productivity-2,technology,mining-productivity-2,False,,False,False,0,0
4935,4933,technology: mining-with-fluid,technology,mining-with-fluid,False,,False,False,0,0
4936,4934,technology: molecular-decohesion,technology,molecular-decohesion,False,,False,False,0,0
4937,4935,technology: moondrop,technology,moondrop,False,,False,False,0,0
4938,4936,technology: moondrop-upgrade,technology,moondrop-upgrade,False,,False,False,0,0
4939,4937,technology: moss-mk01,technology,moss-mk01,False,,False,False,0,0
4940,4938,technology: moss-upgrade,technology,moss-upgrade,False,,False,False,0,0
4941,4939,technology: mycology-mk01,technology,mycology-mk01,False,,False,False,0,0
4942,4940,technology: nexelit-mk01,technology,nexelit-mk01,False,,False,False,0,0
4943,4941,technology: nickel-mk01,technology,nickel-mk01,False,,False,False,0,0
4944,4942,technology: nonrenewable-mk01,technology,nonrenewable-mk01,False,,False,False,0,0
4945,4943,technology: oil-machines-mk01,technology,oil-machines-mk01,False,,False,False,0,0
4946,4944,technology: oilplant-mk01,technology,oilplant-mk01,False,,False,False,0,0
4947,4945,technology: personal-roboport-equipment,technology,personal-roboport-equipment,False,,False,False,0,0
4948,4946,technology: petri-dish,technology,petri-dish,False,,False,False,0,0
4949,4947,technology: physical-projectile-damage-1,technology,physical-projectile-damage-1,False,,False,False,0,0
4950,4948,technology: plastics,technology,plastics,False,,False,False,0,0
4951,4949,technology: py-asphalt,technology,py-asphalt,False,,False,False,0,0
4952,4950,technology: py-burner,technology,py-burner,False,,False,False,0,0
4953,4951,technology: py-science-pack-1,technology,py-science-pack-1,False,,False,False,0,0
4954,4952,technology: py-storage-tanks,technology,py-storage-tanks,False,,False,False,0,0
4955,4953,technology: py-warehouse-research,technology,py-warehouse-research,False,,False,False,0,0
4956,4954,technology: quartz-mk01,technology,quartz-mk01,False,,False,False,0,0
4957,4955,technology: radars-mk01,technology,radars-mk01,False,,False,False,0,0
4958,4956,technology: railway,technology,railway,False,,False,False,0,0
4959,4957,technology: ralesia,technology,ralesia,False,,False,False,0,0
4960,4958,technology: rendering,technology,rendering,False,,False,False,0,0
4961,4959,technology: renewable-mk01,technology,renewable-mk01,False,,False,False,0,0
4962,4960,technology: repair-pack,technology,repair-pack,False,,False,False,0,0
4963,4961,technology: rubber,technology,rubber,False,,False,False,0,0
4964,4962,technology: sap-mk01,technology,sap-mk01,False,,False,False,0,0
4965,4963,technology: scrude,technology,scrude,False,,False,False,0,0
4966,4964,technology: seaweed-mk01,technology,seaweed-mk01,False,,False,False,0,0
4967,4965,technology: separation,technology,separation,False,,False,False,0,0
4968,4966,technology: smelters-mk01,technology,smelters-mk01,False,,False,False,0,0
4969,4967,technology: soil-washing,technology,soil-washing,False,,False,False,0,0
4970,4968,technology: solder-mk01,technology,solder-mk01,False,,False,False,0,0
4971,4969,technology: starch-mk01,technology,starch-mk01,False,,False,False,0,0
4972,4970,technology: steam-power,technology,steam-power,False,,False,False,0,0
4973,4971,technology: steel-axe,technology,steel-axe,False,,False,False,0,0
4974,4972,technology: steel-processing,technology,steel-processing,False,,False,False,0,0
4975,4973,technology: stone-wall,technology,stone-wall,False,,False,False,0,0
4976,4974,technology: syngas,technology,syngas,False,,False,False,0,0
4977,4975,technology: tar-processing,technology,tar-processing,False,,False,False,0,0
4978,4976,technology: technology-nco-py-crane-mk1-crane,technology,technology-nco-py-crane-mk1-crane,False,,False,False,0,0
4979,4977,technology: tidal-mk01,technology,tidal-mk01,False,,False,False,0,0
4980,4978,technology: tin-mk01,technology,tin-mk01,False,,False,False,0,0
4981,4979,technology: titanium-mk01,technology,titanium-mk01,False,,False,False,0,0
4982,4980,technology: vrauks,technology,vrauks,False,,False,False,0,0
4983,4981,technology: vrauks-mk02,technology,vrauks-mk02,False,,False,False,0,0
4984,4982,technology: vrauks-upgrade,technology,vrauks-upgrade,False,,False,False,0,0
4985,4983,technology: water-animals-mk01,technology,water-animals-mk01,False,,False,False,0,0
4986,4984,technology: weapon-shooting-speed-1,technology,weapon-shooting-speed-1,False,,False,False,0,0
4987,4985,technology: wind-mk01,technology,wind-mk01,False,,False,False,0,0
4988,4986,technology: wood-processing,technology,wood-processing,False,,False,False,0,0
4989,4987,technology: xenobiology,technology,xenobiology,False,,False,False,0,0
4990,4988,technology: zinc-mk01,technology,zinc-mk01,False,,False,False,0,0
4991,4989,technology: zoology,technology,zoology,False,,False,False,0,0
4992,4990,tile-build-item-place-as-tile: concrete__concrete,tile-build-item-place-as-tile,concrete__concrete,False,,False,False,0,0
4993,4991,tile-build-item-place-as-tile: hazard-concrete-left__hazard-concrete,tile-build-item-place-as-tile,hazard-concrete-left__hazard-concrete,False,,False,False,0,0
4994,4992,tile-build-item-place-as-tile: landfill__landfill,tile-build-item-place-as-tile,landfill__landfill,False,,False,False,0,0
4995,4993,tile-build-item-place-as-tile: py-asphalt__py-asphalt,tile-build-item-place-as-tile,py-asphalt__py-asphalt,False,,False,False,0,0
4996,4994,tile-build-item-place-as-tile: py-iron-oxide__py-iron-oxide,tile-build-item-place-as-tile,py-iron-oxide__py-iron-oxide,False,,False,False,0,0
4997,4995,tile-build-item-place-as-tile: py-limestone__py-limestone,tile-build-item-place-as-tile,py-limestone__py-limestone,False,,False,False,0,0
4998,4996,tile-build-item-place-as-tile: refined-concrete__refined-concrete,tile-build-item-place-as-tile,refined-concrete__refined-concrete,False,,False,False,0,0
4999,4997,tile-build-item-place-as-tile: refined-hazard-concrete-left__refined-hazard-concrete,tile-build-item-place-as-tile,refined-hazard-concrete-left__refined-hazard-concrete,False,,False,False,0,0
5000,4998,tile-build-item-place-as-tile: stone-path__stone-brick,tile-build-item-place-as-tile,stone-path__stone-brick,False,,False,False,0,0
5001,5000,tile-fluid: water,tile-fluid,water,False,,False,False,0,0
5002,5001,tile-mine: concrete,tile-mine,concrete,False,,True,False,0,0
5003,5002,tile-mine: hazard-concrete-left,tile-mine,hazard-concrete-left,False,,True,False,0,0
5004,5003,tile-mine: landfill,tile-mine,landfill,False,,True,False,0,0
5005,5004,tile-mine: py-asphalt,tile-mine,py-asphalt,False,,True,False,0,0
5006,5005,tile-mine: py-iron-oxide,tile-mine,py-iron-oxide,False,,True,False,0,0
5007,5006,tile-mine: py-limestone,tile-mine,py-limestone,False,,True,False,0,0
5008,5007,tile-mine: refined-concrete,tile-mine,refined-concrete,False,,True,False,0,0
5009,5008,tile-mine: refined-hazard-concrete-left,tile-mine,refined-hazard-concrete-left,False,,True,False,0,0
5010,5009,tile-mine: stone-path,tile-mine,stone-path,False,,True,False,0,0
5011,5010,true: ,true,,False,,False,False,0,0
