rank_by_abs_component_1,matrix_index,action_key,node_type,name,synthetic,source,coproduct,is_original_recipe,component_1,absolute_share_1
1,2113,item-burn: coal-gas-canister,item-burn,coal-gas-canister,False,,False,False,0.24253562503633294,0.058823529065743847
2,2125,item-burn: pitch-canister,item-burn,pitch-canister,False,,False,False,0.24253562503633294,0.058823529065743847
3,2127,item-burn: scrude-canister,item-burn,scrude-canister,False,,False,False,0.24253562503633294,0.058823529065743847
4,2107,item-burn: acetylene-canister,item-burn,acetylene-canister,False,,False,False,0.24253562503633291,0.05882352906574384
5,2110,item-burn: carbolic-oil-canister,item-burn,carbolic-oil-canister,False,,False,False,0.24253562503633291,0.05882352906574384
6,2120,item-burn: kerosene-canister,item-burn,kerosene-canister,False,,False,False,0.24253562503633291,0.05882352906574384
7,2124,item-burn: naphthalene-oil-canister,item-burn,naphthalene-oil-canister,False,,False,False,0.24253562503633291,0.05882352906574384
8,2108,item-burn: anthracene-oil-canister,item-burn,anthracene-oil-canister,False,,False,False,0.24253562503633289,0.058823529065743833
9,2109,item-burn: aromatics-canister,item-burn,aromatics-canister,False,,False,False,0.24253562503633289,0.058823529065743833
10,2116,item-burn: gasoline-canister,item-burn,gasoline-canister,False,,False,False,0.24253562503633289,0.058823529065743833
11,2121,item-burn: light-oil-canister,item-burn,light-oil-canister,False,,False,False,0.24253562503633289,0.058823529065743833
12,2122,item-burn: methane-canister,item-burn,methane-canister,False,,False,False,0.24253562503633289,0.058823529065743833
13,2123,item-burn: middle-oil-canister,item-burn,middle-oil-canister,False,,False,False,0.24253562503633289,0.058823529065743833
14,2128,item-burn: syngas-canister,item-burn,syngas-canister,False,,False,False,0.24253562503633289,0.058823529065743833
15,2129,item-burn: tar-canister,item-burn,tar-canister,False,,False,False,0.24253562503633289,0.058823529065743833
16,2115,item-burn: condensates-canister,item-burn,condensates-canister,False,,False,False,0.24253562503633286,0.058823529065743826
17,2118,item-burn: heavy-oil-canister,item-burn,heavy-oil-canister,False,,False,False,0.24253562503633286,0.058823529065743826
18,1402,__pr_graph_lp_or_to_or_and__: 4686:entity-operate: car --> fuel-category-burn: jerry:noncoproduct-route,,,True,entity-operate: car --> fuel-category-burn: jerry,False,False,-2.425356250363325e-08,5.8823529065743738e-09
19,2025,entity-operate: smelter-mk01,entity-operate,smelter-mk01,False,,False,False,1.6641432400734333e-16,4.0361401850699773e-17
20,2273,recipe: empty-pitch-canister,recipe,empty-pitch-canister,False,,True,True,1.4266801473229894e-16,3.4602075922249205e-17
21,2236,recipe: empty-anthracene-oil-canister,recipe,empty-anthracene-oil-canister,False,,True,True,1.4266801472994084e-16,3.4602075921677281e-17
22,2246,recipe: empty-condensates-canister,recipe,empty-condensates-canister,False,,True,True,1.4266801472773617e-16,3.4602075921142575e-17
23,2258,recipe: empty-kerosene-canister,recipe,empty-kerosene-canister,False,,True,True,1.426680147277218e-16,3.4602075921139086e-17
24,2254,recipe: empty-heavy-oil-canister,recipe,empty-heavy-oil-canister,False,,True,True,1.4266801472742545e-16,3.4602075921067214e-17
25,2238,recipe: empty-aromatics-canister,recipe,empty-aromatics-canister,False,,True,True,1.4266801472739942e-16,3.4602075921060897e-17
26,2252,recipe: empty-gasoline-canister,recipe,empty-gasoline-canister,False,,True,True,1.4266801472738493e-16,3.4602075921057384e-17
27,2281,recipe: empty-syngas-canister,recipe,empty-syngas-canister,False,,True,True,1.4266801472732039e-16,3.460207592104173e-17
28,326,__pr_graph_lp_or_cost_row__: item: gasoline-canister,,,True,node-cost:item: gasoline-canister,False,False,-1.4266801472726502e-16,3.4602075921028301e-17
29,1427,__pr_graph_lp_or_to_or_and__: 4729:item-burn: kerosene-canister --> item: empty-fuel-canister:noncoproduct-route,,,True,item-burn: kerosene-canister --> item: empty-fuel-canister,False,False,-1.426680147272629e-16,3.4602075921027789e-17
30,1422,__pr_graph_lp_or_to_or_and__: 4719:item-burn: syngas-canister --> item: empty-fuel-canister:noncoproduct-route,,,True,item-burn: syngas-canister --> item: empty-fuel-canister,False,False,-1.4266801472726199e-16,3.4602075921027567e-17
31,1431,__pr_graph_lp_or_to_or_and__: 4737:item-burn: anthracene-oil-canister --> item: empty-fuel-canister:noncoproduct-route,,,True,item-burn: anthracene-oil-canister --> item: empty-fuel-canister,False,False,-1.426680147272593e-16,3.4602075921026914e-17
32,385,__pr_graph_lp_or_cost_row__: item: naphthalene-oil-canister,,,True,node-cost:item: naphthalene-oil-canister,False,False,-1.4266801472725898e-16,3.460207592102684e-17
33,1426,__pr_graph_lp_or_to_or_and__: 4727:item-burn: acetylene-canister --> item: empty-fuel-canister:noncoproduct-route,,,True,item-burn: acetylene-canister --> item: empty-fuel-canister,False,False,-1.4266801472725868e-16,3.4602075921026766e-17
34,1419,__pr_graph_lp_or_to_or_and__: 4713:item-burn: heavy-oil-canister --> item: empty-fuel-canister:noncoproduct-route,,,True,item-burn: heavy-oil-canister --> item: empty-fuel-canister,False,False,-1.4266801472725639e-16,3.4602075921026211e-17
35,373,__pr_graph_lp_or_cost_row__: item: middle-oil-canister,,,True,node-cost:item: middle-oil-canister,False,False,-1.4266801472725624e-16,3.4602075921026174e-17
36,340,__pr_graph_lp_or_cost_row__: item: heavy-oil-canister,,,True,node-cost:item: heavy-oil-canister,False,False,-1.4266801472725612e-16,3.4602075921026144e-17
37,1432,__pr_graph_lp_or_to_or_and__: 4739:item-burn: carbolic-oil-canister --> item: empty-fuel-canister:noncoproduct-route,,,True,item-burn: carbolic-oil-canister --> item: empty-fuel-canister,False,False,-1.4266801472725541e-16,3.4602075921025971e-17
38,370,__pr_graph_lp_or_cost_row__: item: methane-canister,,,True,node-cost:item: methane-canister,False,False,-1.4266801472725521e-16,3.4602075921025922e-17
39,243,__pr_graph_lp_or_cost_row__: item: acetylene-canister,,,True,node-cost:item: acetylene-canister,False,False,-1.4266801472725518e-16,3.4602075921025916e-17
40,276,__pr_graph_lp_or_cost_row__: item: carbolic-oil-canister,,,True,node-cost:item: carbolic-oil-canister,False,False,-1.4266801472725481e-16,3.4602075921025829e-17
41,1424,__pr_graph_lp_or_to_or_and__: 4723:item-burn: aromatics-canister --> item: empty-fuel-canister:noncoproduct-route,,,True,item-burn: aromatics-canister --> item: empty-fuel-canister,False,False,-1.4266801472725481e-16,3.4602075921025829e-17
42,1421,__pr_graph_lp_or_to_or_and__: 4717:item-burn: coal-gas-canister --> item: empty-fuel-canister:noncoproduct-route,,,True,item-burn: coal-gas-canister --> item: empty-fuel-canister,False,False,-1.4266801472725479e-16,3.4602075921025823e-17
43,293,__pr_graph_lp_or_cost_row__: item: condensates-canister,,,True,node-cost:item: condensates-canister,False,False,-1.4266801472725477e-16,3.4602075921025817e-17
44,1429,__pr_graph_lp_or_to_or_and__: 4733:item-burn: scrude-canister --> item: empty-fuel-canister:noncoproduct-route,,,True,item-burn: scrude-canister --> item: empty-fuel-canister,False,False,-1.4266801472725477e-16,3.4602075921025817e-17
45,489,__pr_graph_lp_or_cost_row__: item: tar-canister,,,True,node-cost:item: tar-canister,False,False,-1.4266801472725469e-16,3.4602075921025799e-17
46,355,__pr_graph_lp_or_cost_row__: item: kerosene-canister,,,True,node-cost:item: kerosene-canister,False,False,-1.4266801472725467e-16,3.4602075921025792e-17
47,1430,__pr_graph_lp_or_to_or_and__: 4735:item-burn: condensates-canister --> item: empty-fuel-canister:noncoproduct-route,,,True,item-burn: condensates-canister --> item: empty-fuel-canister,False,False,-1.4266801472725462e-16,3.460207592102578e-17
48,249,__pr_graph_lp_or_cost_row__: item: anthracene-oil-canister,,,True,node-cost:item: anthracene-oil-canister,False,False,-1.4266801472725449e-16,3.4602075921025749e-17
49,251,__pr_graph_lp_or_cost_row__: item: aromatics-canister,,,True,node-cost:item: aromatics-canister,False,False,-1.4266801472725447e-16,3.4602075921025743e-17
50,363,__pr_graph_lp_or_cost_row__: item: light-oil-canister,,,True,node-cost:item: light-oil-canister,False,False,-1.4266801472725437e-16,3.4602075921025718e-17
51,1428,__pr_graph_lp_or_to_or_and__: 4731:item-burn: methane-canister --> item: empty-fuel-canister:noncoproduct-route,,,True,item-burn: methane-canister --> item: empty-fuel-canister,False,False,-1.4266801472725398e-16,3.4602075921025626e-17
52,1435,__pr_graph_lp_or_to_or_and__: 4745:item-burn: middle-oil-canister --> item: empty-fuel-canister:noncoproduct-route,,,True,item-burn: middle-oil-canister --> item: empty-fuel-canister,False,False,-1.426680147272538e-16,3.4602075921025583e-17
53,1433,__pr_graph_lp_or_to_or_and__: 4741:item-burn: naphthalene-oil-canister --> item: empty-fuel-canister:noncoproduct-route,,,True,item-burn: naphthalene-oil-canister --> item: empty-fuel-canister,False,False,-1.4266801472725366e-16,3.4602075921025546e-17
54,453,__pr_graph_lp_or_cost_row__: item: scrude-canister,,,True,node-cost:item: scrude-canister,False,False,-1.4266801472725329e-16,3.4602075921025453e-17
55,484,__pr_graph_lp_or_cost_row__: item: syngas-canister,,,True,node-cost:item: syngas-canister,False,False,-1.4266801472725282e-16,3.4602075921025342e-17
56,407,__pr_graph_lp_or_cost_row__: item: pitch-canister,,,True,node-cost:item: pitch-canister,False,False,-1.4266801472725057e-16,3.46020759210248e-17
57,288,__pr_graph_lp_or_cost_row__: item: coal-gas-canister,,,True,node-cost:item: coal-gas-canister,False,False,-1.4266801472725033e-16,3.4602075921024738e-17
58,1423,__pr_graph_lp_or_to_or_and__: 4721:item-burn: tar-canister --> item: empty-fuel-canister:noncoproduct-route,,,True,item-burn: tar-canister --> item: empty-fuel-canister,False,False,-1.4266801472725006e-16,3.4602075921024671e-17
59,1420,__pr_graph_lp_or_to_or_and__: 4715:item-burn: light-oil-canister --> item: empty-fuel-canister:noncoproduct-route,,,True,item-burn: light-oil-canister --> item: empty-fuel-canister,False,False,-1.4266801472724942e-16,3.4602075921024517e-17
60,1425,__pr_graph_lp_or_to_or_and__: 4725:item-burn: gasoline-canister --> item: empty-fuel-canister:noncoproduct-route,,,True,item-burn: gasoline-canister --> item: empty-fuel-canister,False,False,-1.4266801472724848e-16,3.4602075921024289e-17
61,1434,__pr_graph_lp_or_to_or_and__: 4743:item-burn: pitch-canister --> item: empty-fuel-canister:noncoproduct-route,,,True,item-burn: pitch-canister --> item: empty-fuel-canister,False,False,-1.4266801472724799e-16,3.4602075921024171e-17
62,2233,recipe: empty-acetylene-canister,recipe,empty-acetylene-canister,False,,True,True,1.4266801472723078e-16,3.4602075921019999e-17
63,2260,recipe: empty-light-oil-canister,recipe,empty-light-oil-canister,False,,True,True,1.4266801472683551e-16,3.4602075920924128e-17
64,2284,recipe: empty-tar-canister,recipe,empty-tar-canister,False,,True,True,1.4266801472671353e-16,3.4602075920894546e-17
65,2263,recipe: empty-methane-canister,recipe,empty-methane-canister,False,,True,True,1.4266801472655288e-16,3.4602075920855583e-17
66,2269,recipe: empty-naphthalene-oil-canister,recipe,empty-naphthalene-oil-canister,False,,True,True,1.4266801472639791e-16,3.4602075920817995e-17
67,2240,recipe: empty-carbolic-oil-canister,recipe,empty-carbolic-oil-canister,False,,True,True,1.426680147251065e-16,3.4602075920504787e-17
68,2278,recipe: empty-scrude-canister,recipe,empty-scrude-canister,False,,True,True,1.4266801472468601e-16,3.4602075920402802e-17
69,2244,recipe: empty-coal-gas-canister,recipe,empty-coal-gas-canister,False,,True,True,1.4266801472417163e-16,3.4602075920278045e-17
70,2265,recipe: empty-middle-oil-canister,recipe,empty-middle-oil-canister,False,,True,True,1.426680147207831e-16,3.4602075919456206e-17
71,1947,entity-operate: glassworks-mk01,entity-operate,glassworks-mk01,False,,False,False,9.6845518204483805e-17,2.348848815152443e-17
72,2114,item-burn: coke,item-burn,coke,False,,False,False,2.7154030780305437e-17,6.5858197888170772e-18
73,1928,entity-operate: data-array,entity-operate,data-array,False,,False,False,-1.6019169516460113e-17,3.8852192683833882e-18
74,1969,entity-operate: olefin-plant,entity-operate,olefin-plant,False,,False,False,1.3882142785341253e-17,3.3669141574809788e-18
75,1937,entity-operate: evaporator,entity-operate,evaporator,False,,False,False,-1.2997516643324376e-17,3.1523608044655143e-18
76,2111,item-burn: coal,item-burn,coal,False,,False,False,1.0753901419052024e-17,2.6082041869065092e-18
77,2060,entity-operate: vacuum-pump-mk01,entity-operate,vacuum-pump-mk01,False,,False,False,7.3815065155183665e-18,1.7902782859199596e-18
78,1912,entity-operate: boiler,entity-operate,boiler,False,,False,False,6.6261779054404537e-18,1.6070841904445012e-18
79,1932,entity-operate: distilator,entity-operate,distilator,False,,False,False,5.7405640244443643e-18,1.39229127553975e-18
80,2119,item-burn: kerogen,item-burn,kerogen,False,,False,False,4.9724698293083846e-18,1.2060010709314911e-18
81,1914,entity-operate: borax-mine,entity-operate,borax-mine,False,,False,False,4.9221274181419776e-18,1.193791242845233e-18
82,1943,entity-operate: gasifier,entity-operate,gasifier,False,,False,False,4.8901718816037457e-18,1.186040886863152e-18
83,2033,entity-operate: stone-furnace,entity-operate,stone-furnace,False,,False,False,4.8511542396683107e-18,1.1765777187445631e-18
84,2112,item-burn: coal-dust,item-burn,coal-dust,False,,False,False,-4.8483788783215363e-18,1.175904594749581e-18
85,1903,entity-operate: automated-screener-mk01,entity-operate,automated-screener-mk01,False,,False,False,4.4562269650588508e-18,1.0807937859166972e-18
86,1917,entity-operate: burner-mining-drill,entity-operate,burner-mining-drill,False,,False,False,-4.4226247272982877e-18,1.0726440462267593e-18
87,2015,entity-operate: research-center-mk01,entity-operate,research-center-mk01,False,,False,False,-4.3111762122381355e-18,1.0456138111262755e-18
88,1909,entity-operate: biofactory-mk01,entity-operate,biofactory-mk01,False,,False,False,4.187751715798787e-18,1.0156789739136508e-18
89,1935,entity-operate: electrolyzer-mk01,entity-operate,electrolyzer-mk01,False,,False,False,-4.0778466457363642e-18,9.8902307920819868e-19
90,2065,entity-operate: wpu-mk01,entity-operate,wpu-mk01,False,,False,False,-3.863085801157657e-18,9.3693592384136616e-19
91,1940,entity-operate: fluid-drill-mk01,entity-operate,fluid-drill-mk01,False,,False,False,3.8464835528124132e-18,9.329092871856302e-19
92,1982,entity-operate: pcb-factory-mk01,entity-operate,pcb-factory-mk01,False,,False,False,3.527107052377422e-18,8.5544910848636116e-19
93,2117,item-burn: gunpowder,item-burn,gunpowder,False,,False,False,3.1031358700948622e-18,7.5262099339893886e-19
94,1956,entity-operate: jaw-crusher,entity-operate,jaw-crusher,False,,False,False,-3.0337629319040864e-18,7.3579558457320521e-19
95,2020,entity-operate: seaweed-crop-mk01,entity-operate,seaweed-crop-mk01,False,,False,False,2.9949136903240507e-18,7.2637325953982917e-19
96,2018,entity-operate: sap-extractor-mk01,entity-operate,sap-extractor-mk01,False,,False,False,2.7038544243614724e-18,6.5578101896222758e-19
97,1923,entity-operate: clay-pit-mk01,entity-operate,clay-pit-mk01,False,,False,False,2.7012022892803157e-18,6.5513778172642218e-19
98,1904,entity-operate: barrel-machine-mk01,entity-operate,barrel-machine-mk01,False,,False,False,2.5841713336869646e-18,6.2675360592995526e-19
99,2013,entity-operate: reformer-mk01,entity-operate,reformer-mk01,False,,False,False,2.559396720399159e-18,6.2074487964650932e-19
100,2026,entity-operate: soil-extractor-mk01,entity-operate,soil-extractor-mk01,False,,False,False,2.3581536980273284e-18,5.7193627771846615e-19
101,2016,entity-operate: retorter,entity-operate,retorter,False,,False,False,2.1707273645376878e-18,5.2647871504468546e-19
102,2011,entity-operate: rc-mk01,entity-operate,rc-mk01,False,,False,False,-2.0168716761647104e-18,4.8916322971925308e-19
103,2063,entity-operate: washer,entity-operate,washer,False,,False,False,1.9094129278239182e-18,4.6310065517810634e-19
104,2126,item-burn: raw-coal,item-burn,raw-coal,False,,False,False,1.8107487934770897e-18,4.391710878263917e-19
105,1899,entity-operate: advanced-foundry-mk01,entity-operate,advanced-foundry-mk01,False,,False,False,1.6978582489561456e-18,4.1179110921137133e-19
106,1963,entity-operate: moss-farm-mk01,entity-operate,moss-farm-mk01,False,,False,False,1.4041787890895202e-18,3.4056337827127344e-19
107,1927,entity-operate: creature-chamber-mk01,entity-operate,creature-chamber-mk01,False,,False,False,1.2846942945859412e-18,3.1158413188516382e-19
108,1945,entity-operate: genlab-mk01,entity-operate,genlab-mk01,False,,False,False,1.0327059329115927e-18,2.5046797744410101e-19
109,2021,entity-operate: slaughterhouse-mk01,entity-operate,slaughterhouse-mk01,False,,False,False,-1.0325622757453785e-18,2.5043313546370728e-19
110,2007,entity-operate: quenching-tower,entity-operate,quenching-tower,False,,False,False,1.0176804595183751e-18,2.468237648846468e-19
111,2008,entity-operate: radar,entity-operate,radar,False,,False,False,8.7736377071545331e-19,2.1279196926298859e-19
112,1902,entity-operate: assembling-machine-1,entity-operate,assembling-machine-1,False,,False,False,-7.9788392938003433e-19,1.9351527638030653e-19
113,1942,entity-operate: fwf-mk01,entity-operate,fwf-mk01,False,,False,False,-7.7600834409319135e-19,1.8820966766093592e-19
114,1988,entity-operate: pulp-mill-mk01,entity-operate,pulp-mill-mk01,False,,False,False,-7.2126205412420241e-19,1.7493174208299232e-19
115,2038,entity-operate: tar-processing-unit,entity-operate,tar-processing-unit,False,,False,False,-5.487610166857742e-19,1.3309409539455113e-19
116,1939,entity-operate: flora-collector-mk01,entity-operate,flora-collector-mk01,False,,False,False,5.2479411223591573e-19,1.2728126727781176e-19
117,1957,entity-operate: lab,entity-operate,lab,False,,False,False,4.2096555807041522e-19,1.0209914414479352e-19
118,2062,entity-operate: vrauks-paddock-mk01,entity-operate,vrauks-paddock-mk01,False,,False,False,-3.9229971100436854e-19,9.5146655050330956e-20
119,1989,entity-operate: pump,entity-operate,pump,False,,False,False,3.542999115676638e-19,8.5930349996908057e-20
120,1915,entity-operate: botanical-nursery,entity-operate,botanical-nursery,False,,False,False,3.0254591367394865e-19,7.3378161843463211e-20
121,1960,entity-operate: micro-mine-mk01,entity-operate,micro-mine-mk01,False,,False,False,-2.4274133398325508e-19,5.8873420813467695e-20
122,1962,entity-operate: moondrop-greenhouse-mk01,entity-operate,moondrop-greenhouse-mk01,False,,False,False,-2.3050952170460453e-19,5.5906770594588977e-20
123,1992,entity-operate: py-local-radar,entity-operate,py-local-radar,False,,False,False,2.2381991405156503e-19,5.4284302430755143e-20
124,1936,entity-operate: electronics-factory-mk01,entity-operate,electronics-factory-mk01,False,,False,False,-1.4987498482702404e-19,3.6350022908509472e-20
125,1921,entity-operate: chipshooter-mk01,entity-operate,chipshooter-mk01,False,,False,False,-1.4094381522216217e-19,3.418389611883073e-20
126,1951,entity-operate: incubator-mk01,entity-operate,incubator-mk01,False,,False,False,1.2041410131581639e-19,2.9204709154027398e-20
127,2027,entity-operate: solid-separator,entity-operate,solid-separator,False,,False,False,-2.9975606318170221e-20,7.2701523714548534e-21
128,1949,entity-operate: hpf,entity-operate,hpf,False,,False,False,-1.7806248782046951e-20,4.3186496525023718e-21
129,2385,recipe: molten-glass-pyvoid-fluid,recipe,molten-glass-pyvoid-fluid,False,,True,True,-1.4248257510119435e-21,3.4557100205677311e-22
130,2469,recipe: slacked-lime-pyvoid-fluid,recipe,slacked-lime-pyvoid-fluid,False,,True,True,-8.1730029695709653e-22,1.9822443719884354e-22
131,2340,recipe: heavy-oil-pyvoid-fluid,recipe,heavy-oil-pyvoid-fluid,False,,True,True,6.9793860576077943e-22,1.69274974989442e-22
132,2161,recipe: anthracene-oil-pyvoid-fluid,recipe,anthracene-oil-pyvoid-fluid,False,,True,True,6.0418886274773328e-22,1.4653732260452821e-22
133,2414,recipe: pitch-pyvoid-fluid,recipe,pitch-pyvoid-fluid,False,,True,True,5.2917181818830139e-22,1.2834301692095331e-22
134,2376,recipe: methanal-pyvoid-fluid,recipe,methanal-pyvoid-fluid,False,,True,True,-5.0107551816792178e-22,1.2152866327438665e-22
135,2219,recipe: creamy-latex-pyvoid-fluid,recipe,creamy-latex-pyvoid-fluid,False,,True,True,-4.7102801310421196e-22,1.1424107289584559e-22
136,2379,recipe: methane-pyvoid-gas,recipe,methane-pyvoid-gas,False,,True,True,-4.3507860585801443e-22,1.0552206099099172e-22
137,2152,recipe: acetylene-pyvoid-gas,recipe,acetylene-pyvoid-gas,False,,True,True,4.1746694558160685e-22,1.0125060598305186e-22
138,2315,recipe: flue-gas-pyvoid-gas,recipe,flue-gas-pyvoid-gas,False,,True,True,4.0857936325292756e-22,9.90950506605835e-23
139,2487,recipe: steam-pyvoid-gas,recipe,steam-pyvoid-gas,False,,True,True,-4.0363204967034722e-22,9.789515087563988e-23
140,2539,recipe: water-saline-pyvoid-fluid,recipe,water-saline-pyvoid-fluid,False,,True,True,2.5542273618573818e-22,6.1949112604891749e-23
141,2163,recipe: aromatics-pyvoid-fluid,recipe,aromatics-pyvoid-fluid,False,,True,True,-2.4225693114801094e-22,5.8755935869743467e-23
142,2325,recipe: gasoline-pyvoid-fluid,recipe,gasoline-pyvoid-fluid,False,,True,True,-2.4137136954975308e-22,5.8541155635265243e-23
143,2358,recipe: kerosene-pyvoid-fluid,recipe,kerosene-pyvoid-fluid,False,,True,True,2.1353998264857284e-22,5.1791052857265978e-23
144,2143,logic-and: smart-farm-yotoi-tree-fruit-recipe-yotoi-fruit-super-3,logic-and,smart-farm-yotoi-tree-fruit-recipe-yotoi-fruit-super-3,False,,False,False,2.0767092311307111e-22,5.0367596842820891e-23
145,2208,recipe: coal-gas-pyvoid-gas,recipe,coal-gas-pyvoid-gas,False,,True,True,-1.8508121612473849e-22,4.4888788171246313e-23
146,2154,recipe: acidgas-pyvoid-gas,recipe,acidgas-pyvoid-gas,False,,True,True,1.5763040065313496e-22,3.8230987522247453e-23
147,2142,logic-and: smart-farm-yotoi-tree-fruit-recipe-yotoi-fruit-super-2,logic-and,smart-farm-yotoi-tree-fruit-recipe-yotoi-fruit-super-2,False,,False,False,-1.5320598339608786e-22,3.715790872370023e-23
148,2507,recipe: tailings-pyvoid-fluid,recipe,tailings-pyvoid-fluid,False,,True,True,1.4226770082723711e-22,3.4504985539645424e-23
149,2190,recipe: carbolic-oil-pyvoid-fluid,recipe,carbolic-oil-pyvoid-fluid,False,,True,True,1.3228021731549447e-22,3.2082664997833798e-23
150,2145,logic-and: smart-farm-yotoi-tree-recipe-yotoi-super-2,logic-and,smart-farm-yotoi-tree-recipe-yotoi-super-2,False,,False,False,1.2214804216073046e-22,2.9625251578150883e-23
151,2319,recipe: formic-acid-pyvoid-gas,recipe,formic-acid-pyvoid-gas,False,,True,True,1.1022685809205161e-22,2.6733939765888405e-23
152,2400,recipe: naphthalene-oil-pyvoid-fluid,recipe,naphthalene-oil-pyvoid-fluid,False,,True,True,9.9906886119808235e-23,2.4230978927966222e-23
153,2192,recipe: carbon-dioxide-pyvoid-gas,recipe,carbon-dioxide-pyvoid-gas,False,,True,True,-9.9839081423454419e-23,2.4214533873652384e-23
154,2141,logic-and: smart-farm-yotoi-tree-fruit-recipe-yotoi-fruit-super-1,logic-and,smart-farm-yotoi-tree-fruit-recipe-yotoi-fruit-super-1,False,,False,False,9.3560478629234618e-23,2.269174902955898e-23
155,2382,recipe: middle-oil-pyvoid-fluid,recipe,middle-oil-pyvoid-fluid,False,,True,True,9.3429205032328297e-23,2.2659910505869822e-23
156,2213,recipe: condensates-pyvoid-fluid,recipe,condensates-pyvoid-fluid,False,,True,True,-7.4319886838962868e-23,1.8025220101086662e-23
157,2222,recipe: creosote-pyvoid-fluid,recipe,creosote-pyvoid-fluid,False,,True,True,-7.1714245300431434e-23,1.7393259205635727e-23
158,2138,logic-and: smart-farm-ore-bioreserve-recipe-bioreserve-super-2,logic-and,smart-farm-ore-bioreserve-recipe-bioreserve-super-2,False,,False,False,-6.9130721981216902e-23,1.6766662766299951e-23
159,2201,recipe: chlorine-pyvoid-gas,recipe,chlorine-pyvoid-gas,False,,True,True,6.7458872690197497e-23,1.6361179755921202e-23
160,2367,recipe: light-oil-pyvoid-fluid,recipe,light-oil-pyvoid-fluid,False,,True,True,6.469371147550071e-23,1.5690529656333495e-23
161,2462,recipe: scrude-pyvoid-fluid,recipe,scrude-pyvoid-fluid,False,,True,True,-5.3466472212266542e-23,1.296752418021022e-23
162,2144,logic-and: smart-farm-yotoi-tree-recipe-yotoi-super-1,logic-and,smart-farm-yotoi-tree-recipe-yotoi-super-1,False,,False,False,5.262886448576562e-23,1.2764374467923056e-23
163,2135,logic-and: smart-farm-kicalk-tree-recipe-kicalk-super-2,logic-and,smart-farm-kicalk-tree-recipe-kicalk-super-2,False,,False,False,4.6238052272070376e-23,1.1214374842302297e-23
164,2537,recipe: water-pyvoid-fluid,recipe,water-pyvoid-fluid,False,,True,True,-4.08997065031306e-23,9.9196358221885375e-24
165,2527,recipe: vacuum-pyvoid-gas,recipe,vacuum-pyvoid-gas,False,,True,True,-3.559186641607075e-23,8.6322955166531654e-24
166,2140,logic-and: smart-farm-ralesia-flowers-recipe-ralesia-super-3,logic-and,smart-farm-ralesia-flowers-recipe-ralesia-super-3,False,,False,False,3.3047394762542274e-23,8.0151704974075521e-24
167,2146,logic-and: smart-farm-yotoi-tree-recipe-yotoi-super-3,logic-and,smart-farm-yotoi-tree-recipe-yotoi-super-3,False,,False,False,3.2593249833208544e-23,7.9050241737624355e-24
168,2511,recipe: tar-pyvoid-fluid,recipe,tar-pyvoid-fluid,False,,True,True,-2.4991462046346108e-23,6.0613198323275145e-24
169,2502,recipe: syngas-pyvoid-gas,recipe,syngas-pyvoid-gas,False,,True,True,2.4589772488296619e-23,5.9638958048684955e-24
170,976,__pr_graph_lp_or_to_or_and__: 3914:item: gunpowder --> energy-source-burner: chemical__biomass_2_1,,,True,item: gunpowder --> energy-source-burner: chemical__biomass_2_1,False,False,2.3997908390407989e-23,5.8203476767949127e-24
171,2406,recipe: oxygen-pyvoid-gas,recipe,oxygen-pyvoid-gas,False,,True,True,-2.3475698148635174e-23,5.6936930901511953e-24
172,974,__pr_graph_lp_or_to_or_and__: 3912:item: coke --> energy-source-burner: chemical__biomass_2_1,,,True,item: coke --> energy-source-burner: chemical__biomass_2_1,False,False,-2.0292735014186089e-23,4.9217111414110529e-24
173,2345,recipe: hydrogen-pyvoid-gas,recipe,hydrogen-pyvoid-gas,False,,True,True,-2.020615430463308e-23,4.9007122350270477e-24
174,1171,__pr_graph_lp_or_to_or_and__: 4109:fluid: middle-oil --> energy-source-fluid: ,,,True,fluid: middle-oil --> energy-source-fluid: ,False,False,-1.9859749627051884e-23,4.8166967605285912e-24
175,1165,__pr_graph_lp_or_to_or_and__: 4103:fluid: scrude --> energy-source-fluid: ,,,True,fluid: scrude --> energy-source-fluid: ,False,False,-1.9097174308712867e-23,4.6317450801459083e-24
176,1166,__pr_graph_lp_or_to_or_and__: 4104:fluid: condensates --> energy-source-fluid: ,,,True,fluid: condensates --> energy-source-fluid: ,False,False,-1.8761698044585603e-23,4.5503801352195662e-24
177,978,__pr_graph_lp_or_to_or_and__: 3916:item: kerogen --> energy-source-burner: chemical__biomass_2_1,,,True,item: kerogen --> energy-source-burner: chemical__biomass_2_1,False,False,-1.8559826949304468e-23,4.5014192032367927e-24
178,2423,recipe: pressured-water-pyvoid-fluid,recipe,pressured-water-pyvoid-fluid,False,,True,True,-1.4746675074171257e-23,3.5765940352830434e-24
179,1162,__pr_graph_lp_or_to_or_and__: 4100:fluid: hydrogen --> energy-source-fluid: ,,,True,fluid: hydrogen --> energy-source-fluid: ,False,False,-1.4703639484320186e-23,3.5661563716611051e-24
180,740,__pr_graph_lp_or_to_or_and__: 1800:item: naphthalene-oil-canister --> fuel-category: jerry__1,,,True,item: naphthalene-oil-canister --> fuel-category: jerry__1,False,False,1.4266823015432557e-23,3.4602128169764773e-24
181,731,__pr_graph_lp_or_to_or_and__: 1791:item: aromatics-canister --> fuel-category: jerry__1,,,True,item: aromatics-canister --> fuel-category: jerry__1,False,False,1.426682217402182e-23,3.4602126129044e-24
182,1061,__pr_graph_lp_or_to_or_and__: 3999:item: scrude-canister --> energy-source-burner: jerry__chemical__biomass_2_1,,,True,item: scrude-canister --> energy-source-burner: jerry__chemical__biomass_2_1,False,False,1.4266817446124499e-23,3.4602114662208743e-24
183,736,__pr_graph_lp_or_to_or_and__: 1796:item: scrude-canister --> fuel-category: jerry__1,,,True,item: scrude-canister --> fuel-category: jerry__1,False,False,1.4266817287904085e-23,3.4602114278467877e-24
184,1153,__pr_graph_lp_or_to_or_and__: 4091:item: middle-oil-canister --> energy-source-burner: jerry_2_1,,,True,item: middle-oil-canister --> energy-source-burner: jerry_2_1,False,False,1.4266817215601861e-23,3.4602114103109224e-24
185,1030,__pr_graph_lp_or_to_or_and__: 3968:item: acetylene-canister --> energy-source-burner: chemical__biomass__jerry__nuke_2_1,,,True,item: acetylene-canister --> energy-source-burner: chemical__biomass__jerry__nuke_2_1,False,False,1.4266814620907919e-23,3.4602107810052095e-24
186,1152,__pr_graph_lp_or_to_or_and__: 4090:item: pitch-canister --> energy-source-burner: jerry_2_1,,,True,item: pitch-canister --> energy-source-burner: jerry_2_1,False,False,1.4266813629769174e-23,3.4602105406187556e-24
187,1123,__pr_graph_lp_or_to_or_and__: 4061:item: syngas-canister --> energy-source-burner: jerry__nuke_2_1,,,True,item: syngas-canister --> energy-source-burner: jerry__nuke_2_1,False,False,1.4266813366415878e-23,3.4602104767461997e-24
188,728,__pr_graph_lp_or_to_or_and__: 1788:item: coal-gas-canister --> fuel-category: jerry__1,,,True,item: coal-gas-canister --> fuel-category: jerry__1,False,False,1.4266812904720497e-23,3.4602103647686226e-24
189,730,__pr_graph_lp_or_to_or_and__: 1790:item: tar-canister --> fuel-category: jerry__1,,,True,item: tar-canister --> fuel-category: jerry__1,False,False,1.4266812899281044e-23,3.4602103634493616e-24
190,1120,__pr_graph_lp_or_to_or_and__: 4058:item: heavy-oil-canister --> energy-source-burner: jerry__nuke_2_1,,,True,item: heavy-oil-canister --> energy-source-burner: jerry__nuke_2_1,False,False,1.4266812854837098e-23,3.4602103526701217e-24
191,1134,__pr_graph_lp_or_to_or_and__: 4072:item: naphthalene-oil-canister --> energy-source-burner: jerry__nuke_2_1,,,True,item: naphthalene-oil-canister --> energy-source-burner: jerry__nuke_2_1,False,False,1.4266812070901444e-23,3.4602101625377992e-24
192,1147,__pr_graph_lp_or_to_or_and__: 4085:item: scrude-canister --> energy-source-burner: jerry_2_1,,,True,item: scrude-canister --> energy-source-burner: jerry_2_1,False,False,1.4266811902397837e-23,3.4602101216696714e-24
193,1057,__pr_graph_lp_or_to_or_and__: 3995:item: gasoline-canister --> energy-source-burner: jerry__chemical__biomass_2_1,,,True,item: gasoline-canister --> energy-source-burner: jerry__chemical__biomass_2_1,False,False,1.426681184160777e-23,3.4602101069259145e-24
194,1063,__pr_graph_lp_or_to_or_and__: 4001:item: anthracene-oil-canister --> energy-source-burner: jerry__chemical__biomass_2_1,,,True,item: anthracene-oil-canister --> energy-source-burner: jerry__chemical__biomass_2_1,False,False,1.4266811470503977e-23,3.4602100169200246e-24
195,1051,__pr_graph_lp_or_to_or_and__: 3989:item: heavy-oil-canister --> energy-source-burner: jerry__chemical__biomass_2_1,,,True,item: heavy-oil-canister --> energy-source-burner: jerry__chemical__biomass_2_1,False,False,1.4266810680791908e-23,3.4602098253867155e-24
196,1121,__pr_graph_lp_or_to_or_and__: 4059:item: light-oil-canister --> energy-source-burner: jerry__nuke_2_1,,,True,item: light-oil-canister --> energy-source-burner: jerry__nuke_2_1,False,False,1.4266810019597518e-23,3.4602096650235222e-24
197,1126,__pr_graph_lp_or_to_or_and__: 4064:item: gasoline-canister --> energy-source-burner: jerry__nuke_2_1,,,True,item: gasoline-canister --> energy-source-burner: jerry__nuke_2_1,False,False,1.4266809967111719e-23,3.4602096522938463e-24
198,733,__pr_graph_lp_or_to_or_and__: 1793:item: acetylene-canister --> fuel-category: jerry__1,,,True,item: acetylene-canister --> fuel-category: jerry__1,False,False,1.4266809205418584e-23,3.4602094675561266e-24
199,1028,__pr_graph_lp_or_to_or_and__: 3966:item: aromatics-canister --> energy-source-burner: chemical__biomass__jerry__nuke_2_1,,,True,item: aromatics-canister --> energy-source-burner: chemical__biomass__jerry__nuke_2_1,False,False,1.4266809133000197e-23,3.4602094499920877e-24
200,738,__pr_graph_lp_or_to_or_and__: 1798:item: anthracene-oil-canister --> fuel-category: jerry__1,,,True,item: anthracene-oil-canister --> fuel-category: jerry__1,False,False,1.4266809049937559e-23,3.460209429846439e-24
201,1067,__pr_graph_lp_or_to_or_and__: 4005:item: middle-oil-canister --> energy-source-burner: jerry__chemical__biomass_2_1,,,True,item: middle-oil-canister --> energy-source-burner: jerry__chemical__biomass_2_1,False,False,1.4266808351358802e-23,3.4602092604162045e-24
202,1136,__pr_graph_lp_or_to_or_and__: 4074:item: middle-oil-canister --> energy-source-burner: jerry__nuke_2_1,,,True,item: middle-oil-canister --> energy-source-burner: jerry__nuke_2_1,False,False,1.4266808263057988e-23,3.4602092390001117e-24
203,1127,__pr_graph_lp_or_to_or_and__: 4065:item: acetylene-canister --> energy-source-burner: jerry__nuke_2_1,,,True,item: acetylene-canister --> energy-source-burner: jerry__nuke_2_1,False,False,1.426680814416518e-23,3.4602092101643705e-24
204,1144,__pr_graph_lp_or_to_or_and__: 4082:item: acetylene-canister --> energy-source-burner: jerry_2_1,,,True,item: acetylene-canister --> energy-source-burner: jerry_2_1,False,False,1.4266807868453574e-23,3.460209143294484e-24
205,1003,__pr_graph_lp_or_to_or_and__: 3941:item: kerosene-canister --> energy-source-burner: chemical__biomass__jerry_2_1,,,True,item: kerosene-canister --> energy-source-burner: chemical__biomass__jerry_2_1,False,False,1.4266807750344912e-23,3.4602091146489261e-24
206,1059,__pr_graph_lp_or_to_or_and__: 3997:item: kerosene-canister --> energy-source-burner: jerry__chemical__biomass_2_1,,,True,item: kerosene-canister --> energy-source-burner: jerry__chemical__biomass_2_1,False,False,1.4266807630081416e-23,3.4602090854807441e-24
207,1142,__pr_graph_lp_or_to_or_and__: 4080:item: aromatics-canister --> energy-source-burner: jerry_2_1,,,True,item: aromatics-canister --> energy-source-burner: jerry_2_1,False,False,1.4266807560260093e-23,3.4602090685465857e-24
208,739,__pr_graph_lp_or_to_or_and__: 1799:item: carbolic-oil-canister --> fuel-category: jerry__1,,,True,item: carbolic-oil-canister --> fuel-category: jerry__1,False,False,1.4266807349330239e-23,3.4602090173885823e-24
209,1058,__pr_graph_lp_or_to_or_and__: 3996:item: acetylene-canister --> energy-source-burner: jerry__chemical__biomass_2_1,,,True,item: acetylene-canister --> energy-source-burner: jerry__chemical__biomass_2_1,False,False,1.4266807101292994e-23,3.4602089572307142e-24
210,1036,__pr_graph_lp_or_to_or_and__: 3974:item: carbolic-oil-canister --> energy-source-burner: chemical__biomass__jerry__nuke_2_1,,,True,item: carbolic-oil-canister --> energy-source-burner: chemical__biomass__jerry__nuke_2_1,False,False,1.42668069300831e-23,3.4602089157062161e-24
211,741,__pr_graph_lp_or_to_or_and__: 1801:item: pitch-canister --> fuel-category: jerry__1,,,True,item: pitch-canister --> fuel-category: jerry__1,False,False,1.4266806393500938e-23,3.4602087855659266e-24
212,1090,__pr_graph_lp_or_to_or_and__: 4028:item: syngas-canister --> energy-source-burner: chemical__jerry__biomass__nuke_2_1,,,True,item: syngas-canister --> energy-source-burner: chemical__jerry__biomass__nuke_2_1,False,False,1.4266805937640073e-23,3.4602086750034279e-24
213,1064,__pr_graph_lp_or_to_or_and__: 4002:item: carbolic-oil-canister --> energy-source-burner: jerry__chemical__biomass_2_1,,,True,item: carbolic-oil-canister --> energy-source-burner: jerry__chemical__biomass_2_1,False,False,1.4266805721355419e-23,3.4602086225466942e-24
214,1097,__pr_graph_lp_or_to_or_and__: 4035:item: scrude-canister --> energy-source-burner: chemical__jerry__biomass__nuke_2_1,,,True,item: scrude-canister --> energy-source-burner: chemical__jerry__biomass__nuke_2_1,False,False,1.4266805552995523e-23,3.460208581713422e-24
215,732,__pr_graph_lp_or_to_or_and__: 1792:item: gasoline-canister --> fuel-category: jerry__1,,,True,item: gasoline-canister --> fuel-category: jerry__1,False,False,1.4266805372500114e-23,3.4602085379368553e-24
216,734,__pr_graph_lp_or_to_or_and__: 1794:item: kerosene-canister --> fuel-category: jerry__1,,,True,item: kerosene-canister --> fuel-category: jerry__1,False,False,1.4266805209514998e-23,3.4602084984071586e-24
217,1102,__pr_graph_lp_or_to_or_and__: 4040:item: pitch-canister --> energy-source-burner: chemical__jerry__biomass__nuke_2_1,,,True,item: pitch-canister --> energy-source-burner: chemical__jerry__biomass__nuke_2_1,False,False,1.4266805018020859e-23,3.460208451963008e-24
218,1095,__pr_graph_lp_or_to_or_and__: 4033:item: kerosene-canister --> energy-source-burner: chemical__jerry__biomass__nuke_2_1,,,True,item: kerosene-canister --> energy-source-burner: chemical__jerry__biomass__nuke_2_1,False,False,1.4266804965207917e-23,3.4602084391539884e-24
219,1055,__pr_graph_lp_or_to_or_and__: 3993:item: tar-canister --> energy-source-burner: jerry__chemical__biomass_2_1,,,True,item: tar-canister --> energy-source-burner: jerry__chemical__biomass_2_1,False,False,1.4266804960418982e-23,3.4602084379925008e-24
220,1054,__pr_graph_lp_or_to_or_and__: 3992:item: syngas-canister --> energy-source-burner: jerry__chemical__biomass_2_1,,,True,item: syngas-canister --> energy-source-burner: jerry__chemical__biomass_2_1,False,False,1.4266804881483449e-23,3.4602084188478223e-24
221,1065,__pr_graph_lp_or_to_or_and__: 4003:item: naphthalene-oil-canister --> energy-source-burner: jerry__chemical__biomass_2_1,,,True,item: naphthalene-oil-canister --> energy-source-burner: jerry__chemical__biomass_2_1,False,False,1.4266804717142013e-23,3.4602083789891694e-24
222,1005,__pr_graph_lp_or_to_or_and__: 3943:item: scrude-canister --> energy-source-burner: chemical__biomass__jerry_2_1,,,True,item: scrude-canister --> energy-source-burner: chemical__biomass__jerry_2_1,False,False,1.4266804289591278e-23,3.4602082752928853e-24
223,726,__pr_graph_lp_or_to_or_and__: 1786:item: heavy-oil-canister --> fuel-category: jerry__1,,,True,item: heavy-oil-canister --> fuel-category: jerry__1,False,False,1.4266804211684252e-23,3.4602082563976563e-24
224,998,__pr_graph_lp_or_to_or_and__: 3936:item: syngas-canister --> energy-source-burner: chemical__biomass__jerry_2_1,,,True,item: syngas-canister --> energy-source-burner: chemical__biomass__jerry_2_1,False,False,1.4266804108649328e-23,3.4602082314080166e-24
225,1056,__pr_graph_lp_or_to_or_and__: 3994:item: aromatics-canister --> energy-source-burner: jerry__chemical__biomass_2_1,,,True,item: aromatics-canister --> energy-source-burner: jerry__chemical__biomass_2_1,False,False,1.4266803875731276e-23,3.4602081749170914e-24
226,1089,__pr_graph_lp_or_to_or_and__: 4027:item: coal-gas-canister --> energy-source-burner: chemical__jerry__biomass__nuke_2_1,,,True,item: coal-gas-canister --> energy-source-burner: chemical__jerry__biomass__nuke_2_1,False,False,1.4266803759669053e-23,3.4602081467678676e-24
227,1122,__pr_graph_lp_or_to_or_and__: 4060:item: coal-gas-canister --> energy-source-burner: jerry__nuke_2_1,,,True,item: coal-gas-canister --> energy-source-burner: jerry__nuke_2_1,False,False,1.4266803746384618e-23,3.4602081435459191e-24
228,1100,__pr_graph_lp_or_to_or_and__: 4038:item: carbolic-oil-canister --> energy-source-burner: chemical__jerry__biomass__nuke_2_1,,,True,item: carbolic-oil-canister --> energy-source-burner: chemical__jerry__biomass__nuke_2_1,False,False,1.4266803622068423e-23,3.4602081133948137e-24
229,1138,__pr_graph_lp_or_to_or_and__: 4076:item: light-oil-canister --> energy-source-burner: jerry_2_1,,,True,item: light-oil-canister --> energy-source-burner: jerry_2_1,False,False,1.4266803432998667e-23,3.4602080675386623e-24
230,1011,__pr_graph_lp_or_to_or_and__: 3949:item: middle-oil-canister --> energy-source-burner: chemical__biomass__jerry_2_1,,,True,item: middle-oil-canister --> energy-source-burner: chemical__biomass__jerry_2_1,False,False,1.4266803291908059e-23,3.4602080333191636e-24
231,1130,__pr_graph_lp_or_to_or_and__: 4068:item: scrude-canister --> energy-source-burner: jerry__nuke_2_1,,,True,item: scrude-canister --> energy-source-burner: jerry__nuke_2_1,False,False,1.4266802949853965e-23,3.4602079503588607e-24
232,999,__pr_graph_lp_or_to_or_and__: 3937:item: tar-canister --> energy-source-burner: chemical__biomass__jerry_2_1,,,True,item: tar-canister --> energy-source-burner: chemical__biomass__jerry_2_1,False,False,1.4266802728900741e-23,3.4602078967698328e-24
233,1053,__pr_graph_lp_or_to_or_and__: 3991:item: coal-gas-canister --> energy-source-burner: jerry__chemical__biomass_2_1,,,True,item: coal-gas-canister --> energy-source-burner: jerry__chemical__biomass_2_1,False,False,1.4266802703512428e-23,3.460207890612262e-24
234,1103,__pr_graph_lp_or_to_or_and__: 4041:item: middle-oil-canister --> energy-source-burner: chemical__jerry__biomass__nuke_2_1,,,True,item: middle-oil-canister --> energy-source-burner: chemical__jerry__biomass__nuke_2_1,False,False,1.4266802531041684e-23,3.4602078487819627e-24
235,1094,__pr_graph_lp_or_to_or_and__: 4032:item: acetylene-canister --> energy-source-burner: chemical__jerry__biomass__nuke_2_1,,,True,item: acetylene-canister --> energy-source-burner: chemical__jerry__biomass__nuke_2_1,False,False,1.4266802412148877e-23,3.4602078199462216e-24
236,1139,__pr_graph_lp_or_to_or_and__: 4077:item: coal-gas-canister --> energy-source-burner: jerry_2_1,,,True,item: coal-gas-canister --> energy-source-burner: jerry_2_1,False,False,1.4266802339500008e-23,3.4602078023262827e-24
237,1132,__pr_graph_lp_or_to_or_and__: 4070:item: anthracene-oil-canister --> energy-source-burner: jerry__nuke_2_1,,,True,item: anthracene-oil-canister --> energy-source-burner: jerry__nuke_2_1,False,False,1.4266802153947684e-23,3.4602077573232346e-24
238,1091,__pr_graph_lp_or_to_or_and__: 4029:item: tar-canister --> energy-source-burner: chemical__jerry__biomass__nuke_2_1,,,True,item: tar-canister --> energy-source-burner: chemical__jerry__biomass__nuke_2_1,False,False,1.4266801968034369e-23,3.4602077122326326e-24
239,1004,__pr_graph_lp_or_to_or_and__: 3942:item: methane-canister --> energy-source-burner: chemical__biomass__jerry_2_1,,,True,item: methane-canister --> energy-source-burner: chemical__biomass__jerry_2_1,False,False,1.4266801795520869e-23,3.4602076703919633e-24
240,1141,__pr_graph_lp_or_to_or_and__: 4079:item: tar-canister --> energy-source-burner: jerry_2_1,,,True,item: tar-canister --> energy-source-burner: jerry_2_1,False,False,1.4266801679038321e-23,3.4602076421407962e-24
241,1099,__pr_graph_lp_or_to_or_and__: 4037:item: anthracene-oil-canister --> energy-source-burner: chemical__jerry__biomass__nuke_2_1,,,True,item: anthracene-oil-canister --> energy-source-burner: chemical__jerry__biomass__nuke_2_1,False,False,1.4266801601645619e-23,3.4602076233703085e-24
242,996,__pr_graph_lp_or_to_or_and__: 3934:item: light-oil-canister --> energy-source-burner: chemical__biomass__jerry_2_1,,,True,item: light-oil-canister --> energy-source-burner: chemical__biomass__jerry_2_1,False,False,1.4266801565492849e-23,3.4602076146019743e-24
243,1098,__pr_graph_lp_or_to_or_and__: 4036:item: condensates-canister --> energy-source-burner: chemical__jerry__biomass__nuke_2_1,,,True,item: condensates-canister --> energy-source-burner: chemical__jerry__biomass__nuke_2_1,False,False,1.4266801545676374e-23,3.4602076097957732e-24
244,997,__pr_graph_lp_or_to_or_and__: 3935:item: coal-gas-canister --> energy-source-burner: chemical__biomass__jerry_2_1,,,True,item: coal-gas-canister --> energy-source-burner: chemical__biomass__jerry_2_1,False,False,1.4266801365091807e-23,3.4602075659975825e-24
245,1010,__pr_graph_lp_or_to_or_and__: 3948:item: pitch-canister --> energy-source-burner: chemical__biomass__jerry_2_1,,,True,item: pitch-canister --> energy-source-burner: chemical__biomass__jerry_2_1,False,False,1.4266801164759493e-23,3.4602075174098599e-24
246,1002,__pr_graph_lp_or_to_or_and__: 3940:item: acetylene-canister --> energy-source-burner: chemical__biomass__jerry_2_1,,,True,item: acetylene-canister --> energy-source-burner: chemical__biomass__jerry_2_1,False,False,1.4266801148744634e-23,3.4602075135256856e-24
247,1060,__pr_graph_lp_or_to_or_and__: 3998:item: methane-canister --> energy-source-burner: jerry__chemical__biomass_2_1,,,True,item: methane-canister --> energy-source-burner: jerry__chemical__biomass_2_1,False,False,1.426680110967087e-23,3.460207504048906e-24
248,1096,__pr_graph_lp_or_to_or_and__: 4034:item: methane-canister --> energy-source-burner: chemical__jerry__biomass__nuke_2_1,,,True,item: methane-canister --> energy-source-burner: chemical__jerry__biomass__nuke_2_1,False,False,1.4266801034654494e-23,3.4602074858547624e-24
249,1129,__pr_graph_lp_or_to_or_and__: 4067:item: methane-canister --> energy-source-burner: jerry__nuke_2_1,,,True,item: methane-canister --> energy-source-burner: jerry__nuke_2_1,False,False,1.4266801021370056e-23,3.4602074826328132e-24
250,1149,__pr_graph_lp_or_to_or_and__: 4087:item: anthracene-oil-canister --> energy-source-burner: jerry_2_1,,,True,item: anthracene-oil-canister --> energy-source-burner: jerry_2_1,False,False,1.4266800747063074e-23,3.4602074161035982e-24
251,1135,__pr_graph_lp_or_to_or_and__: 4073:item: pitch-canister --> energy-source-burner: jerry__nuke_2_1,,,True,item: pitch-canister --> energy-source-burner: jerry__nuke_2_1,False,False,1.4266800628684063e-23,3.4602073873924712e-24
252,1140,__pr_graph_lp_or_to_or_and__: 4078:item: syngas-canister --> energy-source-burner: jerry_2_1,,,True,item: syngas-canister --> energy-source-burner: jerry_2_1,False,False,1.4266800468929788e-23,3.4602073486463679e-24
253,1007,__pr_graph_lp_or_to_or_and__: 3945:item: anthracene-oil-canister --> energy-source-burner: chemical__biomass__jerry_2_1,,,True,item: anthracene-oil-canister --> energy-source-burner: chemical__biomass__jerry_2_1,False,False,1.4266800338241373e-23,3.4602073169497718e-24
254,1150,__pr_graph_lp_or_to_or_and__: 4088:item: carbolic-oil-canister --> energy-source-burner: jerry_2_1,,,True,item: carbolic-oil-canister --> energy-source-burner: jerry_2_1,False,False,1.4266800177628758e-23,3.4602072779954913e-24
255,1148,__pr_graph_lp_or_to_or_and__: 4086:item: condensates-canister --> energy-source-burner: jerry_2_1,,,True,item: condensates-canister --> energy-source-burner: jerry_2_1,False,False,1.4266800125507329e-23,3.4602072653541883e-24
256,1137,__pr_graph_lp_or_to_or_and__: 4075:item: heavy-oil-canister --> energy-source-burner: jerry_2_1,,,True,item: heavy-oil-canister --> energy-source-burner: jerry_2_1,False,False,1.4266799957351008e-23,3.4602072245702899e-24
257,1000,__pr_graph_lp_or_to_or_and__: 3938:item: aromatics-canister --> energy-source-burner: chemical__biomass__jerry_2_1,,,True,item: aromatics-canister --> energy-source-burner: chemical__biomass__jerry_2_1,False,False,1.4266799947453534e-23,3.4602072221697996e-24
258,1025,__pr_graph_lp_or_to_or_and__: 3963:item: coal-gas-canister --> energy-source-burner: chemical__biomass__jerry__nuke_2_1,,,True,item: coal-gas-canister --> energy-source-burner: chemical__biomass__jerry__nuke_2_1,False,False,1.4266799863698874e-23,3.460207201856311e-24
259,1092,__pr_graph_lp_or_to_or_and__: 4030:item: aromatics-canister --> energy-source-burner: chemical__jerry__biomass__nuke_2_1,,,True,item: aromatics-canister --> energy-source-burner: chemical__jerry__biomass__nuke_2_1,False,False,1.4266799752173662e-23,3.4602071748074741e-24
260,1052,__pr_graph_lp_or_to_or_and__: 3990:item: light-oil-canister --> energy-source-burner: jerry__chemical__biomass_2_1,,,True,item: light-oil-canister --> energy-source-burner: jerry__chemical__biomass_2_1,False,False,1.426679974846985e-23,3.4602071739091679e-24
261,1006,__pr_graph_lp_or_to_or_and__: 3944:item: condensates-canister --> energy-source-burner: chemical__biomass__jerry_2_1,,,True,item: condensates-canister --> energy-source-burner: chemical__biomass__jerry_2_1,False,False,1.4266799716685629e-23,3.4602071662003619e-24
262,1146,__pr_graph_lp_or_to_or_and__: 4084:item: methane-canister --> energy-source-burner: jerry_2_1,,,True,item: methane-canister --> energy-source-burner: jerry_2_1,False,False,1.4266799614485446e-23,3.4602071414131768e-24
263,995,__pr_graph_lp_or_to_or_and__: 3933:item: heavy-oil-canister --> energy-source-burner: chemical__biomass__jerry_2_1,,,True,item: heavy-oil-canister --> energy-source-burner: chemical__biomass__jerry_2_1,False,False,1.4266799548529307e-23,3.4602071254164634e-24
264,1001,__pr_graph_lp_or_to_or_and__: 3939:item: gasoline-canister --> energy-source-burner: chemical__biomass__jerry_2_1,,,True,item: gasoline-canister --> energy-source-burner: chemical__biomass__jerry_2_1,False,False,1.4266799250661049e-23,3.4602070531728001e-24
265,1151,__pr_graph_lp_or_to_or_and__: 4089:item: naphthalene-oil-canister --> energy-source-burner: jerry_2_1,,,True,item: naphthalene-oil-canister --> energy-source-burner: jerry_2_1,False,False,1.4266799173415351e-23,3.4602070344379666e-24
266,1024,__pr_graph_lp_or_to_or_and__: 3962:item: light-oil-canister --> energy-source-burner: chemical__biomass__jerry__nuke_2_1,,,True,item: light-oil-canister --> energy-source-burner: chemical__biomass__jerry__nuke_2_1,False,False,1.4266799171002296e-23,3.4602070338527144e-24
267,1101,__pr_graph_lp_or_to_or_and__: 4039:item: naphthalene-oil-canister --> energy-source-burner: chemical__jerry__biomass__nuke_2_1,,,True,item: naphthalene-oil-canister --> energy-source-burner: chemical__jerry__biomass__nuke_2_1,False,False,1.4266799134900278e-23,3.4602070250966891e-24
268,1088,__pr_graph_lp_or_to_or_and__: 4026:item: light-oil-canister --> energy-source-burner: chemical__jerry__biomass__nuke_2_1,,,True,item: light-oil-canister --> energy-source-burner: chemical__jerry__biomass__nuke_2_1,False,False,1.4266798780355857e-23,3.4602069391070366e-24
269,1093,__pr_graph_lp_or_to_or_and__: 4031:item: gasoline-canister --> energy-source-burner: chemical__jerry__biomass__nuke_2_1,,,True,item: gasoline-canister --> energy-source-burner: chemical__jerry__biomass__nuke_2_1,False,False,1.4266798489794674e-23,3.4602068686355992e-24
270,1066,__pr_graph_lp_or_to_or_and__: 4004:item: pitch-canister --> energy-source-burner: jerry__chemical__biomass_2_1,,,True,item: pitch-canister --> energy-source-burner: jerry__chemical__biomass_2_1,False,False,1.4266798454638876e-23,3.4602068601090657e-24
271,729,__pr_graph_lp_or_to_or_and__: 1789:item: syngas-canister --> fuel-category: jerry__1,,,True,item: syngas-canister --> fuel-category: jerry__1,False,False,1.4266798412375793e-23,3.4602068498587624e-24
272,1133,__pr_graph_lp_or_to_or_and__: 4071:item: carbolic-oil-canister --> energy-source-burner: jerry__nuke_2_1,,,True,item: carbolic-oil-canister --> energy-source-burner: jerry__nuke_2_1,False,False,1.4266797535972127e-23,3.4602066372996525e-24
273,1131,__pr_graph_lp_or_to_or_and__: 4069:item: condensates-canister --> energy-source-burner: jerry__nuke_2_1,,,True,item: condensates-canister --> energy-source-burner: jerry__nuke_2_1,False,False,1.4266797483850698e-23,3.4602066246583496e-24
274,727,__pr_graph_lp_or_to_or_and__: 1787:item: light-oil-canister --> fuel-category: jerry__1,,,True,item: light-oil-canister --> fuel-category: jerry__1,False,False,1.4266797327903435e-23,3.4602065868355831e-24
275,1009,__pr_graph_lp_or_to_or_and__: 3947:item: naphthalene-oil-canister --> energy-source-burner: chemical__biomass__jerry_2_1,,,True,item: naphthalene-oil-canister --> energy-source-burner: chemical__biomass__jerry_2_1,False,False,1.4266797305909533e-23,3.4602065815012779e-24
276,1128,__pr_graph_lp_or_to_or_and__: 4066:item: kerosene-canister --> energy-source-burner: jerry__nuke_2_1,,,True,item: kerosene-canister --> energy-source-burner: jerry__nuke_2_1,False,False,1.426679718235212e-23,3.4602065515342042e-24
277,1008,__pr_graph_lp_or_to_or_and__: 3946:item: carbolic-oil-canister --> energy-source-burner: chemical__biomass__jerry_2_1,,,True,item: carbolic-oil-canister --> energy-source-burner: chemical__biomass__jerry_2_1,False,False,1.4266797178949936e-23,3.4602065507090535e-24
278,1143,__pr_graph_lp_or_to_or_and__: 4081:item: gasoline-canister --> energy-source-burner: jerry_2_1,,,True,item: gasoline-canister --> energy-source-burner: jerry_2_1,False,False,1.4266797069625629e-23,3.4602065241940144e-24
279,1145,__pr_graph_lp_or_to_or_and__: 4083:item: kerosene-canister --> energy-source-burner: jerry_2_1,,,True,item: kerosene-canister --> energy-source-burner: jerry_2_1,False,False,1.4266796906640513e-23,3.4602064846643177e-24
280,1087,__pr_graph_lp_or_to_or_and__: 4025:item: heavy-oil-canister --> energy-source-burner: chemical__jerry__biomass__nuke_2_1,,,True,item: heavy-oil-canister --> energy-source-burner: chemical__jerry__biomass__nuke_2_1,False,False,1.4266796197805812e-23,3.4602063127466512e-24
281,1033,__pr_graph_lp_or_to_or_and__: 3971:item: scrude-canister --> energy-source-burner: chemical__biomass__jerry__nuke_2_1,,,True,item: scrude-canister --> energy-source-burner: chemical__biomass__jerry__nuke_2_1,False,False,1.4266796149799983e-23,3.4602063011035273e-24
282,1023,__pr_graph_lp_or_to_or_and__: 3961:item: heavy-oil-canister --> energy-source-burner: chemical__biomass__jerry__nuke_2_1,,,True,item: heavy-oil-canister --> energy-source-burner: chemical__biomass__jerry__nuke_2_1,False,False,1.4266795695354637e-23,3.460206190884342e-24
283,1038,__pr_graph_lp_or_to_or_and__: 3976:item: pitch-canister --> energy-source-burner: chemical__biomass__jerry__nuke_2_1,,,True,item: pitch-canister --> energy-source-burner: chemical__biomass__jerry__nuke_2_1,False,False,1.4266795614825319e-23,3.460206171353114e-24
284,1062,__pr_graph_lp_or_to_or_and__: 4000:item: condensates-canister --> energy-source-burner: jerry__chemical__biomass_2_1,,,True,item: condensates-canister --> energy-source-burner: jerry__chemical__biomass_2_1,False,False,1.4266795309805509e-23,3.4602060973749441e-24
285,1125,__pr_graph_lp_or_to_or_and__: 4063:item: aromatics-canister --> energy-source-burner: jerry__nuke_2_1,,,True,item: aromatics-canister --> energy-source-burner: jerry__nuke_2_1,False,False,1.4266793428001982e-23,3.4602056409705522e-24
286,1027,__pr_graph_lp_or_to_or_and__: 3965:item: tar-canister --> energy-source-burner: chemical__biomass__jerry__nuke_2_1,,,True,item: tar-canister --> energy-source-burner: chemical__biomass__jerry__nuke_2_1,False,False,1.4266791761176945e-23,3.4602052367061019e-24
287,742,__pr_graph_lp_or_to_or_and__: 1802:item: middle-oil-canister --> fuel-category: jerry__1,,,True,item: middle-oil-canister --> fuel-category: jerry__1,False,False,1.4266791522822666e-23,3.4602051788966989e-24
288,1039,__pr_graph_lp_or_to_or_and__: 3977:item: middle-oil-canister --> energy-source-burner: chemical__biomass__jerry__nuke_2_1,,,True,item: middle-oil-canister --> energy-source-burner: chemical__biomass__jerry__nuke_2_1,False,False,1.4266791103575527e-23,3.4602050772143319e-24
289,1124,__pr_graph_lp_or_to_or_and__: 4062:item: tar-canister --> energy-source-burner: jerry__nuke_2_1,,,True,item: tar-canister --> energy-source-burner: jerry__nuke_2_1,False,False,1.4266790464148448e-23,3.4602049221304865e-24
290,1035,__pr_graph_lp_or_to_or_and__: 3973:item: anthracene-oil-canister --> energy-source-burner: chemical__biomass__jerry__nuke_2_1,,,True,item: anthracene-oil-canister --> energy-source-burner: chemical__biomass__jerry__nuke_2_1,False,False,1.4266790174179461e-23,3.4602048518026776e-24
291,1026,__pr_graph_lp_or_to_or_and__: 3964:item: syngas-canister --> energy-source-burner: chemical__biomass__jerry__nuke_2_1,,,True,item: syngas-canister --> energy-source-burner: chemical__biomass__jerry__nuke_2_1,False,False,1.4266789896046175e-23,3.460204784345448e-24
292,737,__pr_graph_lp_or_to_or_and__: 1797:item: condensates-canister --> fuel-category: jerry__1,,,True,item: condensates-canister --> fuel-category: jerry__1,False,False,1.4266788840697853e-23,3.4602045283858841e-24
293,1037,__pr_graph_lp_or_to_or_and__: 3975:item: naphthalene-oil-canister --> energy-source-burner: chemical__biomass__jerry__nuke_2_1,,,True,item: naphthalene-oil-canister --> energy-source-burner: chemical__biomass__jerry__nuke_2_1,False,False,1.42667856831635e-23,3.4602037625713215e-24
294,1029,__pr_graph_lp_or_to_or_and__: 3967:item: gasoline-canister --> energy-source-burner: chemical__biomass__jerry__nuke_2_1,,,True,item: gasoline-canister --> energy-source-burner: chemical__biomass__jerry__nuke_2_1,False,False,1.4266784234396012e-23,3.4602034111935948e-24
295,1031,__pr_graph_lp_or_to_or_and__: 3969:item: kerosene-canister --> energy-source-burner: chemical__biomass__jerry__nuke_2_1,,,True,item: kerosene-canister --> energy-source-burner: chemical__biomass__jerry__nuke_2_1,False,False,1.4266784071410896e-23,3.4602033716638982e-24
296,735,__pr_graph_lp_or_to_or_and__: 1795:item: methane-canister --> fuel-category: jerry__1,,,True,item: methane-canister --> fuel-category: jerry__1,False,False,1.4266782018788731e-23,3.4602028738299014e-24
297,1032,__pr_graph_lp_or_to_or_and__: 3970:item: methane-canister --> energy-source-burner: chemical__biomass__jerry__nuke_2_1,,,True,item: methane-canister --> energy-source-burner: chemical__biomass__jerry__nuke_2_1,False,False,1.4266781599541591e-23,3.4602027721475345e-24
298,1034,__pr_graph_lp_or_to_or_and__: 3972:item: condensates-canister --> energy-source-burner: chemical__biomass__jerry__nuke_2_1,,,True,item: condensates-canister --> energy-source-burner: chemical__biomass__jerry__nuke_2_1,False,False,1.4266780324368234e-23,3.4602024628725698e-24
299,1158,__pr_graph_lp_or_to_or_and__: 4096:fluid: tar --> energy-source-fluid: ,,,True,fluid: tar --> energy-source-fluid: ,False,False,-1.2506461650911223e-23,3.0332624756539571e-24
300,2134,logic-and: smart-farm-kicalk-tree-recipe-kicalk-super-1,logic-and,smart-farm-kicalk-tree-recipe-kicalk-super-1,False,,False,False,-1.2364371287996193e-23,2.9988005008754385e-24
301,1163,__pr_graph_lp_or_to_or_and__: 4101:fluid: kerosene --> energy-source-fluid: ,,,True,fluid: kerosene --> energy-source-fluid: ,False,False,-1.2317766544042222e-23,2.9874971902373937e-24
302,1157,__pr_graph_lp_or_to_or_and__: 4095:fluid: syngas --> energy-source-fluid: ,,,True,fluid: syngas --> energy-source-fluid: ,False,False,-1.16564563761382e-23,2.8271059162653878e-24
303,1159,__pr_graph_lp_or_to_or_and__: 4097:fluid: aromatics --> energy-source-fluid: ,,,True,fluid: aromatics --> energy-source-fluid: ,False,False,-1.094129666244812e-23,2.6536542091250639e-24
304,1670,energy-source-electric: ,energy-source-electric,,False,,False,False,1.086267363067017e-23,2.6345853230827172e-24
305,2361,recipe: latex,recipe,latex,False,,True,True,1.0789822795096479e-23,2.6169164002463678e-24
306,1167,__pr_graph_lp_or_to_or_and__: 4105:fluid: anthracene-oil --> energy-source-fluid: ,,,True,fluid: anthracene-oil --> energy-source-fluid: ,False,False,1.0770963851926171e-23,2.6123424347039383e-24
307,1160,__pr_graph_lp_or_to_or_and__: 4098:fluid: gasoline --> energy-source-fluid: ,,,True,fluid: gasoline --> energy-source-fluid: ,False,False,-1.0552415860415977e-23,2.5593367612943763e-24
308,973,__pr_graph_lp_or_to_or_and__: 3911:item: coal --> energy-source-burner: chemical__biomass_2_1,,,True,item: coal --> energy-source-burner: chemical__biomass_2_1,False,False,8.4964375901274879e-24,2.0606887893820629e-24
309,2395,recipe: muddy-sludge-pyvoid-fluid,recipe,muddy-sludge-pyvoid-fluid,False,,True,True,-7.9756684602449871e-24,1.9343837237093547e-24
310,2139,logic-and: smart-farm-ralesia-flowers-recipe-ralesia-super-1,logic-and,smart-farm-ralesia-flowers-recipe-ralesia-super-1,False,,False,False,-7.118708360141804e-24,1.7265403714222388e-24
311,1410,__pr_graph_lp_or_to_or_and__: 4697:entity-operate: fluid-drill-mk01 --> fuel-category-burn: chemical:noncoproduct-route,,,True,entity-operate: fluid-drill-mk01 --> fuel-category-burn: chemical,False,False,-6.7805866065443911e-24,1.644533801057501e-24
312,2136,logic-and: smart-farm-kicalk-tree-recipe-kicalk-super-3,logic-and,smart-farm-kicalk-tree-recipe-kicalk-super-3,False,,False,False,-6.5755720261545651e-24,1.5948104619535834e-24
313,2202,recipe: clay,recipe,clay,False,,True,True,6.3796085883017299e-24,1.5472823473492546e-24
314,1168,__pr_graph_lp_or_to_or_and__: 4106:fluid: carbolic-oil --> energy-source-fluid: ,,,True,fluid: carbolic-oil --> energy-source-fluid: ,False,False,-6.1873018547471381e-24,1.5006411138022564e-24
315,2421,recipe: pressured-water,recipe,pressured-water,False,,True,True,-5.6067497783768465e-24,1.3598365539219092e-24
316,1404,__pr_graph_lp_or_to_or_and__: 4689:entity-operate: stone-furnace --> fuel-category-burn: chemical:noncoproduct-route,,,True,entity-operate: stone-furnace --> fuel-category-burn: chemical,False,False,-5.4967427334443116e-24,1.3331559266777418e-24
317,1285,__pr_graph_lp_or_to_or_and__: 4532:entity-operate: boiler --> fuel-category-burn: chemical:noncoproduct-route,,,True,entity-operate: boiler --> fuel-category-burn: chemical,False,False,-5.3857830638909907e-24,1.306244254027106e-24
318,1156,__pr_graph_lp_or_to_or_and__: 4094:fluid: coal-gas --> energy-source-fluid: ,,,True,fluid: coal-gas --> energy-source-fluid: ,False,False,-5.3658347640632879e-24,1.3014060806884418e-24
319,2371,recipe: log2,recipe,log2,False,,True,True,5.2450820166008771e-24,1.2721192377800672e-24
320,2320,recipe: formica,recipe,formica,False,,True,True,-4.7605343536118966e-24,1.1545991681684351e-24
321,2212,recipe: condensates-barrel,recipe,condensates-barrel,False,,True,True,-4.7569944503441646e-24,1.1537406155218779e-24
322,1170,__pr_graph_lp_or_to_or_and__: 4108:fluid: pitch --> energy-source-fluid: ,,,True,fluid: pitch --> energy-source-fluid: ,False,False,-4.4490745181135603e-24,1.0790590627364863e-24
323,980,__pr_graph_lp_or_to_or_and__: 3918:item: log --> energy-source-burner: chemical__biomass_2_1,,,True,item: log --> energy-source-burner: chemical__biomass_2_1,False,False,4.4440875672443722e-24,1.077849549497517e-24
324,1407,__pr_graph_lp_or_to_or_and__: 4693:entity-operate: burner-mining-drill --> fuel-category-burn: chemical:noncoproduct-route,,,True,entity-operate: burner-mining-drill --> fuel-category-burn: chemical,False,False,-4.2974096923435385e-24,1.0422749396387048e-24
325,1154,__pr_graph_lp_or_to_or_and__: 4092:fluid: heavy-oil --> energy-source-fluid: ,,,True,fluid: heavy-oil --> energy-source-fluid: ,False,False,-4.1759456744968516e-24,1.0128155883241246e-24
326,983,__pr_graph_lp_or_to_or_and__: 3921:item: cellulose --> energy-source-burner: chemical__biomass_2_1,,,True,item: cellulose --> energy-source-burner: chemical__biomass_2_1,False,False,-4.1150062140643508e-24,9.9803559828569237e-25
327,1164,__pr_graph_lp_or_to_or_and__: 4102:fluid: methane --> energy-source-fluid: ,,,True,fluid: methane --> energy-source-fluid: ,False,False,-4.0958681723376138e-24,9.9339394140083062e-25
328,2290,recipe: extract-limestone-01,recipe,extract-limestone-01,False,,True,True,-3.8855632047627415e-24,9.4238749494185124e-25
329,2156,recipe: agar,recipe,agar,False,,True,True,3.4230298726616166e-24,8.3020668480045439e-25
330,2372,recipe: log3,recipe,log3,False,,True,True,-3.4092701249344045e-24,8.2686945580472357e-25
331,2362,recipe: latex-slab,recipe,latex-slab,False,,True,True,3.1197569272607204e-24,7.5665219186371198e-25
332,2420,recipe: pressured-air-pyvoid-gas,recipe,pressured-air-pyvoid-gas,False,,True,True,-2.9888555371324405e-24,7.249039415775792e-25
333,979,__pr_graph_lp_or_to_or_and__: 3917:item: wood --> energy-source-burner: chemical__biomass_2_1,,,True,item: wood --> energy-source-burner: chemical__biomass_2_1,False,False,2.9225131870246869e-24,7.0881355832246531e-25
334,2160,recipe: anthracene-oil-creosote,recipe,anthracene-oil-creosote,False,,True,True,-2.6315970683444695e-24,6.3825603606025908e-25
335,2357,recipe: kerosene-barrel,recipe,kerosene-barrel,False,,True,True,2.4626337956461412e-24,5.9727642334924233e-25
336,2375,recipe: methanal-barrel,recipe,methanal-barrel,False,,True,True,-2.4181973918168467e-24,5.8649901243553402e-25
337,2151,recipe: acetylene-barrel,recipe,acetylene-barrel,False,,True,True,-2.315340638295563e-24,5.6155258557778509e-25
338,977,__pr_graph_lp_or_to_or_and__: 3915:item: raw-coal --> energy-source-burner: chemical__biomass_2_1,,,True,item: raw-coal --> energy-source-burner: chemical__biomass_2_1,False,False,2.2937468257417847e-24,5.5631531678394457e-25
339,2343,recipe: hydrogen,recipe,hydrogen,False,,True,True,2.2331017703602772e-24,5.4160673045814876e-25
340,2514,recipe: tar-refining-tops,recipe,tar-refining-tops,False,,True,True,2.2264736886859735e-24,5.3999918453593574e-25
341,2159,recipe: anthracene-oil-barrel,recipe,anthracene-oil-barrel,False,,True,True,2.1400651489542616e-24,5.1904203546690565e-25
342,2384,recipe: molten-glass-barrel,recipe,molten-glass-barrel,False,,True,True,-2.048476539909901e-24,4.9682853505679096e-25
343,2149,recipe: Moss-2,recipe,Moss-2,False,,True,True,-1.9954490295501321e-24,4.8396747476321709e-25
344,975,__pr_graph_lp_or_to_or_and__: 3913:item: coal-dust --> energy-source-burner: chemical__biomass_2_1,,,True,item: coal-dust --> energy-source-burner: chemical__biomass_2_1,False,False,1.754839198488437e-24,4.2561101934005579e-25
345,2137,logic-and: smart-farm-ore-bioreserve-recipe-bioreserve-super-1,logic-and,smart-farm-ore-bioreserve-recipe-bioreserve-super-1,False,,False,False,-1.711907069730614e-24,4.1519844871888725e-25
346,2381,recipe: middle-oil-barrel,recipe,middle-oil-barrel,False,,True,True,-1.6235105123237584e-24,3.9375913454326907e-25
347,2188,recipe: carbolic-oil-barrel,recipe,carbolic-oil-barrel,False,,True,True,-1.607205614879299e-24,3.8980461607368571e-25
348,2479,recipe: soil,recipe,soil,False,,True,True,-1.591951172548569e-24,3.8610487039018461e-25
349,2158,recipe: anthracene-gasoline-cracking,recipe,anthracene-gasoline-cracking,False,,True,True,-1.5555700594584521e-24,3.7728115443925984e-25
350,2211,recipe: concrete,recipe,concrete,False,,True,True,-1.4776589943250158e-24,3.583849456710296e-25
351,2492,recipe: stone-brick-2,recipe,stone-brick-2,False,,True,True,1.4730861843824623e-24,3.5727587635996399e-25
352,2500,recipe: syngas,recipe,syngas,False,,True,True,1.3267688245384797e-24,3.2178870424528574e-25
353,2378,recipe: methane-co2,recipe,methane-co2,False,,True,True,-1.2986284283791854e-24,3.1496365571416861e-25
354,2389,recipe: moondrop-sample,recipe,moondrop-sample,False,,True,True,-1.2682679480537419e-24,3.0760015768534862e-25
355,2317,recipe: fluidavan,recipe,fluidavan,False,,True,True,1.2588477861210797e-24,3.0531543283650646e-25
356,2415,recipe: pitch-refining,recipe,pitch-refining,False,,True,True,1.2416725299175342e-24,3.0114982136252401e-25
357,981,__pr_graph_lp_or_to_or_and__: 3919:item: treated-wood --> energy-source-burner: chemical__biomass_2_1,,,True,item: treated-wood --> energy-source-burner: chemical__biomass_2_1,False,False,-1.2408424010849959e-24,3.0094848554844797e-25
358,2464,recipe: seaweed-1,recipe,seaweed-1,False,,True,True,1.1964290893415795e-24,2.9017667528818859e-25
359,2291,recipe: extract-sulfur,recipe,extract-sulfur,False,,True,True,1.190971927134062e-24,2.8885311904904929e-25
360,2336,recipe: gun-powder,recipe,gun-powder,False,,True,True,-1.1847188032811789e-24,2.8733651375588188e-25
361,2271,recipe: empty-petri-dish,recipe,empty-petri-dish,False,,True,True,-1.1838887383740565e-24,2.8713519344599648e-25
362,2536,recipe: water-from-oxygen-and-hydrogen,recipe,water-from-oxygen-and-hydrogen,False,,True,True,1.1772259685355151e-24,2.8551923440823824e-25
363,982,__pr_graph_lp_or_to_or_and__: 3920:item: raw-fiber --> energy-source-burner: chemical__biomass_2_1,,,True,item: raw-fiber --> energy-source-burner: chemical__biomass_2_1,False,False,1.1525339136057483e-24,2.7953053146764348e-25
364,2306,recipe: fill-naphthalene-oil-canister,recipe,fill-naphthalene-oil-canister,False,,True,True,1.1510003837188449e-24,2.7915859584019932e-25
365,2398,recipe: naphthalene-oil-barrel,recipe,naphthalene-oil-barrel,False,,True,True,-1.1077018994423069e-24,2.6865717095483646e-25
366,2312,recipe: flask,recipe,flask,False,,True,True,1.0400141550527861e-24,2.5224048165859324e-25
367,2339,recipe: heavy-oil-barrel,recipe,heavy-oil-barrel,False,,True,True,1.0095787672929502e-24,2.4485881590845986e-25
368,2520,recipe: treated-wood,recipe,treated-wood,False,,True,True,-9.3625170810837793e-25,2.2707439188166776e-25
369,2393,recipe: muddy-sludge,recipe,muddy-sludge,False,,True,True,9.2506572462965659e-25,2.2436139240296881e-25
370,2200,recipe: chlorine-barrel,recipe,chlorine-barrel,False,,True,True,-9.0698342250399009e-25,2.1997578998062213e-25
371,2148,recipe: Moss-1,recipe,Moss-1,False,,True,True,9.0674946700184752e-25,2.1991904743701307e-25
372,2199,recipe: chlorine,recipe,chlorine,False,,True,True,-8.9906762503217873e-25,2.1805592710442863e-25
373,1401,__pr_graph_lp_or_to_or_and__: 4685:entity-operate: car --> fuel-category-burn: chemical:noncoproduct-route,,,True,entity-operate: car --> fuel-category-burn: chemical,False,False,-8.7244086477885424e-25,2.1159798920168389e-25
374,1161,__pr_graph_lp_or_to_or_and__: 4099:fluid: acetylene --> energy-source-fluid: ,,,True,fluid: acetylene --> energy-source-fluid: ,False,False,8.2968258071307414e-25,2.0122758211131124e-25
375,2447,recipe: refined-concrete,recipe,refined-concrete,False,,True,True,-8.0487584293569218e-25,1.9521106449475279e-25
376,2171,recipe: battery-mk00,recipe,battery-mk00,False,,True,True,7.9331606197958066e-25,1.924074058117713e-25
377,2515,recipe: tar-to-carbolic,recipe,tar-to-carbolic,False,,True,True,-7.7913729809551072e-25,1.8896855047113436e-25
378,2318,recipe: formic-acid-barrel,recipe,formic-acid-barrel,False,,True,True,-7.6795369769620954e-25,1.8625612897408871e-25
379,2341,recipe: heavy-oil-to-kerosene,recipe,heavy-oil-to-kerosene,False,,True,True,-7.6396090189836625e-25,1.8528773375531278e-25
380,2468,recipe: slacked-lime-barrel,recipe,slacked-lime-barrel,False,,True,True,7.5685607338509399e-25,1.8356455974120666e-25
381,2334,recipe: gravel-saline-water,recipe,gravel-saline-water,False,,True,True,-7.4073740155185634e-25,1.7965520761637302e-25
382,2295,recipe: fill-anthracene-oil-canister,recipe,fill-anthracene-oil-canister,False,,True,True,7.2868291111544948e-25,1.7673156426108249e-25
383,1155,__pr_graph_lp_or_to_or_and__: 4093:fluid: light-oil --> energy-source-fluid: ,,,True,fluid: light-oil --> energy-source-fluid: ,False,False,-7.0026975345155226e-25,1.6984036134834981e-25
384,1392,__pr_graph_lp_or_to_or_and__: 4675:entity-operate: assembling-machine-1 --> fuel-category-burn: chemical:noncoproduct-route,,,True,entity-operate: assembling-machine-1 --> fuel-category-burn: chemical,False,False,6.0829539237692116e-25,1.4753330232901481e-25
385,2538,recipe: water-saline-barrel,recipe,water-saline-barrel,False,,True,True,5.9815318248833173e-25,1.4507345512890578e-25
386,2499,recipe: sulfur-void-tar,recipe,sulfur-void-tar,False,,True,True,-5.863015827054283e-25,1.4219901998478727e-25
387,2217,recipe: creamy-latex,recipe,creamy-latex,False,,True,True,5.7644832456301564e-25,1.3980925387663034e-25
388,2150,recipe: acetylene,recipe,acetylene,False,,True,True,5.4584831622143332e-25,1.3238766177104409e-25
389,2191,recipe: carbon-dioxide-barrel,recipe,carbon-dioxide-barrel,False,,True,True,-5.3771280183957598e-25,1.3041450971705504e-25
390,2386,recipe: moondrop-1,recipe,moondrop-1,False,,True,True,5.1533263320920518e-25,1.2498652156179887e-25
391,2305,recipe: fill-middle-oil-canister,recipe,fill-middle-oil-canister,False,,True,True,-5.1042495055998839e-25,1.237962336899928e-25
392,2512,recipe: tar-quenching,recipe,tar-quenching,False,,True,True,5.0679778235760384e-25,1.2291651618809038e-25
393,2187,recipe: caravan,recipe,caravan,False,,True,True,-4.9627483239840305e-25,1.2036432595752243e-25
394,2529,recipe: vrauks,recipe,vrauks,False,,True,True,-4.4110220727724741e-25,1.0698299891758138e-25
395,2198,recipe: chloride-void-iron-oxide,recipe,chloride-void-iron-oxide,False,,True,True,4.2714266162615957e-25,1.0359731180778738e-25
396,2307,recipe: fill-pitch-canister,recipe,fill-pitch-canister,False,,True,True,4.2334057778549575e-25,1.0267517103247579e-25
397,2477,recipe: sodium-alginate,recipe,sodium-alginate,False,,True,True,-3.8915933253605344e-25,9.438500140014783e-26
398,2374,recipe: methanal,recipe,methanal,False,,True,True,-3.8897575586261953e-25,9.4340477517176359e-26
399,2300,recipe: fill-gasoline-canister,recipe,fill-gasoline-canister,False,,True,True,-3.8232557819957951e-25,9.2727572530555962e-26
400,2189,recipe: carbolic-oil-creosote,recipe,carbolic-oil-creosote,False,,True,True,3.7729940602454421e-25,9.1508546727714293e-26
401,2153,recipe: acidgas-barrel,recipe,acidgas-barrel,False,,True,True,3.5785145501097702e-25,8.67917258007088e-26
402,2470,recipe: slacked-lime-void,recipe,slacked-lime-void,False,,True,True,-3.5370261372212056e-25,8.5785483991458521e-26
403,2302,recipe: fill-kerosene-canister,recipe,fill-kerosene-canister,False,,True,True,-3.3179964207341864e-25,8.0473233103736063e-26
404,2366,recipe: light-oil-barrel,recipe,light-oil-barrel,False,,True,True,-3.2984639885882353e-25,7.9999502042622923e-26
405,2383,recipe: molten-glass,recipe,molten-glass,False,,True,True,-3.2301565704625413e-25,7.8342803817394869e-26
406,2463,recipe: scrude-refining,recipe,scrude-refining,False,,True,True,-2.8677007805864261e-25,6.9551959714541593e-26
407,2377,recipe: methane-barrel,recipe,methane-barrel,False,,True,True,-2.8328794237461539e-25,6.8707417764922634e-26
408,2218,recipe: creamy-latex-barrel,recipe,creamy-latex-barrel,False,,True,True,2.7827136644239612e-25,6.7490719392816658e-26
409,2299,recipe: fill-condensates-canister,recipe,fill-condensates-canister,False,,True,True,2.7686086844287513e-25,6.7148623380902672e-26
410,2422,recipe: pressured-water-barrel,recipe,pressured-water-barrel,False,,True,True,-2.6720115327574906e-25,6.4805798338952128e-26
411,2413,recipe: pitch-barrel,recipe,pitch-barrel,False,,True,True,-2.6007930211316323e-25,6.3078495725979249e-26
412,2405,recipe: oxygen-barrel,recipe,oxygen-barrel,False,,True,True,-2.4770218069249056e-25,6.0076602863724017e-26
413,2205,recipe: coal-gas-barrel,recipe,coal-gas-barrel,False,,True,True,-2.4643405164919799e-25,5.9769036395391533e-26
414,2310,recipe: fill-tar-canister,recipe,fill-tar-canister,False,,True,True,2.4179352463706107e-25,5.8643543282625472e-26
415,2304,recipe: fill-methane-canister,recipe,fill-methane-canister,False,,True,True,-2.3349576165752299e-25,5.6631040163818112e-26
416,2294,recipe: fill-acetylene-canister,recipe,fill-acetylene-canister,False,,True,True,-2.3093183365775036e-25,5.6009196287503014e-26
417,1169,__pr_graph_lp_or_to_or_and__: 4107:fluid: naphthalene-oil --> energy-source-fluid: ,,,True,fluid: naphthalene-oil --> energy-source-fluid: ,False,False,2.286000477008369e-25,5.5443655126318776e-26
418,2344,recipe: hydrogen-barrel,recipe,hydrogen-barrel,False,,True,True,2.2113919878307228e-25,5.3634133481391328e-26
419,2503,recipe: tailings-barrel,recipe,tailings-barrel,False,,True,True,-2.200614194461456e-25,5.3372733597796219e-26
420,2505,recipe: tailings-dust,recipe,tailings-dust,False,,True,True,-2.1550281097696514e-25,5.2267108649931292e-26
421,2396,recipe: muddy-sludge-void-electrolyzer,recipe,muddy-sludge-void-electrolyzer,False,,True,True,2.1523636817781828e-25,5.2202486779483916e-26
422,2478,recipe: sodium-hydroxide-void,recipe,sodium-hydroxide-void,False,,True,True,-1.9943231207606422e-25,4.8369440177283055e-26
423,2297,recipe: fill-carbolic-oil-canister,recipe,fill-carbolic-oil-canister,False,,True,True,-1.8465831799063404e-25,4.4786220308567934e-26
424,2508,recipe: tar-barrel,recipe,tar-barrel,False,,True,True,1.8461663903708478e-25,4.4776111677577464e-26
425,2314,recipe: flue-gas-barrel,recipe,flue-gas-barrel,False,,True,True,-1.7458343919919611e-25,4.2342703298094871e-26
426,2221,recipe: creosote-barrel,recipe,creosote-barrel,False,,True,True,1.6721395942141612e-25,4.0555341924512279e-26
427,2535,recipe: water-barrel,recipe,water-barrel,False,,True,True,1.5737614333128327e-25,3.8169321064134835e-26
428,2458,recipe: sap-extractor-mk01,recipe,sap-extractor-mk01,False,,True,True,1.4899610190208108e-25,3.6136862490228561e-26
429,2197,recipe: chitin-void,recipe,chitin-void,False,,True,True,1.4817024106587062e-25,3.593656181730347e-26
430,2162,recipe: aromatics-barrel,recipe,aromatics-barrel,False,,True,True,-1.4323047541714314e-25,3.4738492675203807e-26
431,2407,recipe: pcb-factory-mk01,recipe,pcb-factory-mk01,False,,True,True,1.340211282483832e-25,3.2504897916590826e-26
432,2481,recipe: soil-washing,recipe,soil-washing,False,,True,True,-1.1933203988735498e-25,2.894227071069156e-26
433,2454,recipe: saline-water,recipe,saline-water,False,,True,True,-1.1445993123276865e-25,2.7760610799857482e-26
434,2303,recipe: fill-light-oil-canister,recipe,fill-light-oil-canister,False,,True,True,1.1151488455872431e-25,2.7046332068208605e-26
435,2301,recipe: fill-heavy-oil-canister,recipe,fill-heavy-oil-canister,False,,True,True,9.3920509020225762e-26,2.2779069224956444e-26
436,2445,recipe: rc-mk01,recipe,rc-mk01,False,,True,True,-8.9775443270967451e-26,2.1773743118557067e-26
437,2164,recipe: aromatics-to-plastic,recipe,aromatics-to-plastic,False,,True,True,-8.7214438666287816e-26,2.1152608269693901e-26
438,2419,recipe: pressured-air-barrel,recipe,pressured-air-barrel,False,,True,True,8.2321252096265089e-26,1.9965836213495063e-26
439,2528,recipe: vacuum-tube,recipe,vacuum-tube,False,,True,True,-7.9061605656977254e-26,1.9175255831595405e-26
440,2388,recipe: moondrop-greenhouse-mk01,recipe,moondrop-greenhouse-mk01,False,,True,True,7.5956043771924659e-26,1.8422046443145806e-26
441,2408,recipe: pcb1,recipe,pcb1,False,,True,True,-7.0820379895956447e-26,1.7176465002338289e-26
442,2513,recipe: tar-refining,recipe,tar-refining,False,,True,True,-7.0655269829266944e-26,1.7136419929349522e-26
443,2298,recipe: fill-coal-gas-canister,recipe,fill-coal-gas-canister,False,,True,True,6.8873332552752458e-26,1.6704236660756793e-26
444,2525,recipe: vacuum-barrel,recipe,vacuum-barrel,False,,True,True,-6.1276644562038403e-26,1.4861769201561003e-26
445,2196,recipe: chipshooter-mk01,recipe,chipshooter-mk01,False,,True,True,-5.9442879046099484e-26,1.441701573859888e-26
446,2365,recipe: light-oil-aromatics,recipe,light-oil-aromatics,False,,True,True,5.7799467576106686e-26,1.4018429912876921e-26
447,1387,__pr_graph_lp_or_to_or_and__: 4668:fluid-temperature: creamy-latex: 10 --> fluid-temperature-range: creamy-latex: nil: nil:noncoproduct-route,,,True,fluid-temperature: creamy-latex: 10 --> fluid-temperature-range: creamy-latex: nil: nil,False,False,-5.4514170417755109e-26,1.3221628317833103e-26
448,2167,recipe: automated-screener-mk01,recipe,automated-screener-mk01,False,,True,True,-4.9341671881918734e-26,1.1967113159824014e-26
449,2404,recipe: outpost-fluid,recipe,outpost-fluid,False,,True,True,-4.7328651530015783e-26,1.147888401343631e-26
450,1288,__pr_graph_lp_or_to_or_and__: 4536:fluid-temperature: heavy-oil: 25 --> fluid-temperature-range: heavy-oil: nil: nil:noncoproduct-route,,,True,fluid-temperature: heavy-oil: 25 --> fluid-temperature-range: heavy-oil: nil: nil,False,False,4.4655080150989088e-26,1.0830447711759152e-26
451,1327,__pr_graph_lp_or_to_or_and__: 4588:fluid-temperature: slacked-lime: 10 --> fluid-temperature-range: slacked-lime: nil: nil:noncoproduct-route,,,True,fluid-temperature: slacked-lime: 10 --> fluid-temperature-range: slacked-lime: nil: nil,False,False,4.4204691125268171e-26,1.0721212328538985e-26
452,2524,recipe: vacuum,recipe,vacuum,False,,True,True,-4.2437089352913428e-26,1.02925059303874e-26
453,2399,recipe: naphthalene-oil-creosote,recipe,naphthalene-oil-creosote,False,,True,True,-4.1161354117020229e-26,9.983094689389236e-27
454,2394,recipe: muddy-sludge-barrel,recipe,muddy-sludge-barrel,False,,True,True,-3.6749627908376753e-26,8.9130939221808443e-27
455,2526,recipe: vacuum-pump-mk01,recipe,vacuum-pump-mk01,False,,True,True,-3.4807313340071428e-26,8.4420134471107989e-27
456,1381,__pr_graph_lp_or_to_or_and__: 4660:fluid-temperature: pitch: 10 --> fluid-temperature-range: pitch: nil: nil:noncoproduct-route,,,True,fluid-temperature: pitch: 10 --> fluid-temperature-range: pitch: nil: nil,False,False,-3.4701468314403575e-26,8.4163422578044659e-27
457,2355,recipe: jaw-crusher,recipe,jaw-crusher,False,,True,True,-3.4220245843775919e-26,8.2996286657958097e-27
458,2220,recipe: creature-chamber-mk01,recipe,creature-chamber-mk01,False,,True,True,3.3767956003824311e-26,8.1899322674108372e-27
459,2324,recipe: gasoline-barrel,recipe,gasoline-barrel,False,,True,True,3.3006558122268527e-26,8.0052661573926368e-27
460,2356,recipe: kerogen-extraction,recipe,kerogen-extraction,False,,True,True,-3.1659124622068423e-26,7.678465533149068e-27
461,1300,__pr_graph_lp_or_to_or_and__: 4552:fluid-temperature: coal-gas: 15 --> fluid-temperature-range: coal-gas: nil: nil:noncoproduct-route,,,True,fluid-temperature: coal-gas: 15 --> fluid-temperature-range: coal-gas: nil: nil,False,False,3.1521819725090554e-26,7.6451642043358814e-27
462,1363,__pr_graph_lp_or_to_or_and__: 4636:fluid-temperature: methanal: 10 --> fluid-temperature-range: methanal: nil: nil:noncoproduct-route,,,True,fluid-temperature: methanal: 10 --> fluid-temperature-range: methanal: nil: nil,False,False,3.0434407839845059e-26,7.3814280846273175e-27
463,1342,__pr_graph_lp_or_to_or_and__: 4608:fluid-temperature: gasoline: 10 --> fluid-temperature-range: gasoline: nil: nil:noncoproduct-route,,,True,fluid-temperature: gasoline: 10 --> fluid-temperature-range: gasoline: nil: nil,False,False,-2.882526585605271e-26,6.9911538301117665e-27
464,2170,recipe: barrel-machine-mk01,recipe,barrel-machine-mk01,False,,True,True,-2.8660908048003743e-26,6.9512912066414951e-27
465,2540,recipe: wood-seedling,recipe,wood-seedling,False,,True,True,2.8554784224844828e-26,6.9255523990118066e-27
466,2451,recipe: research-center-mk01,recipe,research-center-mk01,False,,True,True,-2.7011021427798611e-26,6.5511349263248207e-27
467,1303,__pr_graph_lp_or_to_or_and__: 4556:fluid-temperature: creosote: 10 --> fluid-temperature-range: creosote: nil: nil:noncoproduct-route,,,True,fluid-temperature: creosote: 10 --> fluid-temperature-range: creosote: nil: nil,False,False,2.6684054142336407e-26,6.4718337118452897e-27
468,2223,recipe: data-array,recipe,data-array,False,,True,True,-2.5120740456956705e-26,6.0926744522642202e-27
469,1345,__pr_graph_lp_or_to_or_and__: 4612:fluid-temperature: acetylene: 15 --> fluid-temperature-range: acetylene: nil: nil:noncoproduct-route,,,True,fluid-temperature: acetylene: 15 --> fluid-temperature-range: acetylene: nil: nil,False,False,-2.35395504194791e-26,5.7091795404792199e-27
470,1357,__pr_graph_lp_or_to_or_and__: 4628:fluid-temperature: kerosene: 10 --> fluid-temperature-range: kerosene: nil: nil:noncoproduct-route,,,True,fluid-temperature: kerosene: 10 --> fluid-temperature-range: kerosene: nil: nil,False,False,-2.2876019348755377e-26,5.5482496184568608e-27
471,2209,recipe: coal-gas-void,recipe,coal-gas-void,False,,True,True,-2.2115777862709822e-26,5.3638639755448733e-27
472,2510,recipe: tar-processing-unit,recipe,tar-processing-unit,False,,True,True,-2.1360213628428445e-26,5.1806127328062899e-27
473,1390,__pr_graph_lp_or_to_or_and__: 4672:fluid-temperature: formic-acid: 15 --> fluid-temperature-range: formic-acid: nil: nil:noncoproduct-route,,,True,fluid-temperature: formic-acid: 15 --> fluid-temperature-range: formic-acid: nil: nil,False,False,-2.1239480215049946e-26,5.1513305791020141e-27
474,2391,recipe: moss-farm-mk01,recipe,moss-farm-mk01,False,,True,True,-2.1096867207029494e-26,5.1167418442669249e-27
475,2308,recipe: fill-scrude-canister,recipe,fill-scrude-canister,False,,True,True,-2.0780484030662892e-26,5.0400076532872485e-27
476,1280,__pr_graph_lp_or_to_or_and__: 4526:fluid-temperature: steam: 250 --> fluid-temperature-range: steam: nil: nil:noncoproduct-route,,,True,fluid-temperature: steam: 250 --> fluid-temperature-range: steam: nil: nil,False,False,-2.0493579749129458e-26,4.970423144449258e-27
477,2224,recipe: distilator,recipe,distilator,False,,True,True,2.0445936149266518e-26,4.9588678742454909e-27
478,2509,recipe: tar-distilation,recipe,tar-distilation,False,,True,True,2.0250432507094258e-26,4.911451276473284e-27
479,1360,__pr_graph_lp_or_to_or_and__: 4632:fluid-temperature: methane: 15 --> fluid-temperature-range: methane: nil: nil:noncoproduct-route,,,True,fluid-temperature: methane: 15 --> fluid-temperature-range: methane: nil: nil,False,False,1.9888166292544809e-26,4.823588814214825e-27
480,2483,recipe: solid-separator,recipe,solid-separator,False,,True,True,-1.8879461795551274e-26,4.5789420399986368e-27
481,2346,recipe: incubator-mk01,recipe,incubator-mk01,False,,True,True,1.882681473383523e-26,4.5661732520541208e-27
482,2231,recipe: electronics-factory-mk01,recipe,electronics-factory-mk01,False,,True,True,-1.8199621600332288e-26,4.4140565742962925e-27
483,2530,recipe: vrauks-1,recipe,vrauks-1,False,,True,True,1.7816643256968433e-26,4.3211706829595483e-27
484,1351,__pr_graph_lp_or_to_or_and__: 4620:fluid-temperature: chlorine: 15 --> fluid-temperature-range: chlorine: nil: nil:noncoproduct-route,,,True,fluid-temperature: chlorine: 15 --> fluid-temperature-range: chlorine: nil: nil,False,False,-1.7556107433601762e-26,4.2579814645666583e-27
485,1291,__pr_graph_lp_or_to_or_and__: 4540:fluid-temperature: light-oil: 25 --> fluid-temperature-range: light-oil: nil: nil:noncoproduct-route,,,True,fluid-temperature: light-oil: 25 --> fluid-temperature-range: light-oil: nil: nil,False,False,-1.7515809988844028e-26,4.2482078986724664e-27
486,1378,__pr_graph_lp_or_to_or_and__: 4656:fluid-temperature: naphthalene-oil: 10 --> fluid-temperature-range: naphthalene-oil: nil: nil:noncoproduct-route,,,True,fluid-temperature: naphthalene-oil: 10 --> fluid-temperature-range: naphthalene-oil: nil: nil,False,False,1.719966618850634e-26,4.1715317649072391e-27
487,2203,recipe: clay-pit-mk01,recipe,clay-pit-mk01,False,,True,True,1.7032150939691653e-26,4.1309033495718433e-27
488,2471,recipe: slaughterhouse-mk01,recipe,slaughterhouse-mk01,False,,True,True,1.6903122585119654e-26,4.0996093771323961e-27
489,2174,recipe: biofactory-mk01,recipe,biofactory-mk01,False,,True,True,1.6888779287150812e-26,4.0961306164149036e-27
490,2418,recipe: pressured-air,recipe,pressured-air,False,,True,True,-1.5694306808669326e-26,3.8064284889618296e-27
491,2501,recipe: syngas-barrel,recipe,syngas-barrel,False,,True,True,1.4701953697799613e-26,3.565747508376065e-27
492,2544,recipe: zinc-plate-1,recipe,zinc-plate-1,False,,True,True,1.4508222691950987e-26,3.5187608380600434e-27
493,1369,__pr_graph_lp_or_to_or_and__: 4644:fluid-temperature: condensates: 10 --> fluid-temperature-range: condensates: nil: nil:noncoproduct-route,,,True,fluid-temperature: condensates: 10 --> fluid-temperature-range: condensates: nil: nil,False,False,1.4440488813699111e-26,3.5023329596587245e-27
494,2431,recipe: py-sinkhole,recipe,py-sinkhole,False,,True,True,-1.4222313353987845e-26,3.44941763848133e-27
495,2533,recipe: vrauks-paddock-mk01,recipe,vrauks-paddock-mk01,False,,True,True,1.4196346891997355e-26,3.4431198464295297e-27
496,2534,recipe: washer,recipe,washer,False,,True,True,-1.3776807706550084e-26,3.3413666484583907e-27
497,1315,__pr_graph_lp_or_to_or_and__: 4572:fluid-temperature: tailings: 10 --> fluid-temperature-range: tailings: nil: nil:noncoproduct-route,,,True,fluid-temperature: tailings: 10 --> fluid-temperature-range: tailings: nil: nil,False,False,-1.3383587723695289e-26,3.2459967947009258e-27
498,1384,__pr_graph_lp_or_to_or_and__: 4664:fluid-temperature: middle-oil: 10 --> fluid-temperature-range: middle-oil: nil: nil:noncoproduct-route,,,True,fluid-temperature: middle-oil: 10 --> fluid-temperature-range: middle-oil: nil: nil,False,False,1.3103619773138008e-26,3.1780945932217994e-27
499,2313,recipe: flora-collector-mk01,recipe,flora-collector-mk01,False,,True,True,1.2696244609366804e-26,3.0792916038334661e-27
500,2261,recipe: empty-methanal-barrel,recipe,empty-methanal-barrel,False,,True,True,1.2377176759366166e-26,3.0019062838597704e-27
501,2309,recipe: fill-syngas-canister,recipe,fill-syngas-canister,False,,True,True,-1.2018137043646891e-26,2.9148263625071637e-27
502,2155,recipe: advanced-foundry-mk01,recipe,advanced-foundry-mk01,False,,True,True,-1.1911682147401986e-26,2.8890072578601049e-27
503,2403,recipe: outpost,recipe,outpost,False,,True,True,-1.1611746871812025e-26,2.8162622687523607e-27
504,2493,recipe: stone-furnace,recipe,stone-furnace,False,,True,True,1.1531515384470078e-26,2.7968032749367517e-27
505,1372,__pr_graph_lp_or_to_or_and__: 4648:fluid-temperature: anthracene-oil: 10 --> fluid-temperature-range: anthracene-oil: nil: nil:noncoproduct-route,,,True,fluid-temperature: anthracene-oil: 10 --> fluid-temperature-range: anthracene-oil: nil: nil,False,False,1.1510483712116909e-26,2.7917023451670219e-27
506,1294,__pr_graph_lp_or_to_or_and__: 4544:fluid-temperature: acidgas: 15 --> fluid-temperature-range: acidgas: nil: nil:noncoproduct-route,,,True,fluid-temperature: acidgas: 15 --> fluid-temperature-range: acidgas: nil: nil,False,False,-1.0252962440296965e-26,2.4867086393037686e-27
507,1324,__pr_graph_lp_or_to_or_and__: 4584:fluid-temperature: aromatics: 10 --> fluid-temperature-range: aromatics: nil: nil:noncoproduct-route,,,True,fluid-temperature: aromatics: 10 --> fluid-temperature-range: aromatics: nil: nil,False,False,9.6615161676228696e-27,2.3432618487291522e-27
508,2433,recipe: py-tank-10000,recipe,py-tank-10000,False,,True,True,9.1965295240948622e-27,2.2304860231709276e-27
509,2186,recipe: car,recipe,car,False,,True,True,-8.9221908612070587e-27,2.1639491244871961e-27
510,1321,__pr_graph_lp_or_to_or_and__: 4580:fluid-temperature: water-saline: 25 --> fluid-temperature-range: water-saline: nil: nil:noncoproduct-route,,,True,fluid-temperature: water-saline: 25 --> fluid-temperature-range: water-saline: nil: nil,False,False,-8.6243790425386308e-27,2.0917191493281243e-27
511,2288,recipe: engine-unit,recipe,engine-unit,False,,True,True,-8.0850798419884019e-27,1.9609198814104875e-27
512,2438,recipe: py-tank-6500,recipe,py-tank-6500,False,,True,True,8.0607690339926436e-27,1.9550236444327815e-27
513,2440,recipe: py-tank-8000,recipe,py-tank-8000,False,,True,True,-8.0091335908687946e-27,1.9425002100343783e-27
514,2461,recipe: scrude-barrel,recipe,scrude-barrel,False,,True,True,-7.7519379544762631e-27,1.8801211059722341e-27
515,2476,recipe: smelter-mk01,recipe,smelter-mk01,False,,True,True,7.6760767201253559e-27,1.8617220541911388e-27
516,2486,recipe: steam-engine,recipe,steam-engine,False,,True,True,-7.5977204232582338e-27,1.8427178608667283e-27
517,2427,recipe: py-gas-vent,recipe,py-gas-vent,False,,True,True,7.3633434838954317e-27,1.7858731037186496e-27
518,2259,recipe: empty-light-oil-barrel,recipe,empty-light-oil-barrel,False,,True,True,6.9733380989872728e-27,1.6912829044788267e-27
519,1274,__pr_graph_lp_or_to_or_and__: 4517:fluid-temperature: water: 15 --> fluid-temperature-range: water: nil: nil:noncoproduct-route,,,True,fluid-temperature: water: 15 --> fluid-temperature-range: water: nil: nil,False,False,-6.8569154696575948e-27,1.6630462694720778e-27
520,2432,recipe: py-tank-1000,recipe,py-tank-1000,False,,True,True,-6.6856899722952794e-27,1.6215179866914358e-27
521,2165,recipe: ash-separation,recipe,ash-separation,False,,True,True,-6.3202857325659278e-27,1.5328944415390664e-27
522,2457,recipe: sap-01,recipe,sap-01,False,,True,True,6.2981124160375568e-27,1.5275166223873637e-27
523,2449,recipe: reformer-mk01,recipe,reformer-mk01,False,,True,True,-6.195437713976178e-27,1.502614349493972e-27
524,2439,recipe: py-tank-7000,recipe,py-tank-7000,False,,True,True,-6.0797439735482064e-27,1.4745544960115406e-27
525,2480,recipe: soil-extractor-mk01,recipe,soil-extractor-mk01,False,,True,True,-6.0710215362498366e-27,1.4724389942419843e-27
526,2166,recipe: assembling-machine-1,recipe,assembling-machine-1,False,,True,True,5.8796335686246534e-27,1.4260205941626265e-27
527,2255,recipe: empty-hydrogen-barrel,recipe,empty-hydrogen-barrel,False,,True,True,5.7244375811326382e-27,1.3883800385545348e-27
528,1375,__pr_graph_lp_or_to_or_and__: 4652:fluid-temperature: carbolic-oil: 10 --> fluid-temperature-range: carbolic-oil: nil: nil:noncoproduct-route,,,True,fluid-temperature: carbolic-oil: 10 --> fluid-temperature-range: carbolic-oil: nil: nil,False,False,5.7158667336457048e-27,1.3863013027144284e-27
529,571,__pr_graph_lp_or_to_or_and__: 1155:fluid: steam --> entity-operate-fluid: steam-turbine,,,True,fluid: steam --> entity-operate-fluid: steam-turbine,False,False,-5.6638405542589418e-27,1.373683100852832e-27
530,2434,recipe: py-tank-1500,recipe,py-tank-1500,False,,True,True,-5.6099794013221918e-27,1.3606198525369825e-27
531,2466,recipe: shotgun,recipe,shotgun,False,,True,True,-5.59675021743352e-27,1.3574113041726968e-27
532,2402,recipe: olefin-plant,recipe,olefin-plant,False,,True,True,-5.5896366034914185e-27,1.3556859993791308e-27
533,2342,recipe: hpf,recipe,hpf,False,,True,True,-5.508013996396338e-27,1.3358896094666798e-27
534,2506,recipe: tailings-pond,recipe,tailings-pond,False,,True,True,5.253679480990776e-27,1.274204429167333e-27
535,2523,recipe: underground-belt,recipe,underground-belt,False,,True,True,-5.0849055905915881e-27,1.2332707484103388e-27
536,2268,recipe: empty-naphthalene-oil-barrel,recipe,empty-naphthalene-oil-barrel,False,,True,True,5.0618954893730174e-27,1.2276899791619716e-27
537,2497,recipe: storage-tank,recipe,storage-tank,False,,True,True,4.984026712292717e-27,1.20880402675308e-27
538,2364,recipe: light-armor,recipe,light-armor,False,,True,True,4.6654996824287849e-27,1.1315498749285008e-27
539,2518,recipe: titanium-plate-1,recipe,titanium-plate-1,False,,True,True,4.651177426492843e-27,1.1280762176535802e-27
540,2543,recipe: wpu-mk01,recipe,wpu-mk01,False,,True,True,-4.4775108476046829e-27,1.0859558856427854e-27
541,1309,__pr_graph_lp_or_to_or_and__: 4564:fluid-temperature: tar: 10 --> fluid-temperature-range: tar: nil: nil:noncoproduct-route,,,True,fluid-temperature: tar: 10 --> fluid-temperature-range: tar: nil: nil,False,False,4.4221592434162572e-27,1.0725311498031508e-27
542,2225,recipe: distilled-raw-coal,recipe,distilled-raw-coal,False,,True,True,-4.4054106083273763e-27,1.0684690091472586e-27
543,2412,recipe: pipe-to-ground,recipe,pipe-to-ground,False,,True,True,-4.3476346646028669e-27,1.0544562846063984e-27
544,2251,recipe: empty-gasoline-barrel,recipe,empty-gasoline-barrel,False,,True,True,4.2257920071734988e-27,1.0249050997045094e-27
545,466,__pr_graph_lp_or_cost_row__: item: soil,,,True,node-cost:item: soil,False,False,-4.1991785602904821e-27,1.0184503907683347e-27
546,2277,recipe: empty-scrude-barrel,recipe,empty-scrude-barrel,False,,True,True,-4.1581090882253354e-27,1.0084895807496951e-27
547,2435,recipe: py-tank-3000,recipe,py-tank-3000,False,,True,True,-4.1281949229250482e-27,1.0012343300138276e-27
548,1348,__pr_graph_lp_or_to_or_and__: 4616:fluid-temperature: hydrogen: 15 --> fluid-temperature-range: hydrogen: nil: nil:noncoproduct-route,,,True,fluid-temperature: hydrogen: 15 --> fluid-temperature-range: hydrogen: nil: nil,False,False,3.9240799284103557e-27,9.5172917253112604e-28
549,2249,recipe: empty-flue-gas-barrel,recipe,empty-flue-gas-barrel,False,,True,True,-3.7650388983801114e-27,9.1315605713321913e-28
550,1306,__pr_graph_lp_or_to_or_and__: 4560:fluid-temperature: syngas: 15 --> fluid-temperature-range: syngas: nil: nil:noncoproduct-route,,,True,fluid-temperature: syngas: 15 --> fluid-temperature-range: syngas: nil: nil,False,False,3.654972725827507e-27,8.8646108933484561e-28
551,1297,__pr_graph_lp_or_to_or_and__: 4548:fluid-temperature: carbon-dioxide: 15 --> fluid-temperature-range: carbon-dioxide: nil: nil:noncoproduct-route,,,True,fluid-temperature: carbon-dioxide: 15 --> fluid-temperature-range: carbon-dioxide: nil: nil,False,False,3.6334613204333062e-27,8.8124380721284324e-28
552,2436,recipe: py-tank-4000,recipe,py-tank-4000,False,,True,True,3.624261365088053e-27,8.7901249030600128e-28
553,2387,recipe: moondrop-codex,recipe,moondrop-codex,False,,True,True,3.6143581420391992e-27,8.7661060592810196e-28
554,1336,__pr_graph_lp_or_to_or_and__: 4600:fluid-temperature: pressured-water: 10 --> fluid-temperature-range: pressured-water: nil: nil:noncoproduct-route,,,True,fluid-temperature: pressured-water: 10 --> fluid-temperature-range: pressured-water: nil: nil,False,False,3.5854728611642877e-27,8.6960489631796543e-28
555,2253,recipe: empty-heavy-oil-barrel,recipe,empty-heavy-oil-barrel,False,,True,True,-3.3948682957402864e-27,8.2337649918000832e-28
556,1318,__pr_graph_lp_or_to_or_and__: 4576:fluid-temperature: flue-gas: 15 --> fluid-temperature-range: flue-gas: nil: nil:noncoproduct-route,,,True,fluid-temperature: flue-gas: 15 --> fluid-temperature-range: flue-gas: nil: nil,False,False,-3.3800559711495288e-27,8.1978398279828046e-28
557,2327,recipe: genlab-mk01,recipe,genlab-mk01,False,,True,True,-3.3209487678489996e-27,8.0544838038596411e-28
558,2232,recipe: empty-acetylene-barrel,recipe,empty-acetylene-barrel,False,,True,True,3.280548628342587e-27,7.9564990735685934e-28
559,2296,recipe: fill-aromatics-canister,recipe,fill-aromatics-canister,False,,True,True,-3.2419765871901424e-27,7.8629481330205402e-28
560,1339,__pr_graph_lp_or_to_or_and__: 4604:fluid-temperature: pressured-air: 15 --> fluid-temperature-range: pressured-air: nil: nil:noncoproduct-route,,,True,fluid-temperature: pressured-air: 15 --> fluid-temperature-range: pressured-air: nil: nil,False,False,-3.1897393329613312e-27,7.7362541827201332e-28
561,2359,recipe: lab,recipe,lab,False,,True,True,-3.1813773418736139e-27,7.7159733754893542e-28
562,2264,recipe: empty-middle-oil-barrel,recipe,empty-middle-oil-barrel,False,,True,True,3.0602073450953948e-27,7.4220929681755053e-28
563,2279,recipe: empty-slacked-lime-barrel,recipe,empty-slacked-lime-barrel,False,,True,True,2.8260131868699759e-27,6.8540887060661094e-28
564,2349,recipe: inserter,recipe,inserter,False,,True,True,-2.7664461137282781e-27,6.7096173337558745e-28
565,1330,__pr_graph_lp_or_to_or_and__: 4592:fluid-temperature: molten-glass: 10 --> fluid-temperature-range: molten-glass: nil: nil:noncoproduct-route,,,True,fluid-temperature: molten-glass: 10 --> fluid-temperature-range: molten-glass: nil: nil,False,False,2.7545149905814045e-27,6.6806801098279692e-28
566,2488,recipe: steel-chest,recipe,steel-chest,False,,True,True,2.7012680614411725e-27,6.5515373381847176e-28
567,2437,recipe: py-tank-5000,recipe,py-tank-5000,False,,True,True,-2.6719695034790455e-27,6.4804778979226373e-28
568,2272,recipe: empty-pitch-barrel,recipe,empty-pitch-barrel,False,,True,True,2.6692673085874823e-27,6.4739241126912366e-28
569,2280,recipe: empty-syngas-barrel,recipe,empty-syngas-barrel,False,,True,True,2.6265214547584301e-27,6.3702501895396741e-28
570,2329,recipe: glassworks-mk01,recipe,glassworks-mk01,False,,True,True,-2.5170042235526693e-27,6.1046318898747574e-28
571,2181,recipe: burner-mining-drill,recipe,burner-mining-drill,False,,True,True,2.5077513241354331e-27,6.0821903125711893e-28
572,2215,recipe: copper-plate,recipe,copper-plate,False,,True,True,2.4626734563300625e-27,5.9728604247794994e-28
573,2491,recipe: stone-brick,recipe,stone-brick,False,,True,True,2.4540157839180284e-27,5.9518624850048916e-28
574,2428,recipe: py-local-radar,recipe,py-local-radar,False,,True,True,2.3976145951141457e-27,5.8150695100161374e-28
575,2241,recipe: empty-carbon-dioxide-barrel,recipe,empty-carbon-dioxide-barrel,False,,True,True,2.3902402003786103e-27,5.7971839757568688e-28
576,2498,recipe: submachine-gun,recipe,submachine-gun,False,,True,True,-2.3851242377151844e-27,5.784775943807492e-28
577,2321,recipe: full-render-vrauks,recipe,full-render-vrauks,False,,True,True,2.3616779964927638e-27,5.7279104564456707e-28
578,2239,recipe: empty-carbolic-oil-barrel,recipe,empty-carbolic-oil-barrel,False,,True,True,2.3195366223658328e-27,5.6257026119092414e-28
579,2532,recipe: vrauks-codex,recipe,vrauks-codex,False,,True,True,-2.109792379454495e-27,5.1169981043788841e-28
580,1366,__pr_graph_lp_or_to_or_and__: 4640:fluid-temperature: scrude: 10 --> fluid-temperature-range: scrude: nil: nil:noncoproduct-route,,,True,fluid-temperature: scrude: 10 --> fluid-temperature-range: scrude: nil: nil,False,False,2.0973155187272358e-27,5.0867372724071182e-28
581,2316,recipe: fluid-drill-mk01,recipe,fluid-drill-mk01,False,,True,True,-2.0713627006227643e-27,5.0237924431731602e-28
582,2243,recipe: empty-coal-gas-barrel,recipe,empty-coal-gas-barrel,False,,True,True,2.0278352667090575e-27,4.9182229098892715e-28
583,2177,recipe: borax-mine,recipe,borax-mine,False,,True,True,1.9310282076877653e-27,4.683431305593816e-28
584,611,__pr_graph_lp_or_to_or_and__: 1513:fluid-craft-temperature: water: 15 --> fluid-craft-temperature: water,,,True,fluid-craft-temperature: water: 15 --> fluid-craft-temperature: water,False,False,1.9241029167222254e-27,4.666635007963761e-28
585,2248,recipe: empty-creosote-barrel,recipe,empty-creosote-barrel,False,,True,True,1.9015320792704722e-27,4.6118926865962304e-28
586,2351,recipe: iron-gear-wheel,recipe,iron-gear-wheel,False,,True,True,-1.7544879302104116e-27,4.255258242691906e-28
587,2237,recipe: empty-aromatics-barrel,recipe,empty-aromatics-barrel,False,,True,True,1.7297354136753913e-27,4.195224572354612e-28
588,2257,recipe: empty-kerosene-barrel,recipe,empty-kerosene-barrel,False,,True,True,-1.656638619580939e-27,4.0179388069589682e-28
589,2460,recipe: sap-tree,recipe,sap-tree,False,,True,True,-1.6414909128644304e-27,3.9812002220115229e-28
590,2234,recipe: empty-acidgas-barrel,recipe,empty-acidgas-barrel,False,,True,True,1.5876375102762466e-27,3.8505865362092547e-28
591,2182,recipe: cage,recipe,cage,False,,True,True,-1.5797156792651699e-27,3.8313732739652373e-28
592,2270,recipe: empty-oxygen-barrel,recipe,empty-oxygen-barrel,False,,True,True,-1.5769878619363495e-27,3.8247573451958502e-28
593,2250,recipe: empty-formic-acid-barrel,recipe,empty-formic-acid-barrel,False,,True,True,-1.5289939178463714e-27,3.7083549336023538e-28
594,644,__pr_graph_lp_or_to_or_and__: 1600:fluid-craft-temperature: tailings: 10 --> fluid-create-temperature: tailings: 10,,,True,fluid-craft-temperature: tailings: 10 --> fluid-create-temperature: tailings: 10,False,False,-1.5257728463493196e-27,3.700542687760067e-28
595,2494,recipe: stone-to-gravel,recipe,stone-to-gravel,False,,True,True,-1.4739835560525361e-27,3.5749352095757494e-28
596,2285,recipe: empty-vacuum-barrel,recipe,empty-vacuum-barrel,False,,True,True,-1.3938869739582211e-27,3.3806724647032854e-28
597,2337,recipe: gun-turret,recipe,gun-turret,False,,True,True,1.3906287705360299e-27,3.3727701607148029e-28
598,2178,recipe: botanical-nursery,recipe,botanical-nursery,False,,True,True,-1.3400491705554925e-27,3.2500966124827392e-28
599,2267,recipe: empty-muddy-sludge-barrel,recipe,empty-muddy-sludge-barrel,False,,True,True,1.3232689288159079e-27,3.2093985485364303e-28
600,2401,recipe: offshore-pump,recipe,offshore-pump,False,,True,True,1.3015431422449279e-27,3.156705776592402e-28
601,2210,recipe: coke-co2,recipe,coke-co2,False,,True,True,-1.2689732920328978e-27,3.0777122872719249e-28
602,570,__pr_graph_lp_or_to_or_and__: 1153:fluid: steam --> entity-operate-fluid: steam-engine,,,True,fluid: steam --> entity-operate-fluid: steam-engine,False,False,1.2429593735018031e-27,3.0146192677372275e-28
603,2531,recipe: vrauks-cocoon-1,recipe,vrauks-cocoon-1,False,,True,True,-1.1759529028906579e-27,2.8521047063816678e-28
604,2289,recipe: evaporator,recipe,evaporator,False,,True,True,1.1748289532698926e-27,2.8493787281598864e-28
605,2397,recipe: multiblade-turbine-mk01,recipe,multiblade-turbine-mk01,False,,True,True,-1.1561633562468897e-27,2.8041080060196819e-28
606,2242,recipe: empty-chlorine-barrel,recipe,empty-chlorine-barrel,False,,True,True,1.1447589150303551e-27,2.776448173395963e-28
607,2368,recipe: lime,recipe,lime,False,,True,True,1.1118748788653136e-27,2.696692671215056e-28
608,2266,recipe: empty-molten-glass-barrel,recipe,empty-molten-glass-barrel,False,,True,True,-1.1071764748795874e-27,2.6852973678085746e-28
609,2247,recipe: empty-creamy-latex-barrel,recipe,empty-creamy-latex-barrel,False,,True,True,-1.0869942849242964e-27,2.636348367542425e-28
610,2323,recipe: gasifier,recipe,gasifier,False,,True,True,-1.0783349883821976e-27,2.6153464886738363e-28
611,665,__pr_graph_lp_or_to_or_and__: 1649:fluid-craft-temperature: pressured-water: 10 --> fluid-create-temperature: pressured-water: 10,,,True,fluid-craft-temperature: pressured-water: 10 --> fluid-create-temperature: pressured-water: 10,False,False,-1.0613253357842038e-27,2.5740920216714566e-28
612,2455,recipe: sand-brick,recipe,sand-brick,False,,True,True,-1.0489503028928366e-27,2.5440781584764795e-28
613,557,__pr_graph_lp_or_to_or_and__: 1095:fluid: water --> entity-operate-fluid: oil-boiler-mk01,,,True,fluid: water --> entity-operate-fluid: oil-boiler-mk01,False,False,-1.048519465968092e-27,2.5430332254543097e-28
614,283,__pr_graph_lp_or_cost_row__: item: clay,,,True,node-cost:item: clay,False,False,9.9991661969527343e-28,2.4251540091544885e-28
615,475,__pr_graph_lp_or_cost_row__: item: stone,,,True,node-cost:item: stone,False,False,9.9669839299445408e-28,2.4173486629564839e-28
616,2444,recipe: radar,recipe,radar,False,,True,True,9.8320508739326212e-28,2.3846225900710766e-28
617,2235,recipe: empty-anthracene-oil-barrel,recipe,empty-anthracene-oil-barrel,False,,True,True,-9.6338949846138282e-28,2.3365627278832181e-28
618,2441,recipe: py-tank-9000,recipe,py-tank-9000,False,,True,True,-9.0190692594489215e-28,2.1874455872190904e-28
619,2275,recipe: empty-pressured-air-barrel,recipe,empty-pressured-air-barrel,False,,True,True,8.6033473434891404e-28,2.0866182130835856e-28
620,2168,recipe: automation-science-pack,recipe,automation-science-pack,False,,True,True,-8.5401717765155799e-28,2.0712958875507597e-28
621,695,__pr_graph_lp_or_to_or_and__: 1717:fluid-craft-temperature: scrude: 10 --> fluid-create-temperature: scrude: 10,,,True,fluid-craft-temperature: scrude: 10 --> fluid-create-temperature: scrude: 10,False,False,-8.3840835052261508e-28,2.0334389213354255e-28
622,643,__pr_graph_lp_or_to_or_and__: 1599:fluid-craft-temperature: tailings: 10 --> fluid-craft-temperature: tailings,,,True,fluid-craft-temperature: tailings: 10 --> fluid-craft-temperature: tailings,False,False,-8.2018682368573726e-28,1.9892452275904036e-28
623,2204,recipe: coal-gas,recipe,coal-gas,False,,True,True,8.0239363994966422e-28,1.9460904184561075e-28
624,2360,recipe: landfill,recipe,landfill,False,,True,True,7.9238320904996957e-28,1.9218115574475198e-28
625,662,__pr_graph_lp_or_to_or_and__: 1643:fluid-craft-temperature: vacuum: 15 --> fluid-create-temperature: vacuum: 15,,,True,fluid-craft-temperature: vacuum: 15 --> fluid-create-temperature: vacuum: 15,False,False,7.9174285011419227e-28,1.9202584589092921e-28
626,1333,__pr_graph_lp_or_to_or_and__: 4596:fluid-temperature: vacuum: 15 --> fluid-temperature-range: vacuum: nil: nil:noncoproduct-route,,,True,fluid-temperature: vacuum: 15 --> fluid-temperature-range: vacuum: nil: nil,False,False,7.4153327550207873e-28,1.7984823540120488e-28
627,2495,recipe: stone-wall,recipe,stone-wall,False,,True,True,-7.223323130064843e-28,1.7519131798843034e-28
628,2443,recipe: quenching-tower,recipe,quenching-tower,False,,True,True,7.2171871640071977e-28,1.7504249895300649e-28
629,2516,recipe: tin-plate-1,recipe,tin-plate-1,False,,True,True,-7.0317423844746964e-28,1.7054480242809949e-28
630,2229,recipe: electrolyzer-mk01,recipe,electrolyzer-mk01,False,,True,True,-6.9545197138999019e-28,1.6867187757163344e-28
631,2353,recipe: iron-plate,recipe,iron-plate,False,,True,True,-6.9139382424787536e-28,1.676876323238209e-28
632,2504,recipe: tailings-classification,recipe,tailings-classification,False,,True,True,-6.7637137192367358e-28,1.6404415248122436e-28
633,2175,recipe: boiler,recipe,boiler,False,,True,True,-6.6425552057063814e-28,1.6110562691775405e-28
634,252,__pr_graph_lp_or_cost_row__: item: ash,,,True,node-cost:item: ash,False,False,-6.3870938856460343e-28,1.5490977986085592e-28
635,612,__pr_graph_lp_or_to_or_and__: 1514:fluid-craft-temperature: water: 15 --> fluid-create-temperature: water: 15,,,True,fluid-craft-temperature: water: 15 --> fluid-create-temperature: water: 15,False,False,-6.088961379909891e-28,1.4767900454115354e-28
636,2157,recipe: aluminium-plate-1,recipe,aluminium-plate-1,False,,True,True,-6.049498593248811e-28,1.4672189138393157e-28
637,2416,recipe: planter-box,recipe,planter-box,False,,True,True,6.0074617967697189e-28,1.457023493190707e-28
638,2230,recipe: electronic-circuit,recipe,electronic-circuit,False,,True,True,5.6037098518473096e-28,1.3590992634453403e-28
639,2262,recipe: empty-methane-barrel,recipe,empty-methane-barrel,False,,True,True,5.5853295323384141e-28,1.3546413811911058e-28
640,2474,recipe: small-lamp,recipe,small-lamp,False,,True,True,-5.5629571255417752e-28,1.3492152755570341e-28
641,2274,recipe: empty-planter-box,recipe,empty-planter-box,False,,True,True,-5.4869308699059702e-28,1.3307762002356974e-28
642,2184,recipe: calcium-carbide,recipe,calcium-carbide,False,,True,True,5.2444734836474688e-28,1.2719716468607253e-28
643,694,__pr_graph_lp_or_to_or_and__: 1716:fluid-craft-temperature: scrude: 10 --> fluid-craft-temperature: scrude,,,True,fluid-craft-temperature: scrude: 10 --> fluid-craft-temperature: scrude,False,False,-5.1951824608250912e-28,1.2600168179021423e-28
644,2226,recipe: dried-meat-01,recipe,dried-meat-01,False,,True,True,5.1526178430430216e-28,1.2496933817846616e-28
645,650,__pr_graph_lp_or_to_or_and__: 1613:fluid-craft-temperature: water-saline: 25 --> fluid-create-temperature: water-saline: 25,,,True,fluid-craft-temperature: water-saline: 25 --> fluid-create-temperature: water-saline: 25,False,False,-5.0590605051357228e-28,1.227002394492056e-28
646,2363,recipe: lead-plate-1,recipe,lead-plate-1,False,,True,True,4.9819996999703048e-28,1.2083124040553993e-28
647,2245,recipe: empty-condensates-barrel,recipe,empty-condensates-barrel,False,,True,True,4.863568541265124e-28,1.1795886291240245e-28
648,2350,recipe: iron-chest,recipe,iron-chest,False,,True,True,4.5569283696081217e-28,1.1052174638674225e-28
649,2373,recipe: low-grade-smelting-iron,recipe,low-grade-smelting-iron,False,,True,True,4.5097849409087439e-28,1.0937835029887219e-28
650,2426,recipe: py-check-valve,recipe,py-check-valve,False,,True,True,-4.151259287554956e-28,1.0068282600725028e-28
651,2456,recipe: sand-void-glass,recipe,sand-void-glass,False,,True,True,4.1482178153203596e-28,1.0060905947073935e-28
652,2424,recipe: pulp-mill-mk01,recipe,pulp-mill-mk01,False,,True,True,-4.0333647084671714e-28,9.7823462481324953e-29
653,2207,recipe: coal-gas-from-wood,recipe,coal-gas-from-wood,False,,True,True,3.9840556622032227e-28,9.6627542452802542e-29
654,2380,recipe: micro-mine-mk01,recipe,micro-mine-mk01,False,,True,True,-3.9618207277942917e-28,9.6088266084523573e-29
655,2485,recipe: splitter,recipe,splitter,False,,True,True,-3.9245650731069743e-28,9.5184683740266129e-29
656,2311,recipe: firearm-magazine,recipe,firearm-magazine,False,,True,True,3.855221718599806e-28,9.3502860367408e-29
657,676,__pr_graph_lp_or_to_or_and__: 1675:fluid-craft-temperature: hydrogen: 15 --> fluid-craft-temperature: hydrogen,,,True,fluid-craft-temperature: hydrogen: 15 --> fluid-craft-temperature: hydrogen,False,False,-3.849136702664429e-28,9.3355277053951871e-29
658,2333,recipe: graphite,recipe,graphite,False,,True,True,3.7291624435153676e-28,9.0445473877969501e-29
659,1770,entity-mine: big-rock,entity-mine,big-rock,False,,True,False,-3.6964515269537119e-28,8.9652117623257058e-29
660,2482,recipe: solder-0,recipe,solder-0,False,,True,True,-3.6736030361286504e-28,8.9097960326177485e-29
661,2194,recipe: cellulose-02,recipe,cellulose-02,False,,True,True,3.5949137420435225e-28,8.7189464624943506e-29
662,350,__pr_graph_lp_or_cost_row__: item: iron-plate,,,True,node-cost:item: iron-plate,False,False,3.5935040644893065e-28,8.7155274922473474e-29
663,2392,recipe: moss-gen,recipe,moss-gen,False,,True,True,3.5340401006308039e-28,8.5713061966801093e-29
664,2542,recipe: wooden-chest,recipe,wooden-chest,False,,True,True,3.5218130656114223e-28,8.541651281046882e-29
665,1354,__pr_graph_lp_or_to_or_and__: 4624:fluid-temperature: oxygen: 15 --> fluid-temperature-range: oxygen: nil: nil:noncoproduct-route,,,True,fluid-temperature: oxygen: 15 --> fluid-temperature-range: oxygen: nil: nil,False,False,3.5108807729920123e-28,8.5151365769675634e-29
666,1825,entity-mine: ore-tin,entity-mine,ore-tin,False,,True,False,-3.508796320150134e-28,8.5100810362686654e-29
667,2228,recipe: earth-generic-sample,recipe,earth-generic-sample,False,,True,True,-3.4937779369148326e-28,8.4736561068328389e-29
668,306,__pr_graph_lp_or_cost_row__: item: electronic-circuit,,,True,node-cost:item: electronic-circuit,False,False,3.4309058368266108e-28,8.3211688668073851e-29
669,2328,recipe: glass-1,recipe,glass-1,False,,True,True,3.3335255894649191e-28,8.0849870765960847e-29
670,1822,entity-mine: ore-lead,entity-mine,ore-lead,False,,True,False,3.2166374087210136e-28,7.8014915985028756e-29
671,2519,recipe: transport-belt,recipe,transport-belt,False,,True,True,-3.1648632118247213e-28,7.6759207271915635e-29
672,2429,recipe: py-overflow-valve,recipe,py-overflow-valve,False,,True,True,-3.1190229043310687e-28,7.564741651547251e-29
673,1496,__pr_graph_lp_or_to_or_and__: 4819:entity-operate: botanical-nursery --> recipe-category: nursery__1__0:noncoproduct-route,,,True,entity-operate: botanical-nursery --> recipe-category: nursery__1__0,False,False,3.0448285310653189e-28,7.3847938656638914e-29
674,2193,recipe: cellulose-00,recipe,cellulose-00,False,,True,True,-2.9170126988762869e-28,7.0747949399923557e-29
675,2283,recipe: empty-tar-barrel,recipe,empty-tar-barrel,False,,True,True,-2.9147519562362615e-28,7.0693118337321608e-29
676,1844,entity-mine: py-tank-3000,entity-mine,py-tank-3000,False,,True,False,2.9113447220088095e-28,7.0610480769507689e-29
677,1842,entity-mine: py-tank-10000,entity-mine,py-tank-10000,False,,True,False,2.7735330572335222e-28,6.7268056963811825e-29
678,2326,recipe: gate,recipe,gate,False,,True,True,2.7432649874419775e-28,6.6533948445576538e-29
679,1594,__pr_graph_lp_or_to_or_and__: 4942:entity-operate: creature-chamber-mk01 --> recipe-category: creature-chamber__0__0:noncoproduct-route,,,True,entity-operate: creature-chamber-mk01 --> recipe-category: creature-chamber__0__0,False,False,-2.7319708824869505e-28,6.6260026166738509e-29
680,2179,recipe: bricks-to-stone,recipe,bricks-to-stone,False,,True,True,-2.6668545051903469e-28,6.4680722049255191e-29
681,2180,recipe: burner-inserter,recipe,burner-inserter,False,,True,True,-2.6315088575227678e-28,6.3823464179360853e-29
682,2195,recipe: ceramic,recipe,ceramic,False,,True,True,-2.5755559940076394e-28,6.2466407914822111e-29
683,556,__pr_graph_lp_or_to_or_and__: 1094:fluid: water --> entity-operate-fluid: heat-exchanger,,,True,fluid: water --> entity-operate-fluid: heat-exchanger,False,False,2.5535072138147448e-28,6.193164644943053e-29
684,677,__pr_graph_lp_or_to_or_and__: 1676:fluid-craft-temperature: hydrogen: 15 --> fluid-create-temperature: hydrogen: 15,,,True,fluid-craft-temperature: hydrogen: 15 --> fluid-create-temperature: hydrogen: 15,False,False,-2.4896243291399458e-28,6.0382258922171939e-29
685,2467,recipe: shotgun-shell,recipe,shotgun-shell,False,,True,True,-2.4430425169826074e-28,5.9252484036127164e-29
686,2347,recipe: inductor1,recipe,inductor1,False,,True,True,-2.4031867166832966e-28,5.8285838898121647e-29
687,2369,recipe: log-wood,recipe,log-wood,False,,True,True,2.3922978507468372e-28,5.8021745109091548e-29
688,2282,recipe: empty-tailings-barrel,recipe,empty-tailings-barrel,False,,True,True,2.3796833550283356e-28,5.7715798650530735e-29
689,710,__pr_graph_lp_or_to_or_and__: 1757:fluid-craft-temperature: pitch: 10 --> fluid-create-temperature: pitch: 10,,,True,fluid-craft-temperature: pitch: 10 --> fluid-create-temperature: pitch: 10,False,False,2.2733670364449024e-28,5.5137249187779189e-29
690,664,__pr_graph_lp_or_to_or_and__: 1648:fluid-craft-temperature: pressured-water: 10 --> fluid-craft-temperature: pressured-water,,,True,fluid-craft-temperature: pressured-water: 10 --> fluid-craft-temperature: pressured-water,False,False,2.2721378743255116e-28,5.5107437627664808e-29
691,2338,recipe: hazard-concrete,recipe,hazard-concrete,False,,True,True,2.1451178505280835e-28,5.20267495594026e-29
692,661,__pr_graph_lp_or_to_or_and__: 1642:fluid-craft-temperature: vacuum: 15 --> fluid-craft-temperature: vacuum,,,True,fluid-craft-temperature: vacuum: 15 --> fluid-craft-temperature: vacuum,False,False,-2.1450175120162939e-28,5.20243159930497e-29
693,2096,fluid-temperature: scrude: 10,fluid-temperature,scrude: 10,False,,False,False,2.1097713540203024e-28,5.1169471102109493e-29
694,2442,recipe: py-underflow-valve,recipe,py-underflow-valve,False,,True,True,-2.0122688848947223e-28,4.8804688886824143e-29
695,2172,recipe: bio-container,recipe,bio-container,False,,True,True,-1.9101545487792294e-28,4.6328052467898472e-29
696,2411,recipe: pipe,recipe,pipe,False,,True,True,-1.8078317048612517e-28,4.3846358991982483e-29
697,1841,entity-mine: py-tank-1000,entity-mine,py-tank-1000,False,,True,False,-1.8066583434187106e-28,4.3817900797063864e-29
698,647,__pr_graph_lp_or_to_or_and__: 1606:fluid-craft-temperature: flue-gas: 15 --> fluid-create-temperature: flue-gas: 15,,,True,fluid-craft-temperature: flue-gas: 15 --> fluid-create-temperature: flue-gas: 15,False,False,1.793199177980863e-28,4.3491468088790475e-29
699,2293,recipe: fiber-01,recipe,fiber-01,False,,True,True,1.7714980893668804e-28,4.2965139382790417e-29
700,1312,__pr_graph_lp_or_to_or_and__: 4568:fluid-temperature: muddy-sludge: 10 --> fluid-temperature-range: muddy-sludge: nil: nil:noncoproduct-route,,,True,fluid-temperature: muddy-sludge: 10 --> fluid-temperature-range: muddy-sludge: nil: nil,False,False,-1.7426093413091783e-28,4.2264484330242727e-29
701,303,__pr_graph_lp_or_cost_row__: item: duralumin,,,True,node-cost:item: duralumin,False,False,1.7375588525493596e-28,4.2141991986153112e-29
702,1849,entity-mine: py-tank-8000,entity-mine,py-tank-8000,False,,True,False,1.721673826327797e-28,4.1756723512082871e-29
703,2214,recipe: copper-cable,recipe,copper-cable,False,,True,True,1.7050209409124554e-28,4.1352831717171878e-29
704,682,__pr_graph_lp_or_to_or_and__: 1689:fluid-craft-temperature: oxygen: 15 --> fluid-craft-temperature: oxygen,,,True,fluid-craft-temperature: oxygen: 15 --> fluid-craft-temperature: oxygen,False,False,1.6990778540718247e-28,4.1208690689866009e-29
705,291,__pr_graph_lp_or_cost_row__: item: concrete,,,True,node-cost:item: concrete,False,False,1.6818776094313881e-28,4.0791523483855317e-29
706,2465,recipe: seaweed-crop-mk01,recipe,seaweed-crop-mk01,False,,True,True,-1.5514324208003035e-28,3.7627762966703434e-29
707,635,__pr_graph_lp_or_to_or_and__: 1574:fluid-craft-temperature: syngas: 15 --> fluid-create-temperature: syngas: 15,,,True,fluid-craft-temperature: syngas: 15 --> fluid-create-temperature: syngas: 15,False,False,-1.5399064925844991e-28,3.7348218147953414e-29
708,617,__pr_graph_lp_or_to_or_and__: 1524:fluid-craft-temperature: heavy-oil: 25 --> fluid-create-temperature: heavy-oil: 25,,,True,fluid-craft-temperature: heavy-oil: 25 --> fluid-create-temperature: heavy-oil: 25,False,False,1.5395851096027901e-28,3.734042346576478e-29
709,649,__pr_graph_lp_or_to_or_and__: 1612:fluid-craft-temperature: water-saline: 25 --> fluid-craft-temperature: water-saline,,,True,fluid-craft-temperature: water-saline: 25 --> fluid-craft-temperature: water-saline,False,False,-1.5179152056597194e-28,3.681485109912539e-29
710,581,__pr_graph_lp_or_to_or_and__: 1195:item: pipe --> entity-build-item: pipe,,,True,item: pipe --> entity-build-item: pipe,False,False,1.5056019689411319e-28,3.6516211244505804e-29
711,693,__pr_graph_lp_or_to_or_and__: 1715:fluid-create-temperature: scrude: 10 --> fluid-create: scrude,,,True,fluid-create-temperature: scrude: 10 --> fluid-create: scrude,False,False,-1.4498048143953409e-28,3.5162931477165042e-29
712,2090,fluid-temperature: muddy-sludge: 10,fluid-temperature,muddy-sludge: 10,False,,False,False,1.4410906557378876e-28,3.4951582086743156e-29
713,2322,recipe: fwf-mk01,recipe,fwf-mk01,False,,True,True,1.4276749845353252e-28,3.46262042686176e-29
714,709,__pr_graph_lp_or_to_or_and__: 1756:fluid-craft-temperature: pitch: 10 --> fluid-craft-temperature: pitch,,,True,fluid-craft-temperature: pitch: 10 --> fluid-craft-temperature: pitch,False,False,1.4222797997408181e-28,3.4495351817755093e-29
715,2425,recipe: pump,recipe,pump,False,,True,True,1.4169771793160198e-28,3.4366744382605719e-29
716,296,__pr_graph_lp_or_cost_row__: item: copper-plate,,,True,node-cost:item: copper-plate,False,False,1.4136636903274934e-28,3.4286380470790125e-29
717,1282,__pr_graph_lp_or_to_or_and__: 4528:fluid-temperature: steam: 250 --> fluid-temperature-range: steam: 250: nil:noncoproduct-route,,,True,fluid-temperature: steam: 250 --> fluid-temperature-range: steam: 250: nil,False,False,-1.4033414244851512e-28,3.4036028752476414e-29
718,1848,entity-mine: py-tank-7000,entity-mine,py-tank-7000,False,,True,False,1.3291001236888669e-28,3.2235412733854555e-29
719,395,__pr_graph_lp_or_cost_row__: item: ore-titanium,,,True,node-cost:item: ore-titanium,False,False,1.3274139914396056e-28,3.2194518020198261e-29
720,2287,recipe: empty-water-saline-barrel,recipe,empty-water-saline-barrel,False,,True,True,-1.326337881695785e-28,3.2168418525419266e-29
721,474,__pr_graph_lp_or_cost_row__: item: steel-plate,,,True,node-cost:item: steel-plate,False,False,1.2838343117601708e-28,3.1137555541422196e-29
722,1794,entity-mine: evaporator,entity-mine,evaporator,False,,True,False,1.282707459987686e-28,3.1110225371686672e-29
723,1846,entity-mine: py-tank-5000,entity-mine,py-tank-5000,False,,True,False,-1.207409008385819e-28,2.9283969680076669e-29
724,2185,recipe: capacitor1,recipe,capacitor1,False,,True,True,1.1954332644652631e-28,2.8993515228080518e-29
725,1797,entity-mine: fluid-drill-mk01,entity-mine,fluid-drill-mk01,False,,True,False,-1.1935823032358007e-28,2.894862282447402e-29
726,1537,__pr_graph_lp_or_to_or_and__: 4872:entity-operate: moondrop-greenhouse-mk01 --> recipe-category: moon__1__0:noncoproduct-route,,,True,entity-operate: moondrop-greenhouse-mk01 --> recipe-category: moon__1__0,False,False,-1.1785425021303424e-28,2.8583854070466273e-29
727,365,__pr_graph_lp_or_cost_row__: item: limestone,,,True,node-cost:item: limestone,False,False,1.1746903440177231e-28,2.8490425513457564e-29
728,2169,recipe: barrel,recipe,barrel,False,,True,True,-1.1638600566416477e-28,2.8227752463194748e-29
729,2331,recipe: grade-1-iron-crush,recipe,grade-1-iron-crush,False,,True,True,-1.1285034568705667e-28,2.7370228965775141e-29
730,2348,recipe: inductor1-2,recipe,inductor1-2,False,,True,True,-1.110036814263008e-28,2.6922347097695061e-29
731,1776,entity-mine: botanical-nursery,entity-mine,botanical-nursery,False,,True,False,-1.1009159556648486e-28,2.6701133784899054e-29
732,2227,recipe: duralumin-1,recipe,duralumin-1,False,,True,True,-1.0499320219990295e-28,2.5464591770327795e-29
733,703,__pr_graph_lp_or_to_or_and__: 1738:fluid-craft-temperature: carbolic-oil: 10 --> fluid-craft-temperature: carbolic-oil,,,True,fluid-craft-temperature: carbolic-oil: 10 --> fluid-craft-temperature: carbolic-oil,False,False,-1.0457943153614878e-28,2.5364237644362799e-29
734,1475,__pr_graph_lp_or_to_or_and__: 4790:entity-operate: hpf --> recipe-category: hpf__0__0:noncoproduct-route,,,True,entity-operate: hpf --> recipe-category: hpf__0__0,False,False,-1.0435795168852459e-28,2.5310520891402295e-29
735,668,__pr_graph_lp_or_to_or_and__: 1655:fluid-craft-temperature: pressured-air: 15 --> fluid-create-temperature: pressured-air: 15,,,True,fluid-craft-temperature: pressured-air: 15 --> fluid-create-temperature: pressured-air: 15,False,False,1.0371737785637232e-28,2.515515891755322e-29
736,1795,entity-mine: fish,entity-mine,fish,False,,True,False,1.0347629480427803e-28,2.5096687689171811e-29
737,2453,recipe: retorter,recipe,retorter,False,,True,True,-1.019464665918535e-28,2.4725649849655789e-29
738,353,__pr_graph_lp_or_cost_row__: item: kerogen,,,True,node-cost:item: kerogen,False,False,1.0142552981162254e-28,2.4599304122801268e-29
739,678,__pr_graph_lp_or_to_or_and__: 1682:fluid-create-temperature: chlorine: 15 --> fluid-create: chlorine,,,True,fluid-create-temperature: chlorine: 15 --> fluid-create: chlorine,False,False,-9.971241487235917e-29,2.4183812722692015e-29
740,680,__pr_graph_lp_or_to_or_and__: 1684:fluid-craft-temperature: chlorine: 15 --> fluid-create-temperature: chlorine: 15,,,True,fluid-craft-temperature: chlorine: 15 --> fluid-create-temperature: chlorine: 15,False,False,-9.8517425055309832e-29,2.3893985122206769e-29
741,701,__pr_graph_lp_or_to_or_and__: 1731:fluid-craft-temperature: anthracene-oil: 10 --> fluid-create-temperature: anthracene-oil: 10,,,True,fluid-craft-temperature: anthracene-oil: 10 --> fluid-create-temperature: anthracene-oil: 10,False,False,-9.7252586735327703e-29,2.3587216771504518e-29
742,1840,entity-mine: py-sinkhole,entity-mine,py-sinkhole,False,,True,False,-9.7057632928121982e-29,2.3539933528298803e-29
743,618,__pr_graph_lp_or_to_or_and__: 1529:fluid-create-temperature: light-oil: 25 --> fluid-create: light-oil,,,True,fluid-create-temperature: light-oil: 25 --> fluid-create: light-oil,False,False,-9.7022566019089531e-29,2.3531428553648556e-29
744,2256,recipe: empty-jerry-can,recipe,empty-jerry-can,False,,True,True,-9.6479310590364956e-29,2.3399669759463511e-29
745,1918,entity-operate: car,entity-operate,car,False,,False,False,9.5686866233410513e-29,2.3207473773173616e-29
746,2459,recipe: sap-seeds,recipe,sap-seeds,False,,True,True,9.5315895956329857e-29,2.3117500265681212e-29
747,1279,__pr_graph_lp_or_to_or_and__: 4525:fluid-temperature: steam: 250 --> fluid: steam:noncoproduct-route,,,True,fluid-temperature: steam: 250 --> fluid: steam,False,False,9.4926642568350934e-29,2.3023092452485575e-29
748,2352,recipe: iron-oxide-smelting,recipe,iron-oxide-smelting,False,,True,True,9.4399033069136867e-29,2.2895128353571314e-29
749,700,__pr_graph_lp_or_to_or_and__: 1730:fluid-craft-temperature: anthracene-oil: 10 --> fluid-craft-temperature: anthracene-oil,,,True,fluid-craft-temperature: anthracene-oil: 10 --> fluid-craft-temperature: anthracene-oil,False,False,9.3795214349871345e-29,2.274868080394707e-29
750,1811,entity-mine: jaw-crusher,entity-mine,jaw-crusher,False,,True,False,9.3763497604367136e-29,2.2740988363297338e-29
751,492,__pr_graph_lp_or_cost_row__: item: tinned-cable,,,True,node-cost:item: tinned-cable,False,False,-9.3283357113123888e-29,2.262453718983341e-29
752,2496,recipe: stopper,recipe,stopper,False,,True,True,9.3217329358739384e-29,2.2608523107248219e-29
753,491,__pr_graph_lp_or_cost_row__: item: tin-plate,,,True,node-cost:item: tin-plate,False,False,9.1802565225688885e-29,2.2265392405978249e-29
754,2088,fluid-temperature: middle-oil: 10,fluid-temperature,middle-oil: 10,False,,False,False,9.0960187086524637e-29,2.2061085698680909e-29
755,690,__pr_graph_lp_or_to_or_and__: 1709:fluid-create-temperature: methanal: 10 --> fluid-create: methanal,,,True,fluid-create-temperature: methanal: 10 --> fluid-create: methanal,False,False,9.0869782102728857e-29,2.2039159269558578e-29
756,1843,entity-mine: py-tank-1500,entity-mine,py-tank-1500,False,,True,False,-9.0173862296734545e-29,2.1870373925429441e-29
757,1796,entity-mine: flora-collector-mk01,entity-mine,flora-collector-mk01,False,,True,False,8.998768108863368e-29,2.1825218350018298e-29
758,329,__pr_graph_lp_or_cost_row__: item: glass,,,True,node-cost:item: glass,False,False,8.9290013621326012e-29,2.1656009135762665e-29
759,620,__pr_graph_lp_or_to_or_and__: 1531:fluid-craft-temperature: light-oil: 25 --> fluid-create-temperature: light-oil: 25,,,True,fluid-craft-temperature: light-oil: 25 --> fluid-create-temperature: light-oil: 25,False,False,-8.695304376688687e-29,2.1089210694759311e-29
760,648,__pr_graph_lp_or_to_or_and__: 1611:fluid-create-temperature: water-saline: 25 --> fluid-create: water-saline,,,True,fluid-create-temperature: water-saline: 25 --> fluid-create: water-saline,False,False,-8.6413293561529491e-29,2.095830204210952e-29
761,1592,__pr_graph_lp_or_to_or_and__: 4940:entity-operate: creature-chamber-mk01 --> recipe-category: creature-chamber__1__0:noncoproduct-route,,,True,entity-operate: creature-chamber-mk01 --> recipe-category: creature-chamber__1__0,False,False,-8.547467483925582e-29,2.0730653564971181e-29
762,1782,entity-mine: clay-pit-mk01,entity-mine,clay-pit-mk01,False,,True,False,-8.3882813773622707e-29,2.0344570548717929e-29
763,2068,fluid-temperature: acetylene: 15,fluid-temperature,acetylene: 15,False,,False,False,-8.287486787852932e-29,2.0100107762486663e-29
764,706,__pr_graph_lp_or_to_or_and__: 1747:fluid-craft-temperature: naphthalene-oil: 10 --> fluid-craft-temperature: naphthalene-oil,,,True,fluid-craft-temperature: naphthalene-oil: 10 --> fluid-craft-temperature: naphthalene-oil,False,False,-8.2035266221203147e-29,1.9896474450943364e-29
765,624,__pr_graph_lp_or_to_or_and__: 1544:fluid-create-temperature: carbon-dioxide: 15 --> fluid-create: carbon-dioxide,,,True,fluid-create-temperature: carbon-dioxide: 15 --> fluid-create: carbon-dioxide,False,False,-8.1943281758779593e-29,1.9874164941987068e-29
766,2069,fluid-temperature: acidgas: 15,fluid-temperature,acidgas: 15,False,,False,False,8.1219773924273401e-29,1.9698688518158638e-29
767,716,__pr_graph_lp_or_to_or_and__: 1771:fluid-craft-temperature: creamy-latex: 10 --> fluid-create-temperature: creamy-latex: 10,,,True,fluid-craft-temperature: creamy-latex: 10 --> fluid-create-temperature: creamy-latex: 10,False,False,-8.02944092399405e-29,1.947425461737761e-29
768,1786,entity-mine: dead-dry-hairy-tree,entity-mine,dead-dry-hairy-tree,False,,True,False,7.7603236977795832e-29,1.8821549474537353e-29
769,615,__pr_graph_lp_or_to_or_and__: 1522:fluid-create-temperature: heavy-oil: 25 --> fluid-create: heavy-oil,,,True,fluid-create-temperature: heavy-oil: 25 --> fluid-create: heavy-oil,False,False,-7.7278703959397556e-29,1.8742838656538204e-29
770,657,__pr_graph_lp_or_to_or_and__: 1634:fluid-create-temperature: molten-glass: 10 --> fluid-create: molten-glass,,,True,fluid-create-temperature: molten-glass: 10 --> fluid-create: molten-glass,False,False,-7.7048503681443649e-29,1.8687006888569538e-29
771,2091,fluid-temperature: naphthalene-oil: 10,fluid-temperature,naphthalene-oil: 10,False,,False,False,7.6412711187960529e-29,1.8532804559676275e-29
772,472,__pr_graph_lp_or_cost_row__: item: steam-engine,,,True,node-cost:item: steam-engine,False,False,7.6232614817455828e-29,1.8489124774146081e-29
773,2452,recipe: resistor1,recipe,resistor1,False,,True,True,7.6074793457581769e-29,1.8450847472210102e-29
774,2097,fluid-temperature: slacked-lime: 10,fluid-temperature,slacked-lime: 10,False,,False,False,7.5583271503053856e-29,1.8331635888450841e-29
775,404,__pr_graph_lp_or_cost_row__: item: pipe,,,True,node-cost:item: pipe,False,False,7.4821479974185782e-29,1.8146874304936272e-29
776,1834,entity-mine: pulp-mill-mk01,entity-mine,pulp-mill-mk01,False,,True,False,-7.4664132110544348e-29,1.8108711842704351e-29
777,1790,entity-mine: dry-hairy-tree,entity-mine,dry-hairy-tree,False,,True,False,-7.460468339800011e-29,1.8094293412134641e-29
778,659,__pr_graph_lp_or_to_or_and__: 1636:fluid-craft-temperature: molten-glass: 10 --> fluid-create-temperature: molten-glass: 10,,,True,fluid-craft-temperature: molten-glass: 10 --> fluid-create-temperature: molten-glass: 10,False,False,7.107203476900324e-29,1.7237500273907103e-29
779,630,__pr_graph_lp_or_to_or_and__: 1563:fluid-create-temperature: creosote: 10 --> fluid-create: creosote,,,True,fluid-create-temperature: creosote: 10 --> fluid-create: creosote,False,False,7.0726615698427593e-29,1.7153723844218372e-29
780,669,__pr_graph_lp_or_to_or_and__: 1659:fluid-create-temperature: gasoline: 10 --> fluid-create: gasoline,,,True,fluid-create-temperature: gasoline: 10 --> fluid-create: gasoline,False,False,-7.0312982292073294e-29,1.7053403008062448e-29
781,1847,entity-mine: py-tank-6500,entity-mine,py-tank-6500,False,,True,False,-6.7805223772968926e-29,1.644518223176905e-29
782,697,__pr_graph_lp_or_to_or_and__: 1723:fluid-craft-temperature: condensates: 10 --> fluid-craft-temperature: condensates,,,True,fluid-craft-temperature: condensates: 10 --> fluid-craft-temperature: condensates,False,False,-6.7549968692025653e-29,1.6383273781532941e-29
783,654,__pr_graph_lp_or_to_or_and__: 1628:fluid-create-temperature: slacked-lime: 10 --> fluid-create: slacked-lime,,,True,fluid-create-temperature: slacked-lime: 10 --> fluid-create: slacked-lime,False,False,-6.7350394011467725e-29,1.6334869811927126e-29
784,351,__pr_graph_lp_or_cost_row__: item: iron-stick,,,True,node-cost:item: iron-stick,False,False,-6.7008107033291085e-29,1.6251853026221593e-29
785,698,__pr_graph_lp_or_to_or_and__: 1724:fluid-craft-temperature: condensates: 10 --> fluid-create-temperature: condensates: 10,,,True,fluid-craft-temperature: condensates: 10 --> fluid-create-temperature: condensates: 10,False,False,-6.6750966134204725e-29,1.6189487197906136e-29
786,2354,recipe: iron-stick,recipe,iron-stick,False,,True,True,6.4398515646200354e-29,1.5618934151787164e-29
787,2085,fluid-temperature: light-oil: 25,fluid-temperature,light-oil: 25,False,,False,False,-6.4145207759923107e-29,1.5557497965623667e-29
788,2332,recipe: grade-2-copper,recipe,grade-2-copper,False,,True,True,-6.3965359444221934e-29,1.5513878342219938e-29
789,681,__pr_graph_lp_or_to_or_and__: 1688:fluid-create-temperature: oxygen: 15 --> fluid-create: oxygen,,,True,fluid-create-temperature: oxygen: 15 --> fluid-create: oxygen,False,False,-6.2468337267344884e-29,1.5150797134993584e-29
790,692,__pr_graph_lp_or_to_or_and__: 1711:fluid-craft-temperature: methanal: 10 --> fluid-create-temperature: methanal: 10,,,True,fluid-craft-temperature: methanal: 10 --> fluid-create-temperature: methanal: 10,False,False,-6.1850362201018657e-29,1.5000916166906936e-29
791,1805,entity-mine: hpf,entity-mine,hpf,False,,True,False,6.1656772451806926e-29,1.4953963756357434e-29
792,2541,recipe: wood-seeds,recipe,wood-seeds,False,,True,True,6.1360600036019585e-29,1.4882131394798472e-29
793,629,__pr_graph_lp_or_to_or_and__: 1554:fluid-craft-temperature: coal-gas: 15 --> fluid-create-temperature: coal-gas: 15,,,True,fluid-craft-temperature: coal-gas: 15 --> fluid-create-temperature: coal-gas: 15,False,False,5.8923944640250799e-29,1.4291155658863867e-29
794,1876,entity-mine: tar-processing-unit,entity-mine,tar-processing-unit,False,,True,False,5.8917941407273541e-29,1.4289699661010054e-29
795,1787,entity-mine: dead-grey-trunk,entity-mine,dead-grey-trunk,False,,True,False,-5.8086322827590172e-29,1.4088002530181173e-29
796,2093,fluid-temperature: pitch: 10,fluid-temperature,pitch: 10,False,,False,False,-5.6792828674371017e-29,1.3774284119094725e-29
797,2086,fluid-temperature: methanal: 10,fluid-temperature,methanal: 10,False,,False,False,-5.6194249356583453e-29,1.3629107310975279e-29
798,667,__pr_graph_lp_or_to_or_and__: 1654:fluid-craft-temperature: pressured-air: 15 --> fluid-craft-temperature: pressured-air,,,True,fluid-craft-temperature: pressured-air: 15 --> fluid-craft-temperature: pressured-air,False,False,-5.5627744257744776e-29,1.3491709643550394e-29
799,2072,fluid-temperature: carbolic-oil: 10,fluid-temperature,carbolic-oil: 10,False,,False,False,5.5425117214040672e-29,1.3442565367145439e-29
800,1781,entity-mine: chipshooter-mk01,entity-mine,chipshooter-mk01,False,,True,False,-5.2906550463412604e-29,1.2831723209679323e-29
801,2473,recipe: small-electric-pole-2,recipe,small-electric-pole-2,False,,True,True,-5.2573006134458393e-29,1.2750826827854951e-29
802,621,__pr_graph_lp_or_to_or_and__: 1538:fluid-create-temperature: acidgas: 15 --> fluid-create: acidgas,,,True,fluid-create-temperature: acidgas: 15 --> fluid-create: acidgas,False,False,5.2003898138807961e-29,1.2612797865228634e-29
803,1815,entity-mine: moss-farm-mk01,entity-mine,moss-farm-mk01,False,,True,False,5.1954118395328329e-29,1.2600724504100673e-29
804,1789,entity-mine: distilator,entity-mine,distilator,False,,True,False,-5.1599419211692239e-29,1.2514697316403659e-29
805,2490,recipe: steel-plate,recipe,steel-plate,False,,True,True,-5.1496334587135188e-29,1.2489695622702147e-29
806,2079,fluid-temperature: flue-gas: 15,fluid-temperature,flue-gas: 15,False,,False,False,-5.1041759524896631e-29,1.2379444976504722e-29
807,1878,entity-mine: tree-01,entity-mine,tree-01,False,,True,False,5.0456976722895742e-29,1.2237614314945237e-29
808,2103,fluid-temperature: water-saline: 25,fluid-temperature,water-saline: 25,False,,False,False,-5.0198246308835787e-29,1.2174862972624422e-29
809,2430,recipe: py-science-pack-1,recipe,py-science-pack-1,False,,True,True,4.9764267801196817e-29,1.2069607724641018e-29
810,1862,entity-mine: slaughterhouse-mk01,entity-mine,slaughterhouse-mk01,False,,True,False,4.9386715273637378e-29,1.197803778692399e-29
811,628,__pr_graph_lp_or_to_or_and__: 1553:fluid-craft-temperature: coal-gas: 15 --> fluid-craft-temperature: coal-gas,,,True,fluid-craft-temperature: coal-gas: 15 --> fluid-craft-temperature: coal-gas,False,False,-4.9278579672861035e-29,1.1951811051555294e-29
812,2073,fluid-temperature: carbon-dioxide: 15,fluid-temperature,carbon-dioxide: 15,False,,False,False,4.8861562173318929e-29,1.1850669452247712e-29
813,658,__pr_graph_lp_or_to_or_and__: 1635:fluid-craft-temperature: molten-glass: 10 --> fluid-craft-temperature: molten-glass,,,True,fluid-craft-temperature: molten-glass: 10 --> fluid-craft-temperature: molten-glass,False,False,-4.8426851815275832e-29,1.1745236704470155e-29
814,1178,__pr_graph_lp_or_to_or_and__: 4280:entity-operate: character --> recipe-category: wpu-handcrafting__0__0:noncoproduct-route,,,True,entity-operate: character --> recipe-category: wpu-handcrafting__0__0,False,False,-4.8194136695396208e-29,1.1688794997746754e-29
815,1866,entity-mine: soil-extractor-mk01,entity-mine,soil-extractor-mk01,False,,True,False,4.8149774031025325e-29,1.1678035471278576e-29
816,1839,entity-mine: py-overflow-valve,entity-mine,py-overflow-valve,False,,True,False,-4.8007809772411039e-29,1.1643604081285279e-29
817,638,__pr_graph_lp_or_to_or_and__: 1581:fluid-craft-temperature: tar: 10 --> fluid-create-temperature: tar: 10,,,True,fluid-craft-temperature: tar: 10 --> fluid-create-temperature: tar: 10,False,False,-4.78550292588763e-29,1.1606549364159728e-29
818,1806,entity-mine: huge-rock,entity-mine,huge-rock,False,,True,False,-4.7446864102775434e-29,1.1507554773489073e-29
819,634,__pr_graph_lp_or_to_or_and__: 1573:fluid-craft-temperature: syngas: 15 --> fluid-craft-temperature: syngas,,,True,fluid-craft-temperature: syngas: 15 --> fluid-craft-temperature: syngas,False,False,-4.7240587555988106e-29,1.1457525362577963e-29
820,2450,recipe: repair-pack,recipe,repair-pack,False,,True,True,4.6927571302794134e-29,1.1381607770409606e-29
821,672,__pr_graph_lp_or_to_or_and__: 1667:fluid-create-temperature: acetylene: 15 --> fluid-create: acetylene,,,True,fluid-create-temperature: acetylene: 15 --> fluid-create: acetylene,False,False,-4.5597939080899276e-29,1.1059124590300849e-29
822,2176,recipe: bolts,recipe,bolts,False,,True,True,4.5522352855908566e-29,1.1040792238086427e-29
823,2087,fluid-temperature: methane: 15,fluid-temperature,methane: 15,False,,False,False,-4.5356102123933417e-29,1.1000470513131273e-29
824,1179,__pr_graph_lp_or_to_or_and__: 4281:entity-operate: character --> resource-category: basic-solid__0__0:noncoproduct-route,,,True,entity-operate: character --> resource-category: basic-solid__0__0,False,False,4.4998891578520427e-29,1.091383423073959e-29
825,1177,__pr_graph_lp_or_to_or_and__: 4279:entity-operate: character --> recipe-category: ee-testing-tool__0__0:noncoproduct-route,,,True,entity-operate: character --> recipe-category: ee-testing-tool__0__0,False,False,-4.4957805701859044e-29,1.0903869442021972e-29
826,1768,entity-mine: automated-screener-mk01,entity-mine,automated-screener-mk01,False,,True,False,4.4925982206610766e-29,1.0896151110756493e-29
827,652,__pr_graph_lp_or_to_or_and__: 1621:fluid-craft-temperature: aromatics: 10 --> fluid-craft-temperature: aromatics,,,True,fluid-craft-temperature: aromatics: 10 --> fluid-craft-temperature: aromatics,False,False,-4.4831454065411828e-29,1.0873224669082147e-29
828,547,__pr_graph_lp_or_to_or_and__: 1079:item: seaweed --> entity-operate-py-module: seaweed-crop-mk01,,,True,item: seaweed --> entity-operate-py-module: seaweed-crop-mk01,False,False,4.3662823413428731e-29,1.0589790105134072e-29
829,2083,fluid-temperature: hydrogen: 15,fluid-temperature,hydrogen: 15,False,,False,False,4.3569294328780887e-29,1.0567105970263367e-29
830,715,__pr_graph_lp_or_to_or_and__: 1770:fluid-craft-temperature: creamy-latex: 10 --> fluid-craft-temperature: creamy-latex,,,True,fluid-craft-temperature: creamy-latex: 10 --> fluid-craft-temperature: creamy-latex,False,False,4.3499815004744746e-29,1.0550254759080284e-29
831,1595,__pr_graph_lp_or_to_or_and__: 4944:entity-operate: vrauks-paddock-mk01 --> recipe-category: vrauks__0__0:noncoproduct-route,,,True,entity-operate: vrauks-paddock-mk01 --> recipe-category: vrauks__0__0,False,False,4.2893338373161796e-29,1.0403162571034632e-29
832,2075,fluid-temperature: coal-gas: 15,fluid-temperature,coal-gas: 15,False,,False,False,-4.2514535959095343e-29,1.0311289491314183e-29
833,447,__pr_graph_lp_or_cost_row__: item: sand,,,True,node-cost:item: sand,False,False,-4.2512106179402037e-29,1.0310700183181032e-29
834,666,__pr_graph_lp_or_to_or_and__: 1653:fluid-create-temperature: pressured-air: 15 --> fluid-create: pressured-air,,,True,fluid-create-temperature: pressured-air: 15 --> fluid-create: pressured-air,False,False,-4.2435934960566677e-29,1.0292225949119692e-29
835,602,__pr_graph_lp_or_to_or_and__: 1408:item: transport-belt --> entity-build-item: transport-belt,,,True,item: transport-belt --> entity-build-item: transport-belt,False,False,-4.1452508363152887e-29,1.005370996604162e-29
836,641,__pr_graph_lp_or_to_or_and__: 1593:fluid-craft-temperature: muddy-sludge: 10 --> fluid-create-temperature: muddy-sludge: 10,,,True,fluid-craft-temperature: muddy-sludge: 10 --> fluid-create-temperature: muddy-sludge: 10,False,False,4.0203299342704119e-29,9.7507322772482747e-30
837,1800,entity-mine: gasifier,entity-mine,gasifier,False,,True,False,3.9817233803146252e-29,9.6570976308574101e-30
838,2071,fluid-temperature: aromatics: 10,fluid-temperature,aromatics: 10,False,,False,False,-3.9741051702832478e-29,9.6386207576499149e-30
839,685,__pr_graph_lp_or_to_or_and__: 1696:fluid-craft-temperature: kerosene: 10 --> fluid-craft-temperature: kerosene,,,True,fluid-craft-temperature: kerosene: 10 --> fluid-craft-temperature: kerosene,False,False,3.9712003827949947e-29,9.6315756132007464e-30
840,1798,entity-mine: fluidavan,entity-mine,fluidavan,False,,True,False,-3.9429849679445928e-29,9.5631431808392727e-30
841,486,__pr_graph_lp_or_cost_row__: item: tailings-dust,,,True,node-cost:item: tailings-dust,False,False,3.9282154399881631e-29,9.527321814105945e-30
842,646,__pr_graph_lp_or_to_or_and__: 1605:fluid-craft-temperature: flue-gas: 15 --> fluid-craft-temperature: flue-gas,,,True,fluid-craft-temperature: flue-gas: 15 --> fluid-craft-temperature: flue-gas,False,False,3.7799399377206706e-29,9.1677009000211373e-30
843,2070,fluid-temperature: anthracene-oil: 10,fluid-temperature,anthracene-oil: 10,False,,False,False,3.7218745619904564e-29,9.026871678892575e-30
844,670,__pr_graph_lp_or_to_or_and__: 1660:fluid-craft-temperature: gasoline: 10 --> fluid-craft-temperature: gasoline,,,True,fluid-craft-temperature: gasoline: 10 --> fluid-craft-temperature: gasoline,False,False,3.7179271823590837e-29,9.0172978770873847e-30
845,2390,recipe: moondrop-seeds,recipe,moondrop-seeds,False,,True,True,-3.7168839859608678e-29,9.0147677541974975e-30
846,1769,entity-mine: barrel-machine-mk01,entity-mine,barrel-machine-mk01,False,,True,False,3.7030419064313819e-29,8.9811957802901153e-30
847,2089,fluid-temperature: molten-glass: 10,fluid-temperature,molten-glass: 10,False,,False,False,-3.6350881004054868e-29,8.8163835930787162e-30
848,1867,entity-mine: solid-separator,entity-mine,solid-separator,False,,True,False,3.6011702177750584e-29,8.734120644925818e-30
849,689,__pr_graph_lp_or_to_or_and__: 1704:fluid-craft-temperature: methane: 15 --> fluid-create-temperature: methane: 15,,,True,fluid-craft-temperature: methane: 15 --> fluid-create-temperature: methane: 15,False,False,-3.5314014084797903e-29,8.5649064282165101e-30
850,1775,entity-mine: borax-mine,entity-mine,borax-mine,False,,True,False,-3.5259831891479538e-29,8.5517653161715008e-30
851,1890,entity-mine: tree-09,entity-mine,tree-09,False,,True,False,3.5031303262010957e-29,8.4963389825106794e-30
852,279,__pr_graph_lp_or_cost_row__: item: ceramic,,,True,node-cost:item: ceramic,False,False,-3.488521321513144e-29,8.4609069418875929e-30
853,675,__pr_graph_lp_or_to_or_and__: 1674:fluid-create-temperature: hydrogen: 15 --> fluid-create: hydrogen,,,True,fluid-create-temperature: hydrogen: 15 --> fluid-create: hydrogen,False,False,-3.4553268015829137e-29,8.3803984059705783e-30
854,2081,fluid-temperature: gasoline: 10,fluid-temperature,gasoline: 10,False,,False,False,-3.3909735258252673e-29,8.2243187872985307e-30
855,507,__pr_graph_lp_or_cost_row__: item: wood,,,True,node-cost:item: wood,False,False,3.351405348096764e-29,8.12835186069373e-30
856,1780,entity-mine: caravan,entity-mine,caravan,False,,True,False,-3.3427386862642803e-29,8.1073321183721759e-30
857,1596,__pr_graph_lp_or_to_or_and__: 4946:entity-operate: rc-mk01 --> recipe-category: rc__0__0:noncoproduct-route,,,True,entity-operate: rc-mk01 --> recipe-category: rc__0__0,False,False,-3.3241137579860925e-29,8.0621600324258226e-30
858,1804,entity-mine: gun-turret,entity-mine,gun-turret,False,,True,False,-3.2672567634581246e-29,7.9242615661817103e-30
859,1874,entity-mine: storage-tank,entity-mine,storage-tank,False,,True,False,3.2246832853412433e-29,7.8210057155386129e-30
860,494,__pr_graph_lp_or_cost_row__: item: transport-belt,,,True,node-cost:item: transport-belt,False,False,-3.2226731956192128e-29,7.8161305318961731e-30
861,1785,entity-mine: data-array,entity-mine,data-array,False,,True,False,-3.195454839753896e-29,7.7501163227619322e-30
862,623,__pr_graph_lp_or_to_or_and__: 1540:fluid-craft-temperature: acidgas: 15 --> fluid-create-temperature: acidgas: 15,,,True,fluid-craft-temperature: acidgas: 15 --> fluid-create-temperature: acidgas: 15,False,False,3.1844107293195795e-29,7.7233304206479239e-30
863,645,__pr_graph_lp_or_to_or_and__: 1604:fluid-create-temperature: flue-gas: 15 --> fluid-create: flue-gas,,,True,fluid-create-temperature: flue-gas: 15 --> fluid-create: flue-gas,False,False,3.175747859913046e-29,7.7023198763102986e-30
864,1837,entity-mine: py-gas-vent,entity-mine,py-gas-vent,False,,True,False,-3.1553531749886542e-29,7.6528555000457013e-30
865,477,__pr_graph_lp_or_cost_row__: item: stone-furnace,,,True,node-cost:item: stone-furnace,False,False,3.1092393825904092e-29,7.5410131260825562e-30
866,1887,entity-mine: tree-08,entity-mine,tree-08,False,,True,False,-3.1035747992632331e-29,7.527274493585101e-30
867,719,__pr_graph_lp_or_to_or_and__: 1777:fluid-craft-temperature: formic-acid: 15 --> fluid-create-temperature: formic-acid: 15,,,True,fluid-craft-temperature: formic-acid: 15 --> fluid-create-temperature: formic-acid: 15,False,False,-3.0926290845024015e-29,7.500727236031385e-30
868,1773,entity-mine: boiler,entity-mine,boiler,False,,True,False,-3.0561847918206137e-29,7.4123368435054842e-30
869,2448,recipe: refined-hazard-concrete,recipe,refined-hazard-concrete,False,,True,True,3.0552964177049454e-29,7.4101822198040609e-30
870,622,__pr_graph_lp_or_to_or_and__: 1539:fluid-craft-temperature: acidgas: 15 --> fluid-craft-temperature: acidgas,,,True,fluid-craft-temperature: acidgas: 15 --> fluid-craft-temperature: acidgas,False,False,-3.0488880892427421e-29,7.394639740405301e-30
871,1436,__pr_graph_lp_or_to_or_and__: 4747:entity-operate: advanced-foundry-mk01 --> recipe-category: smelting__0__0:noncoproduct-route,,,True,entity-operate: advanced-foundry-mk01 --> recipe-category: smelting__0__0,False,False,3.0446000712349739e-29,7.384239769189667e-30
872,1766,entity-mine: advanced-foundry-mk01,entity-mine,advanced-foundry-mk01,False,,True,False,3.0246334663816061e-29,7.3358136395948755e-30
873,2095,fluid-temperature: pressured-water: 10,fluid-temperature,pressured-water: 10,False,,False,False,3.0241996875505449e-29,7.3347615714018745e-30
874,2409,recipe: petri-dish,recipe,petri-dish,False,,True,True,-2.9849421226099775e-29,7.2395479914593056e-30
875,711,__pr_graph_lp_or_to_or_and__: 1762:fluid-create-temperature: middle-oil: 10 --> fluid-create: middle-oil,,,True,fluid-create-temperature: middle-oil: 10 --> fluid-create: middle-oil,False,False,2.9507292474761144e-29,7.1565695813985993e-30
876,1891,entity-mine: tree-09-brown,entity-mine,tree-09-brown,False,,True,False,2.9431463597711761e-29,7.1381783774158077e-30
877,2417,recipe: poorman-wood-fence,recipe,poorman-wood-fence,False,,True,True,2.9368727430392734e-29,7.1229626219522071e-30
878,2216,recipe: copper-plate-4,recipe,copper-plate-4,False,,True,True,2.9002139261582924e-29,7.0340519318220005e-30
879,2078,fluid-temperature: creosote: 10,fluid-temperature,creosote: 10,False,,False,False,2.881130087667584e-29,6.9877668251299011e-30
880,1816,entity-mine: multiblade-turbine-mk01,entity-mine,multiblade-turbine-mk01,False,,True,False,2.8789683837068134e-29,6.9825239229480514e-30
881,684,__pr_graph_lp_or_to_or_and__: 1695:fluid-create-temperature: kerosene: 10 --> fluid-create: kerosene,,,True,fluid-create-temperature: kerosene: 10 --> fluid-create: kerosene,False,False,-2.8785459057673241e-29,6.9814992634428976e-30
882,1802,entity-mine: genlab-mk01,entity-mine,genlab-mk01,False,,True,False,-2.8605321933880908e-29,6.9378095937886756e-30
883,2410,recipe: petri-dish-bacteria,recipe,petri-dish-bacteria,False,,True,True,2.7928112015851685e-29,6.7735620640048167e-30
884,705,__pr_graph_lp_or_to_or_and__: 1746:fluid-create-temperature: naphthalene-oil: 10 --> fluid-create: naphthalene-oil,,,True,fluid-create-temperature: naphthalene-oil: 10 --> fluid-create: naphthalene-oil,False,False,-2.785738639115197e-29,6.7564085805130891e-30
885,476,__pr_graph_lp_or_cost_row__: item: stone-brick,,,True,node-cost:item: stone-brick,False,False,2.7849242773655672e-29,6.7544334631651862e-30
886,687,__pr_graph_lp_or_to_or_and__: 1702:fluid-create-temperature: methane: 15 --> fluid-create: methane,,,True,fluid-create-temperature: methane: 15 --> fluid-create: methane,False,False,2.7495582880076402e-29,6.6686583403302142e-30
887,1793,entity-mine: electronics-factory-mk01,entity-mine,electronics-factory-mk01,False,,True,False,2.6814185827607148e-29,6.5033952812838053e-30
888,636,__pr_graph_lp_or_to_or_and__: 1579:fluid-create-temperature: tar: 10 --> fluid-create: tar,,,True,fluid-create-temperature: tar: 10 --> fluid-create: tar,False,False,2.676205670727216e-29,6.4907521125751349e-30
889,493,__pr_graph_lp_or_cost_row__: item: titanium-plate,,,True,node-cost:item: titanium-plate,False,False,2.6686997246185948e-29,6.4725475193727867e-30
890,688,__pr_graph_lp_or_to_or_and__: 1703:fluid-craft-temperature: methane: 15 --> fluid-craft-temperature: methane,,,True,fluid-craft-temperature: methane: 15 --> fluid-craft-temperature: methane,False,False,-2.6622911743687873e-29,6.4570045020600782e-30
891,1830,entity-mine: pcb-factory-mk01,entity-mine,pcb-factory-mk01,False,,True,False,2.6455940599626548e-29,6.4165080515103476e-30
892,2082,fluid-temperature: heavy-oil: 25,fluid-temperature,heavy-oil: 25,False,,False,False,2.6214426300511277e-29,6.3579322303637769e-30
893,1855,entity-mine: rc-mk01,entity-mine,rc-mk01,False,,True,False,-2.6195659983276116e-29,6.3533807299102909e-30
894,1492,__pr_graph_lp_or_to_or_and__: 4813:entity-operate: washer --> recipe-category: washer__1__1:noncoproduct-route,,,True,entity-operate: washer --> recipe-category: washer__1__1,False,False,2.6118450828742781e-29,6.3346547594671744e-30
895,1827,entity-mine: ore-zinc,entity-mine,ore-zinc,False,,True,False,2.5845313519788596e-29,6.2684092319089086e-30
896,639,__pr_graph_lp_or_to_or_and__: 1591:fluid-create-temperature: muddy-sludge: 10 --> fluid-create: muddy-sludge,,,True,fluid-create-temperature: muddy-sludge: 10 --> fluid-create: muddy-sludge,False,False,-2.566906452616148e-29,6.2256625723289823e-30
897,2521,recipe: tree,recipe,tree,False,,True,True,2.5527765604097651e-29,6.19139255015086e-30
898,515,__pr_graph_lp_or_to_or_and__: 1007:item: moss --> entity-operate-py-module: moss-farm-mk01,,,True,item: moss --> entity-operate-py-module: moss-farm-mk01,False,False,-2.5517131886570887e-29,6.1888134948392174e-30
899,631,__pr_graph_lp_or_to_or_and__: 1564:fluid-craft-temperature: creosote: 10 --> fluid-craft-temperature: creosote,,,True,fluid-craft-temperature: creosote: 10 --> fluid-craft-temperature: creosote,False,False,2.5498163762077255e-29,6.1842130489364489e-30
900,1174,__pr_graph_lp_or_to_or_and__: 4155:item: meat --> logic-or: workers-food-or-meat,,,True,item: meat --> logic-or: workers-food-or-meat,False,False,-2.5201809008722378e-29,6.1123364640218389e-30
901,555,__pr_graph_lp_or_to_or_and__: 1092:fluid: water --> entity-operate-fluid: boiler,,,True,fluid: water --> entity-operate-fluid: boiler,False,False,2.4917123529787931e-29,6.0432900938558608e-30
902,1882,entity-mine: tree-04,entity-mine,tree-04,False,,True,False,-2.4787241703115959e-29,6.0117891240284129e-30
903,1888,entity-mine: tree-08-brown,entity-mine,tree-08-brown,False,,True,False,-2.4588401732643202e-29,5.9635633477912778e-30
904,671,__pr_graph_lp_or_to_or_and__: 1661:fluid-craft-temperature: gasoline: 10 --> fluid-create-temperature: gasoline: 10,,,True,fluid-craft-temperature: gasoline: 10 --> fluid-create-temperature: gasoline: 10,False,False,2.4525098252893982e-29,5.94820999885364e-30
905,713,__pr_graph_lp_or_to_or_and__: 1764:fluid-craft-temperature: middle-oil: 10 --> fluid-create-temperature: middle-oil: 10,,,True,fluid-craft-temperature: middle-oil: 10 --> fluid-create-temperature: middle-oil: 10,False,False,2.3909337215739486e-29,5.798866011712848e-30
906,402,__pr_graph_lp_or_cost_row__: item: petri-dish,,,True,node-cost:item: petri-dish,False,False,-2.3775303485708496e-29,5.7663580574150535e-30
907,637,__pr_graph_lp_or_to_or_and__: 1580:fluid-craft-temperature: tar: 10 --> fluid-craft-temperature: tar,,,True,fluid-craft-temperature: tar: 10 --> fluid-craft-temperature: tar,False,False,-2.3521649796508091e-29,5.7048380017239448e-30
908,348,__pr_graph_lp_or_cost_row__: item: iron-ore,,,True,node-cost:item: iron-ore,False,False,2.3421689787474385e-29,5.6805941385969286e-30
909,2472,recipe: small-electric-pole,recipe,small-electric-pole,False,,True,True,-2.3008358293696507e-29,5.5803465269960018e-30
910,1814,entity-mine: moondrop-greenhouse-mk01,entity-mine,moondrop-greenhouse-mk01,False,,True,False,2.2893560799909024e-29,5.5525040452514292e-30
911,813,__pr_graph_lp_or_to_or_and__: 2039:item-craft: lime --> item: lime,,,True,item-craft: lime --> item: lime,False,False,-2.2588762805817517e-29,5.4785796736794741e-30
912,1771,entity-mine: big-sand-rock,entity-mine,big-sand-rock,False,,True,False,-2.2544601460175931e-29,5.4678689741748511e-30
913,1858,entity-mine: retorter,entity-mine,retorter,False,,True,False,-2.1798632795702104e-29,5.2869449989434314e-30
914,691,__pr_graph_lp_or_to_or_and__: 1710:fluid-craft-temperature: methanal: 10 --> fluid-craft-temperature: methanal,,,True,fluid-craft-temperature: methanal: 10 --> fluid-craft-temperature: methanal,False,False,2.1724433537288112e-29,5.2689490355326203e-30
915,1826,entity-mine: ore-titanium,entity-mine,ore-titanium,False,,True,False,-2.1464490820585669e-29,5.2059036666344063e-30
916,1883,entity-mine: tree-05,entity-mine,tree-05,False,,True,False,2.1436519747150238e-29,5.1991196848957126e-30
917,512,__pr_graph_lp_or_cost_row__: item: zinc-plate,,,True,node-cost:item: zinc-plate,False,False,2.139091610826986e-29,5.1880591779009907e-30
918,717,__pr_graph_lp_or_to_or_and__: 1775:fluid-create-temperature: formic-acid: 15 --> fluid-create: formic-acid,,,True,fluid-create-temperature: formic-acid: 15 --> fluid-create: formic-acid,False,False,2.1348294396472167e-29,5.177721894450826e-30
919,2074,fluid-temperature: chlorine: 15,fluid-temperature,chlorine: 15,False,,False,False,2.0846134981059857e-29,5.055930347482343e-30
920,381,__pr_graph_lp_or_cost_row__: item: moss-gen,,,True,node-cost:item: moss-gen,False,False,2.0739379126508554e-29,5.0300382497247617e-30
921,1803,entity-mine: glassworks-mk01,entity-mine,glassworks-mk01,False,,True,False,-2.0628928074090221e-29,5.0032499348481387e-30
922,569,__pr_graph_lp_or_to_or_and__: 1150:item: steam-engine --> entity-build-item: steam-engine,,,True,item: steam-engine --> entity-build-item: steam-engine,False,False,2.0408566618684597e-29,4.9498044318418051e-30
923,707,__pr_graph_lp_or_to_or_and__: 1748:fluid-craft-temperature: naphthalene-oil: 10 --> fluid-create-temperature: naphthalene-oil: 10,,,True,fluid-craft-temperature: naphthalene-oil: 10 --> fluid-create-temperature: naphthalene-oil: 10,False,False,-2.0300207389633235e-29,4.923523458649972e-30
924,1884,entity-mine: tree-06,entity-mine,tree-06,False,,True,False,2.029752640547776e-29,4.922873224485936e-30
925,2517,recipe: tinned-cable,recipe,tinned-cable,False,,True,True,-1.9730474662662164e-29,4.7853429764232149e-30
926,1799,entity-mine: fwf-mk01,entity-mine,fwf-mk01,False,,True,False,1.9713687246815847e-29,4.7812714300521336e-30
927,1836,entity-mine: py-check-valve,entity-mine,py-check-valve,False,,True,False,-1.9699054846423213e-29,4.7777225516980003e-30
928,461,__pr_graph_lp_or_cost_row__: item: small-lamp,,,True,node-cost:item: small-lamp,False,False,1.956759855506609e-29,4.7458397180962886e-30
929,1813,entity-mine: micro-mine-mk01,entity-mine,micro-mine-mk01,False,,True,False,1.9315460140759178e-29,4.6846871705464126e-30
930,2094,fluid-temperature: pressured-air: 15,fluid-temperature,pressured-air: 15,False,,False,False,1.9299448391518097e-29,4.6808037509591456e-30
931,386,__pr_graph_lp_or_cost_row__: item: native-flora,,,True,node-cost:item: native-flora,False,False,1.9217538517352749e-29,4.660937688548665e-30
932,1394,__pr_graph_lp_or_to_or_and__: 4677:entity-operate: assembling-machine-1 --> recipe-category: crafting__0__0:noncoproduct-route,,,True,entity-operate: assembling-machine-1 --> recipe-category: crafting__0__0,False,False,-1.8698787369550161e-29,4.535122055418141e-30
933,2292,recipe: fawogae-substrate,recipe,fawogae-substrate,False,,True,True,1.867853003158696e-29,4.5302089293225645e-30
934,1535,__pr_graph_lp_or_to_or_and__: 4870:entity-operate: moondrop-greenhouse-mk01 --> recipe-category: moon__2__1:noncoproduct-route,,,True,entity-operate: moondrop-greenhouse-mk01 --> recipe-category: moon__2__1,False,False,-1.8638048067112579e-29,4.5203906108238272e-30
935,656,__pr_graph_lp_or_to_or_and__: 1630:fluid-craft-temperature: slacked-lime: 10 --> fluid-create-temperature: slacked-lime: 10,,,True,fluid-craft-temperature: slacked-lime: 10 --> fluid-create-temperature: slacked-lime: 10,False,False,1.8528181156815864e-29,4.493743971220947e-30
936,344,__pr_graph_lp_or_cost_row__: item: inductor1,,,True,node-cost:item: inductor1,False,False,-1.8524704581114635e-29,4.4929007777652236e-30
937,2084,fluid-temperature: kerosene: 10,fluid-temperature,kerosene: 10,False,,False,False,1.8495849360678556e-29,4.4859023588823655e-30
938,1788,entity-mine: dead-tree-desert,entity-mine,dead-tree-desert,False,,True,False,1.8423034685794729e-29,4.4682422063014822e-30
939,1071,__pr_graph_lp_or_to_or_and__: 4009:item: gunpowder --> energy-source-burner: jerry__chemical__biomass_2_1,,,True,item: gunpowder --> energy-source-burner: jerry__chemical__biomass_2_1,False,False,1.833165801801661e-29,4.4460801091985439e-30
940,1562,__pr_graph_lp_or_to_or_and__: 4904:entity-operate: moss-farm-mk01 --> recipe-category: moss__2__0:noncoproduct-route,,,True,entity-operate: moss-farm-mk01 --> recipe-category: moss__2__0,False,False,-1.8302476051426503e-29,4.4390024427334568e-30
941,1871,entity-mine: stone,entity-mine,stone,False,,True,False,1.8149227681801007e-29,4.4018342538391743e-30
942,1885,entity-mine: tree-06-brown,entity-mine,tree-06-brown,False,,True,False,1.8047757425867725e-29,4.3772241020385643e-30
943,2475,recipe: small-parts-01,recipe,small-parts-01,False,,True,True,1.7678348444998022e-29,4.2876292644963252e-30
944,814,__pr_graph_lp_or_to_or_and__: 2042:item-craft: fawogae-substrate --> item: fawogae-substrate,,,True,item-craft: fawogae-substrate --> item: fawogae-substrate,False,False,1.7535341905015318e-29,4.2529450841413611e-30
945,378,__pr_graph_lp_or_cost_row__: item: moondrop-seeds,,,True,node-cost:item: moondrop-seeds,False,False,1.7442518320596474e-29,4.2304320582086537e-30
946,699,__pr_graph_lp_or_to_or_and__: 1729:fluid-create-temperature: anthracene-oil: 10 --> fluid-create: anthracene-oil,,,True,fluid-create-temperature: anthracene-oil: 10 --> fluid-create: anthracene-oil,False,False,1.7310443769488985e-29,4.198399274592834e-30
947,663,__pr_graph_lp_or_to_or_and__: 1647:fluid-create-temperature: pressured-water: 10 --> fluid-create: pressured-water,,,True,fluid-create-temperature: pressured-water: 10 --> fluid-create: pressured-water,False,False,1.7218236855348247e-29,4.1760358131705882e-30
948,2092,fluid-temperature: oxygen: 15,fluid-temperature,oxygen: 15,False,,False,False,1.7081086829762105e-29,4.1427720461869734e-30
949,1016,__pr_graph_lp_or_to_or_and__: 3954:item: raw-coal --> energy-source-burner: chemical__biomass__jerry__nuke_2_1,,,True,item: raw-coal --> energy-source-burner: chemical__biomass__jerry__nuke_2_1,False,False,-1.7068357917123599e-29,4.1396848314223209e-30
950,575,__pr_graph_lp_or_to_or_and__: 1169:item: small-lamp --> entity-build-item: small-lamp,,,True,item: small-lamp --> entity-build-item: small-lamp,False,False,1.683305029186587e-29,4.0826143497903313e-30
951,1807,entity-mine: incubator-mk01,entity-mine,incubator-mk01,False,,True,False,1.6506002718952993e-29,4.0032936627438829e-30
952,1872,entity-mine: stone-furnace,entity-mine,stone-furnace,False,,True,False,-1.621515368350406e-29,3.9327524105550101e-30
953,1525,__pr_graph_lp_or_to_or_and__: 4857:entity-operate: electrolyzer-mk01 --> recipe-category: electrolyzer__1__2:noncoproduct-route,,,True,entity-operate: electrolyzer-mk01 --> recipe-category: electrolyzer__1__2,False,False,1.6183000704089548e-29,3.9249541676418033e-30
954,1869,entity-mine: steam-engine,entity-mine,steam-engine,False,,True,False,1.591896835255821e-29,3.860916916610027e-30
955,1818,entity-mine: olefin-plant,entity-mine,olefin-plant,False,,True,False,1.5729781764965447e-29,3.8150324296096344e-30
956,1856,entity-mine: reformer-mk01,entity-mine,reformer-mk01,False,,True,False,1.5727788384668906e-29,3.8145489638763217e-30
957,1541,__pr_graph_lp_or_to_or_and__: 4877:entity-operate: electronics-factory-mk01 --> recipe-category: electronic__0__0:noncoproduct-route,,,True,entity-operate: electronics-factory-mk01 --> recipe-category: electronic__0__0,False,False,1.5718348947909611e-29,3.8122595641953819e-30
958,1895,entity-mine: vrauks-paddock-mk01,entity-mine,vrauks-paddock-mk01,False,,True,False,1.5684996727830963e-29,3.8041704626998404e-30
959,1552,__pr_graph_lp_or_to_or_and__: 4891:entity-operate: pcb-factory-mk01 --> recipe-category: pcb__1__0:noncoproduct-route,,,True,entity-operate: pcb-factory-mk01 --> recipe-category: pcb__1__0,False,False,-1.5375287048801486e-29,3.7290548325584813e-30
960,653,__pr_graph_lp_or_to_or_and__: 1622:fluid-craft-temperature: aromatics: 10 --> fluid-create-temperature: aromatics: 10,,,True,fluid-craft-temperature: aromatics: 10 --> fluid-create-temperature: aromatics: 10,False,False,-1.5371796049371812e-29,3.7282081408347841e-30
961,1077,__pr_graph_lp_or_to_or_and__: 4015:item: raw-fiber --> energy-source-burner: jerry__chemical__biomass_2_1,,,True,item: raw-fiber --> energy-source-burner: jerry__chemical__biomass_2_1,False,False,1.5363502447723769e-29,3.7261966469871059e-30
962,2173,recipe: bio-sample,recipe,bio-sample,False,,True,True,1.4994574710523053e-29,3.6367185281782327e-30
963,1886,entity-mine: tree-07,entity-mine,tree-07,False,,True,False,-1.4817502269342991e-29,3.5937721532325428e-30
964,2370,recipe: log1,recipe,log1,False,,True,True,-1.4792026892219144e-29,3.5875934667551194e-30
965,1873,entity-mine: stone-wall,entity-mine,stone-wall,False,,True,False,-1.4673174058658569e-29,3.5587674206497312e-30
966,1879,entity-mine: tree-02,entity-mine,tree-02,False,,True,False,1.4431097940040078e-29,3.5000553382595916e-30
967,564,__pr_graph_lp_or_to_or_and__: 1129:item: stone-furnace --> entity-build-item: stone-furnace,,,True,item: stone-furnace --> entity-build-item: stone-furnace,False,False,-1.443079517657192e-29,3.4999819073330351e-30
968,290,__pr_graph_lp_or_cost_row__: item: coke,,,True,node-cost:item: coke,False,False,-1.432518596922224e-29,3.4743679123695599e-30
969,1602,__pr_graph_lp_or_to_or_and__: 4952:entity-operate: rc-mk01 --> recipe-category: rc__0__1:noncoproduct-route,,,True,entity-operate: rc-mk01 --> recipe-category: rc__0__1,False,False,1.4304555394615892e-29,3.4693642630919833e-30
970,1020,__pr_graph_lp_or_to_or_and__: 3958:item: treated-wood --> energy-source-burner: chemical__biomass__jerry__nuke_2_1,,,True,item: treated-wood --> energy-source-burner: chemical__biomass__jerry__nuke_2_1,False,False,1.4159862791134332e-29,3.4342711522748788e-30
971,619,__pr_graph_lp_or_to_or_and__: 1530:fluid-craft-temperature: light-oil: 25 --> fluid-craft-temperature: light-oil,,,True,fluid-craft-temperature: light-oil: 25 --> fluid-craft-temperature: light-oil,False,False,-1.415098054310381e-29,3.4321168907097411e-30
972,462,__pr_graph_lp_or_cost_row__: item: small-parts-01,,,True,node-cost:item: small-parts-01,False,False,-1.409686187789736e-29,3.4189911864949727e-30
973,2099,fluid-temperature: syngas: 15,fluid-temperature,syngas: 15,False,,False,False,1.4001410265527961e-29,3.3958407701644135e-30
974,108,__pr_graph_lp_or_cost_row__: entity: dry-hairy-tree,,,True,node-cost:entity: dry-hairy-tree,False,False,-1.3830610578470885e-29,3.3544157615516922e-30
975,2330,recipe: grade-1-copper-crush,recipe,grade-1-copper-crush,False,,True,True,-1.3676108964967364e-29,3.3169436163719184e-30
976,268,__pr_graph_lp_or_cost_row__: item: burner-mining-drill,,,True,node-cost:item: burner-mining-drill,False,False,1.3633394515522183e-29,3.3065838407385881e-30
977,613,__pr_graph_lp_or_to_or_and__: 1515:fluid-create-offshore-temperature: water: 15 --> fluid-create-temperature: water: 15,,,True,fluid-create-offshore-temperature: water: 15 --> fluid-create-temperature: water: 15,False,False,-1.3479007874514275e-29,3.2691395804847359e-30
978,2183,recipe: caged-vrauks,recipe,caged-vrauks,False,,True,True,1.3287175074977382e-29,3.2226132928202698e-30
979,436,__pr_graph_lp_or_cost_row__: item: raw-coal,,,True,node-cost:item: raw-coal,False,False,1.3217414138241081e-29,3.2056937805253377e-30
980,446,__pr_graph_lp_or_cost_row__: item: rich-clay,,,True,node-cost:item: rich-clay,False,False,-1.3180743889605404e-29,3.196799938904563e-30
981,1859,entity-mine: sap-extractor-mk01,entity-mine,sap-extractor-mk01,False,,True,False,1.3088213724229049e-29,3.1743580775423041e-30
982,394,__pr_graph_lp_or_cost_row__: item: ore-tin,,,True,node-cost:item: ore-tin,False,False,-1.3077849895430007e-29,3.1718444798615446e-30
983,1870,entity-mine: steel-chest,entity-mine,steel-chest,False,,True,False,-1.3075352327427866e-29,3.1712387306486383e-30
984,884,__pr_graph_lp_or_to_or_and__: 2277:item-craft: vacuum-tube --> item: vacuum-tube,,,True,item-craft: vacuum-tube --> item: vacuum-tube,False,False,-1.2877374750158143e-29,3.1232221154847977e-30
985,1857,entity-mine: research-center-mk01,entity-mine,research-center-mk01,False,,True,False,-1.2837454512272694e-29,3.1135400356946047e-30
986,759,__pr_graph_lp_or_to_or_and__: 1837:item-craft: stone --> item: stone,,,True,item-craft: stone --> item: stone,False,False,-1.2787679110946665e-29,3.1014677276935756e-30
987,674,__pr_graph_lp_or_to_or_and__: 1669:fluid-craft-temperature: acetylene: 15 --> fluid-create-temperature: acetylene: 15,,,True,fluid-craft-temperature: acetylene: 15 --> fluid-create-temperature: acetylene: 15,False,False,-1.2712361851995542e-29,3.0832006093252951e-30
988,930,__pr_graph_lp_or_to_or_and__: 2399:item-craft: cellulose --> item: cellulose,,,True,item-craft: cellulose --> item: cellulose,False,False,1.2654475240280967e-29,3.069161043854451e-30
989,273,__pr_graph_lp_or_cost_row__: item: car,,,True,node-cost:item: car,False,False,-1.258750456197836e-29,3.0529182686287666e-30
990,1271,__pr_graph_lp_or_to_or_and__: 4512:entity-build: stone-wall --> entity: stone-wall:noncoproduct-route,,,True,entity-build: stone-wall --> entity: stone-wall,False,False,-1.2493525117646033e-29,3.030124905491137e-30
991,762,__pr_graph_lp_or_to_or_and__: 1851:item-craft: iron-plate --> item: iron-plate,,,True,item-craft: iron-plate --> item: iron-plate,False,False,-1.2488547214388394e-29,3.0289175866202772e-30
992,1176,__pr_graph_lp_or_to_or_and__: 4278:entity-operate: character --> recipe-category: crafting__0__0:noncoproduct-route,,,True,entity-operate: character --> recipe-category: crafting__0__0,False,False,-1.2454036830152143e-29,3.0205475890585291e-30
993,1018,__pr_graph_lp_or_to_or_and__: 3956:item: wood --> energy-source-burner: chemical__biomass__jerry__nuke_2_1,,,True,item: wood --> energy-source-burner: chemical__biomass__jerry__nuke_2_1,False,False,1.2453844403678856e-29,3.0205009187838316e-30
994,136,__pr_graph_lp_or_cost_row__: entity: molybdenum-ore,,,True,node-cost:entity: molybdenum-ore,False,False,-1.2207733789431425e-29,2.9608103274803763e-30
995,1505,__pr_graph_lp_or_to_or_and__: 4830:entity-operate: glassworks-mk01 --> recipe-category: glassworks__3__0:noncoproduct-route,,,True,entity-operate: glassworks-mk01 --> recipe-category: glassworks__3__0,False,False,-1.2206198712730806e-29,2.9604380166955029e-30
996,1889,entity-mine: tree-08-red,entity-mine,tree-08-red,False,,True,False,1.1957122891086144e-29,2.9000282569668285e-30
997,862,__pr_graph_lp_or_to_or_and__: 2220:item-craft: titanium-plate --> item: titanium-plate,,,True,item-craft: titanium-plate --> item: titanium-plate,False,False,1.1906973236659376e-29,2.8878651792566238e-30
998,686,__pr_graph_lp_or_to_or_and__: 1697:fluid-craft-temperature: kerosene: 10 --> fluid-create-temperature: kerosene: 10,,,True,fluid-craft-temperature: kerosene: 10 --> fluid-create-temperature: kerosene: 10,False,False,1.1856618407594916e-29,2.8756523393877174e-30
999,708,__pr_graph_lp_or_to_or_and__: 1755:fluid-create-temperature: pitch: 10 --> fluid-create: pitch,,,True,fluid-create-temperature: pitch: 10 --> fluid-create: pitch,False,False,1.1843167304736032e-29,2.8723899677676006e-30
1000,1860,entity-mine: seaweed,entity-mine,seaweed,False,,True,False,1.1825599525814294e-29,2.8681291555513802e-30
1001,625,__pr_graph_lp_or_to_or_and__: 1545:fluid-craft-temperature: carbon-dioxide: 15 --> fluid-craft-temperature: carbon-dioxide,,,True,fluid-craft-temperature: carbon-dioxide: 15 --> fluid-craft-temperature: carbon-dioxide,False,False,-1.1634333770493123e-29,2.8217403963093888e-30
1002,1075,__pr_graph_lp_or_to_or_and__: 4013:item: log --> energy-source-burner: jerry__chemical__biomass_2_1,,,True,item: log --> energy-source-burner: jerry__chemical__biomass_2_1,False,False,1.1589175369868503e-29,2.8107878754526821e-30
1003,1772,entity-mine: biofactory-mk01,entity-mine,biofactory-mk01,False,,True,False,1.1582143019484884e-29,2.8090822799669496e-30
1004,400,__pr_graph_lp_or_cost_row__: item: pcb-factory-mk01,,,True,node-cost:item: pcb-factory-mk01,False,False,1.1558112079525521e-29,2.8032539209579792e-30
1005,1073,__pr_graph_lp_or_to_or_and__: 4011:item: kerogen --> energy-source-burner: jerry__chemical__biomass_2_1,,,True,item: kerogen --> energy-source-burner: jerry__chemical__biomass_2_1,False,False,1.15143885132565e-29,2.7926493985464844e-30
1006,1013,__pr_graph_lp_or_to_or_and__: 3951:item: coke --> energy-source-burner: chemical__biomass__jerry__nuke_2_1,,,True,item: coke --> energy-source-burner: chemical__biomass__jerry__nuke_2_1,False,False,-1.1464687752087194e-29,2.7805951934424122e-30
1007,1015,__pr_graph_lp_or_to_or_and__: 3953:item: gunpowder --> energy-source-burner: chemical__biomass__jerry__nuke_2_1,,,True,item: gunpowder --> energy-source-burner: chemical__biomass__jerry__nuke_2_1,False,False,1.1443303221932394e-29,2.7754086830857183e-30
1008,718,__pr_graph_lp_or_to_or_and__: 1776:fluid-craft-temperature: formic-acid: 15 --> fluid-craft-temperature: formic-acid,,,True,fluid-craft-temperature: formic-acid: 15 --> fluid-craft-temperature: formic-acid,False,False,1.1304178151777389e-29,2.7416658974359374e-30
1009,1850,entity-mine: py-tank-9000,entity-mine,py-tank-9000,False,,True,False,-1.1239951228992324e-29,2.7260885806657327e-30
1010,633,__pr_graph_lp_or_to_or_and__: 1572:fluid-create-temperature: syngas: 15 --> fluid-create: syngas,,,True,fluid-create-temperature: syngas: 15 --> fluid-create: syngas,False,False,-1.1060310669758625e-29,2.6825193456064012e-30
1011,65,__pr_graph_lp_explicit_zero_free_source__: 1989:room-autoplace: planet: nauvis --> entity: dead-grey-trunk,,,True,explicit-zero:room-autoplace: planet: nauvis --> entity: dead-grey-trunk,False,False,-1.0956940709093391e-29,2.657448447733953e-30
1012,1845,entity-mine: py-tank-4000,entity-mine,py-tank-4000,False,,True,False,1.0898627245578575e-29,2.6433053554955484e-30
1013,1892,entity-mine: tree-09-red,entity-mine,tree-09-red,False,,True,False,-1.0891603344276571e-29,2.6416018092130942e-30
1014,1070,__pr_graph_lp_or_to_or_and__: 4008:item: coal-dust --> energy-source-burner: jerry__chemical__biomass_2_1,,,True,item: coal-dust --> energy-source-burner: jerry__chemical__biomass_2_1,False,False,1.0772626412256598e-29,2.6127456648104668e-30
1015,2276,recipe: empty-pressured-water-barrel,recipe,empty-pressured-water-barrel,False,,True,True,-1.0756488146853374e-29,2.6088315605469181e-30
1016,704,__pr_graph_lp_or_to_or_and__: 1739:fluid-craft-temperature: carbolic-oil: 10 --> fluid-create-temperature: carbolic-oil: 10,,,True,fluid-craft-temperature: carbolic-oil: 10 --> fluid-create-temperature: carbolic-oil: 10,False,False,-1.0692865960508812e-29,2.5934009139064301e-30
1017,1604,__pr_graph_lp_or_to_or_and__: 4956:entity-operate: sap-extractor-mk01 --> recipe-category: sap-extractor__0__0:noncoproduct-route,,,True,entity-operate: sap-extractor-mk01 --> recipe-category: sap-extractor__0__0,False,False,1.0525090166011101e-29,2.5527093069613229e-30
1018,1014,__pr_graph_lp_or_to_or_and__: 3952:item: coal-dust --> energy-source-burner: chemical__biomass__jerry__nuke_2_1,,,True,item: coal-dust --> energy-source-burner: chemical__biomass__jerry__nuke_2_1,False,False,-1.0523698103326058e-29,2.5523716821699022e-30
1019,2101,fluid-temperature: tar: 10,fluid-temperature,tar: 10,False,,False,False,1.0516092711654201e-29,2.5505271037579728e-30
1020,1676,entity-build: biofactory-mk01,entity-build,biofactory-mk01,False,,False,False,1.0478468196919563e-29,2.5414018186137969e-30
1021,1865,entity-mine: smelter-mk01,entity-mine,smelter-mk01,False,,True,False,-1.0407101546060816e-29,2.5240928634428383e-30
1022,1460,__pr_graph_lp_or_to_or_and__: 4773:entity-operate: gasifier --> recipe-category: gasifier__2__2:noncoproduct-route,,,True,entity-operate: gasifier --> recipe-category: gasifier__2__2,False,False,-1.0270714470693881e-29,2.4910141390664221e-30
1023,610,__pr_graph_lp_or_to_or_and__: 1512:fluid-create-temperature: water: 15 --> fluid-create: water,,,True,fluid-create-temperature: water: 15 --> fluid-create: water,False,False,1.023159201981373e-29,2.4815255510450666e-30
1024,587,__pr_graph_lp_or_to_or_and__: 1348:item: splitter --> entity-build-item: splitter,,,True,item: splitter --> entity-build-item: splitter,False,False,1.0138748510588702e-29,2.4590076926370659e-30
1025,1792,entity-mine: electrolyzer-mk01,entity-mine,electrolyzer-mk01,False,,True,False,-1.0117659601560667e-29,2.4538928809347043e-30
1026,1490,__pr_graph_lp_or_to_or_and__: 4809:entity-operate: soil-extractor-mk01 --> recipe-category: soil-extraction__1__0:noncoproduct-route,,,True,entity-operate: soil-extractor-mk01 --> recipe-category: soil-extraction__1__0,False,False,-1.0088373788738013e-29,2.4467900280588461e-30
1027,952,__pr_graph_lp_or_to_or_and__: 2553:item-craft: fluidavan --> item: fluidavan,,,True,item-craft: fluidavan --> item: fluidavan,False,False,1.0050711861882713e-29,2.4376556691426549e-30
1028,1854,entity-mine: raw-coal,entity-mine,raw-coal,False,,True,False,9.9412178870639652e-30,2.4110994796784902e-30
1029,1356,__pr_graph_lp_or_to_or_and__: 4627:fluid-temperature: kerosene: 10 --> fluid: kerosene:noncoproduct-route,,,True,fluid-temperature: kerosene: 10 --> fluid: kerosene,False,False,9.896827391316742e-30,2.4003332031100959e-30
1030,1262,__pr_graph_lp_or_to_or_and__: 4494:entity-build: py-tank-10000 --> entity: py-tank-10000:noncoproduct-route,,,True,entity-build: py-tank-10000 --> entity: py-tank-10000,False,False,-9.8878400694340038e-30,2.3981534573926853e-30
1031,857,__pr_graph_lp_or_to_or_and__: 2206:item-craft: py-gas-vent --> item: py-gas-vent,,,True,item-craft: py-gas-vent --> item: py-gas-vent,False,False,-9.6994921115977224e-30,2.3524723679832581e-30
1032,1751,entity-build: splitter,entity-build,splitter,False,,False,False,-9.6465810607388859e-30,2.3396395532673682e-30
1033,702,__pr_graph_lp_or_to_or_and__: 1737:fluid-create-temperature: carbolic-oil: 10 --> fluid-create: carbolic-oil,,,True,fluid-create-temperature: carbolic-oil: 10 --> fluid-create: carbolic-oil,False,False,-9.4688709651823665e-30,2.296538524419837e-30
1034,390,__pr_graph_lp_or_cost_row__: item: ore-chromium,,,True,node-cost:item: ore-chromium,False,False,-9.3185069447841615e-30,2.2600698929641039e-30
1035,315,__pr_graph_lp_or_cost_row__: item: fish,,,True,node-cost:item: fish,False,False,-9.3095033947592035e-30,2.2578862113441e-30
1036,573,__pr_graph_lp_or_to_or_and__: 1161:item: burner-inserter --> entity-build-item: burner-inserter,,,True,item: burner-inserter --> entity-build-item: burner-inserter,False,False,-9.2999376884343626e-30,2.2555661867953378e-30
1037,810,__pr_graph_lp_or_to_or_and__: 2029:item-craft: sand --> item: sand,,,True,item-craft: sand --> item: sand,False,False,-9.1885007522806147e-30,2.2285387599921395e-30
1038,392,__pr_graph_lp_or_cost_row__: item: ore-nickel,,,True,node-cost:item: ore-nickel,False,False,-9.1271812846719448e-30,2.2136666046762591e-30
1039,1542,__pr_graph_lp_or_to_or_and__: 4878:entity-operate: electronics-factory-mk01 --> recipe-category: electronic__1__0:noncoproduct-route,,,True,entity-operate: electronics-factory-mk01 --> recipe-category: electronic__1__0,False,False,-9.1040299852070289e-30,2.2080515898231617e-30
1040,77,__pr_graph_lp_or_cost_row__: entity: assembling-machine-1,,,True,node-cost:entity: assembling-machine-1,False,False,-9.0865311565766579e-30,2.2038075005088562e-30
1041,832,__pr_graph_lp_or_to_or_and__: 2132:item-craft: advanced-foundry-mk01 --> item: advanced-foundry-mk01,,,True,item-craft: advanced-foundry-mk01 --> item: advanced-foundry-mk01,False,False,9.0471083943520593e-30,2.1942460762882984e-30
1042,1447,__pr_graph_lp_or_to_or_and__: 4759:entity-operate: distilator --> recipe-category: distilator__1__1:noncoproduct-route,,,True,entity-operate: distilator --> recipe-category: distilator__1__1,False,False,-8.9515084256368755e-30,2.1710596782588978e-30
1043,1898,entity-mine: wpu-mk01,entity-mine,wpu-mk01,False,,True,False,-8.8782428618400531e-30,2.1532901690543228e-30
1044,1821,entity-mine: ore-chromium,entity-mine,ore-chromium,False,,True,False,-8.8520182171235294e-30,2.1469297584940591e-30
1045,809,__pr_graph_lp_or_to_or_and__: 2026:item-craft: soil --> item: soil,,,True,item-craft: soil --> item: soil,False,False,-8.8311497663181862e-30,2.1418684157642178e-30
1046,1243,__pr_graph_lp_or_to_or_and__: 4456:entity-build: offshore-pump --> entity: offshore-pump:noncoproduct-route,,,True,entity-build: offshore-pump --> entity: offshore-pump,False,False,8.8286244663829825e-30,2.1412559405696318e-30
1047,247,__pr_graph_lp_or_cost_row__: item: aluminium-plate,,,True,node-cost:item: aluminium-plate,False,False,-8.7552094102394312e-30,2.1234501741455178e-30
1048,751,__pr_graph_lp_or_to_or_and__: 1813:item-craft: shotgun-shell --> item: shotgun-shell,,,True,item-craft: shotgun-shell --> item: shotgun-shell,False,False,-8.7015095921944958e-30,2.1104260552882645e-30
1049,660,__pr_graph_lp_or_to_or_and__: 1641:fluid-create-temperature: vacuum: 15 --> fluid-create: vacuum,,,True,fluid-create-temperature: vacuum: 15 --> fluid-create: vacuum,False,False,8.6742327568168214e-30,2.1038104510098425e-30
1050,574,__pr_graph_lp_or_to_or_and__: 1165:item: lab --> entity-build-item: lab,,,True,item: lab --> entity-build-item: lab,False,False,-8.6089626768537845e-30,2.0879801314629555e-30
1051,1567,__pr_graph_lp_or_to_or_and__: 4910:entity-operate: fwf-mk01 --> recipe-category: fwf__1__0:noncoproduct-route,,,True,entity-operate: fwf-mk01 --> recipe-category: fwf__1__0,False,False,-8.5673195338390038e-30,2.0778801858027996e-30
1052,1344,__pr_graph_lp_or_to_or_and__: 4611:fluid-temperature: acetylene: 15 --> fluid: acetylene:noncoproduct-route,,,True,fluid-temperature: acetylene: 15 --> fluid: acetylene,False,False,8.4822780896161197e-30,2.057254606095537e-30
1053,696,__pr_graph_lp_or_to_or_and__: 1722:fluid-create-temperature: condensates: 10 --> fluid-create: condensates,,,True,fluid-create-temperature: condensates: 10 --> fluid-create: condensates,False,False,8.4796818524840794e-30,2.0566249261036793e-30
1054,316,__pr_graph_lp_or_cost_row__: item: flask,,,True,node-cost:item: flask,False,False,8.4795218393949463e-30,2.0565861172293206e-30
1055,1570,__pr_graph_lp_or_to_or_and__: 4915:entity-operate: seaweed-crop-mk01 --> recipe-category: seaweed__1__0:noncoproduct-route,,,True,entity-operate: seaweed-crop-mk01 --> recipe-category: seaweed__1__0,False,False,-8.3341359258423747e-30,2.0213248540217886e-30
1056,830,__pr_graph_lp_or_to_or_and__: 2126:item-craft: solid-separator --> item: solid-separator,,,True,item-craft: solid-separator --> item: solid-separator,False,False,8.2474335358414934e-30,2.0002964357944777e-30
1057,416,__pr_graph_lp_or_cost_row__: item: py-check-valve,,,True,node-cost:item: py-check-valve,False,False,8.1902877374323261e-30,1.9864365439406386e-30
1058,1498,__pr_graph_lp_or_to_or_and__: 4821:entity-operate: botanical-nursery --> recipe-category: nursery__0__1:noncoproduct-route,,,True,entity-operate: botanical-nursery --> recipe-category: nursery__0__1,False,False,8.1745966187972317e-30,1.982630888697343e-30
1059,757,__pr_graph_lp_or_to_or_and__: 1830:item-craft: wood --> item: wood,,,True,item-craft: wood --> item: wood,False,False,-8.1483239042140026e-30,1.976258819481981e-30
1060,389,__pr_graph_lp_or_cost_row__: item: ore-aluminium,,,True,node-cost:item: ore-aluminium,False,False,-8.1441721774787422e-30,1.9752518778491879e-30
1061,2076,fluid-temperature: condensates: 10,fluid-temperature,condensates: 10,False,,False,False,-8.1420644914995113e-30,1.9747406889158419e-30
1062,223,__pr_graph_lp_or_cost_row__: entity: tree-06,,,True,node-cost:entity: tree-06,False,False,-8.1357524704889971e-30,1.9732097989638196e-30
1063,196,__pr_graph_lp_or_cost_row__: entity: slaughterhouse-mk01,,,True,node-cost:entity: slaughterhouse-mk01,False,False,8.1217448252781886e-30,1.9698124459973132e-30
1064,1385,__pr_graph_lp_or_to_or_and__: 4665:fluid-temperature: middle-oil: 10 --> fluid-temperature-range: middle-oil: 10: 10:noncoproduct-route,,,True,fluid-temperature: middle-oil: 10 --> fluid-temperature-range: middle-oil: 10: 10,False,False,8.1152486423919304e-30,1.9682368902299123e-30
1065,1412,__pr_graph_lp_or_to_or_and__: 4699:entity-operate: fluid-drill-mk01 --> resource-category: basic-with-fluid__1__0:noncoproduct-route,,,True,entity-operate: fluid-drill-mk01 --> resource-category: basic-with-fluid__1__0,False,False,-8.1115984699923249e-30,1.9673515933906914e-30
1066,1371,__pr_graph_lp_or_to_or_and__: 4647:fluid-temperature: anthracene-oil: 10 --> fluid: anthracene-oil:noncoproduct-route,,,True,fluid-temperature: anthracene-oil: 10 --> fluid: anthracene-oil,False,False,8.0752682552249652e-30,1.958540222096217e-30
1067,842,__pr_graph_lp_or_to_or_and__: 2161:item-craft: poorman-wood-fence --> item: poorman-wood-fence,,,True,item-craft: poorman-wood-fence --> item: poorman-wood-fence,False,False,8.0484495399043949e-30,1.9520357282515329e-30
1068,415,__pr_graph_lp_or_cost_row__: item: pump,,,True,node-cost:item: pump,False,False,-7.9615329570766748e-30,1.9309553606333917e-30
1069,1538,__pr_graph_lp_or_to_or_and__: 4873:entity-operate: moondrop-greenhouse-mk01 --> recipe-category: moon__2__0:noncoproduct-route,,,True,entity-operate: moondrop-greenhouse-mk01 --> recipe-category: moon__2__0,False,False,-7.9284475692548565e-30,1.9229309754656597e-30
1070,1508,__pr_graph_lp_or_to_or_and__: 4834:entity-operate: vacuum-pump-mk01 --> recipe-category: vacuum__0__1:noncoproduct-route,,,True,entity-operate: vacuum-pump-mk01 --> recipe-category: vacuum__0__1,False,False,7.9008113208670764e-30,1.9162282007286982e-30
1071,285,__pr_graph_lp_or_cost_row__: item: coal,,,True,node-cost:item: coal,False,False,-7.8882520800888824e-30,1.9131821374344953e-30
1072,128,__pr_graph_lp_or_cost_row__: entity: iron-chest,,,True,node-cost:entity: iron-chest,False,False,7.8820679618791033e-30,1.9116822684680106e-30
1073,1828,entity-mine: outpost,entity-mine,outpost,False,,True,False,7.8712038701815717e-30,1.9090473392131975e-30
1074,1373,__pr_graph_lp_or_to_or_and__: 4649:fluid-temperature: anthracene-oil: 10 --> fluid-temperature-range: anthracene-oil: 10: 10:noncoproduct-route,,,True,fluid-temperature: anthracene-oil: 10 --> fluid-temperature-range: anthracene-oil: 10: 10,False,False,7.8241661591650965e-30,1.897639018638646e-30
1075,1667,__pr_graph_lp_or_to_or_and__: 996:item: reformer-mk01 --> entity-build-item: reformer-mk01,,,True,item: reformer-mk01 --> entity-build-item: reformer-mk01,False,False,-7.7835072825186745e-30,1.887777792635938e-30
1076,1727,entity-build: py-tank-10000,entity-build,py-tank-10000,False,,False,False,-7.773645787946021e-30,1.8853860289000363e-30
1077,1601,__pr_graph_lp_or_to_or_and__: 4951:entity-operate: rc-mk01 --> recipe-category: rc__1__1:noncoproduct-route,,,True,entity-operate: rc-mk01 --> recipe-category: rc__1__1,False,False,-7.7413786253906903e-30,1.8775600925075652e-30
1078,304,__pr_graph_lp_or_cost_row__: item: earth-generic-sample,,,True,node-cost:item: earth-generic-sample,False,False,7.635905637835724e-30,1.8519791356969485e-30
1079,673,__pr_graph_lp_or_to_or_and__: 1668:fluid-craft-temperature: acetylene: 15 --> fluid-craft-temperature: acetylene,,,True,fluid-craft-temperature: acetylene: 15 --> fluid-craft-temperature: acetylene,False,False,7.4433269974812835e-30,1.805271955064685e-30
1080,1273,__pr_graph_lp_or_to_or_and__: 4516:fluid-temperature: water: 15 --> fluid: water:noncoproduct-route,,,True,fluid-temperature: water: 15 --> fluid: water,False,False,7.2339199637328996e-30,1.7544832895462732e-30
1081,1489,__pr_graph_lp_or_to_or_and__: 4807:entity-operate: olefin-plant --> recipe-category: olefin__1__1:noncoproduct-route,,,True,entity-operate: olefin-plant --> recipe-category: olefin__1__1,False,False,7.1701673876442348e-30,1.739021018747887e-30
1082,808,__pr_graph_lp_or_to_or_and__: 2024:item-craft: tailings-dust --> item: tailings-dust,,,True,item-craft: tailings-dust --> item: tailings-dust,False,False,-7.1150086933633684e-30,1.7256430704329832e-30
1083,604,__pr_graph_lp_or_to_or_and__: 1484:item: caravan --> entity-build-item: caravan,,,True,item: caravan --> entity-build-item: caravan,False,False,7.0831582222067089e-30,1.7179181965487415e-30
1084,2077,fluid-temperature: creamy-latex: 10,fluid-temperature,creamy-latex: 10,False,,False,False,7.0642057185263454e-30,1.7133215392496601e-30
1085,236,__pr_graph_lp_or_cost_row__: entity: volcanic-pipe,,,True,node-cost:entity: volcanic-pipe,False,False,7.0603953011339521e-30,1.712397377291183e-30
1086,301,__pr_graph_lp_or_cost_row__: item: distilator,,,True,node-cost:item: distilator,False,False,7.0546547741961335e-30,1.7110050950104711e-30
1087,776,__pr_graph_lp_or_to_or_and__: 1890:item-craft: steam-engine --> item: steam-engine,,,True,item-craft: steam-engine --> item: steam-engine,False,False,7.0497391791992367e-30,1.7098128881124862e-30
1088,1199,__pr_graph_lp_or_to_or_and__: 4368:entity-build: smelter-mk01 --> entity: smelter-mk01:noncoproduct-route,,,True,entity-build: smelter-mk01 --> entity: smelter-mk01,False,False,-6.9863879710110517e-30,1.6944479633281398e-30
1089,722,__pr_graph_lp_or_to_or_and__: 1782:item: coal-dust --> fuel-category: chemical__1,,,True,item: coal-dust --> fuel-category: chemical__1,False,False,-6.9584920891730233e-30,1.6876822182304125e-30
1090,1198,__pr_graph_lp_or_to_or_and__: 4366:entity-build: genlab-mk01 --> entity: genlab-mk01:noncoproduct-route,,,True,entity-build: genlab-mk01 --> entity: genlab-mk01,False,False,6.9576555391193867e-30,1.6874793250414731e-30
1091,1292,__pr_graph_lp_or_to_or_and__: 4541:fluid-temperature: light-oil: 25 --> fluid-temperature-range: light-oil: 25: 25:noncoproduct-route,,,True,fluid-temperature: light-oil: 25 --> fluid-temperature-range: light-oil: 25: 25,False,False,-6.9572189297534492e-30,1.6873734317166316e-30
1092,1729,entity-build: py-tank-3000,entity-build,py-tank-3000,False,,False,False,-6.95436289354852e-30,1.6866807411946174e-30
1093,917,__pr_graph_lp_or_to_or_and__: 2371:item-craft: wood-seeds --> item: wood-seeds,,,True,item-craft: wood-seeds --> item: wood-seeds,False,False,-6.9352603394367951e-30,1.682047691320593e-30
1094,193,__pr_graph_lp_or_cost_row__: entity: sap-extractor-mk01,,,True,node-cost:entity: sap-extractor-mk01,False,False,6.8509538776350387e-30,1.6616003710331807e-30
1095,1684,entity-build: chipshooter-mk01,entity-build,chipshooter-mk01,False,,False,False,-6.8279078873479579e-30,1.6560108974072016e-30
1096,1078,__pr_graph_lp_or_to_or_and__: 4016:item: cellulose --> energy-source-burner: jerry__chemical__biomass_2_1,,,True,item: cellulose --> energy-source-burner: jerry__chemical__biomass_2_1,False,False,-6.77975801028861e-30,1.6443328369478845e-30
1097,10,__pr_graph_lp_explicit_zero_free_source__: 1560:room-autoplace: planet: nauvis --> entity: volcanic-pipe,,,True,explicit-zero:room-autoplace: planet: nauvis --> entity: volcanic-pipe,False,False,-6.735513316290078e-30,1.6336019224975325e-30
1098,220,__pr_graph_lp_or_cost_row__: entity: tree-03,,,True,node-cost:entity: tree-03,False,False,6.7041745775679122e-30,1.6260011619584118e-30
1099,1352,__pr_graph_lp_or_to_or_and__: 4621:fluid-temperature: chlorine: 15 --> fluid-temperature-range: chlorine: 15: 15:noncoproduct-route,,,True,fluid-temperature: chlorine: 15 --> fluid-temperature-range: chlorine: 15: 15,False,False,6.6810915138280955e-30,1.620402696699454e-30
1100,171,__pr_graph_lp_or_cost_row__: entity: py-tank-10000,,,True,node-cost:entity: py-tank-10000,False,False,-6.607008694495302e-30,1.602434973913814e-30
1101,410,__pr_graph_lp_or_cost_row__: item: poorman-wood-fence,,,True,node-cost:item: poorman-wood-fence,False,False,-6.5962966330608669e-30,1.599836917413668e-30
1102,1764,entity-build: wooden-chest,entity-build,wooden-chest,False,,False,False,-6.5262199399958046e-30,1.5828408229606311e-30
1103,3,__pr_graph_lp_explicit_zero_free_source__: 1530:room-autoplace: planet: nauvis --> entity: iron-ore,,,True,explicit-zero:room-autoplace: planet: nauvis --> entity: iron-ore,False,False,-6.5139349669178777e-30,1.5798612793541482e-30
1104,1398,__pr_graph_lp_or_to_or_and__: 4681:entity-operate: assembling-machine-1 --> recipe-category: crafting-with-fluid__1__0:noncoproduct-route,,,True,entity-operate: assembling-machine-1 --> recipe-category: crafting-with-fluid__1__0,False,False,6.4922445790570217e-30,1.5746005876079803e-30
1105,938,__pr_graph_lp_or_to_or_and__: 2431:item-craft: latex --> item: latex,,,True,item-craft: latex --> item: latex,False,False,-6.4406034891598131e-30,1.5620757836658787e-30
1106,1045,__pr_graph_lp_or_to_or_and__: 3983:item: kerogen --> energy-source-burner: chemical_2_1,,,True,item: kerogen --> energy-source-burner: chemical_2_1,False,False,6.4102612022659545e-30,1.5547166981923337e-30
1107,1290,__pr_graph_lp_or_to_or_and__: 4539:fluid-temperature: light-oil: 25 --> fluid: light-oil:noncoproduct-route,,,True,fluid-temperature: light-oil: 25 --> fluid: light-oil,False,False,6.3931377703222331e-30,1.5505636559475258e-30
1108,166,__pr_graph_lp_or_cost_row__: entity: py-gas-vent,,,True,node-cost:entity: py-gas-vent,False,False,6.3575193023614828e-30,1.5419249086086449e-30
1109,343,__pr_graph_lp_or_cost_row__: item: incubator-mk01,,,True,node-cost:item: incubator-mk01,False,False,-6.3345673613013624e-30,1.5363582452705765e-30
1110,1665,__pr_graph_lp_or_to_or_and__: 988:item: pcb-factory-mk01 --> entity-build-item: pcb-factory-mk01,,,True,item: pcb-factory-mk01 --> entity-build-item: pcb-factory-mk01,False,False,-6.3293782787346311e-30,1.5350997078942924e-30
1111,1514,__pr_graph_lp_or_to_or_and__: 4842:entity-operate: genlab-mk01 --> recipe-category: genlab__0__0:noncoproduct-route,,,True,entity-operate: genlab-mk01 --> recipe-category: genlab__0__0,False,False,6.3257269551433575e-30,1.5342141318500823e-30
1112,272,__pr_graph_lp_or_cost_row__: item: capacitor1,,,True,node-cost:item: capacitor1,False,False,-6.3209136017878869e-30,1.5330467221923595e-30
1113,525,__pr_graph_lp_or_to_or_and__: 1026:item: biofactory-mk01 --> entity-build-item: biofactory-mk01,,,True,item: biofactory-mk01 --> entity-build-item: biofactory-mk01,False,False,6.2810656935284339e-30,1.5233821849131129e-30
1114,811,__pr_graph_lp_or_to_or_and__: 2032:item-craft: limestone --> item: limestone,,,True,item-craft: limestone --> item: limestone,False,False,-6.2405716895850316e-30,1.513560946414248e-30
1115,2104,fluid-temperature: water: 15,fluid-temperature,water: 15,False,,False,False,6.2376386061028497e-30,1.5128495691827979e-30
1116,828,__pr_graph_lp_or_to_or_and__: 2120:item-craft: olefin-plant --> item: olefin-plant,,,True,item-craft: olefin-plant --> item: olefin-plant,False,False,6.2268755236239889e-30,1.5102391382618253e-30
1117,1639,__pr_graph_lp_or_to_or_and__: 883:item: assembling-machine-1 --> entity-build-item: assembling-machine-1,,,True,item: assembling-machine-1 --> entity-build-item: assembling-machine-1,False,False,6.1994622166024161e-30,1.5035904347481453e-30
1118,896,__pr_graph_lp_or_to_or_and__: 2307:item-craft: bolts --> item: bolts,,,True,item-craft: bolts --> item: bolts,False,False,-6.1987044922851298e-30,1.5034066596083281e-30
1119,289,__pr_graph_lp_or_cost_row__: item: cocoon,,,True,node-cost:item: cocoon,False,False,-6.1983997044523905e-30,1.5033327377012459e-30
1120,936,__pr_graph_lp_or_to_or_and__: 2427:item-craft: sodium-alginate --> item: sodium-alginate,,,True,item-craft: sodium-alginate --> item: sodium-alginate,False,False,6.1818516315772398e-30,1.4993192405269334e-30
1121,1446,__pr_graph_lp_or_to_or_and__: 4758:entity-operate: distilator --> recipe-category: distilator__0__2:noncoproduct-route,,,True,entity-operate: distilator --> recipe-category: distilator__0__2,False,False,6.1695159990389602e-30,1.4963274101966422e-30
1122,879,__pr_graph_lp_or_to_or_and__: 2266:item-craft: ceramic --> item: ceramic,,,True,item-craft: ceramic --> item: ceramic,False,False,-6.139981072812128e-30,1.4891641384459523e-30
1123,1072,__pr_graph_lp_or_to_or_and__: 4010:item: raw-coal --> energy-source-burner: jerry__chemical__biomass_2_1,,,True,item: raw-coal --> energy-source-burner: jerry__chemical__biomass_2_1,False,False,-6.1314618821742091e-30,1.4870979312319352e-30
1124,1442,__pr_graph_lp_or_to_or_and__: 4753:entity-operate: advanced-foundry-mk01 --> recipe-category: advanced-foundry__1__1:noncoproduct-route,,,True,entity-operate: advanced-foundry-mk01 --> recipe-category: advanced-foundry__1__1,False,False,-6.1267229571220917e-30,1.4859485730891805e-30
1125,599,__pr_graph_lp_or_to_or_and__: 1396:item: py-tank-10000 --> entity-build-item: py-tank-10000,,,True,item: py-tank-10000 --> entity-build-item: py-tank-10000,False,False,6.1064489009940617e-30,1.4810313922430717e-30
1126,616,__pr_graph_lp_or_to_or_and__: 1523:fluid-craft-temperature: heavy-oil: 25 --> fluid-craft-temperature: heavy-oil,,,True,fluid-craft-temperature: heavy-oil: 25 --> fluid-craft-temperature: heavy-oil,False,False,6.083504985746555e-30,1.4754666754504706e-30
1127,1510,__pr_graph_lp_or_to_or_and__: 4837:entity-operate: automated-screener-mk01 --> recipe-category: screener__0__0:noncoproduct-route,,,True,entity-operate: automated-screener-mk01 --> recipe-category: screener__0__0,False,False,-6.0617241959244085e-30,1.4701840580082455e-30
1128,1877,entity-mine: transport-belt,entity-mine,transport-belt,False,,True,False,-6.058809168820495e-30,1.4694770600917589e-30
1129,1204,__pr_graph_lp_or_to_or_and__: 4378:entity-build: pulp-mill-mk01 --> entity: pulp-mill-mk01:noncoproduct-route,,,True,entity-build: pulp-mill-mk01 --> entity: pulp-mill-mk01,False,False,6.0584964331575956e-30,1.4694012105527325e-30
1130,651,__pr_graph_lp_or_to_or_and__: 1620:fluid-create-temperature: aromatics: 10 --> fluid-create: aromatics,,,True,fluid-create-temperature: aromatics: 10 --> fluid-create: aromatics,False,False,6.0044721045406949e-30,1.4562983863215398e-30
1131,2446,recipe: recipe-unknown,recipe,recipe-unknown,False,,True,True,5.9892112156418335e-30,1.4525970771156167e-30
1132,2286,recipe: empty-water-barrel,recipe,empty-water-barrel,False,,True,True,-5.981704155043543e-30,1.4507763474919349e-30
1133,471,__pr_graph_lp_or_cost_row__: item: splitter,,,True,node-cost:item: splitter,False,False,5.8959307820419088e-30,1.4299732489818803e-30
1134,1662,__pr_graph_lp_or_to_or_and__: 977:item: moondrop --> entity-operate-py-module: moondrop-greenhouse-mk01,,,True,item: moondrop --> entity-operate-py-module: moondrop-greenhouse-mk01,False,False,5.8386271233916443e-30,1.4160750703960237e-30
1135,150,__pr_graph_lp_or_cost_row__: entity: ore-nickel,,,True,node-cost:entity: ore-nickel,False,False,-5.8279390825889322e-30,1.4134828397547724e-30
1136,912,__pr_graph_lp_or_to_or_and__: 2357:item-craft: flora-collector-mk01 --> item: flora-collector-mk01,,,True,item-craft: flora-collector-mk01 --> item: flora-collector-mk01,False,False,-5.8002720677852458e-30,1.406772603065943e-30
1137,1474,__pr_graph_lp_or_to_or_and__: 4789:entity-operate: hpf --> recipe-category: hpf__1__0:noncoproduct-route,,,True,entity-operate: hpf --> recipe-category: hpf__1__0,False,False,5.742562490074269e-30,1.3927759746475614e-30
1138,1920,entity-operate: character,entity-operate,character,False,,False,False,5.7304385871510257e-30,1.3898354962914898e-30
1139,1440,__pr_graph_lp_or_to_or_and__: 4751:entity-operate: advanced-foundry-mk01 --> recipe-category: advanced-foundry__0__1:noncoproduct-route,,,True,entity-operate: advanced-foundry-mk01 --> recipe-category: advanced-foundry__0__1,False,False,-5.7164138120353998e-30,1.3864339887128363e-30
1140,880,__pr_graph_lp_or_to_or_and__: 2268:item-craft: inductor1 --> item: inductor1,,,True,item-craft: inductor1 --> item: inductor1,False,False,-5.715794013833427e-30,1.3862836655694086e-30
1141,853,__pr_graph_lp_or_to_or_and__: 2194:item-craft: py-underflow-valve --> item: py-underflow-valve,,,True,item-craft: py-underflow-valve --> item: py-underflow-valve,False,False,5.7100616004562497e-30,1.3848933511161867e-30
1142,1574,__pr_graph_lp_or_to_or_and__: 4919:entity-operate: seaweed-crop-mk01 --> recipe-category: seaweed__2__1:noncoproduct-route,,,True,entity-operate: seaweed-crop-mk01 --> recipe-category: seaweed__2__1,False,False,5.6739195252076452e-30,1.3761276103572194e-30
1143,1182,__pr_graph_lp_or_to_or_and__: 4334:entity-build: gasifier --> entity: gasifier:noncoproduct-route,,,True,entity-build: gasifier --> entity: gasifier,False,False,-5.6718280015554483e-30,1.3756203413639395e-30
1144,104,__pr_graph_lp_or_cost_row__: entity: dead-dry-hairy-tree,,,True,node-cost:entity: dead-dry-hairy-tree,False,False,5.6535853094741159e-30,1.3711958386636746e-30
1145,263,__pr_graph_lp_or_cost_row__: item: bolts,,,True,node-cost:item: bolts,False,False,5.580765500992285e-30,1.3535344410023984e-30
1146,1561,__pr_graph_lp_or_to_or_and__: 4902:entity-operate: retorter --> recipe-category: kerogen__1__1:noncoproduct-route,,,True,entity-operate: retorter --> recipe-category: kerogen__1__1,False,False,5.5662175191612317e-30,1.3500060371567419e-30
1147,877,__pr_graph_lp_or_to_or_and__: 2261:item-craft: electrolyzer-mk01 --> item: electrolyzer-mk01,,,True,item-craft: electrolyzer-mk01 --> item: electrolyzer-mk01,False,False,-5.5614999984462775e-30,1.3488618703282492e-30
1148,712,__pr_graph_lp_or_to_or_and__: 1763:fluid-craft-temperature: middle-oil: 10 --> fluid-craft-temperature: middle-oil,,,True,fluid-craft-temperature: middle-oil: 10 --> fluid-craft-temperature: middle-oil,False,False,-5.5475139267547008e-30,1.3454697497086832e-30
1149,354,__pr_graph_lp_or_cost_row__: item: kerosene-barrel,,,True,node-cost:item: kerosene-barrel,False,False,-5.5280994763655596e-30,1.3407610538765142e-30
1150,138,__pr_graph_lp_or_cost_row__: entity: moss-farm-mk01,,,True,node-cost:entity: moss-farm-mk01,False,False,5.4969283457836099e-30,1.333200944282203e-30
1151,1225,__pr_graph_lp_or_to_or_and__: 4420:entity-build: iron-chest --> entity: iron-chest:noncoproduct-route,,,True,entity-build: iron-chest --> entity: iron-chest,False,False,5.4909181626766912e-30,1.3317432607743584e-30
1152,469,__pr_graph_lp_or_cost_row__: item: solid-separator,,,True,node-cost:item: solid-separator,False,False,5.4861877834640223e-30,1.3305959753021036e-30
1153,2484,recipe: soot-separation,recipe,soot-separation,False,,True,True,-5.4641532728138677e-30,1.3252518215206348e-30
1154,1275,__pr_graph_lp_or_to_or_and__: 4518:fluid-temperature: water: 15 --> fluid-temperature-range: water: nil: 101:noncoproduct-route,,,True,fluid-temperature: water: 15 --> fluid-temperature-range: water: nil: 101,False,False,5.4326188541623531e-30,1.3176036016278219e-30
1155,951,__pr_graph_lp_or_to_or_and__: 2550:item-craft: caravan --> item: caravan,,,True,item-craft: caravan --> item: caravan,False,False,5.4136789123690325e-30,1.3130099910338483e-30
1156,1281,__pr_graph_lp_or_to_or_and__: 4527:fluid-temperature: steam: 250 --> fluid-temperature-range: steam: nil: 500:noncoproduct-route,,,True,fluid-temperature: steam: 250 --> fluid-temperature-range: steam: nil: 500,False,False,-5.3911158464575758e-30,1.3075376437724675e-30
1157,398,__pr_graph_lp_or_cost_row__: item: outpost-fluid,,,True,node-cost:item: outpost-fluid,False,False,-5.391051511680648e-30,1.3075220402972255e-30
1158,756,__pr_graph_lp_or_to_or_and__: 1826:item-craft: stone-brick --> item: stone-brick,,,True,item-craft: stone-brick --> item: stone-brick,False,False,-5.3520089551561323e-30,1.298052829503237e-30
1159,217,__pr_graph_lp_or_cost_row__: entity: tree-01,,,True,node-cost:entity: tree-01,False,False,-5.349334382861152e-30,1.2974041504437849e-30
1160,1258,__pr_graph_lp_or_to_or_and__: 4486:entity-build: py-tank-7000 --> entity: py-tank-7000:noncoproduct-route,,,True,entity-build: py-tank-7000 --> entity: py-tank-7000,False,False,-5.3475101068022679e-30,1.2969616985122072e-30
1161,1555,__pr_graph_lp_or_to_or_and__: 4895:entity-operate: reformer-mk01 --> recipe-category: reformer__2__3:noncoproduct-route,,,True,entity-operate: reformer-mk01 --> recipe-category: reformer__2__3,False,False,-5.3426422084873149e-30,1.2957810597587217e-30
1162,954,__pr_graph_lp_or_to_or_and__: 2558:item-craft: seaweed --> item: seaweed,,,True,item-craft: seaweed --> item: seaweed,False,False,5.3387866841397371e-30,1.2948459577567397e-30
1163,679,__pr_graph_lp_or_to_or_and__: 1683:fluid-craft-temperature: chlorine: 15 --> fluid-craft-temperature: chlorine,,,True,fluid-craft-temperature: chlorine: 15 --> fluid-craft-temperature: chlorine,False,False,5.3207801689236227e-30,1.2904787363597627e-30
1164,100,__pr_graph_lp_or_cost_row__: entity: copper-ore,,,True,node-cost:entity: copper-ore,False,False,5.3198563555966709e-30,1.2902546787184116e-30
1165,1254,__pr_graph_lp_or_to_or_and__: 4478:entity-build: py-tank-1500 --> entity: py-tank-1500:noncoproduct-route,,,True,entity-build: py-tank-1500 --> entity: py-tank-1500,False,False,5.2728536701032478e-30,1.2788548530809358e-30
1166,1491,__pr_graph_lp_or_to_or_and__: 4811:entity-operate: solid-separator --> recipe-category: solid-separator__0__0:noncoproduct-route,,,True,entity-operate: solid-separator --> recipe-category: solid-separator__0__0,False,False,-5.2594679754351627e-30,1.2756083452771635e-30
1167,1894,entity-mine: vacuum-pump-mk01,entity-mine,vacuum-pump-mk01,False,,True,False,5.2591809292209045e-30,1.2755387263445835e-30
1168,1212,__pr_graph_lp_or_to_or_and__: 4394:entity-build: biofactory-mk01 --> entity: biofactory-mk01:noncoproduct-route,,,True,entity-build: biofactory-mk01 --> entity: biofactory-mk01,False,False,-5.2540860282652803e-30,1.2743030313640819e-30
1169,222,__pr_graph_lp_or_cost_row__: entity: tree-05,,,True,node-cost:entity: tree-05,False,False,-5.2332729261584381e-30,1.2692551126653474e-30
1170,529,__pr_graph_lp_or_to_or_and__: 1041:item: vrauks --> entity-operate-py-module: vrauks-paddock-mk01,,,True,item: vrauks --> entity-operate-py-module: vrauks-paddock-mk01,False,False,-5.2319815908690759e-30,1.2689419178556529e-30
1171,1043,__pr_graph_lp_or_to_or_and__: 3981:item: gunpowder --> energy-source-burner: chemical_2_1,,,True,item: gunpowder --> energy-source-burner: chemical_2_1,False,False,-5.2289802513375539e-30,1.2682139861007108e-30
1172,1819,entity-mine: ore-aluminium,entity-mine,ore-aluminium,False,,True,False,-5.2197849204076606e-30,1.265983790779332e-30
1173,888,__pr_graph_lp_or_to_or_and__: 2285:item-craft: meat --> item: meat,,,True,item-craft: meat --> item: meat,False,False,5.1995546490022217e-30,1.2610772292882214e-30
1174,958,__pr_graph_lp_or_to_or_and__: 2574:item-craft: moondrop --> item: moondrop,,,True,item-craft: moondrop --> item: moondrop,False,False,5.1778626431984118e-30,1.2558161451332502e-30
1175,714,__pr_graph_lp_or_to_or_and__: 1769:fluid-create-temperature: creamy-latex: 10 --> fluid-create: creamy-latex,,,True,fluid-create-temperature: creamy-latex: 10 --> fluid-create: creamy-latex,False,False,5.1620265213877665e-30,1.2519753214543469e-30
1176,510,__pr_graph_lp_or_cost_row__: item: wooden-chest,,,True,node-cost:item: wooden-chest,False,False,5.1180831043497092e-30,1.2413174773994827e-30
1177,867,__pr_graph_lp_or_to_or_and__: 2237:item-craft: lead-plate --> item: lead-plate,,,True,item-craft: lead-plate --> item: lead-plate,False,False,-5.109592922687815e-30,1.2392583058955559e-30
1178,1760,entity-build: underground-belt,entity-build,underground-belt,False,,False,False,5.1058716988654219e-30,1.2383557765552008e-30
1179,1104,__pr_graph_lp_or_to_or_and__: 4042:item: wood --> energy-source-burner: chemical__jerry__biomass__nuke_2_1,,,True,item: wood --> energy-source-burner: chemical__jerry__biomass__nuke_2_1,False,False,5.0972884868716641e-30,1.2362740418817208e-30
1180,791,__pr_graph_lp_or_to_or_and__: 1933:item-craft: refined-concrete --> item: refined-concrete,,,True,item-craft: refined-concrete --> item: refined-concrete,False,False,-5.0930254936628297e-30,1.2352401141653724e-30
1181,1752,entity-build: steam-engine,entity-build,steam-engine,False,,False,False,-5.0817118750140528e-30,1.2324961586111095e-30
1182,1853,entity-mine: radar,entity-mine,radar,False,,True,False,-5.0616875576691447e-30,1.2276395483165046e-30
1183,1504,__pr_graph_lp_or_to_or_and__: 4829:entity-operate: glassworks-mk01 --> recipe-category: glassworks__1__1:noncoproduct-route,,,True,entity-operate: glassworks-mk01 --> recipe-category: glassworks__1__1,False,False,-5.046510872291361e-30,1.2239586614640765e-30
1184,191,__pr_graph_lp_or_cost_row__: entity: retorter,,,True,node-cost:entity: retorter,False,False,-4.9939912172476987e-30,1.211220774176298e-30
1185,337,__pr_graph_lp_or_cost_row__: item: guts,,,True,node-cost:item: guts,False,False,-4.9928231246386077e-30,1.2109374701069182e-30
1186,1720,entity-build: pump,entity-build,pump,False,,False,False,-4.9633668894275165e-30,1.2037932837308037e-30
1187,58,__pr_graph_lp_explicit_zero_free_source__: 1954:room-autoplace: planet: nauvis --> entity: tree-08-brown,,,True,explicit-zero:room-autoplace: planet: nauvis --> entity: tree-08-brown,False,False,-4.936922234068534e-30,1.1973795127521705e-30
1188,1074,__pr_graph_lp_or_to_or_and__: 4012:item: wood --> energy-source-burner: jerry__chemical__biomass_2_1,,,True,item: wood --> energy-source-burner: jerry__chemical__biomass_2_1,False,False,4.9342294802646281e-30,1.1967264240291129e-30
1189,1453,__pr_graph_lp_or_to_or_and__: 4765:entity-operate: distilator --> recipe-category: distilator__2__4:noncoproduct-route,,,True,entity-operate: distilator --> recipe-category: distilator__2__4,False,False,-4.9309931565401212e-30,1.1959415002363868e-30
1190,495,__pr_graph_lp_or_cost_row__: item: treated-wood,,,True,node-cost:item: treated-wood,False,False,4.9186641592824824e-30,1.1929512791980237e-30
1191,2100,fluid-temperature: tailings: 10,fluid-temperature,tailings: 10,False,,False,False,-4.9136833487261696e-30,1.1917432552036669e-30
1192,833,__pr_graph_lp_or_to_or_and__: 2135:item-craft: borax-mine --> item: borax-mine,,,True,item-craft: borax-mine --> item: borax-mine,False,False,4.8454873017349874e-30,1.1752032844189473e-30
1193,764,__pr_graph_lp_or_to_or_and__: 1858:item-craft: copper-cable --> item: copper-cable,,,True,item-craft: copper-cable --> item: copper-cable,False,False,4.842056785737668e-30,1.1743712620822346e-30
1194,1295,__pr_graph_lp_or_to_or_and__: 4545:fluid-temperature: acidgas: 15 --> fluid-temperature-range: acidgas: 15: 15:noncoproduct-route,,,True,fluid-temperature: acidgas: 15 --> fluid-temperature-range: acidgas: 15: 15,False,False,4.8340851678428567e-30,1.1724378607649387e-30
1195,1396,__pr_graph_lp_or_to_or_and__: 4679:entity-operate: assembling-machine-1 --> recipe-category: advanced-crafting__0__1:noncoproduct-route,,,True,entity-operate: assembling-machine-1 --> recipe-category: advanced-crafting__0__1,False,False,4.8310920799304847e-30,1.171711930321593e-30
1196,1252,__pr_graph_lp_or_to_or_and__: 4474:entity-build: tailings-pond --> entity: tailings-pond:noncoproduct-route,,,True,entity-build: tailings-pond --> entity: tailings-pond,False,False,-4.8251239979912177e-30,1.1702644578466994e-30
1197,1809,entity-mine: iron-chest,entity-mine,iron-chest,False,,True,False,4.8215435967588712e-30,1.1693960830010395e-30
1198,1753,entity-build: steel-chest,entity-build,steel-chest,False,,False,False,4.7973777575421049e-30,1.1635350061165504e-30
1199,232,__pr_graph_lp_or_cost_row__: entity: underground-belt,,,True,node-cost:entity: underground-belt,False,False,4.7601100386878533e-30,1.1544962566837254e-30
1200,1287,__pr_graph_lp_or_to_or_and__: 4535:fluid-temperature: heavy-oil: 25 --> fluid: heavy-oil:noncoproduct-route,,,True,fluid-temperature: heavy-oil: 25 --> fluid: heavy-oil,False,False,-4.7195643068610007e-30,1.14466247233039e-30
1201,1627,__pr_graph_lp_or_to_or_and__: 4987:logic-and: smart-farm-kicalk-tree-recipe-kicalk-super-1 --> logic-or: smart-farm-kicalk-tree-recipe:noncoproduct-route,,,True,logic-and: smart-farm-kicalk-tree-recipe-kicalk-super-1 --> logic-or: smart-farm-kicalk-tree-recipe,False,False,-4.7128344808113524e-30,1.143030249772654e-30
1202,1566,__pr_graph_lp_or_to_or_and__: 4909:entity-operate: fwf-mk01 --> recipe-category: fwf__0__0:noncoproduct-route,,,True,entity-operate: fwf-mk01 --> recipe-category: fwf__0__0,False,False,4.7036463308752048e-30,1.1408017960980715e-30
1203,197,__pr_graph_lp_or_cost_row__: entity: small-electric-pole,,,True,node-cost:entity: small-electric-pole,False,False,4.7019543385944616e-30,1.1403914276951188e-30
1204,946,__pr_graph_lp_or_to_or_and__: 2449:item-craft: outpost --> item: outpost,,,True,item-craft: outpost --> item: outpost,False,False,-4.6446079053950631e-30,1.1264828747573133e-30
1205,1581,__pr_graph_lp_or_to_or_and__: 4927:entity-operate: biofactory-mk01 --> recipe-category: biofactory__0__0:noncoproduct-route,,,True,entity-operate: biofactory-mk01 --> recipe-category: biofactory__0__0,False,False,-4.6441759081342155e-30,1.126378100032256e-30
1206,379,__pr_graph_lp_or_cost_row__: item: moss,,,True,node-cost:item: moss,False,False,-4.6438042142124435e-30,1.126287951015147e-30
1207,1108,__pr_graph_lp_or_to_or_and__: 4046:item: cellulose --> energy-source-burner: chemical__jerry__biomass__nuke_2_1,,,True,item: cellulose --> energy-source-burner: chemical__jerry__biomass__nuke_2_1,False,False,4.635827094932822e-30,1.1243532154160555e-30
1208,782,__pr_graph_lp_or_to_or_and__: 1909:item-craft: stone-wall --> item: stone-wall,,,True,item-craft: stone-wall --> item: stone-wall,False,False,-4.6261697704196356e-30,1.122010970192849e-30
1209,180,__pr_graph_lp_or_cost_row__: entity: py-underflow-valve,,,True,node-cost:entity: py-underflow-valve,False,False,4.6047742834972131e-30,1.1168218024296871e-30
1210,15,__pr_graph_lp_explicit_zero_free_source__: 1582:room-autoplace: planet: nauvis --> entity: ore-chromium,,,True,explicit-zero:room-autoplace: planet: nauvis --> entity: ore-chromium,False,False,4.5902022688124216e-30,1.1132875697608623e-30
1211,246,__pr_graph_lp_or_cost_row__: item: agar,,,True,node-cost:item: agar,False,False,-4.5866713459697821e-30,1.1124311951873051e-30
1212,1967,entity-operate: offshore-pump,entity-operate,offshore-pump,False,,False,False,-4.5749032065171193e-30,1.1095770021464282e-30
1213,314,__pr_graph_lp_or_cost_row__: item: firearm-magazine,,,True,node-cost:item: firearm-magazine,False,False,-4.5734153249188504e-30,1.1092161378551348e-30
1214,1383,__pr_graph_lp_or_to_or_and__: 4663:fluid-temperature: middle-oil: 10 --> fluid: middle-oil:noncoproduct-route,,,True,fluid-temperature: middle-oil: 10 --> fluid: middle-oil,False,False,4.5719980292126819e-30,1.1088723931571998e-30
1215,864,__pr_graph_lp_or_to_or_and__: 2225:item-craft: grade-2-copper --> item: grade-2-copper,,,True,item-craft: grade-2-copper --> item: grade-2-copper,False,False,4.5692776086113512e-30,1.1082125942501756e-30
1216,1523,__pr_graph_lp_or_to_or_and__: 4855:entity-operate: electrolyzer-mk01 --> recipe-category: electrolyzer__1__1:noncoproduct-route,,,True,entity-operate: electrolyzer-mk01 --> recipe-category: electrolyzer__1__1,False,False,-4.5618139850771091e-30,1.1064023996619105e-30
1217,387,__pr_graph_lp_or_cost_row__: item: offshore-pump,,,True,node-cost:item: offshore-pump,False,False,-4.556471902301599e-30,1.1051067542845778e-30
1218,1473,__pr_graph_lp_or_to_or_and__: 4788:entity-operate: hpf --> recipe-category: hpf__0__1:noncoproduct-route,,,True,entity-operate: hpf --> recipe-category: hpf__0__1,False,False,4.5563570110007197e-30,1.1050788890512715e-30
1219,1588,__pr_graph_lp_or_to_or_and__: 4935:entity-operate: incubator-mk01 --> recipe-category: incubator__0__0:noncoproduct-route,,,True,entity-operate: incubator-mk01 --> recipe-category: incubator__0__0,False,False,-4.5517031036361691e-30,1.1039501507263888e-30
1220,1298,__pr_graph_lp_or_to_or_and__: 4549:fluid-temperature: carbon-dioxide: 15 --> fluid-temperature-range: carbon-dioxide: 15: 15:noncoproduct-route,,,True,fluid-temperature: carbon-dioxide: 15 --> fluid-temperature-range: carbon-dioxide: 15: 15,False,False,-4.5497560003124859e-30,1.103477908807547e-30
1221,1399,__pr_graph_lp_or_to_or_and__: 4682:entity-operate: assembling-machine-1 --> recipe-category: crafting-with-fluid__0__0:noncoproduct-route,,,True,entity-operate: assembling-machine-1 --> recipe-category: crafting-with-fluid__0__0,False,False,-4.5448680664562017e-30,1.1022924107215502e-30
1222,1603,__pr_graph_lp_or_to_or_and__: 4954:entity-operate: data-array --> recipe-category: data-array__0__0:noncoproduct-route,,,True,entity-operate: data-array --> recipe-category: data-array__0__0,False,False,-4.5023871122950398e-30,1.0919892660125397e-30
1223,454,__pr_graph_lp_or_cost_row__: item: seaweed,,,True,node-cost:item: seaweed,False,False,4.4651839676386545e-30,1.0829661781230632e-30
1224,1695,entity-build: fwf-mk01,entity-build,fwf-mk01,False,,False,False,-4.4520852226435854e-30,1.0797892658371803e-30
1225,919,__pr_graph_lp_or_to_or_and__: 2375:item-craft: petri-dish --> item: petri-dish,,,True,item-craft: petri-dish --> item: petri-dish,False,False,-4.4407406561343203e-30,1.0770378043242746e-30
1226,1536,__pr_graph_lp_or_to_or_and__: 4871:entity-operate: moondrop-greenhouse-mk01 --> recipe-category: moon__1__1:noncoproduct-route,,,True,entity-operate: moondrop-greenhouse-mk01 --> recipe-category: moon__1__1,False,False,-4.4320702548550467e-30,1.07493492314306e-30
1227,274,__pr_graph_lp_or_cost_row__: item: caravan,,,True,node-cost:item: caravan,False,False,4.4101039167132011e-30,1.069607303623407e-30
1228,994,__pr_graph_lp_or_to_or_and__: 3932:item: cellulose --> energy-source-burner: chemical__biomass__jerry_2_1,,,True,item: cellulose --> energy-source-burner: chemical__biomass__jerry_2_1,False,False,-4.39714851003874e-30,1.0664651559865e-30
1229,176,__pr_graph_lp_or_cost_row__: entity: py-tank-6500,,,True,node-cost:entity: py-tank-6500,False,False,4.3953210170817671e-30,1.0660219238425383e-30
1230,900,__pr_graph_lp_or_to_or_and__: 2321:item-craft: reformer-mk01 --> item: reformer-mk01,,,True,item-craft: reformer-mk01 --> item: reformer-mk01,False,False,4.3894023900813406e-30,1.0645864459520769e-30
1231,1305,__pr_graph_lp_or_to_or_and__: 4559:fluid-temperature: syngas: 15 --> fluid: syngas:noncoproduct-route,,,True,fluid-temperature: syngas: 15 --> fluid: syngas,False,False,4.3877287114358806e-30,1.0641805192580781e-30
1232,189,__pr_graph_lp_or_cost_row__: entity: regolites,,,True,node-cost:entity: regolites,False,False,4.3854717971660022e-30,1.0636331371481997e-30
1233,831,__pr_graph_lp_or_to_or_and__: 2129:item-craft: washer --> item: washer,,,True,item-craft: washer --> item: washer,False,False,-4.3840901486019073e-30,1.0632980381520974e-30
1234,356,__pr_graph_lp_or_cost_row__: item: lab,,,True,node-cost:item: lab,False,False,4.371001956285498e-30,1.0601236852667142e-30
1235,1644,__pr_graph_lp_or_to_or_and__: 904:item: hpf --> entity-build-item: hpf,,,True,item: hpf --> entity-build-item: hpf,False,False,-4.356864314211185e-30,1.0566948034298505e-30
1236,768,__pr_graph_lp_or_to_or_and__: 1866:item-craft: wooden-chest --> item: wooden-chest,,,True,item-craft: wooden-chest --> item: wooden-chest,False,False,4.3436311215704812e-30,1.0534852828003907e-30
1237,1868,entity-mine: splitter,entity-mine,splitter,False,,True,False,-4.326439047750277e-30,1.0493155924552644e-30
1238,1520,__pr_graph_lp_or_to_or_and__: 4852:entity-operate: electrolyzer-mk01 --> recipe-category: electrolyzer__3__0:noncoproduct-route,,,True,entity-operate: electrolyzer-mk01 --> recipe-category: electrolyzer__3__0,False,False,-4.3201131032409604e-30,1.0477813255587772e-30
1239,1777,entity-mine: burner-inserter,entity-mine,burner-inserter,False,,True,False,4.2896447181569245e-30,1.0403916567820416e-30
1240,1801,entity-mine: gate,entity-mine,gate,False,,True,False,4.2872912744777613e-30,1.0398208628516855e-30
1241,882,__pr_graph_lp_or_to_or_and__: 2273:item-craft: resistor1 --> item: resistor1,,,True,item-craft: resistor1 --> item: resistor1,False,False,4.2850014151818624e-30,1.0392654903993763e-30
1242,342,__pr_graph_lp_or_cost_row__: item: hydrogen-barrel,,,True,node-cost:item: hydrogen-barrel,False,False,-4.2366349972782423e-30,1.0275349110713567e-30
1243,781,__pr_graph_lp_or_to_or_and__: 1906:item-craft: assembling-machine-1 --> item: assembling-machine-1,,,True,item-craft: assembling-machine-1 --> item: assembling-machine-1,False,False,-4.2361169288676071e-30,1.0274092610263109e-30
1244,382,__pr_graph_lp_or_cost_row__: item: muddy-sludge-barrel,,,True,node-cost:item: muddy-sludge-barrel,False,False,-4.2329161652590467e-30,1.0266329618284815e-30
1245,464,__pr_graph_lp_or_cost_row__: item: sodium-alginate,,,True,node-cost:item: sodium-alginate,False,False,-4.2084786663709216e-30,1.02070599779619e-30
1246,1524,__pr_graph_lp_or_to_or_and__: 4856:entity-operate: electrolyzer-mk01 --> recipe-category: electrolyzer__2__1:noncoproduct-route,,,True,entity-operate: electrolyzer-mk01 --> recipe-category: electrolyzer__2__1,False,False,-4.201357703971178e-30,1.0189789107398672e-30
1247,839,__pr_graph_lp_or_to_or_and__: 2152:item-craft: vacuum-pump-mk01 --> item: vacuum-pump-mk01,,,True,item-craft: vacuum-pump-mk01 --> item: vacuum-pump-mk01,False,False,-4.1948678123016293e-30,1.0174048808166342e-30
1248,560,__pr_graph_lp_or_to_or_and__: 1107:item: iron-chest --> entity-build-item: iron-chest,,,True,item: iron-chest --> entity-build-item: iron-chest,False,False,4.1895505145320105e-30,1.0161152466861615e-30
1249,1480,__pr_graph_lp_or_to_or_and__: 4796:entity-operate: quenching-tower --> recipe-category: quenching-tower__2__2:noncoproduct-route,,,True,entity-operate: quenching-tower --> recipe-category: quenching-tower__2__2,False,False,4.1711349690853654e-30,1.0116488208871476e-30
1250,588,__pr_graph_lp_or_to_or_and__: 1352:item: storage-tank --> entity-build-item: storage-tank,,,True,item: storage-tank --> entity-build-item: storage-tank,False,False,4.1685545005235509e-30,1.0110229653353027e-30
1251,1629,__pr_graph_lp_or_to_or_and__: 4991:logic-and: smart-farm-kicalk-tree-recipe-kicalk-super-3 --> logic-or: smart-farm-kicalk-tree-recipe:noncoproduct-route,,,True,logic-and: smart-farm-kicalk-tree-recipe-kicalk-super-3 --> logic-or: smart-farm-kicalk-tree-recipe,False,False,-4.1537415072440546e-30,1.0074302867727345e-30
1252,984,__pr_graph_lp_or_to_or_and__: 3922:item: coal --> energy-source-burner: chemical__biomass__jerry_2_1,,,True,item: coal --> energy-source-burner: chemical__biomass__jerry_2_1,False,False,-4.1435482655686313e-30,1.0049580625463819e-30
1253,577,__pr_graph_lp_or_to_or_and__: 1178:item: borax-mine --> entity-build-item: borax-mine,,,True,item: borax-mine --> entity-build-item: borax-mine,False,False,-4.1321503551290624e-30,1.0021936632300741e-30
1254,1379,__pr_graph_lp_or_to_or_and__: 4657:fluid-temperature: naphthalene-oil: 10 --> fluid-temperature-range: naphthalene-oil: 10: 10:noncoproduct-route,,,True,fluid-temperature: naphthalene-oil: 10 --> fluid-temperature-range: naphthalene-oil: 10: 10,False,False,-4.1230081627680584e-30,9.9997635590463846e-31
1255,940,__pr_graph_lp_or_to_or_and__: 2435:item-craft: caged-vrauks --> item: caged-vrauks,,,True,item-craft: caged-vrauks --> item: caged-vrauks,False,False,4.108401932855415e-30,9.9643382482418962e-31
1256,784,__pr_graph_lp_or_to_or_and__: 1915:item-craft: automation-science-pack --> item: automation-science-pack,,,True,item-craft: automation-science-pack --> item: automation-science-pack,False,False,4.0995238840106701e-30,9.9428058171119242e-31
1257,769,__pr_graph_lp_or_to_or_and__: 1869:item-craft: stone-furnace --> item: stone-furnace,,,True,item-craft: stone-furnace --> item: stone-furnace,False,False,-4.0905368999326349e-30,9.9210091792345603e-31
1258,1711,entity-build: offshore-pump,entity-build,offshore-pump,False,,False,False,4.0890584247833191e-30,9.9174233503112538e-31
1259,1852,entity-mine: quenching-tower,entity-mine,quenching-tower,False,,True,False,4.0829315316884444e-30,9.902563451935703e-31
1260,178,__pr_graph_lp_or_cost_row__: entity: py-tank-8000,,,True,node-cost:entity: py-tank-8000,False,False,-4.0799206476312555e-30,9.8952609855114362e-31
1261,596,__pr_graph_lp_or_to_or_and__: 1384:item: py-tank-6500 --> entity-build-item: py-tank-6500,,,True,item: py-tank-6500 --> entity-build-item: py-tank-6500,False,False,-4.07812410065682e-30,9.8909037191035488e-31
1262,941,__pr_graph_lp_or_to_or_and__: 2437:item-craft: empty-planter-box --> item: empty-planter-box,,,True,item-craft: empty-planter-box --> item: empty-planter-box,False,False,4.0677622634555061e-30,9.865772572629925e-31
1263,90,__pr_graph_lp_or_cost_row__: entity: botanical-nursery,,,True,node-cost:entity: botanical-nursery,False,False,-4.0643871455470076e-30,9.8575867093629879e-31
1264,1301,__pr_graph_lp_or_to_or_and__: 4553:fluid-temperature: coal-gas: 15 --> fluid-temperature-range: coal-gas: 15: 15:noncoproduct-route,,,True,fluid-temperature: coal-gas: 15 --> fluid-temperature-range: coal-gas: 15: 15,False,False,4.0552837523294361e-30,9.8355077378531127e-31
1265,852,__pr_graph_lp_or_to_or_and__: 2191:item-craft: py-overflow-valve --> item: py-overflow-valve,,,True,item-craft: py-overflow-valve --> item: py-overflow-valve,False,False,-4.0514340534165237e-30,9.8261708465875856e-31
1266,829,__pr_graph_lp_or_to_or_and__: 2123:item-craft: soil-extractor-mk01 --> item: soil-extractor-mk01,,,True,item-craft: soil-extractor-mk01 --> item: soil-extractor-mk01,False,False,-4.0068828351357505e-30,9.7181182715046148e-31
1267,360,__pr_graph_lp_or_cost_row__: item: lead-plate,,,True,node-cost:item: lead-plate,False,False,4.0053969490057409e-30,9.7145144683130674e-31
1268,1069,__pr_graph_lp_or_to_or_and__: 4007:item: coke --> energy-source-burner: jerry__chemical__biomass_2_1,,,True,item: coke --> energy-source-burner: jerry__chemical__biomass_2_1,False,False,3.9969002886680315e-30,9.6939070401770095e-31
1269,563,__pr_graph_lp_or_to_or_and__: 1119:item: small-electric-pole --> entity-build-item: small-electric-pole,,,True,item: small-electric-pole --> entity-build-item: small-electric-pole,False,False,3.9606991376781335e-30,9.6061063528697875e-31
1270,1365,__pr_graph_lp_or_to_or_and__: 4639:fluid-temperature: scrude: 10 --> fluid: scrude:noncoproduct-route,,,True,fluid-temperature: scrude: 10 --> fluid: scrude,False,False,-3.9448093377990279e-30,9.5675679276426732e-31
1271,533,__pr_graph_lp_or_to_or_and__: 1047:item: slaughterhouse-mk01 --> entity-build-item: slaughterhouse-mk01,,,True,item: slaughterhouse-mk01 --> entity-build-item: slaughterhouse-mk01,False,False,3.9442197372919003e-30,9.5661379363759065e-31
1272,146,__pr_graph_lp_or_cost_row__: entity: ore-bioreserve,,,True,node-cost:entity: ore-bioreserve,False,False,-3.9407121818583451e-30,9.5576308649316779e-31
1273,1068,__pr_graph_lp_or_to_or_and__: 4006:item: coal --> energy-source-burner: jerry__chemical__biomass_2_1,,,True,item: coal --> energy-source-burner: jerry__chemical__biomass_2_1,False,False,-3.9363006456601849e-30,9.5469313181027057e-31
1274,892,__pr_graph_lp_or_to_or_and__: 2296:item-craft: pulp-mill-mk01 --> item: pulp-mill-mk01,,,True,item-craft: pulp-mill-mk01 --> item: pulp-mill-mk01,False,False,3.9333335832943097e-30,9.5397351348907434e-31
1275,992,__pr_graph_lp_or_to_or_and__: 3930:item: treated-wood --> energy-source-burner: chemical__biomass__jerry_2_1,,,True,item: treated-wood --> energy-source-burner: chemical__biomass__jerry_2_1,False,False,-3.9264282328216105e-30,9.522987200059349e-31
1276,313,__pr_graph_lp_or_cost_row__: item: fawogae-substrate,,,True,node-cost:item: fawogae-substrate,False,False,3.9260859190947242e-30,9.5221569673271447e-31
1277,1320,__pr_graph_lp_or_to_or_and__: 4579:fluid-temperature: water-saline: 25 --> fluid: water-saline:noncoproduct-route,,,True,fluid-temperature: water-saline: 25 --> fluid: water-saline,False,False,-3.9235316014419445e-30,9.5159618370790035e-31
1278,580,__pr_graph_lp_or_to_or_and__: 1191:item: offshore-pump --> entity-build-item: offshore-pump,,,True,item: offshore-pump --> entity-build-item: offshore-pump,False,False,3.9179786237206122e-30,9.5024938879336654e-31
1279,1518,__pr_graph_lp_or_to_or_and__: 4849:entity-operate: barrel-machine-mk01 --> recipe-category: py-barreling__0__1:noncoproduct-route,,,True,entity-operate: barrel-machine-mk01 --> recipe-category: py-barreling__0__1,False,False,3.9157092123722057e-30,9.4969897569675392e-31
1280,904,__pr_graph_lp_or_to_or_and__: 2333:item-craft: micro-mine-mk01 --> item: micro-mine-mk01,,,True,item-craft: micro-mine-mk01 --> item: micro-mine-mk01,False,False,-3.9117808657546364e-30,9.4874621170010691e-31
1281,1469,__pr_graph_lp_or_to_or_and__: 4783:entity-operate: tar-processing-unit --> recipe-category: tar__1__1:noncoproduct-route,,,True,entity-operate: tar-processing-unit --> recipe-category: tar__1__1,False,False,3.9101871418380523e-30,9.4835967687613652e-31
1282,1040,__pr_graph_lp_or_to_or_and__: 3978:item: coal --> energy-source-burner: chemical_2_1,,,True,item: coal --> energy-source-burner: chemical_2_1,False,False,3.9088576441408541e-30,9.4803722632305893e-31
1283,792,__pr_graph_lp_or_to_or_and__: 1935:item-craft: hazard-concrete --> item: hazard-concrete,,,True,item-craft: hazard-concrete --> item: hazard-concrete,False,False,-3.9027874951230284e-30,9.465649989456172e-31
1284,1471,__pr_graph_lp_or_to_or_and__: 4785:entity-operate: tar-processing-unit --> recipe-category: tar__2__3:noncoproduct-route,,,True,entity-operate: tar-processing-unit --> recipe-category: tar__2__3,False,False,3.8928029405716217e-30,9.4414338878102712e-31
1285,1820,entity-mine: ore-bioreserve,entity-mine,ore-bioreserve,False,,True,False,-3.8862172044122483e-30,9.4254611315468483e-31
1286,1679,entity-build: botanical-nursery,entity-build,botanical-nursery,False,,False,False,-3.864056938966097e-30,9.3717145935534716e-31
1287,1493,__pr_graph_lp_or_to_or_and__: 4814:entity-operate: washer --> recipe-category: washer__1__0:noncoproduct-route,,,True,entity-operate: washer --> recipe-category: washer__1__0,False,False,3.8439713054986054e-30,9.3229997771671409e-31
1288,308,__pr_graph_lp_or_cost_row__: item: empty-fuel-canister,,,True,node-cost:item: empty-fuel-canister,False,False,3.8076890094749344e-30,9.2350022842462312e-31
1289,1728,entity-build: py-tank-1500,entity-build,py-tank-1500,False,,False,False,-3.80635619201928e-30,9.2317697271185802e-31
1290,1763,entity-build: washer,entity-build,washer,False,,False,False,3.8003886405976637e-30,9.2172962890639368e-31
1291,1573,__pr_graph_lp_or_to_or_and__: 4918:entity-operate: seaweed-crop-mk01 --> recipe-category: seaweed__1__1:noncoproduct-route,,,True,entity-operate: seaweed-crop-mk01 --> recipe-category: seaweed__1__1,False,False,3.796109600001942e-30,9.2069180912705937e-31
1292,1230,__pr_graph_lp_or_to_or_and__: 4430:entity-build: barrel-machine-mk01 --> entity: barrel-machine-mk01:noncoproduct-route,,,True,entity-build: barrel-machine-mk01 --> entity: barrel-machine-mk01,False,False,3.7879336268957076e-30,9.1870884439112298e-31
1293,144,__pr_graph_lp_or_cost_row__: entity: olefin-plant,,,True,node-cost:entity: olefin-plant,False,False,3.7410956065774556e-30,9.0734895592459419e-31
1294,369,__pr_graph_lp_or_cost_row__: item: methane-barrel,,,True,node-cost:item: methane-barrel,False,False,-3.7340300160860667e-30,9.0563529852859472e-31
1295,683,__pr_graph_lp_or_to_or_and__: 1690:fluid-craft-temperature: oxygen: 15 --> fluid-create-temperature: oxygen: 15,,,True,fluid-craft-temperature: oxygen: 15 --> fluid-create-temperature: oxygen: 15,False,False,-3.7282722373340341e-30,9.0423883206836421e-31
1296,758,__pr_graph_lp_or_to_or_and__: 1832:item-craft: coal --> item: coal,,,True,item-craft: coal --> item: coal,False,False,-3.7277073522381231e-30,9.0410182730935948e-31
1297,163,__pr_graph_lp_or_cost_row__: entity: pulp-mill-mk01,,,True,node-cost:entity: pulp-mill-mk01,False,False,3.7111097647507889e-30,9.0007632107770312e-31
1298,498,__pr_graph_lp_or_cost_row__: item: vacuum-barrel,,,True,node-cost:item: vacuum-barrel,False,False,3.7058412084148921e-30,8.9879850848125391e-31
1299,1350,__pr_graph_lp_or_to_or_and__: 4619:fluid-temperature: chlorine: 15 --> fluid: chlorine:noncoproduct-route,,,True,fluid-temperature: chlorine: 15 --> fluid: chlorine,False,False,3.6944749049281307e-30,8.9604177497695558e-31
1300,1246,__pr_graph_lp_or_to_or_and__: 4462:entity-build: pump --> entity: pump:noncoproduct-route,,,True,entity-build: pump --> entity: pump,False,False,3.6943707326352268e-30,8.9601650948493339e-31
1301,854,__pr_graph_lp_or_to_or_and__: 2197:item-craft: py-local-radar --> item: py-local-radar,,,True,item-craft: py-local-radar --> item: py-local-radar,False,False,-3.6942929854764273e-30,8.959976530292901e-31
1302,820,__pr_graph_lp_or_to_or_and__: 2095:item-craft: gunpowder --> item: gunpowder,,,True,item-craft: gunpowder --> item: gunpowder,False,False,3.6899105008648409e-30,8.9493474439105922e-31
1303,1374,__pr_graph_lp_or_to_or_and__: 4651:fluid-temperature: carbolic-oil: 10 --> fluid: carbolic-oil:noncoproduct-route,,,True,fluid-temperature: carbolic-oil: 10 --> fluid: carbolic-oil,False,False,3.6739002604249521e-30,8.9105169074183026e-31
1304,1817,entity-mine: offshore-pump,entity-mine,offshore-pump,False,,True,False,-3.6338997716854865e-30,8.8135014726071311e-31
1305,1012,__pr_graph_lp_or_to_or_and__: 3950:item: coal --> energy-source-burner: chemical__biomass__jerry__nuke_2_1,,,True,item: coal --> energy-source-burner: chemical__biomass__jerry__nuke_2_1,False,False,3.583314277754043e-30,8.6908136294444813e-31
1306,1613,__pr_graph_lp_or_to_or_and__: 4967:entity-operate: slaughterhouse-mk01 --> recipe-category: slaughterhouse__1__1:noncoproduct-route,,,True,entity-operate: slaughterhouse-mk01 --> recipe-category: slaughterhouse__1__1,False,False,3.577768772929097e-30,8.677363804734996e-31
1307,281,__pr_graph_lp_or_cost_row__: item: chitin,,,True,node-cost:item: chitin,False,False,3.5702148537052289e-30,8.6590428596384188e-31
1308,1376,__pr_graph_lp_or_to_or_and__: 4653:fluid-temperature: carbolic-oil: 10 --> fluid-temperature-range: carbolic-oil: 10: 10:noncoproduct-route,,,True,fluid-temperature: carbolic-oil: 10 --> fluid-temperature-range: carbolic-oil: 10: 10,False,False,-3.562282183351157e-30,8.6398033081262712e-31
1309,1880,entity-mine: tree-02-red,entity-mine,tree-02-red,False,,True,False,-3.5501517336220168e-30,8.6103826462290456e-31
1310,258,__pr_graph_lp_or_cost_row__: item: battery-mk00,,,True,node-cost:item: battery-mk00,False,False,3.5333557761422812e-30,8.5696464660143577e-31
1311,1307,__pr_graph_lp_or_to_or_and__: 4561:fluid-temperature: syngas: 15 --> fluid-temperature-range: syngas: 15: 15:noncoproduct-route,,,True,fluid-temperature: syngas: 15 --> fluid-temperature-range: syngas: 15: 15,False,False,-3.5310898488048515e-30,8.56415078501598e-31
1312,513,__pr_graph_lp_or_to_or_and__: 1000:item: retorter --> entity-build-item: retorter,,,True,item: retorter --> entity-build-item: retorter,False,False,-3.5184685744793233e-30,8.533539698623076e-31
1313,1824,entity-mine: ore-quartz,entity-mine,ore-quartz,False,,True,False,-3.5172194924069747e-30,8.5305102296295092e-31
1314,795,__pr_graph_lp_or_to_or_and__: 1941:item-craft: transport-belt --> item: transport-belt,,,True,item-craft: transport-belt --> item: transport-belt,False,False,-3.5162864057567443e-30,8.5282471621035539e-31
1315,771,__pr_graph_lp_or_to_or_and__: 1875:item-craft: burner-inserter --> item: burner-inserter,,,True,item-craft: burner-inserter --> item: burner-inserter,False,False,3.5052274158101802e-30,8.5014251718717265e-31
1316,1738,entity-build: radar,entity-build,radar,False,,False,False,3.4903725541825651e-30,8.4653968405868383e-31
1317,812,__pr_graph_lp_or_to_or_and__: 2034:item-craft: coal-dust --> item: coal-dust,,,True,item-craft: coal-dust --> item: coal-dust,False,False,-3.4789462497530334e-30,8.4376839818831363e-31
1318,1293,__pr_graph_lp_or_to_or_and__: 4543:fluid-temperature: acidgas: 15 --> fluid: acidgas:noncoproduct-route,,,True,fluid-temperature: acidgas: 15 --> fluid: acidgas,False,False,-3.4404766565897817e-30,8.344381514204548e-31
1319,334,__pr_graph_lp_or_cost_row__: item: gravel,,,True,node-cost:item: gravel,False,False,3.4345697726582434e-30,8.3300552164252932e-31
1320,147,__pr_graph_lp_or_cost_row__: entity: ore-chromium,,,True,node-cost:entity: ore-chromium,False,False,3.4286327433718077e-30,8.3156558054215481e-31
1321,1832,entity-mine: pipe-to-ground,entity-mine,pipe-to-ground,False,,True,False,-3.4198289807707785e-30,8.2943035448960298e-31
1322,1388,__pr_graph_lp_or_to_or_and__: 4669:fluid-temperature: creamy-latex: 10 --> fluid-temperature-range: creamy-latex: 10: 10:noncoproduct-route,,,True,fluid-temperature: creamy-latex: 10 --> fluid-temperature-range: creamy-latex: 10: 10,False,False,3.4036506851633747e-30,8.2550654147551986e-31
1323,110,__pr_graph_lp_or_cost_row__: entity: electrolyzer-mk01,,,True,node-cost:entity: electrolyzer-mk01,False,False,3.3943311347508491e-30,8.2324621850445648e-31
1324,1048,__pr_graph_lp_or_to_or_and__: 3986:item: treated-wood --> energy-source-burner: biomass_2_1,,,True,item: treated-wood --> energy-source-burner: biomass_2_1,False,False,-3.3856578420730341e-30,8.2114263605609354e-31
1325,1651,__pr_graph_lp_or_to_or_and__: 932:item: jaw-crusher --> entity-build-item: jaw-crusher,,,True,item: jaw-crusher --> entity-build-item: jaw-crusher,False,False,-3.3756817693438772e-30,8.1872308303555228e-31
1326,270,__pr_graph_lp_or_cost_row__: item: caged-vrauks,,,True,node-cost:item: caged-vrauks,False,False,-3.3594978465660838e-30,8.1479790523218963e-31
1327,286,__pr_graph_lp_or_cost_row__: item: coal-dust,,,True,node-cost:item: coal-dust,False,False,3.3585416176100079e-30,8.1456598564601416e-31
1328,224,__pr_graph_lp_or_cost_row__: entity: tree-06-brown,,,True,node-cost:entity: tree-06-brown,False,False,3.3467701192090304e-30,8.1171097794051302e-31
1329,903,__pr_graph_lp_or_to_or_and__: 2330:item-craft: fwf-mk01 --> item: fwf-mk01,,,True,item-craft: fwf-mk01 --> item: fwf-mk01,False,False,-3.3339227977349171e-30,8.0859504481507533e-31
1330,1791,entity-mine: dry-tree,entity-mine,dry-tree,False,,True,False,-3.3230743849609517e-30,8.0596391825776679e-31
1331,444,__pr_graph_lp_or_cost_row__: item: resistor1,,,True,node-cost:item: resistor1,False,False,-3.2991974371365429e-30,8.0017290782727854e-31
1332,53,__pr_graph_lp_explicit_zero_free_source__: 1929:room-autoplace: planet: nauvis --> entity: tree-05,,,True,explicit-zero:room-autoplace: planet: nauvis --> entity: tree-05,False,False,3.2984804545407036e-30,7.9999901400627947e-31
1333,583,__pr_graph_lp_or_to_or_and__: 1203:item: pump --> entity-build-item: pump,,,True,item: pump --> entity-build-item: pump,False,False,3.2960085809890966e-30,7.9939949661295618e-31
1334,239,__pr_graph_lp_or_cost_row__: entity: wooden-chest,,,True,node-cost:entity: wooden-chest,False,False,-3.2894012083428485e-30,7.9779697336777711e-31
1335,451,__pr_graph_lp_or_cost_row__: item: saps,,,True,node-cost:item: saps,False,False,3.2875343780267915e-30,7.9734420051289877e-31
1336,576,__pr_graph_lp_or_to_or_and__: 1173:item: burner-mining-drill --> entity-build-item: burner-mining-drill,,,True,item: burner-mining-drill --> entity-build-item: burner-mining-drill,False,False,-3.2337816610138977e-30,7.843072517714634e-31
1337,960,__pr_graph_lp_or_to_or_and__: 3480:item: vrauks --> recipe-py-module: vrauks-cocoon-1,,,True,item: vrauks --> recipe-py-module: vrauks-cocoon-1,False,False,3.2202883665148352e-30,7.8103464717558464e-31
1338,500,__pr_graph_lp_or_cost_row__: item: vacuum-tube,,,True,node-cost:item: vacuum-tube,False,False,-3.194299981863533e-30,7.7473153809757351e-31
1339,287,__pr_graph_lp_or_cost_row__: item: coal-gas-barrel,,,True,node-cost:item: coal-gas-barrel,False,False,3.1762754002778769e-30,7.7035993496239337e-31
1340,427,__pr_graph_lp_or_cost_row__: item: py-tank-5000,,,True,node-cost:item: py-tank-5000,False,False,3.1649411575216655e-30,7.6761097732737239e-31
1341,423,__pr_graph_lp_or_cost_row__: item: py-tank-10000,,,True,node-cost:item: py-tank-10000,False,False,3.1622170581329247e-30,7.6695028618334954e-31
1342,1838,entity-mine: py-local-radar,entity-mine,py-local-radar,False,,True,False,-3.1596513491056196e-30,7.6632801034441114e-31
1343,1222,__pr_graph_lp_or_to_or_and__: 4414:entity-build: boiler --> entity: boiler:noncoproduct-route,,,True,entity-build: boiler --> entity: boiler,False,False,3.1525413615345705e-30,7.6460358507500982e-31
1344,1646,__pr_graph_lp_or_to_or_and__: 912:item: olefin-plant --> entity-build-item: olefin-plant,,,True,item: olefin-plant --> entity-build-item: olefin-plant,False,False,-3.1509689862653285e-30,7.6422222805853591e-31
1345,1559,__pr_graph_lp_or_to_or_and__: 4899:entity-operate: reformer-mk01 --> recipe-category: reformer__1__0:noncoproduct-route,,,True,entity-operate: reformer-mk01 --> recipe-category: reformer__1__0,False,False,-3.1324435795066302e-30,7.597291569776925e-31
1346,1359,__pr_graph_lp_or_to_or_and__: 4631:fluid-temperature: methane: 15 --> fluid: methane:noncoproduct-route,,,True,fluid-temperature: methane: 15 --> fluid: methane,False,False,3.1163181777463676e-30,7.5581817260581105e-31
1347,480,__pr_graph_lp_or_cost_row__: item: storage-tank,,,True,node-cost:item: storage-tank,False,False,-3.0966201125509313e-30,7.5104069007973225e-31
1348,181,__pr_graph_lp_or_cost_row__: entity: quartz-rock,,,True,node-cost:entity: quartz-rock,False,False,-3.0965498299241065e-30,7.510236440390064e-31
1349,1329,__pr_graph_lp_or_to_or_and__: 4591:fluid-temperature: molten-glass: 10 --> fluid: molten-glass:noncoproduct-route,,,True,fluid-temperature: molten-glass: 10 --> fluid: molten-glass,False,False,3.0903816182551074e-30,7.495276329753094e-31
1350,56,__pr_graph_lp_explicit_zero_free_source__: 1944:room-autoplace: planet: nauvis --> entity: tree-07,,,True,explicit-zero:room-autoplace: planet: nauvis --> entity: tree-07,False,False,-3.0841872628355391e-30,7.4802528112076457e-31
1351,945,__pr_graph_lp_or_to_or_and__: 2446:item-craft: outpost-fluid --> item: outpost-fluid,,,True,item-craft: outpost-fluid --> item: outpost-fluid,False,False,-3.0764868384186945e-30,7.4615765388276619e-31
1352,1220,__pr_graph_lp_or_to_or_and__: 4410:entity-build: rc-mk01 --> entity: rc-mk01:noncoproduct-route,,,True,entity-build: rc-mk01 --> entity: rc-mk01,False,False,-3.0608843742706774e-30,7.4237350051077957e-31
1353,1112,__pr_graph_lp_or_to_or_and__: 4050:item: gunpowder --> energy-source-burner: chemical__biomass__nuke_2_1,,,True,item: gunpowder --> energy-source-burner: chemical__biomass__nuke_2_1,False,False,-3.0603553874628496e-30,7.422452023654618e-31
1354,901,__pr_graph_lp_or_to_or_and__: 2324:item-craft: retorter --> item: retorter,,,True,item-craft: retorter --> item: retorter,False,False,-3.0519733412196222e-30,7.402122575527357e-31
1355,434,__pr_graph_lp_or_cost_row__: item: radar,,,True,node-cost:item: radar,False,False,3.0501177481024686e-30,7.3976221011890104e-31
1356,1744,entity-build: seaweed-crop-mk01,entity-build,seaweed-crop-mk01,False,,False,False,-3.0398118760796383e-30,7.3726266902100262e-31
1357,94,__pr_graph_lp_or_cost_row__: entity: caravan,,,True,node-cost:entity: caravan,False,False,3.0300023141732248e-30,7.3488350080669318e-31
1358,1881,entity-mine: tree-03,entity-mine,tree-03,False,,True,False,3.0204271244714226e-30,7.3256117620118584e-31
1359,208,__pr_graph_lp_or_cost_row__: entity: stone-furnace,,,True,node-cost:entity: stone-furnace,False,False,3.0120137014744604e-30,7.3052062140792579e-31
1360,881,__pr_graph_lp_or_to_or_and__: 2271:item-craft: capacitor1 --> item: capacitor1,,,True,item-craft: capacitor1 --> item: capacitor1,False,False,3.0087856431050589e-30,7.297377022582547e-31
1361,1739,entity-build: rc-mk01,entity-build,rc-mk01,False,,False,False,3.0006535647829431e-30,7.2776538357115773e-31
1362,963,__pr_graph_lp_or_to_or_and__: 3483:item: vrauks --> recipe-py-module: vrauks-cocoon-4,,,True,item: vrauks --> recipe-py-module: vrauks-cocoon-4,False,False,2.9997401020052025e-30,7.2754383630671427e-31
1363,1194,__pr_graph_lp_or_to_or_and__: 4358:entity-build: wpu-mk01 --> entity: wpu-mk01:noncoproduct-route,,,True,entity-build: wpu-mk01 --> entity: wpu-mk01,False,False,2.9960766394126508e-30,7.2665531612225905e-31
1364,632,__pr_graph_lp_or_to_or_and__: 1565:fluid-craft-temperature: creosote: 10 --> fluid-create-temperature: creosote: 10,,,True,fluid-craft-temperature: creosote: 10 --> fluid-create-temperature: creosote: 10,False,False,2.993840329757892e-30,7.2611293136555789e-31
1365,1389,__pr_graph_lp_or_to_or_and__: 4671:fluid-temperature: formic-acid: 15 --> fluid: formic-acid:noncoproduct-route,,,True,fluid-temperature: formic-acid: 15 --> fluid: formic-acid,False,False,-2.9912509683527909e-30,7.2548491898242092e-31
1366,48,__pr_graph_lp_explicit_zero_free_source__: 1904:room-autoplace: planet: nauvis --> entity: tree-01,,,True,explicit-zero:room-autoplace: planet: nauvis --> entity: tree-01,False,False,-2.9818251755381284e-30,7.2319882844410138e-31
1367,767,__pr_graph_lp_or_to_or_and__: 1864:item-craft: electronic-circuit --> item: electronic-circuit,,,True,item-craft: electronic-circuit --> item: electronic-circuit,False,False,-2.9818128353150511e-30,7.231958355004018e-31
1368,479,__pr_graph_lp_or_cost_row__: item: stopper,,,True,node-cost:item: stopper,False,False,2.9791681484855677e-30,7.2255440473096081e-31
1369,1513,__pr_graph_lp_or_to_or_and__: 4841:entity-operate: genlab-mk01 --> recipe-category: genlab__3__0:noncoproduct-route,,,True,entity-operate: genlab-mk01 --> recipe-category: genlab__3__0,False,False,2.9728603075820335e-30,7.2102452860379173e-31
1370,1175,__pr_graph_lp_or_to_or_and__: 4157:entity-build: gun-turret --> entity: gun-turret:noncoproduct-route,,,True,entity-build: gun-turret --> entity: gun-turret,False,False,-2.9695600569683274e-30,7.2022410026312837e-31
1371,907,__pr_graph_lp_or_to_or_and__: 2342:item-craft: creature-chamber-mk01 --> item: creature-chamber-mk01,,,True,item-craft: creature-chamber-mk01 --> item: creature-chamber-mk01,False,False,2.967053435452051e-30,7.1961615525052491e-31
1372,310,__pr_graph_lp_or_cost_row__: item: empty-planter-box,,,True,node-cost:item: empty-planter-box,False,False,2.9628922377208307e-30,7.186069165638203e-31
1373,897,__pr_graph_lp_or_to_or_and__: 2309:item-craft: soot --> item: soot,,,True,item-craft: soot --> item: soot,False,False,2.9621568722608501e-30,7.1842856424340289e-31
1374,1084,__pr_graph_lp_or_to_or_and__: 4022:item: gunpowder --> energy-source-burner: chemical__jerry__biomass__nuke_2_1,,,True,item: gunpowder --> energy-source-burner: chemical__jerry__biomass__nuke_2_1,False,False,2.9555743036737429e-30,7.1683205686617556e-31
1375,1534,__pr_graph_lp_or_to_or_and__: 4868:entity-operate: clay-pit-mk01 --> recipe-category: clay__1__0:noncoproduct-route,,,True,entity-operate: clay-pit-mk01 --> recipe-category: clay__1__0,False,False,-2.9508950644948816e-30,7.1569717467391174e-31
1376,1618,__pr_graph_lp_or_to_or_and__: 4974:entity-operate: flora-collector-mk01 --> resource-category: ore-bioreserve__0__0:noncoproduct-route,,,True,entity-operate: flora-collector-mk01 --> resource-category: ore-bioreserve__0__0,False,False,-2.9439798260633672e-30,7.1401998300851494e-31
1377,1495,__pr_graph_lp_or_to_or_and__: 4818:entity-operate: botanical-nursery --> recipe-category: nursery__0__0:noncoproduct-route,,,True,entity-operate: botanical-nursery --> recipe-category: nursery__0__0,False,False,2.940582844679656e-30,7.1319609401022615e-31
1378,300,__pr_graph_lp_or_cost_row__: item: data-array,,,True,node-cost:item: data-array,False,False,-2.9388862539597137e-30,7.1278461032195457e-31
1379,482,__pr_graph_lp_or_cost_row__: item: sulfur,,,True,node-cost:item: sulfur,False,False,2.9366188519824097e-30,7.122346845694154e-31
1380,806,__pr_graph_lp_or_to_or_and__: 2012:item-craft: coke --> item: coke,,,True,item-craft: coke --> item: coke,False,False,2.9269187098497657e-30,7.0988205454817237e-31
1381,943,__pr_graph_lp_or_to_or_and__: 2442:item-craft: moondrop-codex --> item: moondrop-codex,,,True,item-craft: moondrop-codex --> item: moondrop-codex,False,False,2.9218482123407406e-30,7.0865227827280972e-31
1382,309,__pr_graph_lp_or_cost_row__: item: empty-petri-dish,,,True,node-cost:item: empty-petri-dish,False,False,-2.9108915861784633e-30,7.0599490611388394e-31
1383,1311,__pr_graph_lp_or_to_or_and__: 4567:fluid-temperature: muddy-sludge: 10 --> fluid: muddy-sludge:noncoproduct-route,,,True,fluid-temperature: muddy-sludge: 10 --> fluid: muddy-sludge,False,False,2.8711050979244123e-30,6.9634526537394958e-31
1384,1548,__pr_graph_lp_or_to_or_and__: 4885:entity-operate: pulp-mill-mk01 --> recipe-category: pulp__3__0:noncoproduct-route,,,True,entity-operate: pulp-mill-mk01 --> recipe-category: pulp__3__0,False,False,2.8649228608336884e-30,6.9484585264584812e-31
1385,207,__pr_graph_lp_or_cost_row__: entity: stone,,,True,node-cost:entity: stone,False,False,-2.8592709981698421e-30,6.9347507461011613e-31
1386,956,__pr_graph_lp_or_to_or_and__: 2567:item-craft: sap-tree --> item: sap-tree,,,True,item-craft: sap-tree --> item: sap-tree,False,False,2.8573604069501639e-30,6.9301168817718829e-31
1387,1240,__pr_graph_lp_or_to_or_and__: 4450:entity-build: borax-mine --> entity: borax-mine:noncoproduct-route,,,True,entity-build: borax-mine --> entity: borax-mine,False,False,2.8383445005130015e-30,6.8839965345094833e-31
1388,1749,entity-build: soil-extractor-mk01,entity-build,soil-extractor-mk01,False,,False,False,2.8295217366798633e-30,6.862598189227175e-31
1389,932,__pr_graph_lp_or_to_or_and__: 2404:item-craft: vrauks-codex --> item: vrauks-codex,,,True,item-craft: vrauks-codex --> item: vrauks-codex,False,False,-2.825793561137372e-30,6.8535560354259313e-31
1390,1406,__pr_graph_lp_or_to_or_and__: 4691:entity-operate: stone-furnace --> recipe-category: smelting__0__0:noncoproduct-route,,,True,entity-operate: stone-furnace --> recipe-category: smelting__0__0,False,False,2.8245984803437369e-30,6.8506575387704485e-31
1391,50,__pr_graph_lp_explicit_zero_free_source__: 1914:room-autoplace: planet: nauvis --> entity: tree-02-red,,,True,explicit-zero:room-autoplace: planet: nauvis --> entity: tree-02-red,False,False,2.8238465193668985e-30,6.8488337655259723e-31
1392,1461,__pr_graph_lp_or_to_or_and__: 4774:entity-operate: gasifier --> recipe-category: gasifier__1__1:noncoproduct-route,,,True,entity-operate: gasifier --> recipe-category: gasifier__1__1,False,False,2.8230964833058908e-30,6.8470146608881098e-31
1393,1322,__pr_graph_lp_or_to_or_and__: 4581:fluid-temperature: water-saline: 25 --> fluid-temperature-range: water-saline: 25: 25:noncoproduct-route,,,True,fluid-temperature: water-saline: 25 --> fluid-temperature-range: water-saline: 25: 25,False,False,2.8165450592628972e-30,6.8311251237301228e-31
1394,1500,__pr_graph_lp_or_to_or_and__: 4824:entity-operate: wpu-mk01 --> recipe-category: wpu__0__0:noncoproduct-route,,,True,entity-operate: wpu-mk01 --> recipe-category: wpu__0__0,False,False,-2.8106345054331801e-30,6.8167899251404349e-31
1395,1041,__pr_graph_lp_or_to_or_and__: 3979:item: coke --> energy-source-burner: chemical_2_1,,,True,item: coke --> energy-source-burner: chemical_2_1,False,False,-2.8039865244997033e-30,6.800666203125976e-31
1396,1395,__pr_graph_lp_or_to_or_and__: 4678:entity-operate: assembling-machine-1 --> recipe-category: advanced-crafting__0__0:noncoproduct-route,,,True,entity-operate: assembling-machine-1 --> recipe-category: advanced-crafting__0__0,False,False,2.7990211059118261e-30,6.7886232941890382e-31
1397,1708,entity-build: moondrop-greenhouse-mk01,entity-build,moondrop-greenhouse-mk01,False,,False,False,2.7937581864161149e-30,6.775858839570041e-31
1398,226,__pr_graph_lp_or_cost_row__: entity: tree-08,,,True,node-cost:entity: tree-08,False,False,-2.7883019181041038e-30,6.7626254451936891e-31
1399,846,__pr_graph_lp_or_to_or_and__: 2173:item-craft: py-tank-4000 --> item: py-tank-4000,,,True,item-craft: py-tank-4000 --> item: py-tank-4000,False,False,-2.787280716361374e-30,6.7601486671786469e-31
1400,366,__pr_graph_lp_or_cost_row__: item: log,,,True,node-cost:item: log,False,False,-2.7824280977191571e-30,6.7483793382933475e-31
1401,524,__pr_graph_lp_or_to_or_and__: 1022:item: micro-mine-mk01 --> entity-build-item: micro-mine-mk01,,,True,item: micro-mine-mk01 --> entity-build-item: micro-mine-mk01,False,False,2.7814010293161844e-30,6.7458883315373e-31
1402,213,__pr_graph_lp_or_cost_row__: entity: tar-processing-unit,,,True,node-cost:entity: tar-processing-unit,False,False,2.7777467674059158e-30,6.7370254446249003e-31
1403,796,__pr_graph_lp_or_to_or_and__: 1944:item-craft: underground-belt --> item: underground-belt,,,True,item-craft: underground-belt --> item: underground-belt,False,False,-2.775458728323107e-30,6.7314761347669772e-31
1404,4,__pr_graph_lp_explicit_zero_free_source__: 1535:room-autoplace: planet: nauvis --> entity: copper-ore,,,True,explicit-zero:room-autoplace: planet: nauvis --> entity: copper-ore,False,False,2.7435758098889632e-30,6.6541486997177698e-31
1405,1652,__pr_graph_lp_or_to_or_and__: 936:item: botanical-nursery --> entity-build-item: botanical-nursery,,,True,item: botanical-nursery --> entity-build-item: botanical-nursery,False,False,-2.7400665175956865e-30,6.6456374157699858e-31
1406,169,__pr_graph_lp_or_cost_row__: entity: py-sinkhole,,,True,node-cost:entity: py-sinkhole,False,False,2.7348200505743324e-30,6.6329128642622695e-31
1407,920,__pr_graph_lp_or_to_or_and__: 2377:item-craft: petri-dish-bacteria --> item: petri-dish-bacteria,,,True,item-craft: petri-dish-bacteria --> item: petri-dish-bacteria,False,False,-2.7152188813869355e-30,6.5853730463388338e-31
1408,1731,entity-build: py-tank-5000,entity-build,py-tank-5000,False,,False,False,-2.7139720834622661e-30,6.582349117217084e-31
1409,1808,entity-mine: inserter,entity-mine,inserter,False,,True,False,2.7036088250662567e-30,6.5572145238400434e-31
1410,1370,__pr_graph_lp_or_to_or_and__: 4645:fluid-temperature: condensates: 10 --> fluid-temperature-range: condensates: 10: 10:noncoproduct-route,,,True,fluid-temperature: condensates: 10 --> fluid-temperature-range: condensates: 10: 10,False,False,2.6950957980199701e-30,6.5365674006052741e-31
1411,5,__pr_graph_lp_explicit_zero_free_source__: 1540:room-autoplace: planet: nauvis --> entity: stone,,,True,explicit-zero:room-autoplace: planet: nauvis --> entity: stone,False,False,-2.6887154881950306e-30,6.5210928763831293e-31
1412,1209,__pr_graph_lp_or_to_or_and__: 4388:entity-build: moss-farm-mk01 --> entity: moss-farm-mk01:noncoproduct-route,,,True,entity-build: moss-farm-mk01 --> entity: moss-farm-mk01,False,False,-2.675081922864392e-30,6.488026623688235e-31
1413,579,__pr_graph_lp_or_to_or_and__: 1186:item: fluid-drill-mk01 --> entity-build-item: fluid-drill-mk01,,,True,item: fluid-drill-mk01 --> entity-build-item: fluid-drill-mk01,False,False,2.6737831591926977e-30,6.4848766591178755e-31
1414,322,__pr_graph_lp_or_cost_row__: item: formica,,,True,node-cost:item: formica,False,False,-2.6580602665123238e-30,6.446743043306055e-31
1415,927,__pr_graph_lp_or_to_or_and__: 2393:item-craft: py-science-pack-1 --> item: py-science-pack-1,,,True,item-craft: py-science-pack-1 --> item: py-science-pack-1,False,False,2.6493592849680006e-30,6.4256400634573698e-31
1416,908,__pr_graph_lp_or_to_or_and__: 2345:item-craft: vrauks-paddock-mk01 --> item: vrauks-paddock-mk01,,,True,item-craft: vrauks-paddock-mk01 --> item: vrauks-paddock-mk01,False,False,-2.6365010426903385e-30,6.3944542453640017e-31
1417,817,__pr_graph_lp_or_to_or_and__: 2050:item-craft: log --> item: log,,,True,item-craft: log --> item: log,False,False,-2.6359861577464411e-30,6.3932054659544483e-31
1418,219,__pr_graph_lp_or_cost_row__: entity: tree-02-red,,,True,node-cost:entity: tree-02-red,False,False,2.6350171914550352e-30,6.3908553775170197e-31
1419,1503,__pr_graph_lp_or_to_or_and__: 4828:entity-operate: glassworks-mk01 --> recipe-category: glassworks__0__1:noncoproduct-route,,,True,entity-operate: glassworks-mk01 --> recipe-category: glassworks__0__1,False,False,2.6307494084457398e-30,6.3805044833811184e-31
1420,627,__pr_graph_lp_or_to_or_and__: 1552:fluid-create-temperature: coal-gas: 15 --> fluid-create: coal-gas,,,True,fluid-create-temperature: coal-gas: 15 --> fluid-create: coal-gas,False,False,-2.6298408334050912e-30,6.3783008652403188e-31
1421,1833,entity-mine: poorman-wood-fence,entity-mine,poorman-wood-fence,False,,True,False,-2.6286202000288956e-30,6.3753403944693753e-31
1422,1256,__pr_graph_lp_or_to_or_and__: 4482:entity-build: py-tank-4000 --> entity: py-tank-4000:noncoproduct-route,,,True,entity-build: py-tank-4000 --> entity: py-tank-4000,False,False,2.62457473223189e-30,6.3655286939199809e-31
1423,835,__pr_graph_lp_or_to_or_and__: 2141:item-craft: botanical-nursery --> item: botanical-nursery,,,True,item-craft: botanical-nursery --> item: botanical-nursery,False,False,-2.6241913078030721e-30,6.3645987530904752e-31
1424,1076,__pr_graph_lp_or_to_or_and__: 4014:item: treated-wood --> energy-source-burner: jerry__chemical__biomass_2_1,,,True,item: treated-wood --> energy-source-burner: jerry__chemical__biomass_2_1,False,False,2.5917066288549291e-30,6.2858118344260031e-31
1425,856,__pr_graph_lp_or_to_or_and__: 2203:item-craft: py-sinkhole --> item: py-sinkhole,,,True,item-craft: py-sinkhole --> item: py-sinkhole,False,False,-2.59015734396619e-30,6.2820542666596097e-31
1426,1464,__pr_graph_lp_or_to_or_and__: 4777:entity-operate: gasifier --> recipe-category: gasifier__0__2:noncoproduct-route,,,True,entity-operate: gasifier --> recipe-category: gasifier__0__2,False,False,2.5802763990939506e-30,6.2580894553951983e-31
1427,174,__pr_graph_lp_or_cost_row__: entity: py-tank-4000,,,True,node-cost:entity: py-tank-4000,False,False,-2.5705098476542022e-30,6.2344020889556462e-31
1428,1227,__pr_graph_lp_or_to_or_and__: 4424:entity-build: outpost --> entity: outpost:noncoproduct-route,,,True,entity-build: outpost --> entity: outpost,False,False,-2.5678004541852739e-30,6.2278308446097421e-31
1429,1116,__pr_graph_lp_or_to_or_and__: 4054:item: log --> energy-source-burner: chemical__biomass__nuke_2_1,,,True,item: log --> energy-source-burner: chemical__biomass__nuke_2_1,False,False,-2.5541353089692006e-30,6.1946879994427739e-31
1430,97,__pr_graph_lp_or_cost_row__: entity: chromium-rock,,,True,node-cost:entity: chromium-rock,False,False,2.548569888027616e-30,6.1811898710556002e-31
1431,885,__pr_graph_lp_or_to_or_and__: 2279:item-craft: pcb1 --> item: pcb1,,,True,item-craft: pcb1 --> item: pcb1,False,False,-2.5444286318423568e-30,6.1711458495414078e-31
1432,235,__pr_graph_lp_or_cost_row__: entity: vacuum-pump-mk01,,,True,node-cost:entity: vacuum-pump-mk01,False,False,2.5368866939799947e-30,6.1528539635146758e-31
1433,88,__pr_graph_lp_or_cost_row__: entity: borax,,,True,node-cost:entity: borax,False,False,2.5297281451288694e-30,6.1354919324171975e-31
1434,755,__pr_graph_lp_or_to_or_and__: 1823:item-craft: shotgun --> item: shotgun,,,True,item-craft: shotgun --> item: shotgun,False,False,2.526627460343446e-30,6.1279716672367014e-31
1435,1323,__pr_graph_lp_or_to_or_and__: 4583:fluid-temperature: aromatics: 10 --> fluid: aromatics:noncoproduct-route,,,True,fluid-temperature: aromatics: 10 --> fluid: aromatics,False,False,-2.5230508657448481e-30,6.1192971512230026e-31
1436,1400,__pr_graph_lp_or_to_or_and__: 4683:entity-operate: assembling-machine-1 --> recipe-category: crafting-with-fluid__0__1:noncoproduct-route,,,True,entity-operate: assembling-machine-1 --> recipe-category: crafting-with-fluid__0__1,False,False,-2.5223436141530741e-30,6.1175818141644043e-31
1437,170,__pr_graph_lp_or_cost_row__: entity: py-tank-1000,,,True,node-cost:entity: py-tank-1000,False,False,2.5219566937679607e-30,6.1166433943954971e-31
1438,1633,__pr_graph_lp_or_to_or_and__: 4999:logic-and: smart-farm-yotoi-tree-fruit-recipe-yotoi-fruit-super-2 --> logic-or: smart-farm-yotoi-tree-fruit-recipe:noncoproduct-route,,,True,logic-and: smart-farm-yotoi-tree-fruit-recipe-yotoi-fruit-super-2 --> logic-or: smart-farm-yotoi-tree-fruit-recipe,False,False,2.5133973455339855e-30,6.0958839257793028e-31
1439,1114,__pr_graph_lp_or_to_or_and__: 4052:item: kerogen --> energy-source-burner: chemical__biomass__nuke_2_1,,,True,item: kerogen --> energy-source-burner: chemical__biomass__nuke_2_1,False,False,-2.5098844738460374e-30,6.0873639605243308e-31
1440,1484,__pr_graph_lp_or_to_or_and__: 4801:entity-operate: evaporator --> recipe-category: evaporator__2__1:noncoproduct-route,,,True,entity-operate: evaporator --> recipe-category: evaporator__2__1,False,False,-2.5091254038468602e-30,6.0855229453681926e-31
1441,1750,entity-build: solid-separator,entity-build,solid-separator,False,,False,False,2.5056792790962677e-30,6.0771648652139766e-31
1442,68,__pr_graph_lp_explicit_zero_free_source__: 2004:room-autoplace: planet: nauvis --> entity: small-worm-turret,,,True,explicit-zero:room-autoplace: planet: nauvis --> entity: small-worm-turret,False,False,-2.4953066171451641e-30,6.0520074648659464e-31
1443,1693,entity-build: fluid-drill-mk01,entity-build,fluid-drill-mk01,False,,False,False,-2.4912597471451904e-30,6.0421923634748385e-31
1444,1085,__pr_graph_lp_or_to_or_and__: 4023:item: raw-coal --> energy-source-burner: chemical__jerry__biomass__nuke_2_1,,,True,item: raw-coal --> energy-source-burner: chemical__jerry__biomass__nuke_2_1,False,False,-2.4854481374277285e-30,6.0280971396048334e-31
1445,807,__pr_graph_lp_or_to_or_and__: 2018:item-craft: iron-oxide --> item: iron-oxide,,,True,item-craft: iron-oxide --> item: iron-oxide,False,False,-2.4842393436061977e-30,6.0251653839716281e-31
1446,1439,__pr_graph_lp_or_to_or_and__: 4750:entity-operate: advanced-foundry-mk01 --> recipe-category: advanced-foundry__1__0:noncoproduct-route,,,True,entity-operate: advanced-foundry-mk01 --> recipe-category: advanced-foundry__1__0,False,False,2.4829285960603214e-30,6.0219863542372892e-31
1447,821,__pr_graph_lp_or_to_or_and__: 2099:item-craft: distilator --> item: distilator,,,True,item-craft: distilator --> item: distilator,False,False,-2.4706218166798406e-30,5.9921380301205759e-31
1448,545,__pr_graph_lp_or_to_or_and__: 1072:item: rc-mk01 --> entity-build-item: rc-mk01,,,True,item: rc-mk01 --> entity-build-item: rc-mk01,False,False,-2.4621811911604155e-30,5.9716665063804824e-31
1449,909,__pr_graph_lp_or_to_or_and__: 2348:item-craft: slaughterhouse-mk01 --> item: slaughterhouse-mk01,,,True,item-craft: slaughterhouse-mk01 --> item: slaughterhouse-mk01,False,False,2.4592652974599652e-30,5.9645944254103009e-31
1450,1215,__pr_graph_lp_or_to_or_and__: 4400:entity-build: vrauks-paddock-mk01 --> entity: vrauks-paddock-mk01:noncoproduct-route,,,True,entity-build: vrauks-paddock-mk01 --> entity: vrauks-paddock-mk01,False,False,2.4474162313726073e-30,5.9358562190834076e-31
1451,1634,__pr_graph_lp_or_to_or_and__: 5001:logic-and: smart-farm-yotoi-tree-fruit-recipe-yotoi-fruit-super-3 --> logic-or: smart-farm-yotoi-tree-fruit-recipe:noncoproduct-route,,,True,logic-and: smart-farm-yotoi-tree-fruit-recipe-yotoi-fruit-super-3 --> logic-or: smart-farm-yotoi-tree-fruit-recipe,False,False,-2.4429788392916672e-30,5.9250939625278941e-31
1452,1762,entity-build: vrauks-paddock-mk01,entity-build,vrauks-paddock-mk01,False,,False,False,-2.4428385613614879e-30,5.9247537385751473e-31
1453,1572,__pr_graph_lp_or_to_or_and__: 4917:entity-operate: seaweed-crop-mk01 --> recipe-category: seaweed__3__0:noncoproduct-route,,,True,entity-operate: seaweed-crop-mk01 --> recipe-category: seaweed__3__0,False,False,-2.4356104021979198e-30,5.9072228776722889e-31
1454,1730,entity-build: py-tank-4000,entity-build,py-tank-4000,False,,False,False,-2.4351800183846495e-30,5.9061790436068591e-31
1455,1502,__pr_graph_lp_or_to_or_and__: 4827:entity-operate: glassworks-mk01 --> recipe-category: glassworks__1__0:noncoproduct-route,,,True,entity-operate: glassworks-mk01 --> recipe-category: glassworks__1__0,False,False,2.4351078095573887e-30,5.9060039114773609e-31
1456,872,__pr_graph_lp_or_to_or_and__: 2250:item-craft: sodium-hydroxide --> item: sodium-hydroxide,,,True,item-craft: sodium-hydroxide --> item: sodium-hydroxide,False,False,-2.4255119129984846e-30,5.8827304439172853e-31
1457,539,__pr_graph_lp_or_to_or_and__: 1059:item: sap-extractor-mk01 --> entity-build-item: sap-extractor-mk01,,,True,item: sap-extractor-mk01 --> entity-build-item: sap-extractor-mk01,False,False,-2.4197463932455714e-30,5.8687470046302193e-31
1458,540,__pr_graph_lp_or_to_or_and__: 1062:item: sap-tree --> entity-operate-py-module: sap-extractor-mk01,,,True,item: sap-tree --> entity-operate-py-module: sap-extractor-mk01,False,False,2.4177779231762336e-30,5.8639727634719818e-31
1459,420,__pr_graph_lp_or_cost_row__: item: py-science-pack-1,,,True,node-cost:item: py-science-pack-1,False,False,-2.4159173654866795e-30,5.859460248277005e-31
1460,86,__pr_graph_lp_or_cost_row__: entity: bitumen-seep,,,True,node-cost:entity: bitumen-seep,False,False,-2.4137853620683069e-30,5.8542893804908753e-31
1461,775,__pr_graph_lp_or_to_or_and__: 1887:item-craft: boiler --> item: boiler,,,True,item-craft: boiler --> item: boiler,False,False,2.4036251559159288e-30,5.8296472611391788e-31
1462,267,__pr_graph_lp_or_cost_row__: item: burner-inserter,,,True,node-cost:item: burner-inserter,False,False,-2.4011603384115489e-30,5.8236692006340914e-31
1463,1757,entity-build: tailings-pond,entity-build,tailings-pond,False,,False,False,-2.4009612053773104e-30,5.8231862320876881e-31
1464,964,__pr_graph_lp_or_to_or_and__: 3484:item: vrauks --> recipe-py-module: vrauks-cocoon-5,,,True,item: vrauks --> recipe-py-module: vrauks-cocoon-5,False,False,-2.399078262298613e-30,5.8186194243495548e-31
1465,408,__pr_graph_lp_or_cost_row__: item: planter-box,,,True,node-cost:item: planter-box,False,False,-2.3931849609609566e-30,5.8043260691990735e-31
1466,534,__pr_graph_lp_or_to_or_and__: 1051:item: data-array --> entity-build-item: data-array,,,True,item: data-array --> entity-build-item: data-array,False,False,2.380863362806964e-30,5.7744418042776126e-31
1467,511,__pr_graph_lp_or_cost_row__: item: wpu-mk01,,,True,node-cost:item: wpu-mk01,False,False,-2.3786230551752895e-30,5.7690082601923559e-31
1468,190,__pr_graph_lp_or_cost_row__: entity: research-center-mk01,,,True,node-cost:entity: research-center-mk01,False,False,-2.3728978401532555e-30,5.7551225742356722e-31
1469,1617,__pr_graph_lp_or_to_or_and__: 4972:entity-operate: borax-mine --> resource-category: borax__0__0:noncoproduct-route,,,True,entity-operate: borax-mine --> resource-category: borax__0__0,False,False,2.3704844508636417e-30,5.7492692454719794e-31
1470,1737,entity-build: quenching-tower,entity-build,quenching-tower,False,,False,False,2.3703727667354139e-30,5.7489983716751083e-31
1471,1823,entity-mine: ore-nickel,entity-mine,ore-nickel,False,,True,False,2.3695689379430451e-30,5.7470488005007834e-31
1472,1533,__pr_graph_lp_or_to_or_and__: 4866:entity-operate: smelter-mk01 --> recipe-category: py-rawores-smelter__3__1:noncoproduct-route,,,True,entity-operate: smelter-mk01 --> recipe-category: py-rawores-smelter__3__1,False,False,2.3439664845732773e-30,5.6849537305610463e-31
1473,1450,__pr_graph_lp_or_to_or_and__: 4762:entity-operate: distilator --> recipe-category: distilator__2__2:noncoproduct-route,,,True,entity-operate: distilator --> recipe-category: distilator__2__2,False,False,2.3409192190549963e-30,5.6775630261332414e-31
1474,1486,__pr_graph_lp_or_to_or_and__: 4803:entity-operate: evaporator --> recipe-category: evaporator__0__0:noncoproduct-route,,,True,entity-operate: evaporator --> recipe-category: evaporator__0__0,False,False,2.3398362291126823e-30,5.6749363897230207e-31
1475,51,__pr_graph_lp_explicit_zero_free_source__: 1919:room-autoplace: planet: nauvis --> entity: tree-03,,,True,explicit-zero:room-autoplace: planet: nauvis --> entity: tree-03,False,False,-2.3388961851522557e-30,5.6726564482413949e-31
1476,826,__pr_graph_lp_or_to_or_and__: 2114:item-craft: hpf --> item: hpf,,,True,item-craft: hpf --> item: hpf,False,False,2.3332724541767938e-30,5.659016897249929e-31
1477,1172,__pr_graph_lp_or_to_or_and__: 4153:item: dried-meat --> logic-or: workers-food-or-meat,,,True,item: dried-meat --> logic-or: workers-food-or-meat,False,False,-2.3285482279406824e-30,5.6475589656874454e-31
1478,262,__pr_graph_lp_or_cost_row__: item: boiler,,,True,node-cost:item: boiler,False,False,2.3244661717357169e-30,5.637658525214636e-31
1479,126,__pr_graph_lp_or_cost_row__: entity: incubator-mk01,,,True,node-cost:entity: incubator-mk01,False,False,2.3104567698154265e-30,5.6036807349032772e-31
1480,323,__pr_graph_lp_or_cost_row__: item: fwf-mk01,,,True,node-cost:item: fwf-mk01,False,False,-2.2969101434425365e-30,5.5708253401517181e-31
1481,594,__pr_graph_lp_or_to_or_and__: 1376:item: py-tank-5000 --> entity-build-item: py-tank-5000,,,True,item: py-tank-5000 --> entity-build-item: py-tank-5000,False,False,-2.2910590925168921e-30,5.556634457301489e-31
1482,988,__pr_graph_lp_or_to_or_and__: 3926:item: raw-coal --> energy-source-burner: chemical__biomass__jerry_2_1,,,True,item: raw-coal --> energy-source-burner: chemical__biomass__jerry_2_1,False,False,-2.2901682632174812e-30,5.5544738789048646e-31
1483,1741,entity-build: research-center-mk01,entity-build,research-center-mk01,False,,False,False,2.2853125404668481e-30,5.5426970214508609e-31
1484,805,__pr_graph_lp_or_to_or_and__: 2009:item-craft: gravel --> item: gravel,,,True,item-craft: gravel --> item: gravel,False,False,-2.2852737842809711e-30,5.5426030238937572e-31
1485,837,__pr_graph_lp_or_to_or_and__: 2147:item-craft: glassworks-mk01 --> item: glassworks-mk01,,,True,item-craft: glassworks-mk01 --> item: glassworks-mk01,False,False,-2.2814704734679717e-30,5.5333786402956356e-31
1486,2489,recipe: steel-from-barrels,recipe,steel-from-barrels,False,,True,True,-2.2804419867437739e-30,5.5308841936053601e-31
1487,861,__pr_graph_lp_or_to_or_and__: 2217:item-craft: ore-titanium --> item: ore-titanium,,,True,item-craft: ore-titanium --> item: ore-titanium,False,False,-2.2785260738516104e-30,5.5262374223245332e-31
1488,1386,__pr_graph_lp_or_to_or_and__: 4667:fluid-temperature: creamy-latex: 10 --> fluid: creamy-latex:noncoproduct-route,,,True,fluid-temperature: creamy-latex: 10 --> fluid: creamy-latex,False,False,-2.2771067105893681e-30,5.5227949607851675e-31
1489,111,__pr_graph_lp_or_cost_row__: entity: electronics-factory-mk01,,,True,node-cost:entity: electronics-factory-mk01,False,False,2.2765672073051384e-30,5.5214864731303666e-31
1490,1278,__pr_graph_lp_or_to_or_and__: 4523:tile-fluid: water --> fluid-create-offshore-temperature: water: 15:noncoproduct-route,,,True,tile-fluid: water --> fluid-create-offshore-temperature: water: 15,False,False,2.2761798460491852e-30,5.5205469840926184e-31
1491,157,__pr_graph_lp_or_cost_row__: entity: pcb-factory-mk01,,,True,node-cost:entity: pcb-factory-mk01,False,False,2.2726843641953015e-30,5.5120691953801398e-31
1492,1642,__pr_graph_lp_or_to_or_and__: 896:item: tar-processing-unit --> entity-build-item: tar-processing-unit,,,True,item: tar-processing-unit --> entity-build-item: tar-processing-unit,False,False,2.2700503018329274e-30,5.5056806558032888e-31
1493,1515,__pr_graph_lp_or_to_or_and__: 4843:entity-operate: genlab-mk01 --> recipe-category: genlab__2__0:noncoproduct-route,,,True,entity-operate: genlab-mk01 --> recipe-category: genlab__2__0,False,False,-2.2639887447892326e-30,5.4909792206269085e-31
1494,1083,__pr_graph_lp_or_to_or_and__: 4021:item: coal-dust --> energy-source-burner: chemical__jerry__biomass__nuke_2_1,,,True,item: coal-dust --> energy-source-burner: chemical__jerry__biomass__nuke_2_1,False,False,-2.2516755653982819e-30,5.4611153742048907e-31
1495,172,__pr_graph_lp_or_cost_row__: entity: py-tank-1500,,,True,node-cost:entity: py-tank-1500,False,False,2.2486311275902544e-30,5.4537315279817829e-31
1496,401,__pr_graph_lp_or_cost_row__: item: pcb1,,,True,node-cost:item: pcb1,False,False,-2.2457093605097396e-30,5.4466452019726349e-31
1497,114,__pr_graph_lp_or_cost_row__: entity: flora-collector-mk01,,,True,node-cost:entity: flora-collector-mk01,False,False,-2.2293077436289868e-30,5.4068654381888352e-31
1498,113,__pr_graph_lp_or_cost_row__: entity: fish,,,True,node-cost:entity: fish,False,False,2.2222800678045342e-30,5.389820820802734e-31
1499,824,__pr_graph_lp_or_to_or_and__: 2108:item-craft: tailings-pond --> item: tailings-pond,,,True,item-craft: tailings-pond --> item: tailings-pond,False,False,-2.2201409613035948e-30,5.3846327255110069e-31
1500,2,__pr_graph_lp_explicit_zero_free_source__: 1126:room-autoplace: planet: nauvis --> entity: seaweed,,,True,explicit-zero:room-autoplace: planet: nauvis --> entity: seaweed,False,False,-2.2132879780674023e-30,5.3680117998832418e-31
1501,720,__pr_graph_lp_or_to_or_and__: 1780:item: coal --> fuel-category: chemical__1,,,True,item: coal --> fuel-category: chemical__1,False,False,2.2068814350607755e-30,5.3524736508502992e-31
1502,1250,__pr_graph_lp_or_to_or_and__: 4470:entity-build: splitter --> entity: splitter:noncoproduct-route,,,True,entity-build: splitter --> entity: splitter,False,False,-2.1988706389963033e-30,5.3330446166592343e-31
1503,32,__pr_graph_lp_explicit_zero_free_source__: 1651:room-autoplace: planet: nauvis --> entity: uranium-rock,,,True,explicit-zero:room-autoplace: planet: nauvis --> entity: uranium-rock,False,False,2.1978067778025505e-30,5.3304643742786245e-31
1504,231,__pr_graph_lp_or_cost_row__: entity: tree-09-red,,,True,node-cost:entity: tree-09-red,False,False,-2.190953473137592e-30,5.3138426690715978e-31
1505,449,__pr_graph_lp_or_cost_row__: item: sap-seeds,,,True,node-cost:item: sap-seeds,False,False,2.1851216087099753e-30,5.2996983203140087e-31
1506,1694,entity-build: fluidavan,entity-build,fluidavan,False,,False,False,2.1753344058109738e-30,5.2759608667289726e-31
1507,957,__pr_graph_lp_or_to_or_and__: 2570:item-craft: vrauks --> item: vrauks,,,True,item-craft: vrauks --> item: vrauks,False,False,-2.1673706768300115e-30,5.2566459869824132e-31
1508,473,__pr_graph_lp_or_cost_row__: item: steel-chest,,,True,node-cost:item: steel-chest,False,False,2.1638356849863095e-30,5.2480723724697405e-31
1509,1690,entity-build: electronics-factory-mk01,entity-build,electronics-factory-mk01,False,,False,False,2.1519393156825033e-30,5.2192194389918467e-31
1510,1539,__pr_graph_lp_or_to_or_and__: 4874:entity-operate: moondrop-greenhouse-mk01 --> recipe-category: moon__1__2:noncoproduct-route,,,True,entity-operate: moondrop-greenhouse-mk01 --> recipe-category: moon__1__2,False,False,2.1519191383025427e-30,5.2191705016575313e-31
1511,1416,__pr_graph_lp_or_to_or_and__: 4707:item-burn: gunpowder --> item: ash:noncoproduct-route,,,True,item-burn: gunpowder --> item: ash,False,False,2.1512244515279443e-30,5.2174856387566255e-31
1512,939,__pr_graph_lp_or_to_or_and__: 2433:item-craft: stopper --> item: stopper,,,True,item-craft: stopper --> item: stopper,False,False,2.1477147683525335e-30,5.2089734067804198e-31
1513,1456,__pr_graph_lp_or_to_or_and__: 4768:entity-operate: distilator --> recipe-category: distilator__4__0:noncoproduct-route,,,True,entity-operate: distilator --> recipe-category: distilator__4__0,False,False,2.1474638420493324e-30,5.2083648211061503e-31
1514,248,__pr_graph_lp_or_cost_row__: item: anthracene-oil-barrel,,,True,node-cost:item: anthracene-oil-barrel,False,False,-2.1460394554098776e-30,5.2049101760875363e-31
1515,130,__pr_graph_lp_or_cost_row__: entity: iron-rock,,,True,node-cost:entity: iron-rock,False,False,2.1441851576012559e-30,5.2004128433338156e-31
1516,889,__pr_graph_lp_or_to_or_and__: 2287:item-craft: clay-pit-mk01 --> item: clay-pit-mk01,,,True,item-craft: clay-pit-mk01 --> item: clay-pit-mk01,False,False,2.1404524292872571e-30,5.1913596474398045e-31
1517,202,__pr_graph_lp_or_cost_row__: entity: solid-separator,,,True,node-cost:entity: solid-separator,False,False,-2.138764655258477e-30,5.187266194173981e-31
1518,747,__pr_graph_lp_or_to_or_and__: 1807:item: cellulose --> fuel-category: biomass__0,,,True,item: cellulose --> fuel-category: biomass__0,False,False,-2.1346399611658033e-30,5.1772623416343239e-31
1519,1600,__pr_graph_lp_or_to_or_and__: 4950:entity-operate: rc-mk01 --> recipe-category: rc__1__0:noncoproduct-route,,,True,entity-operate: rc-mk01 --> recipe-category: rc__1__0,False,False,2.1283483665886888e-30,5.1620029834917281e-31
1520,1778,entity-mine: burner-mining-drill,entity-mine,burner-mining-drill,False,,True,False,2.1247192356524931e-30,5.1532010481440154e-31
1521,1686,entity-build: creature-chamber-mk01,entity-build,creature-chamber-mk01,False,,False,False,-2.1233728251648292e-30,5.149935523071414e-31
1522,942,__pr_graph_lp_or_to_or_and__: 2439:item-craft: planter-box --> item: planter-box,,,True,item-craft: planter-box --> item: planter-box,False,False,-2.1227242133777116e-30,5.1483624084287223e-31
1523,1621,__pr_graph_lp_or_to_or_and__: 4978:entity-operate: offshore-pump --> tile-fluid-pump: water:noncoproduct-route,,,True,entity-operate: offshore-pump --> tile-fluid-pump: water,False,False,-2.1214496599348764e-30,5.1452711622879033e-31
1524,1326,__pr_graph_lp_or_to_or_and__: 4587:fluid-temperature: slacked-lime: 10 --> fluid: slacked-lime:noncoproduct-route,,,True,fluid-temperature: slacked-lime: 10 --> fluid: slacked-lime,False,False,2.1185724360235349e-30,5.1382928693318857e-31
1525,320,__pr_graph_lp_or_cost_row__: item: fluidavan,,,True,node-cost:item: fluidavan,False,False,-2.0822237854929154e-30,5.0501344430937545e-31
1526,295,__pr_graph_lp_or_cost_row__: item: copper-ore,,,True,node-cost:item: copper-ore,False,False,2.0820781463574942e-30,5.0497812163084406e-31
1527,1553,__pr_graph_lp_or_to_or_and__: 4892:entity-operate: pcb-factory-mk01 --> recipe-category: pcb__0__0:noncoproduct-route,,,True,entity-operate: pcb-factory-mk01 --> recipe-category: pcb__0__0,False,False,2.0737378381044156e-30,5.0295529976758695e-31
1528,1893,entity-mine: underground-belt,entity-mine,underground-belt,False,,True,False,-2.0730425361582597e-30,5.0278666427647902e-31
1529,414,__pr_graph_lp_or_cost_row__: item: pulp-mill-mk01,,,True,node-cost:item: pulp-mill-mk01,False,False,-2.0698587990637159e-30,5.0201449461484462e-31
1530,333,__pr_graph_lp_or_cost_row__: item: graphite,,,True,node-cost:item: graphite,False,False,2.0661637220539564e-30,5.0111830680799698e-31
1531,1648,__pr_graph_lp_or_to_or_and__: 920:item: solid-separator --> entity-build-item: solid-separator,,,True,item: solid-separator --> entity-build-item: solid-separator,False,False,-2.0627828785027992e-30,5.0029833180899038e-31
1532,924,__pr_graph_lp_or_to_or_and__: 2385:item-craft: bio-sample --> item: bio-sample,,,True,item-craft: bio-sample --> item: bio-sample,False,False,-2.0618988151817843e-30,5.0008391496011757e-31
1533,967,__pr_graph_lp_or_to_or_and__: 3489:item: vrauks --> recipe-py-module: vrauks-mk04,,,True,item: vrauks --> recipe-py-module: vrauks-mk04,False,False,-2.0531601458665987e-30,4.9796447634824048e-31
1534,823,__pr_graph_lp_or_to_or_and__: 2105:item-craft: tar-processing-unit --> item: tar-processing-unit,,,True,item-craft: tar-processing-unit --> item: tar-processing-unit,False,False,-2.0523150307703783e-30,4.9775950583135678e-31
1535,1598,__pr_graph_lp_or_to_or_and__: 4948:entity-operate: rc-mk01 --> recipe-category: rc__3__0:noncoproduct-route,,,True,entity-operate: rc-mk01 --> recipe-category: rc__3__0,False,False,2.0489695171364889e-30,4.9694809959586684e-31
1536,1205,__pr_graph_lp_or_to_or_and__: 4380:entity-build: pcb-factory-mk01 --> entity: pcb-factory-mk01:noncoproduct-route,,,True,entity-build: pcb-factory-mk01 --> entity: pcb-factory-mk01,False,False,-2.044633753773638e-30,4.958965225248339e-31
1537,891,__pr_graph_lp_or_to_or_and__: 2293:item-craft: electronics-factory-mk01 --> item: electronics-factory-mk01,,,True,item-craft: electronics-factory-mk01 --> item: electronics-factory-mk01,False,False,2.0415309079069119e-30,4.9514397186758279e-31
1538,640,__pr_graph_lp_or_to_or_and__: 1592:fluid-craft-temperature: muddy-sludge: 10 --> fluid-craft-temperature: muddy-sludge,,,True,fluid-craft-temperature: muddy-sludge: 10 --> fluid-craft-temperature: muddy-sludge,False,False,-2.0407855222253369e-30,4.949631892864723e-31
1539,325,__pr_graph_lp_or_cost_row__: item: gasoline-barrel,,,True,node-cost:item: gasoline-barrel,False,False,-2.0359016268886547e-30,4.9377867068534586e-31
1540,1680,entity-build: burner-inserter,entity-build,burner-inserter,False,,False,False,-2.0342040250761807e-30,4.9336694177111663e-31
1541,1200,__pr_graph_lp_or_to_or_and__: 4370:entity-build: electrolyzer-mk01 --> entity: electrolyzer-mk01:noncoproduct-route,,,True,entity-build: electrolyzer-mk01 --> entity: electrolyzer-mk01,False,False,-2.0276024753067469e-30,4.9176583078099684e-31
1542,1754,entity-build: stone-furnace,entity-build,stone-furnace,False,,False,False,2.0241738666471569e-30,4.9093427104162965e-31
1543,504,__pr_graph_lp_or_cost_row__: item: washer,,,True,node-cost:item: washer,False,False,2.0209468247016721e-30,4.9015159841096699e-31
1544,2102,fluid-temperature: vacuum: 15,fluid-temperature,vacuum: 15,False,,False,False,-2.0202672362281388e-30,4.8998677399674068e-31
1545,1654,__pr_graph_lp_or_to_or_and__: 944:item: glassworks-mk01 --> entity-build-item: glassworks-mk01,,,True,item: glassworks-mk01 --> entity-build-item: glassworks-mk01,False,False,2.0201598270541738e-30,4.8996072344575169e-31
1546,45,__pr_graph_lp_explicit_zero_free_source__: 1705:room-autoplace: planet: nauvis --> entity: huge-rock,,,True,explicit-zero:room-autoplace: planet: nauvis --> entity: huge-rock,False,False,-2.0200872989208077e-30,4.8994313278969647e-31
1547,294,__pr_graph_lp_or_cost_row__: item: copper-cable,,,True,node-cost:item: copper-cable,False,False,2.0164156284211914e-30,4.8905262189538285e-31
1548,724,__pr_graph_lp_or_to_or_and__: 1784:item: raw-coal --> fuel-category: chemical__1,,,True,item: raw-coal --> fuel-category: chemical__1,False,False,-2.0125504208858364e-30,4.8811517137541482e-31
1549,1044,__pr_graph_lp_or_to_or_and__: 3982:item: raw-coal --> energy-source-burner: chemical_2_1,,,True,item: raw-coal --> energy-source-burner: chemical_2_1,False,False,-2.0073337139829468e-30,4.8684993411353374e-31
1550,1462,__pr_graph_lp_or_to_or_and__: 4775:entity-operate: gasifier --> recipe-category: gasifier__0__1:noncoproduct-route,,,True,entity-operate: gasifier --> recipe-category: gasifier__0__1,False,False,2.0032912636044191e-30,4.8586949589006649e-31
1551,1218,__pr_graph_lp_or_to_or_and__: 4406:entity-build: sap-extractor-mk01 --> entity: sap-extractor-mk01:noncoproduct-route,,,True,entity-build: sap-extractor-mk01 --> entity: sap-extractor-mk01,False,False,1.9827250824102724e-30,4.8088146430887501e-31
1552,1270,__pr_graph_lp_or_to_or_and__: 4510:entity-build: py-underflow-valve --> entity: py-underflow-valve:noncoproduct-route,,,True,entity-build: py-underflow-valve --> entity: py-underflow-valve,False,False,-1.9780645775062579e-30,4.79751125845644e-31
1553,26,__pr_graph_lp_explicit_zero_free_source__: 1633:room-autoplace: planet: nauvis --> entity: iron-rock,,,True,explicit-zero:room-autoplace: planet: nauvis --> entity: iron-rock,False,False,-1.9690329635283829e-30,4.7756063771731841e-31
1554,865,__pr_graph_lp_or_to_or_and__: 2228:item-craft: processed-iron-ore --> item: processed-iron-ore,,,True,item-craft: processed-iron-ore --> item: processed-iron-ore,False,False,-1.9663666311655273e-30,4.769139571349426e-31
1555,763,__pr_graph_lp_or_to_or_and__: 1855:item-craft: copper-plate --> item: copper-plate,,,True,item-craft: copper-plate --> item: copper-plate,False,False,1.9613207113906552e-30,4.7569014183565971e-31
1556,1196,__pr_graph_lp_or_to_or_and__: 4362:entity-build: vacuum-pump-mk01 --> entity: vacuum-pump-mk01:noncoproduct-route,,,True,entity-build: vacuum-pump-mk01 --> entity: vacuum-pump-mk01,False,False,-1.9578821382254295e-30,4.7485616534870431e-31
1557,1636,__pr_graph_lp_or_to_or_and__: 5005:logic-and: smart-farm-yotoi-tree-recipe-yotoi-super-2 --> logic-or: smart-farm-yotoi-tree-recipe:noncoproduct-route,,,True,logic-and: smart-farm-yotoi-tree-recipe-yotoi-super-2 --> logic-or: smart-farm-yotoi-tree-recipe,False,False,1.9566708392910839e-30,4.7456238220628508e-31
1558,1736,entity-build: py-underflow-valve,entity-build,py-underflow-valve,False,,False,False,1.9548653490323038e-30,4.7412448650045068e-31
1559,772,__pr_graph_lp_or_to_or_and__: 1878:item-craft: inserter --> item: inserter,,,True,item-craft: inserter --> item: inserter,False,False,1.9493704110775298e-30,4.727917682968933e-31
1560,1042,__pr_graph_lp_or_to_or_and__: 3980:item: coal-dust --> energy-source-burner: chemical_2_1,,,True,item: coal-dust --> energy-source-burner: chemical_2_1,False,False,1.9474689796562765e-30,4.7233060344138862e-31
1561,1217,__pr_graph_lp_or_to_or_and__: 4404:entity-build: data-array --> entity: data-array:noncoproduct-route,,,True,entity-build: data-array --> entity: data-array,False,False,1.9432611123466046e-30,4.7131004571937067e-31
1562,1119,__pr_graph_lp_or_to_or_and__: 4057:item: cellulose --> energy-source-burner: chemical__biomass__nuke_2_1,,,True,item: cellulose --> energy-source-burner: chemical__biomass__nuke_2_1,False,False,1.9390965833079743e-30,4.7029999907194591e-31
1563,1269,__pr_graph_lp_or_to_or_and__: 4508:entity-build: py-overflow-valve --> entity: py-overflow-valve:noncoproduct-route,,,True,entity-build: py-overflow-valve --> entity: py-overflow-valve,False,False,-1.9390538659998588e-30,4.702896386029832e-31
1564,778,__pr_graph_lp_or_to_or_and__: 1897:item-craft: radar --> item: radar,,,True,item-craft: radar --> item: radar,False,False,1.9386747788568215e-30,4.7019769646634427e-31
1565,1173,__pr_graph_lp_or_to_or_and__: 4154:item: guts --> logic-or: workers-food-or-meat,,,True,item: guts --> logic-or: workers-food-or-meat,False,False,1.9345901094606626e-30,4.6920701862710757e-31
1566,75,__pr_graph_lp_or_cost_row__: entity: aluminium-rock,,,True,node-cost:entity: aluminium-rock,False,False,1.9335925477967319e-30,4.6896507438685709e-31
1567,1784,entity-mine: creature-chamber-mk01,entity-mine,creature-chamber-mk01,False,,True,False,1.9302756485018063e-30,4.6816060814791189e-31
1568,38,__pr_graph_lp_explicit_zero_free_source__: 1669:room-autoplace: planet: nauvis --> entity: sulfur-patch,,,True,explicit-zero:room-autoplace: planet: nauvis --> entity: sulfur-patch,False,False,1.9302421431331066e-30,4.6815248190242003e-31
1569,1368,__pr_graph_lp_or_to_or_and__: 4643:fluid-temperature: condensates: 10 --> fluid: condensates:noncoproduct-route,,,True,fluid-temperature: condensates: 10 --> fluid: condensates,False,False,1.9155111241596728e-30,4.6457968502929265e-31
1570,380,__pr_graph_lp_or_cost_row__: item: moss-farm-mk01,,,True,node-cost:item: moss-farm-mk01,False,False,-1.9137483995406618e-30,4.6415216151456873e-31
1571,825,__pr_graph_lp_or_to_or_and__: 2111:item-craft: quenching-tower --> item: quenching-tower,,,True,item-craft: quenching-tower --> item: quenching-tower,False,False,1.9125262324829096e-30,4.6385574246506161e-31
1572,592,__pr_graph_lp_or_to_or_and__: 1368:item: py-tank-3000 --> entity-build-item: py-tank-3000,,,True,item: py-tank-3000 --> entity-build-item: py-tank-3000,False,False,1.9125137701146925e-30,4.6385271989681449e-31
1573,990,__pr_graph_lp_or_to_or_and__: 3928:item: wood --> energy-source-burner: chemical__biomass__jerry_2_1,,,True,item: wood --> energy-source-burner: chemical__biomass__jerry_2_1,False,False,-1.9114164986673096e-30,4.6358659248205433e-31
1574,203,__pr_graph_lp_or_cost_row__: entity: spitter-spawner,,,True,node-cost:entity: spitter-spawner,False,False,-1.9106548688793993e-30,4.6340187012648388e-31
1575,1213,__pr_graph_lp_or_to_or_and__: 4396:entity-build: incubator-mk01 --> entity: incubator-mk01:noncoproduct-route,,,True,entity-build: incubator-mk01 --> entity: incubator-mk01,False,False,1.9081848590773066e-30,4.6280280475881129e-31
1576,324,__pr_graph_lp_or_cost_row__: item: gasifier,,,True,node-cost:item: gasifier,False,False,1.8942651638928818e-30,4.5942678280680064e-31
1577,1783,entity-mine: copper-ore,entity-mine,copper-ore,False,,True,False,1.8902392217496453e-30,4.5845034841847432e-31
1578,1021,__pr_graph_lp_or_to_or_and__: 3959:item: raw-fiber --> energy-source-burner: chemical__biomass__jerry__nuke_2_1,,,True,item: raw-fiber --> energy-source-burner: chemical__biomass__jerry__nuke_2_1,False,False,-1.8842808289937139e-30,4.5700522591570332e-31
1579,388,__pr_graph_lp_or_cost_row__: item: olefin-plant,,,True,node-cost:item: olefin-plant,False,False,-1.8818699442936372e-30,4.5642050049151923e-31
1580,1185,__pr_graph_lp_or_to_or_and__: 4340:entity-build: hpf --> entity: hpf:noncoproduct-route,,,True,entity-build: hpf --> entity: hpf,False,False,1.8799154764994516e-30,4.5594647242623144e-31
1581,1631,__pr_graph_lp_or_to_or_and__: 4995:logic-and: smart-farm-ralesia-flowers-recipe-ralesia-super-3 --> logic-or: smart-farm-ralesia-flowers-recipe:noncoproduct-route,,,True,logic-and: smart-farm-ralesia-flowers-recipe-ralesia-super-3 --> logic-or: smart-farm-ralesia-flowers-recipe,False,False,1.8760533292846282e-30,4.55009764143012e-31
1582,307,__pr_graph_lp_or_cost_row__: item: electronics-factory-mk01,,,True,node-cost:item: electronics-factory-mk01,False,False,1.8726047912272414e-30,4.5417337081472204e-31
1583,1614,__pr_graph_lp_or_to_or_and__: 4968:entity-operate: slaughterhouse-mk01 --> recipe-category: slaughterhouse__1__2:noncoproduct-route,,,True,entity-operate: slaughterhouse-mk01 --> recipe-category: slaughterhouse__1__2,False,False,1.8723918785356333e-30,4.5412173190228841e-31
1584,905,__pr_graph_lp_or_to_or_and__: 2336:item-craft: biofactory-mk01 --> item: biofactory-mk01,,,True,item-craft: biofactory-mk01 --> item: biofactory-mk01,False,False,-1.8708702680142675e-30,4.53752687145598e-31
1585,173,__pr_graph_lp_or_cost_row__: entity: py-tank-3000,,,True,node-cost:entity: py-tank-3000,False,False,1.8650334261896167e-30,4.5233704507374538e-31
1586,154,__pr_graph_lp_or_cost_row__: entity: ore-zinc,,,True,node-cost:entity: ore-zinc,False,False,1.862376133682946e-30,4.5169255697852675e-31
1587,1441,__pr_graph_lp_or_to_or_and__: 4752:entity-operate: advanced-foundry-mk01 --> recipe-category: advanced-foundry__2__1:noncoproduct-route,,,True,entity-operate: advanced-foundry-mk01 --> recipe-category: advanced-foundry__2__1,False,False,-1.8510988588482426e-30,4.4895741609387453e-31
1588,848,__pr_graph_lp_or_to_or_and__: 2179:item-craft: py-tank-7000 --> item: py-tank-7000,,,True,item-craft: py-tank-7000 --> item: py-tank-7000,False,False,-1.8403297355418568e-30,4.4634552005703101e-31
1589,465,__pr_graph_lp_or_cost_row__: item: sodium-hydroxide,,,True,node-cost:item: sodium-hydroxide,False,False,-1.8389134746487286e-30,4.4600202633812218e-31
1590,1610,__pr_graph_lp_or_to_or_and__: 4964:entity-operate: slaughterhouse-mk01 --> recipe-category: slaughterhouse__0__0:noncoproduct-route,,,True,entity-operate: slaughterhouse-mk01 --> recipe-category: slaughterhouse__0__0,False,False,1.8221537172159866e-30,4.4193718811762559e-31
1591,1468,__pr_graph_lp_or_to_or_and__: 4782:entity-operate: tar-processing-unit --> recipe-category: tar__1__0:noncoproduct-route,,,True,entity-operate: tar-processing-unit --> recipe-category: tar__1__0,False,False,-1.8221051777871485e-30,4.4192541557698269e-31
1592,1829,entity-mine: outpost-fluid,entity-mine,outpost-fluid,False,,True,False,1.8179677040895276e-30,4.4092193081356166e-31
1593,1228,__pr_graph_lp_or_to_or_and__: 4426:entity-build: small-electric-pole --> entity: small-electric-pole:noncoproduct-route,,,True,entity-build: small-electric-pole --> entity: small-electric-pole,False,False,1.8130216458488517e-30,4.3972233549374969e-31
1594,218,__pr_graph_lp_or_cost_row__: entity: tree-02,,,True,node-cost:entity: tree-02,False,False,1.8129751251601938e-30,4.397110525695153e-31
1595,1746,entity-build: small-electric-pole,entity-build,small-electric-pole,False,,False,False,1.812533208305394e-30,4.396038719895528e-31
1596,233,__pr_graph_lp_or_cost_row__: entity: uranium-ore,,,True,node-cost:entity: uranium-ore,False,False,1.8112114816453169e-30,4.3928330618980954e-31
1597,9,__pr_graph_lp_explicit_zero_free_source__: 1557:room-autoplace: planet: nauvis --> entity: molybdenum-ore,,,True,explicit-zero:room-autoplace: planet: nauvis --> entity: molybdenum-ore,False,False,1.8106549788931214e-30,4.3914833444776532e-31
1598,1663,__pr_graph_lp_or_to_or_and__: 980:item: electronics-factory-mk01 --> entity-build-item: electronics-factory-mk01,,,True,item: electronics-factory-mk01 --> entity-build-item: electronics-factory-mk01,False,False,-1.8059154323338259e-30,4.3799882556737962e-31
1599,67,__pr_graph_lp_explicit_zero_free_source__: 1999:room-autoplace: planet: nauvis --> entity: dry-hairy-tree,,,True,explicit-zero:room-autoplace: planet: nauvis --> entity: dry-hairy-tree,False,False,1.7942981929213573e-30,4.3518123116185385e-31
1600,787,__pr_graph_lp_or_to_or_and__: 1922:item-craft: iron-chest --> item: iron-chest,,,True,item-craft: iron-chest --> item: iron-chest,False,False,-1.7929145925908688e-30,4.3484565879287233e-31
1601,1547,__pr_graph_lp_or_to_or_and__: 4884:entity-operate: pulp-mill-mk01 --> recipe-category: pulp__1__2:noncoproduct-route,,,True,entity-operate: pulp-mill-mk01 --> recipe-category: pulp__1__2,False,False,-1.7867148341403648e-30,4.3334199651085015e-31
1602,338,__pr_graph_lp_or_cost_row__: item: hazard-concrete,,,True,node-cost:item: hazard-concrete,False,False,1.7856024556948972e-30,4.3307220511088872e-31
1603,783,__pr_graph_lp_or_to_or_and__: 1912:item-craft: lab --> item: lab,,,True,item-craft: lab --> item: lab,False,False,1.7838312906354065e-30,4.3264263448866951e-31
1604,777,__pr_graph_lp_or_to_or_and__: 1893:item-craft: small-electric-pole --> item: small-electric-pole,,,True,item-craft: small-electric-pole --> item: small-electric-pole,False,False,-1.7812929675498744e-30,4.3202700071619718e-31
1605,1267,__pr_graph_lp_or_to_or_and__: 4504:entity-build: caravan --> entity: caravan:noncoproduct-route,,,True,entity-build: caravan --> entity: caravan,False,False,-1.7702241019280368e-30,4.2934240648995335e-31
1606,227,__pr_graph_lp_or_cost_row__: entity: tree-08-brown,,,True,node-cost:entity: tree-08-brown,False,False,1.769716753826175e-30,4.2921935650168114e-31
1607,430,__pr_graph_lp_or_cost_row__: item: py-tank-8000,,,True,node-cost:item: py-tank-8000,False,False,-1.7599362786516372e-30,4.2684724285602591e-31
1608,1221,__pr_graph_lp_or_to_or_and__: 4412:entity-build: seaweed-crop-mk01 --> entity: seaweed-crop-mk01:noncoproduct-route,,,True,entity-build: seaweed-crop-mk01 --> entity: seaweed-crop-mk01,False,False,1.7586679149934723e-30,4.2653961948522905e-31
1609,1284,__pr_graph_lp_or_to_or_and__: 4531:entity-operate: boiler --> fluid-create-temperature: steam: 250:noncoproduct-route,,,True,entity-operate: boiler --> fluid-create-temperature: steam: 250,False,False,1.7525676566264428e-30,4.2506008951800157e-31
1610,1723,entity-build: py-local-radar,entity-build,py-local-radar,False,,False,False,-1.7449186680275948e-30,4.2320493729819685e-31
1611,1512,__pr_graph_lp_or_to_or_and__: 4840:entity-operate: genlab-mk01 --> recipe-category: genlab__1__0:noncoproduct-route,,,True,entity-operate: genlab-mk01 --> recipe-category: genlab__1__0,False,False,1.7387365243354577e-30,4.217055472225799e-31
1612,439,__pr_graph_lp_or_cost_row__: item: refined-concrete,,,True,node-cost:item: refined-concrete,False,False,-1.7295973933083355e-30,4.1948898237966645e-31
1613,1628,__pr_graph_lp_or_to_or_and__: 4989:logic-and: smart-farm-kicalk-tree-recipe-kicalk-super-2 --> logic-or: smart-farm-kicalk-tree-recipe:noncoproduct-route,,,True,logic-and: smart-farm-kicalk-tree-recipe-kicalk-super-2 --> logic-or: smart-farm-kicalk-tree-recipe,False,False,1.7275422448933478e-30,4.1899053567722707e-31
1614,1715,entity-build: pcb-factory-mk01,entity-build,pcb-factory-mk01,False,,False,False,1.7187940068698912e-30,4.1686877631272235e-31
1615,253,__pr_graph_lp_or_cost_row__: item: assembling-machine-1,,,True,node-cost:item: assembling-machine-1,False,False,-1.7158770003922383e-30,4.1616129832759142e-31
1616,1521,__pr_graph_lp_or_to_or_and__: 4853:entity-operate: electrolyzer-mk01 --> recipe-category: electrolyzer__1__0:noncoproduct-route,,,True,entity-operate: electrolyzer-mk01 --> recipe-category: electrolyzer__1__0,False,False,-1.7091931332059801e-30,4.1454022243144814e-31
1617,1017,__pr_graph_lp_or_to_or_and__: 3955:item: kerogen --> energy-source-burner: chemical__biomass__jerry__nuke_2_1,,,True,item: kerogen --> energy-source-burner: chemical__biomass__jerry__nuke_2_1,False,False,-1.6848535245958068e-30,4.0863700027876489e-31
1618,216,__pr_graph_lp_or_cost_row__: entity: transport-belt,,,True,node-cost:entity: transport-belt,False,False,1.6838775939109933e-30,4.0840030232152384e-31
1619,179,__pr_graph_lp_or_cost_row__: entity: py-tank-9000,,,True,node-cost:entity: py-tank-9000,False,False,-1.6815628736382056e-30,4.0783890019668138e-31
1620,1569,__pr_graph_lp_or_to_or_and__: 4913:entity-operate: micro-mine-mk01 --> recipe-category: micro-mine__0__0:noncoproduct-route,,,True,entity-operate: micro-mine-mk01 --> recipe-category: micro-mine__0__0,False,False,-1.6788029662448895e-30,4.0716952433593857e-31
1621,1606,__pr_graph_lp_or_to_or_and__: 4959:entity-operate: research-center-mk01 --> recipe-category: research__0__0:noncoproduct-route,,,True,entity-operate: research-center-mk01 --> recipe-category: research__0__0,False,False,1.6758061685873681e-30,4.064426941472397e-31
1622,1717,entity-build: pipe-to-ground,entity-build,pipe-to-ground,False,,False,False,1.6635529016533277e-30,4.0347084041013667e-31
1623,27,__pr_graph_lp_explicit_zero_free_source__: 1636:room-autoplace: planet: nauvis --> entity: coal-rock,,,True,explicit-zero:room-autoplace: planet: nauvis --> entity: coal-rock,False,False,-1.6611367976824639e-30,4.028848491268575e-31
1624,28,__pr_graph_lp_explicit_zero_free_source__: 1639:room-autoplace: planet: nauvis --> entity: lead-rock,,,True,explicit-zero:room-autoplace: planet: nauvis --> entity: lead-rock,False,False,1.6591478359590997e-30,4.0240245505494563e-31
1625,606,__pr_graph_lp_or_to_or_and__: 1496:item: py-overflow-valve --> entity-build-item: py-overflow-valve,,,True,item: py-overflow-valve --> entity-build-item: py-overflow-valve,False,False,1.6554272994634152e-30,4.015000924158023e-31
1626,801,__pr_graph_lp_or_to_or_and__: 1958:item-craft: barrel --> item: barrel,,,True,item-craft: barrel --> item: barrel,False,False,1.6520463842449997e-30,4.0068010003493251e-31
1627,1571,__pr_graph_lp_or_to_or_and__: 4916:entity-operate: seaweed-crop-mk01 --> recipe-category: seaweed__2__0:noncoproduct-route,,,True,entity-operate: seaweed-crop-mk01 --> recipe-category: seaweed__2__0,False,False,1.6506894452541577e-30,4.0035099399058838e-31
1628,836,__pr_graph_lp_or_to_or_and__: 2144:item-craft: wpu-mk01 --> item: wpu-mk01,,,True,item-craft: wpu-mk01 --> item: wpu-mk01,False,False,-1.65010848134336e-30,4.0021008954618841e-31
1629,1317,__pr_graph_lp_or_to_or_and__: 4575:fluid-temperature: flue-gas: 15 --> fluid: flue-gas:noncoproduct-route,,,True,fluid-temperature: flue-gas: 15 --> fluid: flue-gas,False,False,1.6449432469949102e-30,3.9895733621239708e-31
1630,893,__pr_graph_lp_or_to_or_and__: 2299:item-craft: pcb-factory-mk01 --> item: pcb-factory-mk01,,,True,item-craft: pcb-factory-mk01 --> item: pcb-factory-mk01,False,False,1.6439691051607273e-30,3.987210721151593e-31
1631,2080,fluid-temperature: formic-acid: 15,fluid-temperature,formic-acid: 15,False,,False,False,1.631502042533593e-30,3.9569736530630673e-31
1632,357,__pr_graph_lp_or_cost_row__: item: landfill,,,True,node-cost:item: landfill,False,False,1.6269434134425412e-30,3.9459173535690332e-31
1633,1507,__pr_graph_lp_or_to_or_and__: 4832:entity-operate: glassworks-mk01 --> recipe-category: glassworks__0__0:noncoproduct-route,,,True,entity-operate: glassworks-mk01 --> recipe-category: glassworks__0__0,False,False,-1.6262507206425027e-30,3.9442373267667608e-31
1634,1335,__pr_graph_lp_or_to_or_and__: 4599:fluid-temperature: pressured-water: 10 --> fluid: pressured-water:noncoproduct-route,,,True,fluid-temperature: pressured-water: 10 --> fluid: pressured-water,False,False,-1.6250120927532266e-30,3.9412332128913021e-31
1635,120,__pr_graph_lp_or_cost_row__: entity: genlab-mk01,,,True,node-cost:entity: genlab-mk01,False,False,-1.6244654216894141e-30,3.939907340817591e-31
1636,584,__pr_graph_lp_or_to_or_and__: 1207:item: radar --> entity-build-item: radar,,,True,item: radar --> entity-build-item: radar,False,False,1.6171174443935723e-30,3.9220858782604256e-31
1637,13,__pr_graph_lp_explicit_zero_free_source__: 1571:room-autoplace: planet: nauvis --> entity: raw-coal,,,True,explicit-zero:room-autoplace: planet: nauvis --> entity: raw-coal,False,False,1.6170170056856062e-30,3.9218422786137144e-31
1638,1466,__pr_graph_lp_or_to_or_and__: 4779:entity-operate: gasifier --> recipe-category: gasifier__1__2:noncoproduct-route,,,True,entity-operate: gasifier --> recipe-category: gasifier__1__2,False,False,-1.6108769943820641e-30,3.9069505639089652e-31
1639,185,__pr_graph_lp_or_cost_row__: entity: raw-coal,,,True,node-cost:entity: raw-coal,False,False,1.5889851145962496e-30,3.8538549567505645e-31
1640,503,__pr_graph_lp_or_cost_row__: item: vrauks-paddock-mk01,,,True,node-cost:item: vrauks-paddock-mk01,False,False,-1.5766126062682687e-30,3.8238472165211402e-31
1641,1692,entity-build: flora-collector-mk01,entity-build,flora-collector-mk01,False,,False,False,1.572346698183905e-30,3.813500869746114e-31
1642,1863,entity-mine: small-electric-pole,entity-mine,small-electric-pole,False,,True,False,1.567945103952211e-30,3.8028254357275081e-31
1643,425,__pr_graph_lp_or_cost_row__: item: py-tank-3000,,,True,node-cost:item: py-tank-3000,False,False,1.5668346284886685e-30,3.8001321371369735e-31
1644,250,__pr_graph_lp_or_cost_row__: item: aromatics-barrel,,,True,node-cost:item: aromatics-barrel,False,False,1.5595113685414154e-30,3.782370622955347e-31
1645,2619,tile-fluid: water,tile-fluid,water,False,,False,False,1.5492687919865443e-30,3.7575287260342942e-31
1646,1637,__pr_graph_lp_or_to_or_and__: 5007:logic-and: smart-farm-yotoi-tree-recipe-yotoi-super-3 --> logic-or: smart-farm-yotoi-tree-recipe:noncoproduct-route,,,True,logic-and: smart-farm-yotoi-tree-recipe-yotoi-super-3 --> logic-or: smart-farm-yotoi-tree-recipe,False,False,-1.5462868782258055e-30,3.7502965228991849e-31
1647,944,__pr_graph_lp_or_to_or_and__: 2444:item-craft: moondrop-seeds --> item: moondrop-seeds,,,True,item-craft: moondrop-seeds --> item: moondrop-seeds,False,False,-1.5447476294661079e-30,3.7465632963209482e-31
1648,1550,__pr_graph_lp_or_to_or_and__: 4887:entity-operate: pulp-mill-mk01 --> recipe-category: pulp__1__1:noncoproduct-route,,,True,entity-operate: pulp-mill-mk01 --> recipe-category: pulp__1__1,False,False,1.5424217455167376e-30,3.7409221991799061e-31
1649,1437,__pr_graph_lp_or_to_or_and__: 4748:entity-operate: advanced-foundry-mk01 --> recipe-category: smelting__1__0:noncoproduct-route,,,True,entity-operate: advanced-foundry-mk01 --> recipe-category: smelting__1__0,False,False,1.5324551358596407e-30,3.7167496202953263e-31
1650,1106,__pr_graph_lp_or_to_or_and__: 4044:item: treated-wood --> energy-source-burner: chemical__jerry__biomass__nuke_2_1,,,True,item: treated-wood --> energy-source-burner: chemical__jerry__biomass__nuke_2_1,False,False,-1.531850986873541e-30,3.715284343784358e-31
1651,405,__pr_graph_lp_or_cost_row__: item: pipe-to-ground,,,True,node-cost:item: pipe-to-ground,False,False,-1.5309153643864414e-30,3.7130151259506387e-31
1652,244,__pr_graph_lp_or_cost_row__: item: acidgas-barrel,,,True,node-cost:item: acidgas-barrel,False,False,1.5285366889812423e-30,3.7072459907229898e-31
1653,1478,__pr_graph_lp_or_to_or_and__: 4794:entity-operate: quenching-tower --> recipe-category: quenching-tower__1__1:noncoproduct-route,,,True,entity-operate: quenching-tower --> recipe-category: quenching-tower__1__1,False,False,1.5244087415561045e-30,3.6972342476931531e-31
1654,1022,__pr_graph_lp_or_to_or_and__: 3960:item: cellulose --> energy-source-burner: chemical__biomass__jerry__nuke_2_1,,,True,item: cellulose --> energy-source-burner: chemical__biomass__jerry__nuke_2_1,False,False,-1.5224890897773007e-30,3.6925784082802976e-31
1655,840,__pr_graph_lp_or_to_or_and__: 2155:item-craft: automated-screener-mk01 --> item: automated-screener-mk01,,,True,item-craft: automated-screener-mk01 --> item: automated-screener-mk01,False,False,1.5202318134449734e-30,3.6871037090510944e-31
1656,424,__pr_graph_lp_or_cost_row__: item: py-tank-1500,,,True,node-cost:item: py-tank-1500,False,False,1.5047844615640114e-30,3.6496383778354263e-31
1657,1255,__pr_graph_lp_or_to_or_and__: 4480:entity-build: py-tank-3000 --> entity: py-tank-3000:noncoproduct-route,,,True,entity-build: py-tank-3000 --> entity: py-tank-3000,False,False,1.4969156477248657e-30,3.6305537011199711e-31
1658,527,__pr_graph_lp_or_to_or_and__: 1034:item: creature-chamber-mk01 --> entity-build-item: creature-chamber-mk01,,,True,item: creature-chamber-mk01 --> entity-build-item: creature-chamber-mk01,False,False,-1.4965281618061633e-30,3.6296139097306468e-31
1659,1577,__pr_graph_lp_or_to_or_and__: 4923:entity-operate: biofactory-mk01 --> recipe-category: biofactory__1__1:noncoproduct-route,,,True,entity-operate: biofactory-mk01 --> recipe-category: biofactory__1__1,False,False,-1.4914612724420735e-30,3.6173248980138406e-31
1660,167,__pr_graph_lp_or_cost_row__: entity: py-local-radar,,,True,node-cost:entity: py-local-radar,False,False,-1.4912847685526611e-30,3.616896813204959e-31
1661,319,__pr_graph_lp_or_cost_row__: item: fluid-drill-mk01,,,True,node-cost:item: fluid-drill-mk01,False,False,1.4744075087053278e-30,3.5759634457860075e-31
1662,259,__pr_graph_lp_or_cost_row__: item: bio-container,,,True,node-cost:item: bio-container,False,False,-1.4727092074224327e-30,3.5718444601787674e-31
1663,298,__pr_graph_lp_or_cost_row__: item: creature-chamber-mk01,,,True,node-cost:item: creature-chamber-mk01,False,False,-1.4688257736883101e-30,3.5624257499542455e-31
1664,558,__pr_graph_lp_or_to_or_and__: 1097:item: car --> entity-build-item: car,,,True,item: car --> entity-build-item: car,False,False,-1.464028899215021e-30,3.5507916205366816e-31
1665,1109,__pr_graph_lp_or_to_or_and__: 4047:item: coal --> energy-source-burner: chemical__biomass__nuke_2_1,,,True,item: coal --> energy-source-burner: chemical__biomass__nuke_2_1,False,False,1.4633547684246537e-30,3.5491566132203196e-31
1666,488,__pr_graph_lp_or_cost_row__: item: tar-barrel,,,True,node-cost:item: tar-barrel,False,False,1.4609153418688078e-30,3.5432401348105991e-31
1667,841,__pr_graph_lp_or_to_or_and__: 2158:item-craft: genlab-mk01 --> item: genlab-mk01,,,True,item-craft: genlab-mk01 --> item: genlab-mk01,False,False,-1.4584283780561238e-30,3.5372083616185594e-31
1668,1599,__pr_graph_lp_or_to_or_and__: 4949:entity-operate: rc-mk01 --> recipe-category: rc__2__1:noncoproduct-route,,,True,entity-operate: rc-mk01 --> recipe-category: rc__2__1,False,False,1.4537067947510472e-30,3.5257568401053427e-31
1669,1584,__pr_graph_lp_or_to_or_and__: 4930:entity-operate: biofactory-mk01 --> recipe-category: biofactory__3__0:noncoproduct-route,,,True,entity-operate: biofactory-mk01 --> recipe-category: biofactory__3__0,False,False,1.452251793129423e-30,3.5222279428488062e-31
1670,1529,__pr_graph_lp_or_to_or_and__: 4862:entity-operate: smelter-mk01 --> recipe-category: py-rawores-smelter__1__0:noncoproduct-route,,,True,entity-operate: smelter-mk01 --> recipe-category: py-rawores-smelter__1__0,False,False,-1.4504769521382916e-30,3.5179233211828858e-31
1671,1206,__pr_graph_lp_or_to_or_and__: 4382:entity-build: chipshooter-mk01 --> entity: chipshooter-mk01:noncoproduct-route,,,True,entity-build: chipshooter-mk01 --> entity: chipshooter-mk01,False,False,1.4491232380800407e-30,3.5146400823498153e-31
1672,521,__pr_graph_lp_or_to_or_and__: 1018:item: tree-mk01 --> entity-operate-py-module: fwf-mk02,,,True,item: tree-mk01 --> entity-operate-py-module: fwf-mk02,False,False,1.4480145099365213e-30,3.5119510216327948e-31
1673,902,__pr_graph_lp_or_to_or_and__: 2327:item-craft: moss-farm-mk01 --> item: moss-farm-mk01,,,True,item-craft: moss-farm-mk01 --> item: moss-farm-mk01,False,False,1.4467084856231205e-30,3.5087834474197942e-31
1674,1482,__pr_graph_lp_or_to_or_and__: 4799:entity-operate: evaporator --> recipe-category: evaporator__1__1:noncoproduct-route,,,True,entity-operate: evaporator --> recipe-category: evaporator__1__1,False,False,-1.4407081743304794e-30,3.4942305550076668e-31
1675,1105,__pr_graph_lp_or_to_or_and__: 4043:item: log --> energy-source-burner: chemical__jerry__biomass__nuke_2_1,,,True,item: log --> energy-source-burner: chemical__jerry__biomass__nuke_2_1,False,False,-1.4351266077863769e-30,3.4806932677827402e-31
1676,586,__pr_graph_lp_or_to_or_and__: 1344:item: multiblade-turbine-mk01 --> entity-build-item: multiblade-turbine-mk01,,,True,item: multiblade-turbine-mk01 --> entity-build-item: multiblade-turbine-mk01,False,False,1.4338202090770392e-30,3.4775247855262197e-31
1677,1310,__pr_graph_lp_or_to_or_and__: 4565:fluid-temperature: tar: 10 --> fluid-temperature-range: tar: 10: 10:noncoproduct-route,,,True,fluid-temperature: tar: 10 --> fluid-temperature-range: tar: 10: 10,False,False,1.4333465912647539e-30,3.4763760936116672e-31
1678,1734,entity-build: py-tank-8000,entity-build,py-tank-8000,False,,False,False,-1.4294223317043074e-30,3.4668583662146769e-31
1679,1583,__pr_graph_lp_or_to_or_and__: 4929:entity-operate: biofactory-mk01 --> recipe-category: biofactory__3__1:noncoproduct-route,,,True,entity-operate: biofactory-mk01 --> recipe-category: biofactory__3__1,False,False,1.4157348822762314e-30,3.4336614253880369e-31
1680,1608,__pr_graph_lp_or_to_or_and__: 4961:entity-operate: research-center-mk01 --> recipe-category: research__2__0:noncoproduct-route,,,True,entity-operate: research-center-mk01 --> recipe-category: research__2__0,False,False,1.4140603488641155e-30,3.4296000853344097e-31
1681,1334,__pr_graph_lp_or_to_or_and__: 4597:fluid-temperature: vacuum: 15 --> fluid-temperature-range: vacuum: 15: 15:noncoproduct-route,,,True,fluid-temperature: vacuum: 15 --> fluid-temperature-range: vacuum: 15: 15,False,False,1.4027178803673353e-30,3.4020905586330153e-31
1682,1353,__pr_graph_lp_or_to_or_and__: 4623:fluid-temperature: oxygen: 15 --> fluid: oxygen:noncoproduct-route,,,True,fluid-temperature: oxygen: 15 --> fluid: oxygen,False,False,-1.4018462378024229e-30,3.3999765149025578e-31
1683,1438,__pr_graph_lp_or_to_or_and__: 4749:entity-operate: advanced-foundry-mk01 --> recipe-category: advanced-foundry__0__0:noncoproduct-route,,,True,entity-operate: advanced-foundry-mk01 --> recipe-category: advanced-foundry__0__0,False,False,-1.3937256941697844e-30,3.380281303762644e-31
1684,266,__pr_graph_lp_or_cost_row__: item: brain,,,True,node-cost:item: brain,False,False,-1.3847516499836816e-30,3.3585160497328741e-31
1685,589,__pr_graph_lp_or_to_or_and__: 1356:item: tailings-pond --> entity-build-item: tailings-pond,,,True,item: tailings-pond --> entity-build-item: tailings-pond,False,False,1.3749393346223512e-30,3.3347176894807255e-31
1686,800,__pr_graph_lp_or_to_or_and__: 1956:item-craft: sulfur --> item: sulfur,,,True,item-craft: sulfur --> item: sulfur,False,False,-1.3662418209824487e-30,3.3136231205356536e-31
1687,1578,__pr_graph_lp_or_to_or_and__: 4924:entity-operate: biofactory-mk01 --> recipe-category: biofactory__2__1:noncoproduct-route,,,True,entity-operate: biofactory-mk01 --> recipe-category: biofactory__2__1,False,False,1.3660709728941311e-30,3.3132087530592273e-31
1688,1875,entity-mine: tailings-pond,entity-mine,tailings-pond,False,,True,False,-1.3591104209783554e-30,3.2963269350636269e-31
1689,790,__pr_graph_lp_or_to_or_and__: 1931:item-craft: concrete --> item: concrete,,,True,item-craft: concrete --> item: concrete,False,False,-1.3547711067718195e-30,3.2858025522924231e-31
1690,1656,__pr_graph_lp_or_to_or_and__: 953:item: automated-screener-mk01 --> entity-build-item: automated-screener-mk01,,,True,item: automated-screener-mk01 --> entity-build-item: automated-screener-mk01,False,False,1.3527020074069403e-30,3.2807842492447098e-31
1691,1201,__pr_graph_lp_or_to_or_and__: 4372:entity-build: clay-pit-mk01 --> entity: clay-pit-mk01:noncoproduct-route,,,True,entity-build: clay-pit-mk01 --> entity: clay-pit-mk01,False,False,-1.3505796885717144e-30,3.2756368700227095e-31
1692,721,__pr_graph_lp_or_to_or_and__: 1781:item: coke --> fuel-category: chemical__1,,,True,item: coke --> fuel-category: chemical__1,False,False,-1.3505191126957354e-30,3.2754899519441467e-31
1693,991,__pr_graph_lp_or_to_or_and__: 3929:item: log --> energy-source-burner: chemical__biomass__jerry_2_1,,,True,item: log --> energy-source-burner: chemical__biomass__jerry_2_1,False,False,1.3500103865821875e-30,3.2742561098921882e-31
1694,345,__pr_graph_lp_or_cost_row__: item: inserter,,,True,node-cost:item: inserter,False,False,-1.3498782788026049e-30,3.2739357014651409e-31
1695,1597,__pr_graph_lp_or_to_or_and__: 4947:entity-operate: rc-mk01 --> recipe-category: rc__2__0:noncoproduct-route,,,True,entity-operate: rc-mk01 --> recipe-category: rc__2__0,False,False,-1.3443902866026641e-30,3.2606253653593655e-31
1696,906,__pr_graph_lp_or_to_or_and__: 2339:item-craft: incubator-mk01 --> item: incubator-mk01,,,True,item-craft: incubator-mk01 --> item: incubator-mk01,False,False,-1.3368974408716364e-30,3.2424525452395081e-31
1697,1812,entity-mine: lab,entity-mine,lab,False,,True,False,-1.3344575189035836e-30,3.2365348652787023e-31
1698,1232,__pr_graph_lp_or_to_or_and__: 4434:entity-build: py-gas-vent --> entity: py-gas-vent:noncoproduct-route,,,True,entity-build: py-gas-vent --> entity: py-gas-vent,False,False,1.3330788372708113e-30,3.2331910711830665e-31
1699,2131,item-gun: submachine-gun,item-gun,submachine-gun,False,,False,False,1.3307488153825511e-30,3.227539938066133e-31
1700,242,__pr_graph_lp_or_cost_row__: item: acetylene-barrel,,,True,node-cost:item: acetylene-barrel,False,False,-1.3282732221007197e-30,3.2215357424620046e-31
1701,1767,entity-mine: assembling-machine-1,entity-mine,assembling-machine-1,False,,True,False,-1.3274054489744044e-30,3.2194310834985788e-31
1702,745,__pr_graph_lp_or_to_or_and__: 1805:item: treated-wood --> fuel-category: biomass__0,,,True,item: treated-wood --> fuel-category: biomass__0,False,False,-1.3216075877182263e-30,3.2053692045448849e-31
1703,890,__pr_graph_lp_or_to_or_and__: 2290:item-craft: moondrop-greenhouse-mk01 --> item: moondrop-greenhouse-mk01,,,True,item-craft: moondrop-greenhouse-mk01 --> item: moondrop-greenhouse-mk01,False,False,-1.3202832239088499e-30,3.202157150520953e-31
1704,562,__pr_graph_lp_or_to_or_and__: 1115:item: outpost --> entity-build-item: outpost,,,True,item: outpost --> entity-build-item: outpost,False,False,-1.3183212670860025e-30,3.1973987063057078e-31
1705,1189,__pr_graph_lp_or_to_or_and__: 4348:entity-build: solid-separator --> entity: solid-separator:noncoproduct-route,,,True,entity-build: solid-separator --> entity: solid-separator,False,False,-1.3095753833011942e-30,3.176186822528048e-31
1706,225,__pr_graph_lp_or_cost_row__: entity: tree-07,,,True,node-cost:entity: tree-07,False,False,1.3091726841222962e-30,3.1752101335632369e-31
1707,1457,__pr_graph_lp_or_to_or_and__: 4769:entity-operate: distilator --> recipe-category: distilator__0__0:noncoproduct-route,,,True,entity-operate: distilator --> recipe-category: distilator__0__0,False,False,1.3069429366519541e-30,3.169802201631122e-31
1708,931,__pr_graph_lp_or_to_or_and__: 2402:item-craft: chitin --> item: chitin,,,True,item-craft: chitin --> item: chitin,False,False,1.3049047926825325e-30,3.1648589764448229e-31
1709,478,__pr_graph_lp_or_cost_row__: item: stone-wall,,,True,node-cost:item: stone-wall,False,False,1.2997497623397441e-30,3.1523561914556742e-31
1710,1774,entity-mine: borax,entity-mine,borax,False,,True,False,1.2996831548814803e-30,3.1521946446414035e-31
1711,280,__pr_graph_lp_or_cost_row__: item: chipshooter-mk01,,,True,node-cost:item: chipshooter-mk01,False,False,-1.298705437394596e-30,3.1498233314374479e-31
1712,485,__pr_graph_lp_or_cost_row__: item: tailings-barrel,,,True,node-cost:item: tailings-barrel,False,False,-1.29726089087213e-30,3.1463197915208536e-31
1713,572,__pr_graph_lp_or_to_or_and__: 1157:item: inserter --> entity-build-item: inserter,,,True,item: inserter --> entity-build-item: inserter,False,False,-1.2951346301258607e-30,3.1411628517603219e-31
1714,1678,entity-build: borax-mine,entity-build,borax-mine,False,,False,False,1.2924445272038391e-30,3.1346383938626553e-31
1715,597,__pr_graph_lp_or_to_or_and__: 1388:item: py-tank-8000 --> entity-build-item: py-tank-8000,,,True,item: py-tank-8000 --> entity-build-item: py-tank-8000,False,False,1.291909083556834e-30,3.1333397522743133e-31
1716,12,__pr_graph_lp_explicit_zero_free_source__: 1566:room-autoplace: planet: nauvis --> entity: ore-quartz,,,True,explicit-zero:room-autoplace: planet: nauvis --> entity: ore-quartz,False,False,-1.2886706180076533e-30,3.125485319659224e-31
1717,148,__pr_graph_lp_or_cost_row__: entity: ore-lead,,,True,node-cost:entity: ore-lead,False,False,-1.28218788442393e-30,3.1097623813349885e-31
1718,391,__pr_graph_lp_or_cost_row__: item: ore-lead,,,True,node-cost:item: ore-lead,False,False,1.2811018470931064e-30,3.1071283539220418e-31
1719,1443,__pr_graph_lp_or_to_or_and__: 4755:entity-operate: distilator --> recipe-category: distilator__1__3:noncoproduct-route,,,True,entity-operate: distilator --> recipe-category: distilator__1__3,False,False,1.27607750002011e-30,3.0949425224162368e-31
1720,23,__pr_graph_lp_explicit_zero_free_source__: 1624:room-autoplace: planet: nauvis --> entity: aluminium-rock,,,True,explicit-zero:room-autoplace: planet: nauvis --> entity: aluminium-rock,False,False,1.2755218527644641e-30,3.0935948798796861e-31
1721,1675,entity-build: barrel-machine-mk01,entity-build,barrel-machine-mk01,False,,False,False,-1.274771856169406e-30,3.0917758709608109e-31
1722,601,__pr_graph_lp_or_to_or_and__: 1404:item: outpost-fluid --> entity-build-item: outpost-fluid,,,True,item: outpost-fluid --> entity-build-item: outpost-fluid,False,False,1.2674460704487423e-30,3.0740082308788924e-31
1723,1328,__pr_graph_lp_or_to_or_and__: 4589:fluid-temperature: slacked-lime: 10 --> fluid-temperature-range: slacked-lime: 10: 10:noncoproduct-route,,,True,fluid-temperature: slacked-lime: 10 --> fluid-temperature-range: slacked-lime: 10: 10,False,False,1.2667000903664716e-30,3.072198963434353e-31
1724,364,__pr_graph_lp_or_cost_row__: item: lime,,,True,node-cost:item: lime,False,False,1.2635236176839826e-30,3.064494885605088e-31
1725,458,__pr_graph_lp_or_cost_row__: item: slacked-lime-barrel,,,True,node-cost:item: slacked-lime-barrel,False,False,1.2602333168329123e-30,3.0565147339173111e-31
1726,1452,__pr_graph_lp_or_to_or_and__: 4764:entity-operate: distilator --> recipe-category: distilator__2__1:noncoproduct-route,,,True,entity-operate: distilator --> recipe-category: distilator__2__1,False,False,-1.2582903344988443e-30,3.0518023095967538e-31
1727,845,__pr_graph_lp_or_to_or_and__: 2170:item-craft: py-tank-3000 --> item: py-tank-3000,,,True,item-craft: py-tank-3000 --> item: py-tank-3000,False,False,1.2581969760911871e-30,3.0515758822005503e-31
1728,445,__pr_graph_lp_or_cost_row__: item: retorter,,,True,node-cost:item: retorter,False,False,-1.2568844057393456e-30,3.0483924315123961e-31
1729,1659,__pr_graph_lp_or_to_or_and__: 966:item: electrolyzer-mk01 --> entity-build-item: electrolyzer-mk01,,,True,item: electrolyzer-mk01 --> entity-build-item: electrolyzer-mk01,False,False,1.2563450667225971e-30,3.0470843422647553e-31
1730,91,__pr_graph_lp_or_cost_row__: entity: burner-inserter,,,True,node-cost:entity: burner-inserter,False,False,-1.255514487158736e-30,3.0450698909399701e-31
1731,20,__pr_graph_lp_explicit_zero_free_source__: 1612:room-autoplace: planet: nauvis --> entity: ore-zinc,,,True,explicit-zero:room-autoplace: planet: nauvis --> entity: ore-zinc,False,False,1.2526544355286542e-30,3.0381332468833932e-31
1732,317,__pr_graph_lp_or_cost_row__: item: flora-collector-mk01,,,True,node-cost:item: flora-collector-mk01,False,False,1.2490391027729446e-30,3.0293647770387689e-31
1733,955,__pr_graph_lp_or_to_or_and__: 2561:item-craft: moss --> item: moss,,,True,item-craft: moss --> item: moss,False,False,-1.2471721493551667e-30,3.0248367499244599e-31
1734,501,__pr_graph_lp_or_cost_row__: item: vrauks,,,True,node-cost:item: vrauks,False,False,-1.246843318632563e-30,3.0240392182807728e-31
1735,195,__pr_graph_lp_or_cost_row__: entity: seaweed-crop-mk01,,,True,node-cost:entity: seaweed-crop-mk01,False,False,1.2424569952774474e-30,3.0134008215779072e-31
1736,1358,__pr_graph_lp_or_to_or_and__: 4629:fluid-temperature: kerosene: 10 --> fluid-temperature-range: kerosene: 10: 10:noncoproduct-route,,,True,fluid-temperature: kerosene: 10 --> fluid-temperature-range: kerosene: 10: 10,False,False,-1.2423835796048669e-30,3.0132227624185869e-31
1737,554,__pr_graph_lp_or_to_or_and__: 1088:item: boiler --> entity-build-item: boiler,,,True,item: boiler --> entity-build-item: boiler,False,False,1.2410606898038084e-30,3.0100142833899211e-31
1738,490,__pr_graph_lp_or_cost_row__: item: tar-processing-unit,,,True,node-cost:item: tar-processing-unit,False,False,-1.2381975109269805e-30,3.0030700546459466e-31
1739,1522,__pr_graph_lp_or_to_or_and__: 4854:entity-operate: electrolyzer-mk01 --> recipe-category: electrolyzer__0__0:noncoproduct-route,,,True,entity-operate: electrolyzer-mk01 --> recipe-category: electrolyzer__0__0,False,False,1.2380742708532022e-30,3.0027711535644716e-31
1740,261,__pr_graph_lp_or_cost_row__: item: biofactory-mk01,,,True,node-cost:item: biofactory-mk01,False,False,-1.2360051677001776e-30,2.9977528413291563e-31
1741,76,__pr_graph_lp_or_cost_row__: entity: antimonium,,,True,node-cost:entity: antimonium,False,False,-1.2311962805211013e-30,2.986089576820699e-31
1742,456,__pr_graph_lp_or_cost_row__: item: shotgun,,,True,node-cost:item: shotgun,False,False,1.2204964305853206e-30,2.9601386290536564e-31
1743,1557,__pr_graph_lp_or_to_or_and__: 4897:entity-operate: reformer-mk01 --> recipe-category: reformer__1__1:noncoproduct-route,,,True,entity-operate: reformer-mk01 --> recipe-category: reformer__1__1,False,False,-1.2200149677768777e-30,2.958970910228751e-31
1744,1046,__pr_graph_lp_or_to_or_and__: 3984:item: wood --> energy-source-burner: biomass_2_1,,,True,item: wood --> energy-source-burner: biomass_2_1,False,False,1.2192110122395836e-30,2.95702103165283e-31
1745,898,__pr_graph_lp_or_to_or_and__: 2315:item-craft: py-tank-10000 --> item: py-tank-10000,,,True,item-craft: py-tank-10000 --> item: py-tank-10000,False,False,1.2151939164556066e-30,2.9472781433421644e-31
1746,568,__pr_graph_lp_or_to_or_and__: 1146:item: gate --> entity-build-item: gate,,,True,item: gate --> entity-build-item: gate,False,False,1.2091306718609693e-30,2.9325726152535824e-31
1747,753,__pr_graph_lp_or_to_or_and__: 1818:item-craft: dried-meat --> item: dried-meat,,,True,item-craft: dried-meat --> item: dried-meat,False,False,1.2087904429562286e-30,2.9317474389577693e-31
1748,544,__pr_graph_lp_or_to_or_and__: 1068:item: research-center-mk01 --> entity-build-item: research-center-mk01,,,True,item: research-center-mk01 --> entity-build-item: research-center-mk01,False,False,-1.2082125051994349e-30,2.930345734015254e-31
1749,1721,entity-build: py-check-valve,entity-build,py-check-valve,False,,False,False,-1.2041261542090772e-30,2.9204348771579106e-31
1750,1497,__pr_graph_lp_or_to_or_and__: 4820:entity-operate: botanical-nursery --> recipe-category: nursery__2__0:noncoproduct-route,,,True,entity-operate: botanical-nursery --> recipe-category: nursery__2__0,False,False,1.2023434661868315e-30,2.9161112236461423e-31
1751,331,__pr_graph_lp_or_cost_row__: item: grade-1-copper,,,True,node-cost:item: grade-1-copper,False,False,1.1944855566685216e-30,2.8970529937932275e-31
1752,1448,__pr_graph_lp_or_to_or_and__: 4760:entity-operate: distilator --> recipe-category: distilator__0__1:noncoproduct-route,,,True,entity-operate: distilator --> recipe-category: distilator__0__1,False,False,-1.1864551994061897e-30,2.8775765167289478e-31
1753,70,__pr_graph_lp_explicit_zero_free_source__: 2010:room-autoplace: planet: nauvis --> entity: big-worm-turret,,,True,explicit-zero:room-autoplace: planet: nauvis --> entity: big-worm-turret,False,False,-1.1857286729561022e-30,2.8758144312725387e-31
1754,723,__pr_graph_lp_or_to_or_and__: 1783:item: gunpowder --> fuel-category: chemical__1,,,True,item: gunpowder --> fuel-category: chemical__1,False,False,-1.1856557193752688e-30,2.8756374928503193e-31
1755,1397,__pr_graph_lp_or_to_or_and__: 4680:entity-operate: assembling-machine-1 --> recipe-category: advanced-crafting__1__0:noncoproduct-route,,,True,entity-operate: assembling-machine-1 --> recipe-category: advanced-crafting__1__0,False,False,-1.1843199179118099e-30,2.8723976984407321e-31
1756,642,__pr_graph_lp_or_to_or_and__: 1598:fluid-create-temperature: tailings: 10 --> fluid-create: tailings,,,True,fluid-create-temperature: tailings: 10 --> fluid-create: tailings,False,False,-1.1782369385196117e-30,2.8576443064378176e-31
1757,535,__pr_graph_lp_or_to_or_and__: 1054:item: fish --> entity-operate-py-module: fish-farm-mk01,,,True,item: fish --> entity-operate-py-module: fish-farm-mk01,False,False,-1.1756105538075744e-30,2.8512743878980895e-31
1758,1208,__pr_graph_lp_or_to_or_and__: 4386:entity-build: retorter --> entity: retorter:noncoproduct-route,,,True,entity-build: retorter --> entity: retorter,False,False,-1.1744190092964041e-30,2.8483844679873358e-31
1759,766,__pr_graph_lp_or_to_or_and__: 1862:item-craft: iron-gear-wheel --> item: iron-gear-wheel,,,True,item-craft: iron-gear-wheel --> item: iron-gear-wheel,False,False,-1.1707861541501932e-30,2.8395735001036378e-31
1760,605,__pr_graph_lp_or_to_or_and__: 1488:item: fluidavan --> entity-build-item: fluidavan,,,True,item: fluidavan --> entity-build-item: fluidavan,False,False,-1.1653031340092614e-30,2.8262752230121862e-31
1761,816,__pr_graph_lp_or_to_or_and__: 2047:item-craft: rich-clay --> item: rich-clay,,,True,item-craft: rich-clay --> item: rich-clay,False,False,-1.1635146875961388e-30,2.8219376033511946e-31
1762,60,__pr_graph_lp_explicit_zero_free_source__: 1964:room-autoplace: planet: nauvis --> entity: tree-09,,,True,explicit-zero:room-autoplace: planet: nauvis --> entity: tree-09,False,False,1.1601665345222681e-30,2.813817139414077e-31
1763,209,__pr_graph_lp_or_cost_row__: entity: stone-wall,,,True,node-cost:entity: stone-wall,False,False,-1.1594031943583564e-30,2.8119657675872708e-31
1764,1499,__pr_graph_lp_or_to_or_and__: 4822:entity-operate: botanical-nursery --> recipe-category: nursery__1__1:noncoproduct-route,,,True,entity-operate: botanical-nursery --> recipe-category: nursery__1__1,False,False,-1.1532875655346816e-30,2.7971331890821193e-31
1765,1701,entity-build: hpf,entity-build,hpf,False,,False,False,1.1525512841437468e-30,2.7953474444190938e-31
1766,1107,__pr_graph_lp_or_to_or_and__: 4045:item: raw-fiber --> energy-source-burner: chemical__jerry__biomass__nuke_2_1,,,True,item: raw-fiber --> energy-source-burner: chemical__jerry__biomass__nuke_2_1,False,False,-1.1437542680705569e-30,2.7740115466269412e-31
1767,1835,entity-mine: pump,entity-mine,pump,False,,True,False,1.1318558682980171e-30,2.7451536885390426e-31
1768,565,__pr_graph_lp_or_to_or_and__: 1134:item: barrel-machine-mk01 --> entity-build-item: barrel-machine-mk01,,,True,item: barrel-machine-mk01 --> entity-build-item: barrel-machine-mk01,False,False,-1.1251385205224106e-30,2.7288617272214461e-31
1769,66,__pr_graph_lp_explicit_zero_free_source__: 1994:room-autoplace: planet: nauvis --> entity: dead-dry-hairy-tree,,,True,explicit-zero:room-autoplace: planet: nauvis --> entity: dead-dry-hairy-tree,False,False,1.1221875934144e-30,2.7217046777577663e-31
1770,1831,entity-mine: pipe,entity-mine,pipe,False,,True,False,1.1202603943577136e-30,2.7170305335074325e-31
1771,361,__pr_graph_lp_or_cost_row__: item: light-armor,,,True,node-cost:item: light-armor,False,False,1.1186704028874151e-30,2.7131742377796036e-31
1772,448,__pr_graph_lp_or_cost_row__: item: sap-extractor-mk01,,,True,node-cost:item: sap-extractor-mk01,False,False,1.1184447446079125e-30,2.7126269360641856e-31
1773,328,__pr_graph_lp_or_cost_row__: item: genlab-mk01,,,True,node-cost:item: genlab-mk01,False,False,-1.1149387874807453e-30,2.7041237410823233e-31
1774,54,__pr_graph_lp_explicit_zero_free_source__: 1934:room-autoplace: planet: nauvis --> entity: tree-06,,,True,explicit-zero:room-autoplace: planet: nauvis --> entity: tree-06,False,False,-1.1142422123921059e-30,2.7024342983471824e-31
1775,779,__pr_graph_lp_or_to_or_and__: 1900:item-craft: small-lamp --> item: small-lamp,,,True,item-craft: small-lamp --> item: small-lamp,False,False,-1.1125031008670857e-30,2.698216333364707e-31
1776,863,__pr_graph_lp_or_to_or_and__: 2223:item-craft: grade-1-copper --> item: grade-1-copper,,,True,item-craft: grade-1-copper --> item: grade-1-copper,False,False,1.1073825134058673e-30,2.6857970846331635e-31
1777,417,__pr_graph_lp_or_cost_row__: item: py-gas-vent,,,True,node-cost:item: py-gas-vent,False,False,1.1055810839630549e-30,2.6814279765001505e-31
1778,346,__pr_graph_lp_or_cost_row__: item: iron-chest,,,True,node-cost:item: iron-chest,False,False,1.1051992708157619e-30,2.6805019436023399e-31
1779,192,__pr_graph_lp_or_cost_row__: entity: salt-rock,,,True,node-cost:entity: salt-rock,False,False,1.1000819547617552e-30,2.6680906291986778e-31
1780,986,__pr_graph_lp_or_to_or_and__: 3924:item: coal-dust --> energy-source-burner: chemical__biomass__jerry_2_1,,,True,item: coal-dust --> energy-source-burner: chemical__biomass__jerry_2_1,False,False,1.0990479296960124e-30,2.6655827500571984e-31
1781,593,__pr_graph_lp_or_to_or_and__: 1372:item: py-tank-4000 --> entity-build-item: py-tank-4000,,,True,item: py-tank-4000 --> entity-build-item: py-tank-4000,False,False,1.0961683527807026e-30,2.6585987502283322e-31
1782,89,__pr_graph_lp_or_cost_row__: entity: borax-mine,,,True,node-cost:entity: borax-mine,False,False,-1.0915091199363012e-30,2.6472984507937374e-31
1783,549,__pr_graph_lp_or_to_or_and__: 1082:item: seaweed --> entity-operate-py-module: seaweed-crop-mk03,,,True,item: seaweed --> entity-operate-py-module: seaweed-crop-mk03,False,False,1.0870392680208555e-30,2.6364574675761833e-31
1784,850,__pr_graph_lp_or_to_or_and__: 2185:item-craft: py-tank-8000 --> item: py-tank-8000,,,True,item-craft: py-tank-8000 --> item: py-tank-8000,False,False,1.0847468005683852e-30,2.6308974173442862e-31
1785,1289,__pr_graph_lp_or_to_or_and__: 4537:fluid-temperature: heavy-oil: 25 --> fluid-temperature-range: heavy-oil: 25: 25:noncoproduct-route,,,True,fluid-temperature: heavy-oil: 25 --> fluid-temperature-range: heavy-oil: 25: 25,False,False,1.0832096023563808e-30,2.6271691640746849e-31
1786,770,__pr_graph_lp_or_to_or_and__: 1872:item-craft: burner-mining-drill --> item: burner-mining-drill,,,True,item-craft: burner-mining-drill --> item: burner-mining-drill,False,False,1.0820633975933491e-30,2.6243892092048223e-31
1787,780,__pr_graph_lp_or_to_or_and__: 1903:item-craft: pipe-to-ground --> item: pipe-to-ground,,,True,item-craft: pipe-to-ground --> item: pipe-to-ground,False,False,1.077488185377709e-30,2.6132926897261547e-31
1788,895,__pr_graph_lp_or_to_or_and__: 2305:item-craft: small-parts-01 --> item: small-parts-01,,,True,item-craft: small-parts-01 --> item: small-parts-01,False,False,-1.0769017698096175e-30,2.6118704230711395e-31
1789,546,__pr_graph_lp_or_to_or_and__: 1076:item: seaweed-crop-mk01 --> entity-build-item: seaweed-crop-mk01,,,True,item: seaweed-crop-mk01 --> entity-build-item: seaweed-crop-mk01,False,False,1.0733343686517713e-30,2.6032182044262998e-31
1790,81,__pr_graph_lp_or_cost_row__: entity: big-rock,,,True,node-cost:entity: big-rock,False,False,-1.0730724588925957e-30,2.6025829799585885e-31
1791,1316,__pr_graph_lp_or_to_or_and__: 4573:fluid-temperature: tailings: 10 --> fluid-temperature-range: tailings: 10: 10:noncoproduct-route,,,True,fluid-temperature: tailings: 10 --> fluid-temperature-range: tailings: 10: 10,False,False,-1.0705295886945815e-30,2.5964156138662509e-31
1792,1544,__pr_graph_lp_or_to_or_and__: 4881:entity-operate: pulp-mill-mk01 --> recipe-category: pulp__0__0:noncoproduct-route,,,True,entity-operate: pulp-mill-mk01 --> recipe-category: pulp__0__0,False,False,1.0632096218401325e-30,2.5786620866077931e-31
1793,985,__pr_graph_lp_or_to_or_and__: 3923:item: coke --> energy-source-burner: chemical__biomass__jerry_2_1,,,True,item: coke --> energy-source-burner: chemical__biomass__jerry_2_1,False,False,-1.0625504543016506e-30,2.5770633705077033e-31
1794,878,__pr_graph_lp_or_to_or_and__: 2264:item-craft: clay --> item: clay,,,True,item-craft: clay --> item: clay,False,False,1.0605070673628863e-30,2.5721074292530134e-31
1795,1779,entity-mine: car,entity-mine,car,False,,True,False,-1.0515134016686134e-30,2.5502945860760411e-31
1796,1640,__pr_graph_lp_or_to_or_and__: 888:item: distilator --> entity-build-item: distilator,,,True,item: distilator --> entity-build-item: distilator,False,False,1.0503036431148081e-30,2.5473604906233981e-31
1797,1183,__pr_graph_lp_or_to_or_and__: 4336:entity-build: tar-processing-unit --> entity: tar-processing-unit:noncoproduct-route,,,True,entity-build: tar-processing-unit --> entity: tar-processing-unit,False,False,1.0470288721726385e-30,2.5394180044970198e-31
1798,886,__pr_graph_lp_or_to_or_and__: 2281:item-craft: formica --> item: formica,,,True,item-craft: formica --> item: formica,False,False,1.0465837547194146e-30,2.5383384361060478e-31
1799,789,__pr_graph_lp_or_to_or_and__: 1928:item-craft: steel-chest --> item: steel-chest,,,True,item-craft: steel-chest --> item: steel-chest,False,False,-1.0452537699480204e-30,2.5351127492468334e-31
1800,1864,entity-mine: small-lamp,entity-mine,small-lamp,False,,True,False,1.044421165806144e-30,2.5330933875991334e-31
1801,802,__pr_graph_lp_or_to_or_and__: 1998:item-craft: plastic-bar --> item: plastic-bar,,,True,item-craft: plastic-bar --> item: plastic-bar,False,False,1.0433911938894435e-30,2.5305953387879598e-31
1802,134,__pr_graph_lp_or_cost_row__: entity: medium-worm-turret,,,True,node-cost:entity: medium-worm-turret,False,False,1.0398443775840214e-30,2.5219930457433153e-31
1803,1237,__pr_graph_lp_or_to_or_and__: 4444:entity-build: lab --> entity: lab:noncoproduct-route,,,True,entity-build: lab --> entity: lab,False,False,1.0381401413145375e-30,2.5178596656793408e-31
1804,869,__pr_graph_lp_or_to_or_and__: 2243:item-craft: tin-plate --> item: tin-plate,,,True,item-craft: tin-plate --> item: tin-plate,False,False,1.0373996868866523e-30,2.516063799915124e-31
1805,542,__pr_graph_lp_or_to_or_and__: 1065:item: sap-tree --> entity-operate-py-module: sap-extractor-mk03,,,True,item: sap-tree --> entity-operate-py-module: sap-extractor-mk03,False,False,1.0366991344097726e-30,2.5143647105966112e-31
1806,532,__pr_graph_lp_or_to_or_and__: 1045:item: vrauks --> entity-operate-py-module: vrauks-paddock-mk04,,,True,item: vrauks --> entity-operate-py-module: vrauks-paddock-mk04,False,False,-1.0355398882154767e-30,2.5115531256101042e-31
1807,1526,__pr_graph_lp_or_to_or_and__: 4858:entity-operate: electrolyzer-mk01 --> recipe-category: electrolyzer__0__1:noncoproduct-route,,,True,entity-operate: electrolyzer-mk01 --> recipe-category: electrolyzer__0__1,False,False,-1.0331585370693045e-30,2.5057775007573999e-31
1808,1713,entity-build: outpost,entity-build,outpost,False,,False,False,1.0314811137409921e-30,2.5017091516275035e-31
1809,1685,entity-build: clay-pit-mk01,entity-build,clay-pit-mk01,False,,False,False,-1.031237138692065e-30,2.5011174252211364e-31
1810,1459,__pr_graph_lp_or_to_or_and__: 4771:entity-operate: distilator --> recipe-category: distilator__3__2:noncoproduct-route,,,True,entity-operate: distilator --> recipe-category: distilator__3__2,False,False,1.031077210113828e-30,2.5007295414465791e-31
1811,1591,__pr_graph_lp_or_to_or_and__: 4939:entity-operate: creature-chamber-mk01 --> recipe-category: creature-chamber__2__0:noncoproduct-route,,,True,entity-operate: creature-chamber-mk01 --> recipe-category: creature-chamber__2__0,False,False,1.0309994877804849e-30,2.5005410371007217e-31
1812,516,__pr_graph_lp_or_to_or_and__: 1009:item: moss --> entity-operate-py-module: moss-farm-mk02,,,True,item: moss --> entity-operate-py-module: moss-farm-mk02,False,False,-1.0240469362541959e-30,2.4836786228996539e-31
1813,1991,entity-operate: py-gas-vent,entity-operate,py-gas-vent,False,,False,False,1.0202903077323589e-30,2.4745674604875186e-31
1814,1699,entity-build: glassworks-mk01,entity-build,glassworks-mk01,False,,False,False,-1.0180205630713609e-30,2.4690625211196205e-31
1815,526,__pr_graph_lp_or_to_or_and__: 1030:item: incubator-mk01 --> entity-build-item: incubator-mk01,,,True,item: incubator-mk01 --> entity-build-item: incubator-mk01,False,False,-1.0177568215417848e-30,2.4684228539561456e-31
1816,1444,__pr_graph_lp_or_to_or_and__: 4756:entity-operate: distilator --> recipe-category: distilator__1__2:noncoproduct-route,,,True,entity-operate: distilator --> recipe-category: distilator__1__2,False,False,-1.0083542471781605e-30,2.4456182615879681e-31
1817,1528,__pr_graph_lp_or_to_or_and__: 4861:entity-operate: smelter-mk01 --> recipe-category: py-rawores-smelter__0__0:noncoproduct-route,,,True,entity-operate: smelter-mk01 --> recipe-category: py-rawores-smelter__0__0,False,False,-1.0070687013917793e-30,2.4425003550981804e-31
1818,441,__pr_graph_lp_or_cost_row__: item: reformer-mk01,,,True,node-cost:item: reformer-mk01,False,False,-1.0058144737197859e-30,2.4394584061924268e-31
1819,305,__pr_graph_lp_or_cost_row__: item: electrolyzer-mk01,,,True,node-cost:item: electrolyzer-mk01,False,False,1.0006805309106882e-30,2.4270067659846187e-31
1820,968,__pr_graph_lp_or_to_or_and__: 3830:item: vrauks --> recipe-py-module: vrauks-cocoon-1-no-water,,,True,item: vrauks --> recipe-py-module: vrauks-cocoon-1-no-water,False,False,9.9496066654608553e-31,2.4131340572783033e-31
1821,341,__pr_graph_lp_or_cost_row__: item: hpf,,,True,node-cost:item: hpf,False,False,-9.9303473949130833e-31,2.4084629980857322e-31
1822,349,__pr_graph_lp_or_cost_row__: item: iron-oxide,,,True,node-cost:item: iron-oxide,False,False,-9.9035970903716517e-31,2.4019750962920282e-31
1823,1211,__pr_graph_lp_or_to_or_and__: 4392:entity-build: micro-mine-mk01 --> entity: micro-mine-mk01:noncoproduct-route,,,True,entity-build: micro-mine-mk01 --> entity: micro-mine-mk01,False,False,-9.8897850496835247e-31,2.3986251843904111e-31
1824,433,__pr_graph_lp_or_cost_row__: item: quenching-tower,,,True,node-cost:item: quenching-tower,False,False,9.8842517230839651e-31,2.3972831555729514e-31
1825,1607,__pr_graph_lp_or_to_or_and__: 4960:entity-operate: research-center-mk01 --> recipe-category: research__1__0:noncoproduct-route,,,True,entity-operate: research-center-mk01 --> recipe-category: research__1__0,False,False,-9.8718225023484269e-31,2.3942686267708753e-31
1826,376,__pr_graph_lp_or_cost_row__: item: moondrop-codex,,,True,node-cost:item: moondrop-codex,False,False,-9.8695556025314331e-31,2.3937188228101002e-31
1827,271,__pr_graph_lp_or_cost_row__: item: calcium-carbide,,,True,node-cost:item: calcium-carbide,False,False,-9.8625581927190933e-31,2.392021701657612e-31
1828,2098,fluid-temperature: steam: 250,fluid-temperature,steam: 250,False,,False,False,-9.8568543694344463e-31,2.3906383213203111e-31
1829,870,__pr_graph_lp_or_to_or_and__: 2245:item-craft: ore-zinc --> item: ore-zinc,,,True,item-craft: ore-zinc --> item: ore-zinc,False,False,9.8347273210467308e-31,2.3852717238409555e-31
1830,332,__pr_graph_lp_or_cost_row__: item: grade-2-copper,,,True,node-cost:item: grade-2-copper,False,False,-9.822724156477526e-31,2.382360528836874e-31
1831,915,__pr_graph_lp_or_to_or_and__: 2366:item-craft: fluid-drill-mk01 --> item: fluid-drill-mk01,,,True,item-craft: fluid-drill-mk01 --> item: fluid-drill-mk01,False,False,9.7456437125959241e-31,2.3636657753119412e-31
1832,1706,entity-build: lab,entity-build,lab,False,,False,False,-9.7089521803830805e-31,2.3547667716655053e-31
1833,85,__pr_graph_lp_or_cost_row__: entity: biter-spawner,,,True,node-cost:entity: biter-spawner,False,False,-9.6667942220604331e-31,2.3445419649536123e-31
1834,1226,__pr_graph_lp_or_to_or_and__: 4422:entity-build: steel-chest --> entity: steel-chest:noncoproduct-route,,,True,entity-build: steel-chest --> entity: steel-chest,False,False,9.6555845735360836e-31,2.3418232258583142e-31
1835,603,__pr_graph_lp_or_to_or_and__: 1480:item: underground-belt --> entity-build-item: underground-belt,,,True,item: underground-belt --> entity-build-item: underground-belt,False,False,9.6413331208183507e-31,2.3383667408860754e-31
1836,1341,__pr_graph_lp_or_to_or_and__: 4607:fluid-temperature: gasoline: 10 --> fluid: gasoline:noncoproduct-route,,,True,fluid-temperature: gasoline: 10 --> fluid: gasoline,False,False,-9.628410377436218e-31,2.3352325152611423e-31
1837,838,__pr_graph_lp_or_to_or_and__: 2150:item-craft: calcium-carbide --> item: calcium-carbide,,,True,item-craft: calcium-carbide --> item: calcium-carbide,False,False,9.6272641823731709e-31,2.3349545221267479e-31
1838,1740,entity-build: reformer-mk01,entity-build,reformer-mk01,False,,False,False,-9.5754966680480686e-31,2.3223990557571874e-31
1839,19,__pr_graph_lp_explicit_zero_free_source__: 1606:room-autoplace: planet: nauvis --> entity: ore-titanium,,,True,explicit-zero:room-autoplace: planet: nauvis --> entity: ore-titanium,False,False,-9.5244541535385751e-31,2.3100194276700227e-31
1840,1117,__pr_graph_lp_or_to_or_and__: 4055:item: treated-wood --> energy-source-burner: chemical__biomass__nuke_2_1,,,True,item: treated-wood --> energy-source-burner: chemical__biomass__nuke_2_1,False,False,9.5113274181824579e-31,2.306835726724468e-31
1841,989,__pr_graph_lp_or_to_or_and__: 3927:item: kerogen --> energy-source-burner: chemical__biomass__jerry_2_1,,,True,item: kerogen --> energy-source-burner: chemical__biomass__jerry_2_1,False,False,9.4771241271478673e-31,2.2985402102038911e-31
1842,372,__pr_graph_lp_or_cost_row__: item: middle-oil-barrel,,,True,node-cost:item: middle-oil-barrel,False,False,9.4726563385018857e-31,2.297456612298482e-31
1843,1349,__pr_graph_lp_or_to_or_and__: 4617:fluid-temperature: hydrogen: 15 --> fluid-temperature-range: hydrogen: 15: 15:noncoproduct-route,,,True,fluid-temperature: hydrogen: 15 --> fluid-temperature-range: hydrogen: 15: 15,False,False,-9.4494179817611136e-31,2.2918204829546953e-31
1844,468,__pr_graph_lp_or_cost_row__: item: solder,,,True,node-cost:item: solder,False,False,-9.391676588487768e-31,2.2778161381290541e-31
1845,1705,entity-build: jaw-crusher,entity-build,jaw-crusher,False,,False,False,-9.38675432905475e-31,2.2766223148678985e-31
1846,873,__pr_graph_lp_or_to_or_and__: 2252:item-craft: duralumin --> item: duralumin,,,True,item-craft: duralumin --> item: duralumin,False,False,-9.3793954960083064e-31,2.2748375357059399e-31
1847,1632,__pr_graph_lp_or_to_or_and__: 4997:logic-and: smart-farm-yotoi-tree-fruit-recipe-yotoi-fruit-super-1 --> logic-or: smart-farm-yotoi-tree-fruit-recipe:noncoproduct-route,,,True,logic-and: smart-farm-yotoi-tree-fruit-recipe-yotoi-fruit-super-1 --> logic-or: smart-farm-yotoi-tree-fruit-recipe,False,False,-9.2691744382491352e-31,2.2481050027274041e-31
1848,59,__pr_graph_lp_explicit_zero_free_source__: 1959:room-autoplace: planet: nauvis --> entity: tree-08-red,,,True,explicit-zero:room-autoplace: planet: nauvis --> entity: tree-08-red,False,False,-9.2144084829150418e-31,2.2348223075978712e-31
1849,139,__pr_graph_lp_or_cost_row__: entity: multiblade-turbine-mk01,,,True,node-cost:entity: multiblade-turbine-mk01,False,False,9.1479569338002138e-31,2.2187054396934789e-31
1850,375,__pr_graph_lp_or_cost_row__: item: moondrop,,,True,node-cost:item: moondrop,False,False,9.1074241366737354e-31,2.2088747924657652e-31
1851,2130,item-gun: shotgun,item-gun,shotgun,False,,False,False,9.0532424694707557e-31,2.1957338080224796e-31
1852,123,__pr_graph_lp_or_cost_row__: entity: gun-turret,,,True,node-cost:entity: gun-turret,False,False,9.0448815752331316e-31,2.1937059933246233e-31
1853,121,__pr_graph_lp_or_cost_row__: entity: geothermal-crack,,,True,node-cost:entity: geothermal-crack,False,False,-9.0202176215769882e-31,2.1877241059439511e-31
1854,497,__pr_graph_lp_or_cost_row__: item: underground-belt,,,True,node-cost:item: underground-belt,False,False,-8.9774793375040748e-31,2.1773585495643205e-31
1855,987,__pr_graph_lp_or_to_or_and__: 3925:item: gunpowder --> energy-source-burner: chemical__biomass__jerry_2_1,,,True,item: gunpowder --> energy-source-burner: chemical__biomass__jerry_2_1,False,False,-8.9768706098118406e-31,2.1772109114138759e-31
1856,765,__pr_graph_lp_or_to_or_and__: 1860:item-craft: iron-stick --> item: iron-stick,,,True,item-craft: iron-stick --> item: iron-stick,False,False,-8.9574726672120316e-31,2.1725062193086868e-31
1857,858,__pr_graph_lp_or_to_or_and__: 2210:item-craft: glass --> item: glass,,,True,item-craft: glass --> item: glass,False,False,8.9552612472913653e-31,2.1719698711991652e-31
1858,1391,__pr_graph_lp_or_to_or_and__: 4673:fluid-temperature: formic-acid: 15 --> fluid-temperature-range: formic-acid: 15: 15:noncoproduct-route,,,True,fluid-temperature: formic-acid: 15 --> fluid-temperature-range: formic-acid: 15: 15,False,False,8.8940813093947276e-31,2.1571315568090045e-31
1859,933,__pr_graph_lp_or_to_or_and__: 2406:item-craft: earth-generic-sample --> item: earth-generic-sample,,,True,item-craft: earth-generic-sample --> item: earth-generic-sample,False,False,8.8822845852552137e-31,2.1542704309632763e-31
1860,30,__pr_graph_lp_explicit_zero_free_source__: 1645:room-autoplace: planet: nauvis --> entity: tin-rock,,,True,explicit-zero:room-autoplace: planet: nauvis --> entity: tin-rock,False,False,8.8664473276306331e-31,2.150429331809032e-31
1861,383,__pr_graph_lp_or_cost_row__: item: multiblade-turbine-mk01,,,True,node-cost:item: multiblade-turbine-mk01,False,False,-8.7459469537967046e-31,2.1212036984960239e-31
1862,1079,__pr_graph_lp_or_to_or_and__: 4017:item: fish --> energy-source-burner: fish_2_0,,,True,item: fish --> energy-source-burner: fish_2_0,False,False,8.7226421342586148e-31,2.1155514495562431e-31
1863,788,__pr_graph_lp_or_to_or_and__: 1925:item-craft: gate --> item: gate,,,True,item-craft: gate --> item: gate,False,False,8.7010451782409231e-31,2.110313418360422e-31
1864,368,__pr_graph_lp_or_cost_row__: item: methanal-barrel,,,True,node-cost:item: methanal-barrel,False,False,8.6951017797927288e-31,2.1088719325114285e-31
1865,377,__pr_graph_lp_or_cost_row__: item: moondrop-greenhouse-mk01,,,True,node-cost:item: moondrop-greenhouse-mk01,False,False,-8.6487143694306546e-31,2.097621333011626e-31
1866,1673,entity-build: assembling-machine-1,entity-build,assembling-machine-1,False,,False,False,8.6165027714671493e-31,2.0898088730120837e-31
1867,1296,__pr_graph_lp_or_to_or_and__: 4547:fluid-temperature: carbon-dioxide: 15 --> fluid: carbon-dioxide:noncoproduct-route,,,True,fluid-temperature: carbon-dioxide: 15 --> fluid: carbon-dioxide,False,False,8.5884550085492468e-31,2.0830062913419344e-31
1868,1612,__pr_graph_lp_or_to_or_and__: 4966:entity-operate: slaughterhouse-mk01 --> recipe-category: slaughterhouse__0__1:noncoproduct-route,,,True,entity-operate: slaughterhouse-mk01 --> recipe-category: slaughterhouse__0__1,False,False,8.5511238922860802e-31,2.0739521657790031e-31
1869,116,__pr_graph_lp_or_cost_row__: entity: fluidavan,,,True,node-cost:entity: fluidavan,False,False,8.5491811199988867e-31,2.0734809742907969e-31
1870,1409,__pr_graph_lp_or_to_or_and__: 4695:entity-operate: burner-mining-drill --> resource-category: basic-solid__0__0:noncoproduct-route,,,True,entity-operate: burner-mining-drill --> resource-category: basic-solid__0__0,False,False,8.525768434829236e-31,2.0678025640927994e-31
1871,98,__pr_graph_lp_or_cost_row__: entity: clay-pit-mk01,,,True,node-cost:entity: clay-pit-mk01,False,False,-8.5211242496192109e-31,2.0666761837367273e-31
1872,595,__pr_graph_lp_or_to_or_and__: 1380:item: py-tank-7000 --> entity-build-item: py-tank-7000,,,True,item: py-tank-7000 --> entity-build-item: py-tank-7000,False,False,8.5162626920612724e-31,2.0654970828426982e-31
1873,1765,entity-build: wpu-mk01,entity-build,wpu-mk01,False,,False,False,8.4583508055802631e-31,2.0514513873406154e-31
1874,860,__pr_graph_lp_or_to_or_and__: 2215:item-craft: aluminium-plate --> item: aluminium-plate,,,True,item-craft: aluminium-plate --> item: aluminium-plate,False,False,-8.4541140271340493e-31,2.0504238176380669e-31
1875,221,__pr_graph_lp_or_cost_row__: entity: tree-04,,,True,node-cost:entity: tree-04,False,False,8.4512164193654851e-31,2.0497210445309419e-31
1876,2105,item-ammo: firearm-magazine,item-ammo,firearm-magazine,False,,False,False,-8.3896846677657032e-31,2.0347974027848947e-31
1877,1758,entity-build: tar-processing-unit,entity-build,tar-processing-unit,False,,False,False,-8.3499340712949522e-31,2.0251564670810054e-31
1878,1582,__pr_graph_lp_or_to_or_and__: 4928:entity-operate: biofactory-mk01 --> recipe-category: biofactory__2__2:noncoproduct-route,,,True,entity-operate: biofactory-mk01 --> recipe-category: biofactory__2__2,False,False,-8.2568657507737427e-31,2.0025840839250909e-31
1879,1677,entity-build: boiler,entity-build,boiler,False,,False,False,8.1933405363268037e-31,1.9871769564242657e-31
1880,1666,__pr_graph_lp_or_to_or_and__: 992:item: chipshooter-mk01 --> entity-build-item: chipshooter-mk01,,,True,item: chipshooter-mk01 --> entity-build-item: chipshooter-mk01,False,False,-8.1883975479403104e-31,1.9859781056534521e-31
1881,57,__pr_graph_lp_explicit_zero_free_source__: 1949:room-autoplace: planet: nauvis --> entity: tree-08,,,True,explicit-zero:room-autoplace: planet: nauvis --> entity: tree-08,False,False,8.1409370272422028e-31,1.9744672386690977e-31
1882,35,__pr_graph_lp_explicit_zero_free_source__: 1660:room-autoplace: planet: nauvis --> entity: phosphate-rock,,,True,explicit-zero:room-autoplace: planet: nauvis --> entity: phosphate-rock,False,False,-8.1400108896174546e-31,1.9742426173027314e-31
1883,1810,entity-mine: iron-ore,entity-mine,iron-ore,False,,True,False,8.1242376020323294e-31,1.9704170331618985e-31
1884,327,__pr_graph_lp_or_cost_row__: item: gate,,,True,node-cost:item: gate,False,False,8.1037010728982648e-31,1.9654361932615902e-31
1885,16,__pr_graph_lp_explicit_zero_free_source__: 1588:room-autoplace: planet: nauvis --> entity: ore-lead,,,True,explicit-zero:room-autoplace: planet: nauvis --> entity: ore-lead,False,False,8.0955353734492915e-31,1.9634557202535246e-31
1886,1313,__pr_graph_lp_or_to_or_and__: 4569:fluid-temperature: muddy-sludge: 10 --> fluid-temperature-range: muddy-sludge: 10: 10:noncoproduct-route,,,True,fluid-temperature: muddy-sludge: 10 --> fluid-temperature-range: muddy-sludge: 10: 10,False,False,-8.0849652274471896e-31,1.9608920833012598e-31
1887,1238,__pr_graph_lp_or_to_or_and__: 4446:entity-build: small-lamp --> entity: small-lamp:noncoproduct-route,,,True,entity-build: small-lamp --> entity: small-lamp,False,False,8.0770405392595975e-31,1.9589700641097701e-31
1888,1896,entity-mine: washer,entity-mine,washer,False,,True,False,-8.0209741242661835e-31,1.9453719611857847e-31
1889,875,__pr_graph_lp_or_to_or_and__: 2256:item-craft: solder --> item: solder,,,True,item-craft: solder --> item: solder,False,False,8.0074350482755201e-31,1.9420882529472908e-31
1890,1268,__pr_graph_lp_or_to_or_and__: 4506:entity-build: fluidavan --> entity: fluidavan:noncoproduct-route,,,True,entity-build: fluidavan --> entity: fluidavan,False,False,7.9980364683467795e-31,1.9398087625032285e-31
1891,822,__pr_graph_lp_or_to_or_and__: 2102:item-craft: gasifier --> item: gasifier,,,True,item-craft: gasifier --> item: gasifier,False,False,-7.8727963400826236e-31,1.9094335698937287e-31
1892,206,__pr_graph_lp_or_cost_row__: entity: steel-chest,,,True,node-cost:entity: steel-chest,False,False,7.861420323553382e-31,1.9066744806306152e-31
1893,201,__pr_graph_lp_or_cost_row__: entity: soil-extractor-mk01,,,True,node-cost:entity: soil-extractor-mk01,False,False,7.8494466337746778e-31,1.9037704343132287e-31
1894,122,__pr_graph_lp_or_cost_row__: entity: glassworks-mk01,,,True,node-cost:entity: glassworks-mk01,False,False,-7.8425847193868171e-31,1.9021061756280129e-31
1895,215,__pr_graph_lp_or_cost_row__: entity: titanium-rock,,,True,node-cost:entity: titanium-rock,False,False,-7.8115556837640222e-31,1.8945805291232321e-31
1896,552,__pr_graph_lp_or_to_or_and__: 1085:item: moondrop --> entity-operate-py-module: moondrop-greenhouse-mk03,,,True,item: moondrop --> entity-operate-py-module: moondrop-greenhouse-mk03,False,False,-7.8056489936488561e-31,1.8931479463526815e-31
1897,1224,__pr_graph_lp_or_to_or_and__: 4418:entity-build: wooden-chest --> entity: wooden-chest:noncoproduct-route,,,True,entity-build: wooden-chest --> entity: wooden-chest,False,False,7.7847193735236203e-31,1.8880717678836943e-31
1898,883,__pr_graph_lp_or_to_or_and__: 2275:item-craft: graphite --> item: graphite,,,True,item-craft: graphite --> item: graphite,False,False,-7.7595513857844063e-31,1.8819676342823638e-31
1899,1546,__pr_graph_lp_or_to_or_and__: 4883:entity-operate: pulp-mill-mk01 --> recipe-category: pulp__2__0:noncoproduct-route,,,True,entity-operate: pulp-mill-mk01 --> recipe-category: pulp__2__0,False,False,-7.7176103368851895e-31,1.8717954358327494e-31
1900,52,__pr_graph_lp_explicit_zero_free_source__: 1924:room-autoplace: planet: nauvis --> entity: tree-04,,,True,explicit-zero:room-autoplace: planet: nauvis --> entity: tree-04,False,False,7.7072369996726906e-31,1.8692795320230028e-31
1901,198,__pr_graph_lp_or_cost_row__: entity: small-lamp,,,True,node-cost:entity: small-lamp,False,False,7.7007563186358528e-31,1.867707736006318e-31
1902,1716,entity-build: pipe,entity-build,pipe,False,,False,False,-7.6731176719563592e-31,1.8610043795981802e-31
1903,1082,__pr_graph_lp_or_to_or_and__: 4020:item: coke --> energy-source-burner: chemical__jerry__biomass__nuke_2_1,,,True,item: coke --> energy-source-burner: chemical__jerry__biomass__nuke_2_1,False,False,7.6644029092068916e-31,1.8588907391801279e-31
1904,1681,entity-build: burner-mining-drill,entity-build,burner-mining-drill,False,,False,False,7.6328702124780857e-31,1.851242936914913e-31
1905,1414,__pr_graph_lp_or_to_or_and__: 4703:item-burn: coke --> item: ash:noncoproduct-route,,,True,item-burn: coke --> item: ash,False,False,7.63057024296867e-31,1.8506851123756636e-31
1906,413,__pr_graph_lp_or_cost_row__: item: processed-iron-ore,,,True,node-cost:item: processed-iron-ore,False,False,7.6206929385212935e-31,1.8482895141819368e-31
1907,1630,__pr_graph_lp_or_to_or_and__: 4993:logic-and: smart-farm-ralesia-flowers-recipe-ralesia-super-1 --> logic-or: smart-farm-ralesia-flowers-recipe:noncoproduct-route,,,True,logic-and: smart-farm-ralesia-flowers-recipe-ralesia-super-1 --> logic-or: smart-farm-ralesia-flowers-recipe,False,False,7.6098454814430692e-31,1.8456586194148906e-31
1908,119,__pr_graph_lp_or_cost_row__: entity: gate,,,True,node-cost:entity: gate,False,False,-7.6040280012621743e-31,1.8442476732313805e-31
1909,1643,__pr_graph_lp_or_to_or_and__: 900:item: quenching-tower --> entity-build-item: quenching-tower,,,True,item: quenching-tower --> entity-build-item: quenching-tower,False,False,7.5962653151323148e-31,1.842364945309989e-31
1910,1050,__pr_graph_lp_or_to_or_and__: 3988:item: cellulose --> energy-source-burner: biomass_2_1,,,True,item: cellulose --> energy-source-burner: biomass_2_1,False,False,7.5774962030074099e-31,1.8378127669961758e-31
1911,362,__pr_graph_lp_or_cost_row__: item: light-oil-barrel,,,True,node-cost:item: light-oil-barrel,False,False,7.5714937932213532e-31,1.8363569687955539e-31
1912,899,__pr_graph_lp_or_to_or_and__: 2318:item-craft: py-tank-9000 --> item: py-tank-9000,,,True,item-craft: py-tank-9000 --> item: py-tank-9000,False,False,-7.549964053602082e-31,1.8311352399708405e-31
1913,947,__pr_graph_lp_or_to_or_and__: 2452:item-craft: seaweed-crop-mk01 --> item: seaweed-crop-mk01,,,True,item-craft: seaweed-crop-mk01 --> item: seaweed-crop-mk01,False,False,-7.5135010942419637e-31,1.8222916733837808e-31
1914,847,__pr_graph_lp_or_to_or_and__: 2176:item-craft: py-tank-5000 --> item: py-tank-5000,,,True,item-craft: py-tank-5000 --> item: py-tank-5000,False,False,-7.5054681936275628e-31,1.8203434088238726e-31
1915,1517,__pr_graph_lp_or_to_or_and__: 4847:entity-operate: py-sinkhole --> recipe-category: py-runoff__1__0:noncoproduct-route,,,True,entity-operate: py-sinkhole --> recipe-category: py-runoff__1__0,False,False,7.4979299869568538e-31,1.8185151251680939e-31
1916,1645,__pr_graph_lp_or_to_or_and__: 908:item: evaporator --> entity-build-item: evaporator,,,True,item: evaporator --> entity-build-item: evaporator,False,False,-7.4874598630179594e-31,1.8159757471293037e-31
1917,948,__pr_graph_lp_or_to_or_and__: 2455:item-craft: battery-mk00 --> item: battery-mk00,,,True,item-craft: battery-mk00 --> item: battery-mk00,False,False,-7.4868504108697248e-31,1.8158279332724715e-31
1918,1527,__pr_graph_lp_or_to_or_and__: 4859:entity-operate: electrolyzer-mk01 --> recipe-category: electrolyzer__3__1:noncoproduct-route,,,True,entity-operate: electrolyzer-mk01 --> recipe-category: electrolyzer__3__1,False,False,-7.4865299610808638e-31,1.8157502127830944e-31
1919,1304,__pr_graph_lp_or_to_or_and__: 4557:fluid-temperature: creosote: 10 --> fluid-temperature-range: creosote: 10: 10:noncoproduct-route,,,True,fluid-temperature: creosote: 10 --> fluid-temperature-range: creosote: 10: 10,False,False,-7.4755108371333973e-31,1.8130776826848636e-31
1920,1688,entity-build: distilator,entity-build,distilator,False,,False,False,-7.4698126806650229e-31,1.8116956767523811e-31
1921,918,__pr_graph_lp_or_to_or_and__: 2373:item-craft: empty-petri-dish --> item: empty-petri-dish,,,True,item-craft: empty-petri-dish --> item: empty-petri-dish,False,False,-7.4576341716492592e-31,1.8087419544736069e-31
1922,1712,entity-build: olefin-plant,entity-build,olefin-plant,False,,False,False,7.4559029757407162e-31,1.808322077794338e-31
1923,1188,__pr_graph_lp_or_to_or_and__: 4346:entity-build: soil-extractor-mk01 --> entity: soil-extractor-mk01:noncoproduct-route,,,True,entity-build: soil-extractor-mk01 --> entity: soil-extractor-mk01,False,False,7.4454216021488729e-31,1.8057799713139545e-31
1924,1236,__pr_graph_lp_or_to_or_and__: 4442:entity-build: burner-inserter --> entity: burner-inserter:noncoproduct-route,,,True,entity-build: burner-inserter --> entity: burner-inserter,False,False,7.4368155600310381e-31,1.8036926995220946e-31
1925,159,__pr_graph_lp_or_cost_row__: entity: phosphate-rock-02,,,True,node-cost:entity: phosphate-rock-02,False,False,7.4254190287352105e-31,1.8009286346972742e-31
1926,1620,__pr_graph_lp_or_to_or_and__: 4977:entity-operate: offshore-pump --> tile-fluid-pump: deepwater-green:noncoproduct-route,,,True,entity-operate: offshore-pump --> tile-fluid-pump: deepwater-green,False,False,7.4215073299538955e-31,1.7999799083939748e-31
1927,518,__pr_graph_lp_or_to_or_and__: 1011:item: moss --> entity-operate-py-module: moss-farm-mk04,,,True,item: moss --> entity-operate-py-module: moss-farm-mk04,False,False,7.4094776665026933e-31,1.7970622864670232e-31
1928,1229,__pr_graph_lp_or_to_or_and__: 4428:entity-build: stone-furnace --> entity: stone-furnace:noncoproduct-route,,,True,entity-build: stone-furnace --> entity: stone-furnace,False,False,7.3903352126216732e-31,1.792419559477571e-31
1929,429,__pr_graph_lp_or_cost_row__: item: py-tank-7000,,,True,node-cost:item: py-tank-7000,False,False,7.340197174825344e-31,1.7802592992140741e-31
1930,1638,__pr_graph_lp_or_to_or_and__: 879:item: gun-turret --> entity-build-item: gun-turret,,,True,item: gun-turret --> entity-build-item: gun-turret,False,False,7.3360410516068796e-31,1.7792512912774851e-31
1931,834,__pr_graph_lp_or_to_or_and__: 2138:item-craft: jaw-crusher --> item: jaw-crusher,,,True,item-craft: jaw-crusher --> item: jaw-crusher,False,False,7.331226691068081e-31,1.7780836373419258e-31
1932,96,__pr_graph_lp_or_cost_row__: entity: chipshooter-mk01,,,True,node-cost:entity: chipshooter-mk01,False,False,7.3278112650731505e-31,1.7772552748683528e-31
1933,1563,__pr_graph_lp_or_to_or_and__: 4905:entity-operate: moss-farm-mk01 --> recipe-category: moss__1__0:noncoproduct-route,,,True,entity-operate: moss-farm-mk01 --> recipe-category: moss__1__0,False,False,-7.3179345353274877e-31,1.7748598160602645e-31
1934,1242,__pr_graph_lp_or_to_or_and__: 4454:entity-build: fluid-drill-mk01 --> entity: fluid-drill-mk01:noncoproduct-route,,,True,entity-build: fluid-drill-mk01 --> entity: fluid-drill-mk01,False,False,-7.3055918843161827e-31,1.7718662835002414e-31
1935,483,__pr_graph_lp_or_cost_row__: item: syngas-barrel,,,True,node-cost:item: syngas-barrel,False,False,7.2807080826714736e-31,1.7658310751505629e-31
1936,63,__pr_graph_lp_explicit_zero_free_source__: 1979:room-autoplace: planet: nauvis --> entity: dry-tree,,,True,explicit-zero:room-autoplace: planet: nauvis --> entity: dry-tree,False,False,-7.2787581918889057e-31,1.7653581571736421e-31
1937,101,__pr_graph_lp_or_cost_row__: entity: copper-rock,,,True,node-cost:entity: copper-rock,False,False,-7.2560518792503482e-31,1.7598510674779739e-31
1938,186,__pr_graph_lp_or_cost_row__: entity: rc-mk01,,,True,node-cost:entity: rc-mk01,False,False,-7.2109787378953725e-31,1.7489192250313988e-31
1939,1361,__pr_graph_lp_or_to_or_and__: 4633:fluid-temperature: methane: 15 --> fluid-temperature-range: methane: 15: 15:noncoproduct-route,,,True,fluid-temperature: methane: 15 --> fluid-temperature-range: methane: 15: 15,False,False,7.1952463662689354e-31,1.745103564468122e-31
1940,1516,__pr_graph_lp_or_to_or_and__: 4845:entity-operate: py-gas-vent --> recipe-category: py-venting__1__0:noncoproduct-route,,,True,entity-operate: py-gas-vent --> recipe-category: py-venting__1__0,False,False,-7.1478032258837436e-31,1.7335969128287992e-31
1941,284,__pr_graph_lp_or_cost_row__: item: clay-pit-mk01,,,True,node-cost:item: clay-pit-mk01,False,False,-7.1183937823550179e-31,1.7264640751025469e-31
1942,393,__pr_graph_lp_or_cost_row__: item: ore-quartz,,,True,node-cost:item: ore-quartz,False,False,-7.0829495297341173e-31,1.7178675811897587e-31
1943,6,__pr_graph_lp_explicit_zero_free_source__: 1545:room-autoplace: planet: nauvis --> entity: uranium-ore,,,True,explicit-zero:room-autoplace: planet: nauvis --> entity: uranium-ore,False,False,7.0376985499252867e-31,1.7068926065828763e-31
1944,1580,__pr_graph_lp_or_to_or_and__: 4926:entity-operate: biofactory-mk01 --> recipe-category: biofactory__1__0:noncoproduct-route,,,True,entity-operate: biofactory-mk01 --> recipe-category: biofactory__1__0,False,False,6.9375818094589818e-31,1.6826107305001152e-31
1945,1494,__pr_graph_lp_or_to_or_and__: 4816:entity-operate: jaw-crusher --> recipe-category: crusher__0__0:noncoproduct-route,,,True,entity-operate: jaw-crusher --> recipe-category: crusher__0__0,False,False,-6.815065886917321e-31,1.6528962548243617e-31
1946,422,__pr_graph_lp_or_cost_row__: item: py-tank-1000,,,True,node-cost:item: py-tank-1000,False,False,6.8132481726781399e-31,1.6524553943678176e-31
1947,118,__pr_graph_lp_or_cost_row__: entity: gasifier,,,True,node-cost:entity: gasifier,False,False,-6.8125372438462836e-31,1.6522829688002415e-31
1948,352,__pr_graph_lp_or_cost_row__: item: jaw-crusher,,,True,node-cost:item: jaw-crusher,False,False,6.7983912844909165e-31,1.6488520697264307e-31
1949,1554,__pr_graph_lp_or_to_or_and__: 4893:entity-operate: pcb-factory-mk01 --> recipe-category: pcb__2__0:noncoproduct-route,,,True,entity-operate: pcb-factory-mk01 --> recipe-category: pcb__2__0,False,False,6.7951072154073586e-31,1.6480555659832728e-31
1950,256,__pr_graph_lp_or_cost_row__: item: barrel,,,True,node-cost:item: barrel,False,False,-6.7877579868182072e-31,1.6462731162443531e-31
1951,752,__pr_graph_lp_or_to_or_and__: 1816:item-craft: light-armor --> item: light-armor,,,True,item-craft: light-armor --> item: light-armor,False,False,-6.7700037044157094e-31,1.6419670702901213e-31
1952,428,__pr_graph_lp_or_cost_row__: item: py-tank-6500,,,True,node-cost:item: py-tank-6500,False,False,-6.7425588377457464e-31,1.635310712437438e-31
1953,210,__pr_graph_lp_or_cost_row__: entity: storage-tank,,,True,node-cost:entity: storage-tank,False,False,-6.7267064148605995e-31,1.6314659351672649e-31
1954,330,__pr_graph_lp_or_cost_row__: item: glassworks-mk01,,,True,node-cost:item: glassworks-mk01,False,False,6.7109137263961515e-31,1.6276356456220671e-31
1955,83,__pr_graph_lp_or_cost_row__: entity: big-worm-turret,,,True,node-cost:entity: big-worm-turret,False,False,-6.7028358996384625e-31,1.6256764848719804e-31
1956,1080,__pr_graph_lp_or_to_or_and__: 4018:item: meat --> energy-source-burner: dingrit-food_2_0,,,True,item: meat --> energy-source-burner: dingrit-food_2_0,False,False,-6.6821614138685376e-31,1.6206621855729628e-31
1957,1710,entity-build: multiblade-turbine-mk01,entity-build,multiblade-turbine-mk01,False,,False,False,-6.6454755848115453e-31,1.6117645651449879e-31
1958,914,__pr_graph_lp_or_to_or_and__: 2363:item-craft: rc-mk01 --> item: rc-mk01,,,True,item-craft: rc-mk01 --> item: rc-mk01,False,False,-6.6434904222970481e-31,1.611283092516568e-31
1959,1605,__pr_graph_lp_or_to_or_and__: 4957:entity-operate: sap-extractor-mk01 --> recipe-category: sap-extractor__1__0:noncoproduct-route,,,True,entity-operate: sap-extractor-mk01 --> recipe-category: sap-extractor__1__0,False,False,6.6384696649949806e-31,1.6100653800133181e-31
1960,1755,entity-build: stone-wall,entity-build,stone-wall,False,,False,False,-6.6303400615291753e-31,1.60809366156704e-31
1961,321,__pr_graph_lp_or_cost_row__: item: formic-acid-barrel,,,True,node-cost:item: formic-acid-barrel,False,False,6.626458812360373e-31,1.6071523203795e-31
1962,421,__pr_graph_lp_or_cost_row__: item: py-sinkhole,,,True,node-cost:item: py-sinkhole,False,False,-6.6067238928391733e-31,1.6023658993665397e-31
1963,849,__pr_graph_lp_or_to_or_and__: 2182:item-craft: py-tank-6500 --> item: py-tank-6500,,,True,item-craft: py-tank-6500 --> item: py-tank-6500,False,False,-6.5589356064679151e-31,1.5907755375302498e-31
1964,205,__pr_graph_lp_or_cost_row__: entity: steam-engine,,,True,node-cost:entity: steam-engine,False,False,-6.539504812769047e-31,1.5860628778632644e-31
1965,966,__pr_graph_lp_or_to_or_and__: 3488:item: vrauks --> recipe-py-module: vrauks-mk03,,,True,item: vrauks --> recipe-py-module: vrauks-mk03,False,False,-6.5358853341118363e-31,1.585185025349996e-31
1966,1,__pr_graph_lp_explicit_zero_free_source__: 1121:room-autoplace: planet: nauvis --> entity: fish,,,True,explicit-zero:room-autoplace: planet: nauvis --> entity: fish,False,False,-6.481125753260705e-31,1.5719038762596637e-31
1967,237,__pr_graph_lp_or_cost_row__: entity: vrauks-paddock-mk01,,,True,node-cost:entity: vrauks-paddock-mk01,False,False,6.4763358134244686e-31,1.5707421452144293e-31
1968,1257,__pr_graph_lp_or_to_or_and__: 4484:entity-build: py-tank-5000 --> entity: py-tank-5000:noncoproduct-route,,,True,entity-build: py-tank-5000 --> entity: py-tank-5000,False,False,-6.4674716618094885e-31,1.5685922726747195e-31
1969,798,__pr_graph_lp_or_to_or_and__: 1950:item-craft: storage-tank --> item: storage-tank,,,True,item-craft: storage-tank --> item: storage-tank,False,False,-6.4608561587703428e-31,1.5669877775196289e-31
1970,107,__pr_graph_lp_or_cost_row__: entity: distilator,,,True,node-cost:entity: distilator,False,False,6.4606607479356815e-31,1.5669403834309843e-31
1971,1191,__pr_graph_lp_or_to_or_and__: 4352:entity-build: advanced-foundry-mk01 --> entity: advanced-foundry-mk01:noncoproduct-route,,,True,entity-build: advanced-foundry-mk01 --> entity: advanced-foundry-mk01,False,False,-6.4533430178259573e-31,1.565165573195415e-31
1972,11,__pr_graph_lp_explicit_zero_free_source__: 1563:room-autoplace: planet: nauvis --> entity: regolites,,,True,explicit-zero:room-autoplace: planet: nauvis --> entity: regolites,False,False,6.4044608063263697e-31,1.5533098955459437e-31
1973,506,__pr_graph_lp_or_cost_row__: item: water-saline-barrel,,,True,node-cost:item: water-saline-barrel,False,False,6.4025964748278938e-31,1.5528577287433457e-31
1974,431,__pr_graph_lp_or_cost_row__: item: py-tank-9000,,,True,node-cost:item: py-tank-9000,False,False,-6.3635757269192484e-31,1.5433938073156074e-31
1975,129,__pr_graph_lp_or_cost_row__: entity: iron-ore,,,True,node-cost:entity: iron-ore,False,False,6.3482676812158125e-31,1.5396810609046794e-31
1976,923,__pr_graph_lp_or_to_or_and__: 2383:item-craft: bio-container --> item: bio-container,,,True,item-craft: bio-container --> item: bio-container,False,False,6.3188295865800942e-31,1.5325412742643256e-31
1977,916,__pr_graph_lp_or_to_or_and__: 2369:item-craft: wood-seedling --> item: wood-seedling,,,True,item-craft: wood-seedling --> item: wood-seedling,False,False,6.3093355664292789e-31,1.5302386361664848e-31
1978,538,__pr_graph_lp_or_to_or_and__: 1057:item: fish --> entity-operate-py-module: fish-farm-mk04,,,True,item: fish --> entity-operate-py-module: fish-farm-mk04,False,False,-6.3003865992270351e-31,1.5280681928254264e-31
1979,269,__pr_graph_lp_or_cost_row__: item: cage,,,True,node-cost:item: cage,False,False,-6.2313264107386737e-31,1.5113186369438014e-31
1980,499,__pr_graph_lp_or_cost_row__: item: vacuum-pump-mk01,,,True,node-cost:item: vacuum-pump-mk01,False,False,-6.1640441236506662e-31,1.4950002854870279e-31
1981,199,__pr_graph_lp_or_cost_row__: entity: small-worm-turret,,,True,node-cost:entity: small-worm-turret,False,False,-6.1325822135738724e-31,1.487369651506602e-31
1982,1564,__pr_graph_lp_or_to_or_and__: 4906:entity-operate: moss-farm-mk01 --> recipe-category: moss__1__1:noncoproduct-route,,,True,entity-operate: moss-farm-mk01 --> recipe-category: moss__1__1,False,False,6.1050387561034413e-31,1.480689381872645e-31
1983,1308,__pr_graph_lp_or_to_or_and__: 4563:fluid-temperature: tar: 10 --> fluid: tar:noncoproduct-route,,,True,fluid-temperature: tar: 10 --> fluid: tar,False,False,-6.1045098370000953e-31,1.480561100148076e-31
1984,1118,__pr_graph_lp_or_to_or_and__: 4056:item: raw-fiber --> energy-source-burner: chemical__biomass__nuke_2_1,,,True,item: raw-fiber --> energy-source-burner: chemical__biomass__nuke_2_1,False,False,6.0988740126780108e-31,1.4791942119815647e-31
1985,18,__pr_graph_lp_explicit_zero_free_source__: 1600:room-autoplace: planet: nauvis --> entity: ore-tin,,,True,explicit-zero:room-autoplace: planet: nauvis --> entity: ore-tin,False,False,-6.0794516784366946e-31,1.4744836040343919e-31
1986,1745,entity-build: slaughterhouse-mk01,entity-build,slaughterhouse-mk01,False,,False,False,6.0680864140260732e-31,1.4717271225430733e-31
1987,1718,entity-build: poorman-wood-fence,entity-build,poorman-wood-fence,False,,False,False,6.0625481825091571e-31,1.4703839041084235e-31
1988,827,__pr_graph_lp_or_to_or_and__: 2117:item-craft: evaporator --> item: evaporator,,,True,item-craft: evaporator --> item: evaporator,False,False,6.0548591201815234e-31,1.4685190325818174e-31
1989,347,__pr_graph_lp_or_cost_row__: item: iron-gear-wheel,,,True,node-cost:item: iron-gear-wheel,False,False,6.0531040950510853e-31,1.468093376467356e-31
1990,1714,entity-build: outpost-fluid,entity-build,outpost-fluid,False,,False,False,6.0176794005229462e-31,1.4595016260887922e-31
1991,142,__pr_graph_lp_or_cost_row__: entity: offshore-pump,,,True,node-cost:entity: offshore-pump,False,False,6.0165286810707588e-31,1.4592225356288562e-31
1992,1861,entity-mine: seaweed-crop-mk01,entity-mine,seaweed-crop-mk01,False,,True,False,6.0062534615987759e-31,1.4567304288664928e-31
1993,1259,__pr_graph_lp_or_to_or_and__: 4488:entity-build: py-tank-6500 --> entity: py-tank-6500:noncoproduct-route,,,True,entity-build: py-tank-6500 --> entity: py-tank-6500,False,False,-5.9898912685925609e-31,1.4527620141821091e-31
1994,926,__pr_graph_lp_or_to_or_and__: 2389:item-craft: cage --> item: cage,,,True,item-craft: cage --> item: cage,False,False,5.9618182784483655e-31,1.445953314010899e-31
1995,1501,__pr_graph_lp_or_to_or_and__: 4825:entity-operate: wpu-mk01 --> recipe-category: wpu-handcrafting__0__0:noncoproduct-route,,,True,entity-operate: wpu-mk01 --> recipe-category: wpu-handcrafting__0__0,False,False,5.955866658617025e-31,1.4445098341836171e-31
1996,591,__pr_graph_lp_or_to_or_and__: 1364:item: py-tank-1500 --> entity-build-item: py-tank-1500,,,True,item: py-tank-1500 --> entity-build-item: py-tank-1500,False,False,5.9408337614111043e-31,1.4408638210851194e-31
1997,607,__pr_graph_lp_or_to_or_and__: 1500:item: py-underflow-valve --> entity-build-item: py-underflow-valve,,,True,item: py-underflow-valve --> entity-build-item: py-underflow-valve,False,False,-5.9134342355152729e-31,1.4342184599853652e-31
1998,2206,recipe: coal-gas-from-coke,recipe,coal-gas-from-coke,False,,True,True,-5.8755203776896208e-31,1.4250229988341728e-31
1999,559,__pr_graph_lp_or_to_or_and__: 1103:item: wooden-chest --> entity-build-item: wooden-chest,,,True,item: wooden-chest --> entity-build-item: wooden-chest,False,False,5.8337640608405239e-31,1.414895604487535e-31
2000,1413,__pr_graph_lp_or_to_or_and__: 4701:item-burn: coal --> item: ash:noncoproduct-route,,,True,item-burn: coal --> item: ash,False,False,-5.8154288678404738e-31,1.4104486670192644e-31
2001,41,__pr_graph_lp_explicit_zero_free_source__: 1680:room-autoplace: planet: nauvis --> entity: ore-nexelit,,,True,explicit-zero:room-autoplace: planet: nauvis --> entity: ore-nexelit,False,False,-5.809537779685832e-31,1.409019868279939e-31
2002,1709,entity-build: moss-farm-mk01,entity-build,moss-farm-mk01,False,,False,False,-5.804530263922764e-31,1.4078053673216081e-31
2003,132,__pr_graph_lp_or_cost_row__: entity: lab,,,True,node-cost:entity: lab,False,False,5.7886491552064774e-31,1.4039536327154909e-31
2004,71,__pr_graph_lp_explicit_zero_free_source__: 2013:room-autoplace: planet: nauvis --> entity: behemoth-worm-turret,,,True,explicit-zero:room-autoplace: planet: nauvis --> entity: behemoth-worm-turret,False,False,-5.7733003489318362e-31,1.400231000414007e-31
2005,959,__pr_graph_lp_or_to_or_and__: 2578:item-craft: repair-pack --> item: repair-pack,,,True,item-craft: repair-pack --> item: repair-pack,False,False,5.7643994132259851e-31,1.3980722064218789e-31
2006,21,__pr_graph_lp_explicit_zero_free_source__: 1618:room-autoplace: planet: nauvis --> entity: quartz-rock,,,True,explicit-zero:room-autoplace: planet: nauvis --> entity: quartz-rock,False,False,5.7420403552787922e-31,1.3926493383593321e-31
2007,1506,__pr_graph_lp_or_to_or_and__: 4831:entity-operate: glassworks-mk01 --> recipe-category: glassworks__2__0:noncoproduct-route,,,True,entity-operate: glassworks-mk01 --> recipe-category: glassworks__2__0,False,False,-5.7296117104215697e-31,1.3896349492282629e-31
2008,1454,__pr_graph_lp_or_to_or_and__: 4766:entity-operate: distilator --> recipe-category: distilator__3__1:noncoproduct-route,,,True,entity-operate: distilator --> recipe-category: distilator__3__1,False,False,5.72467722363186e-31,1.388438160397527e-31
2009,1540,__pr_graph_lp_or_to_or_and__: 4875:entity-operate: moondrop-greenhouse-mk01 --> recipe-category: moon__0__1:noncoproduct-route,,,True,entity-operate: moondrop-greenhouse-mk01 --> recipe-category: moon__0__1,False,False,5.7116947686720319e-31,1.3852894525878608e-31
2010,1851,entity-mine: py-underflow-valve,entity-mine,py-underflow-valve,False,,True,False,-5.7050481702148611e-31,1.3836774156861681e-31
2011,561,__pr_graph_lp_or_to_or_and__: 1111:item: steel-chest --> entity-build-item: steel-chest,,,True,item: steel-chest --> entity-build-item: steel-chest,False,False,5.6730299596696999e-31,1.3759118590247321e-31
2012,40,__pr_graph_lp_explicit_zero_free_source__: 1675:room-autoplace: planet: nauvis --> entity: ore-bioreserve,,,True,explicit-zero:room-autoplace: planet: nauvis --> entity: ore-bioreserve,False,False,-5.6700459605694243e-31,1.3751881329420963e-31
2013,1277,__pr_graph_lp_or_to_or_and__: 4521:tile-fluid: deepwater --> fluid-create-offshore-temperature: water: 15:noncoproduct-route,,,True,tile-fluid: deepwater --> fluid-create-offshore-temperature: water: 15,False,False,5.6335392629559572e-31,1.366333958270485e-31
2014,1219,__pr_graph_lp_or_to_or_and__: 4408:entity-build: research-center-mk01 --> entity: research-center-mk01:noncoproduct-route,,,True,entity-build: research-center-mk01 --> entity: research-center-mk01,False,False,-5.6278603343856731e-31,1.3649566157882564e-31
2015,1511,__pr_graph_lp_or_to_or_and__: 4839:entity-operate: genlab-mk01 --> recipe-category: genlab__1__1:noncoproduct-route,,,True,entity-operate: genlab-mk01 --> recipe-category: genlab__1__1,False,False,5.6150746447844449e-31,1.3618556305875431e-31
2016,1276,__pr_graph_lp_or_to_or_and__: 4519:fluid-temperature: water: 15 --> fluid-temperature-range: water: 15: 15:noncoproduct-route,,,True,fluid-temperature: water: 15 --> fluid-temperature-range: water: 15: 15,False,False,5.6045830295442986e-31,1.3593110401426016e-31
2017,1609,__pr_graph_lp_or_to_or_and__: 4962:entity-operate: research-center-mk01 --> recipe-category: research__3__0:noncoproduct-route,,,True,entity-operate: research-center-mk01 --> recipe-category: research__3__0,False,False,5.586713611374284e-31,1.3549770696631955e-31
2018,1418,__pr_graph_lp_or_to_or_and__: 4711:item-burn: kerogen --> item: ash:noncoproduct-route,,,True,item-burn: kerogen --> item: ash,False,False,-5.5485728704858401e-31,1.3457265812868826e-31
2019,318,__pr_graph_lp_or_cost_row__: item: flue-gas-barrel,,,True,node-cost:item: flue-gas-barrel,False,False,5.4077486344956305e-31,1.3115716873916443e-31
2020,1115,__pr_graph_lp_or_to_or_and__: 4053:item: wood --> energy-source-burner: chemical__biomass__nuke_2_1,,,True,item: wood --> energy-source-burner: chemical__biomass__nuke_2_1,False,False,5.400429144419289e-31,1.3097964503014741e-31
2021,1233,__pr_graph_lp_or_to_or_and__: 4436:entity-build: gate --> entity: gate:noncoproduct-route,,,True,entity-build: gate --> entity: gate,False,False,-5.3760443788478488e-31,1.3038822759770297e-31
2022,1210,__pr_graph_lp_or_to_or_and__: 4390:entity-build: fwf-mk01 --> entity: fwf-mk01:noncoproduct-route,,,True,entity-build: fwf-mk01 --> entity: fwf-mk01,False,False,5.3529720285756102e-31,1.298286409115612e-31
2023,1635,__pr_graph_lp_or_to_or_and__: 5003:logic-and: smart-farm-yotoi-tree-recipe-yotoi-super-1 --> logic-or: smart-farm-yotoi-tree-recipe:noncoproduct-route,,,True,logic-and: smart-farm-yotoi-tree-recipe-yotoi-super-1 --> logic-or: smart-farm-yotoi-tree-recipe,False,False,-5.3036227802538243e-31,1.28631745839922e-31
2024,962,__pr_graph_lp_or_to_or_and__: 3482:item: vrauks --> recipe-py-module: vrauks-cocoon-3,,,True,item: vrauks --> recipe-py-module: vrauks-cocoon-3,False,False,5.2934473775652301e-31,1.2838495607626624e-31
2025,928,__pr_graph_lp_or_to_or_and__: 2395:item-craft: guts --> item: guts,,,True,item-craft: guts --> item: guts,False,False,-5.2847067734878725e-31,1.2817296529020355e-31
2026,367,__pr_graph_lp_or_cost_row__: item: meat,,,True,node-cost:item: meat,False,False,5.2425232954831695e-31,1.2714986567581408e-31
2027,228,__pr_graph_lp_or_cost_row__: entity: tree-08-red,,,True,node-cost:entity: tree-08-red,False,False,-5.241348629736132e-31,1.2712137584686501e-31
2028,803,__pr_graph_lp_or_to_or_and__: 2000:item-craft: gun-turret --> item: gun-turret,,,True,item-craft: gun-turret --> item: gun-turret,False,False,-5.2261751867361778e-31,1.2675336580083507e-31
2029,1704,entity-build: iron-chest,entity-build,iron-chest,False,,False,False,-5.1510501976794247e-31,1.2493131719388029e-31
2030,1445,__pr_graph_lp_or_to_or_and__: 4757:entity-operate: distilator --> recipe-category: distilator__2__3:noncoproduct-route,,,True,entity-operate: distilator --> recipe-category: distilator__2__3,False,False,5.1447760114050045e-31,1.2477914582580931e-31
2031,1355,__pr_graph_lp_or_to_or_and__: 4625:fluid-temperature: oxygen: 15 --> fluid-temperature-range: oxygen: 15: 15:noncoproduct-route,,,True,fluid-temperature: oxygen: 15 --> fluid-temperature-range: oxygen: 15: 15,False,False,5.142273076324001e-31,1.2471844073373675e-31
2032,929,__pr_graph_lp_or_to_or_and__: 2397:item-craft: brain --> item: brain,,,True,item-craft: brain --> item: brain,False,False,-5.1332823701165073e-31,1.2450038408006419e-31
2033,1545,__pr_graph_lp_or_to_or_and__: 4882:entity-operate: pulp-mill-mk01 --> recipe-category: pulp__1__0:noncoproduct-route,,,True,entity-operate: pulp-mill-mk01 --> recipe-category: pulp__1__0,False,False,5.0989331482820303e-31,1.2366729308625106e-31
2034,746,__pr_graph_lp_or_to_or_and__: 1806:item: raw-fiber --> fuel-category: biomass__0,,,True,item: raw-fiber --> fuel-category: biomass__0,False,False,-5.0932099337094492e-31,1.2352848474470979e-31
2035,1660,__pr_graph_lp_or_to_or_and__: 970:item: clay-pit-mk01 --> entity-build-item: clay-pit-mk01,,,True,item: clay-pit-mk01 --> entity-build-item: clay-pit-mk01,False,False,-5.0850163362215906e-31,1.2332976081707736e-31
2036,92,__pr_graph_lp_or_cost_row__: entity: burner-mining-drill,,,True,node-cost:entity: burner-mining-drill,False,False,5.0702679143988847e-31,1.2297205904867455e-31
2037,519,__pr_graph_lp_or_to_or_and__: 1013:item: fwf-mk01 --> entity-build-item: fwf-mk01,,,True,item: fwf-mk01 --> entity-build-item: fwf-mk01,False,False,5.069780458776261e-31,1.2296023651333303e-31
2038,1587,__pr_graph_lp_or_to_or_and__: 4934:entity-operate: incubator-mk01 --> recipe-category: incubator__0__1:noncoproduct-route,,,True,entity-operate: incubator-mk01 --> recipe-category: incubator__0__1,False,False,5.0430558548277853e-31,1.2231206966489659e-31
2039,1377,__pr_graph_lp_or_to_or_and__: 4655:fluid-temperature: naphthalene-oil: 10 --> fluid: naphthalene-oil:noncoproduct-route,,,True,fluid-temperature: naphthalene-oil: 10 --> fluid: naphthalene-oil,False,False,-5.0285597571625499e-31,1.2196048765618216e-31
2040,1661,__pr_graph_lp_or_to_or_and__: 974:item: moondrop-greenhouse-mk01 --> entity-build-item: moondrop-greenhouse-mk01,,,True,item: moondrop-greenhouse-mk01 --> entity-build-item: moondrop-greenhouse-mk01,False,False,-5.02302252990051e-31,1.2182619016947544e-31
2041,1707,entity-build: micro-mine-mk01,entity-build,micro-mine-mk01,False,,False,False,-4.9810788989910778e-31,1.2080890770156821e-31
2042,1565,__pr_graph_lp_or_to_or_and__: 4907:entity-operate: moss-farm-mk01 --> recipe-category: moss__2__1:noncoproduct-route,,,True,entity-operate: moss-farm-mk01 --> recipe-category: moss__2__1,False,False,4.9699720036576764e-31,1.2053952592296285e-31
2043,69,__pr_graph_lp_explicit_zero_free_source__: 2007:room-autoplace: planet: nauvis --> entity: medium-worm-turret,,,True,explicit-zero:room-autoplace: planet: nauvis --> entity: medium-worm-turret,False,False,-4.9686446259464664e-31,1.2050733228486745e-31
2044,1382,__pr_graph_lp_or_to_or_and__: 4661:fluid-temperature: pitch: 10 --> fluid-temperature-range: pitch: 10: 10:noncoproduct-route,,,True,fluid-temperature: pitch: 10 --> fluid-temperature-range: pitch: 10: 10,False,False,4.9653449107852591e-31,1.204273024374317e-31
2045,744,__pr_graph_lp_or_to_or_and__: 1804:item: log --> fuel-category: biomass__0,,,True,item: log --> fuel-category: biomass__0,False,False,4.9423522699239344e-31,1.1986964898845828e-31
2046,1626,__pr_graph_lp_or_to_or_and__: 4985:logic-and: smart-farm-ore-bioreserve-recipe-bioreserve-super-2 --> logic-or: smart-farm-ore-bioreserve-recipe:noncoproduct-route,,,True,logic-and: smart-farm-ore-bioreserve-recipe-bioreserve-super-2 --> logic-or: smart-farm-ore-bioreserve-recipe,False,False,4.9240656248906048e-31,1.1942613270276957e-31
2047,1549,__pr_graph_lp_or_to_or_and__: 4886:entity-operate: pulp-mill-mk01 --> recipe-category: pulp__0__1:noncoproduct-route,,,True,entity-operate: pulp-mill-mk01 --> recipe-category: pulp__0__1,False,False,-4.9063644728225761e-31,1.1899681670722671e-31
2048,1625,__pr_graph_lp_or_to_or_and__: 4983:logic-and: smart-farm-ore-bioreserve-recipe-bioreserve-super-1 --> logic-or: smart-farm-ore-bioreserve-recipe:noncoproduct-route,,,True,logic-and: smart-farm-ore-bioreserve-recipe-bioreserve-super-1 --> logic-or: smart-farm-ore-bioreserve-recipe,False,False,-4.8931217520095356e-31,1.1867563355215879e-31
2049,419,__pr_graph_lp_or_cost_row__: item: py-overflow-valve,,,True,node-cost:item: py-overflow-valve,False,False,-4.866719864661382e-31,1.1803529373091316e-31
2050,868,__pr_graph_lp_or_to_or_and__: 2240:item-craft: ore-tin --> item: ore-tin,,,True,item-craft: ore-tin --> item: ore-tin,False,False,4.841433488519358e-31,1.1742200903026976e-31
2051,1190,__pr_graph_lp_or_to_or_and__: 4350:entity-build: washer --> entity: washer:noncoproduct-route,,,True,entity-build: washer --> entity: washer,False,False,4.8386606407063704e-31,1.1735475759292001e-31
2052,39,__pr_graph_lp_explicit_zero_free_source__: 1672:room-autoplace: planet: nauvis --> entity: bitumen-seep,,,True,explicit-zero:room-autoplace: planet: nauvis --> entity: bitumen-seep,False,False,4.8150010702004484e-31,1.1678092872422097e-31
2053,1687,entity-build: data-array,entity-build,data-array,False,,False,False,4.8118081413858928e-31,1.1670348882610302e-31
2054,158,__pr_graph_lp_or_cost_row__: entity: phosphate-rock,,,True,node-cost:entity: phosphate-rock,False,False,-4.7992560631057577e-31,1.1639905621277605e-31
2055,240,__pr_graph_lp_or_cost_row__: entity: wpu-mk01,,,True,node-cost:entity: wpu-mk01,False,False,4.7956588035506864e-31,1.1631180985382855e-31
2056,1483,__pr_graph_lp_or_to_or_and__: 4800:entity-operate: evaporator --> recipe-category: evaporator__2__2:noncoproduct-route,,,True,entity-operate: evaporator --> recipe-category: evaporator__2__2,False,False,-4.7883033517579293e-31,1.1613341394507984e-31
2057,87,__pr_graph_lp_or_cost_row__: entity: boiler,,,True,node-cost:entity: boiler,False,False,-4.7741140927441561e-31,1.1578927386673341e-31
2058,517,__pr_graph_lp_or_to_or_and__: 1010:item: moss --> entity-operate-py-module: moss-farm-mk03,,,True,item: moss --> entity-operate-py-module: moss-farm-mk03,False,False,-4.7459307818462999e-31,1.1510572817833378e-31
2059,1415,__pr_graph_lp_or_to_or_and__: 4705:item-burn: coal-dust --> item: ash:noncoproduct-route,,,True,item-burn: coal-dust --> item: ash,False,False,4.7166083480406698e-31,1.1439455470145365e-31
2060,851,__pr_graph_lp_or_to_or_and__: 2188:item-craft: py-check-valve --> item: py-check-valve,,,True,item-craft: py-check-valve --> item: py-check-valve,False,False,-4.7116854577514455e-31,1.1427515707482776e-31
2061,528,__pr_graph_lp_or_to_or_and__: 1038:item: vrauks-paddock-mk01 --> entity-build-item: vrauks-paddock-mk01,,,True,item: vrauks-paddock-mk01 --> entity-build-item: vrauks-paddock-mk01,False,False,-4.7096951209710332e-31,1.142268843176047e-31
2062,1476,__pr_graph_lp_or_to_or_and__: 4791:entity-operate: hpf --> recipe-category: hpf__1__1:noncoproduct-route,,,True,entity-operate: hpf --> recipe-category: hpf__1__1,False,False,4.6728969806458065e-31,1.1333439832645927e-31
2063,1560,__pr_graph_lp_or_to_or_and__: 4900:entity-operate: reformer-mk01 --> recipe-category: reformer__3__2:noncoproduct-route,,,True,entity-operate: reformer-mk01 --> recipe-category: reformer__3__2,False,False,4.672358690830709e-31,1.1332134288086054e-31
2064,1649,__pr_graph_lp_or_to_or_and__: 924:item: washer --> entity-build-item: washer,,,True,item: washer --> entity-build-item: washer,False,False,-4.6707111073355543e-31,1.1328138311181589e-31
2065,1735,entity-build: py-tank-9000,entity-build,py-tank-9000,False,,False,False,-4.6641763676431556e-31,1.1312289239517364e-31
2066,925,__pr_graph_lp_or_to_or_and__: 2387:item-craft: cocoon --> item: cocoon,,,True,item-craft: cocoon --> item: cocoon,False,False,4.6503854537341534e-31,1.1278841360466695e-31
2067,1187,__pr_graph_lp_or_to_or_and__: 4344:entity-build: olefin-plant --> entity: olefin-plant:noncoproduct-route,,,True,entity-build: olefin-plant --> entity: olefin-plant,False,False,-4.6241251270703032e-31,1.1215150713430594e-31
2068,212,__pr_graph_lp_or_cost_row__: entity: tailings-pond,,,True,node-cost:entity: tailings-pond,False,False,4.584170325560443e-31,1.1118246086426656e-31
2069,1265,__pr_graph_lp_or_to_or_and__: 4500:entity-build: transport-belt --> entity: transport-belt:noncoproduct-route,,,True,entity-build: transport-belt --> entity: transport-belt,False,False,-4.5740839333996408e-31,1.1093782992299739e-31
2070,1653,__pr_graph_lp_or_to_or_and__: 940:item: wpu-mk01 --> entity-build-item: wpu-mk01,,,True,item: wpu-mk01 --> entity-build-item: wpu-mk01,False,False,4.5489015790173199e-31,1.1032706812058985e-31
2071,1623,__pr_graph_lp_or_to_or_and__: 4980:entity-operate: offshore-pump --> tile-fluid-pump: water-shallow:noncoproduct-route,,,True,entity-operate: offshore-pump --> tile-fluid-pump: water-shallow,False,False,4.5183418667207228e-31,1.0958588623267118e-31
2072,874,__pr_graph_lp_or_to_or_and__: 2254:item-craft: tinned-cable --> item: tinned-cable,,,True,item-craft: tinned-cable --> item: tinned-cable,False,False,-4.4982388641130222e-31,1.0909831680528266e-31
2073,2335,recipe: gravel-to-sand,recipe,gravel-to-sand,False,,True,True,-4.4458387901477825e-31,1.0782742834364753e-31
2074,855,__pr_graph_lp_or_to_or_and__: 2200:item-craft: barrel-machine-mk01 --> item: barrel-machine-mk01,,,True,item-craft: barrel-machine-mk01 --> item: barrel-machine-mk01,False,False,4.4362882953488591e-31,1.0759579482246375e-31
2075,754,__pr_graph_lp_or_to_or_and__: 1820:item-craft: submachine-gun --> item: submachine-gun,,,True,item-craft: submachine-gun --> item: submachine-gun,False,False,4.4267453426923823e-31,1.0736434422510216e-31
2076,1458,__pr_graph_lp_or_to_or_and__: 4770:entity-operate: distilator --> recipe-category: distilator__0__4:noncoproduct-route,,,True,entity-operate: distilator --> recipe-category: distilator__0__4,False,False,-4.4104976969320486e-31,1.0697028093543503e-31
2077,626,__pr_graph_lp_or_to_or_and__: 1546:fluid-craft-temperature: carbon-dioxide: 15 --> fluid-create-temperature: carbon-dioxide: 15,,,True,fluid-craft-temperature: carbon-dioxide: 15 --> fluid-create-temperature: carbon-dioxide: 15,False,False,-4.3987766809066796e-31,1.0668600454232988e-31
2078,371,__pr_graph_lp_or_cost_row__: item: micro-mine-mk01,,,True,node-cost:item: micro-mine-mk01,False,False,4.3937287196499072e-31,1.06563573499193e-31
2079,1479,__pr_graph_lp_or_to_or_and__: 4795:entity-operate: quenching-tower --> recipe-category: quenching-tower__2__1:noncoproduct-route,,,True,entity-operate: quenching-tower --> recipe-category: quenching-tower__2__1,False,False,-4.3894543005461697e-31,1.0645990360890361e-31
2080,1761,entity-build: vacuum-pump-mk01,entity-build,vacuum-pump-mk01,False,,False,False,-4.3802729750111687e-31,1.0623722375748414e-31
2081,541,__pr_graph_lp_or_to_or_and__: 1064:item: sap-tree --> entity-operate-py-module: sap-extractor-mk02,,,True,item: sap-tree --> entity-operate-py-module: sap-extractor-mk02,False,False,4.3663426058598715e-31,1.0589936268056189e-31
2082,1332,__pr_graph_lp_or_to_or_and__: 4595:fluid-temperature: vacuum: 15 --> fluid: vacuum:noncoproduct-route,,,True,fluid-temperature: vacuum: 15 --> fluid: vacuum,False,False,4.3656720319575262e-31,1.0588309887460373e-31
2083,949,__pr_graph_lp_or_to_or_and__: 2457:item-craft: multiblade-turbine-mk01 --> item: multiblade-turbine-mk01,,,True,item-craft: multiblade-turbine-mk01 --> item: multiblade-turbine-mk01,False,False,-4.3552889152579302e-31,1.0563127130622888e-31
2084,1465,__pr_graph_lp_or_to_or_and__: 4778:entity-operate: gasifier --> recipe-category: gasifier__2__1:noncoproduct-route,,,True,entity-operate: gasifier --> recipe-category: gasifier__2__1,False,False,-4.3508871714368164e-31,1.0552451333796652e-31
2085,1047,__pr_graph_lp_or_to_or_and__: 3985:item: log --> energy-source-burner: biomass_2_1,,,True,item: log --> energy-source-burner: biomass_2_1,False,False,4.3209665862390616e-31,1.0479883255899619e-31
2086,1195,__pr_graph_lp_or_to_or_and__: 4360:entity-build: glassworks-mk01 --> entity: glassworks-mk01:noncoproduct-route,,,True,entity-build: glassworks-mk01 --> entity: glassworks-mk01,False,False,4.3198005577453548e-31,1.0477055221420942e-31
2087,1346,__pr_graph_lp_or_to_or_and__: 4613:fluid-temperature: acetylene: 15 --> fluid-temperature-range: acetylene: 15: 15:noncoproduct-route,,,True,fluid-temperature: acetylene: 15 --> fluid-temperature-range: acetylene: 15: 15,False,False,-4.2838650941742699e-31,1.0389898920751792e-31
2088,520,__pr_graph_lp_or_to_or_and__: 1016:item: tree-mk01 --> entity-operate-py-module: fwf-mk01,,,True,item: tree-mk01 --> entity-operate-py-module: fwf-mk01,False,False,-4.2531573214345696e-31,1.0315421632640923e-31
2089,749,__pr_graph_lp_or_to_or_and__: 1809:item: meat --> fuel-category: dingrit-food__0,,,True,item: meat --> fuel-category: dingrit-food__0,False,False,4.2162298195206906e-31,1.0225859285590631e-31
2090,282,__pr_graph_lp_or_cost_row__: item: chlorine-barrel,,,True,node-cost:item: chlorine-barrel,False,False,4.2117210770974697e-31,1.0214923979037519e-31
2091,774,__pr_graph_lp_or_to_or_and__: 1884:item-craft: pipe --> item: pipe,,,True,item-craft: pipe --> item: pipe,False,False,4.1353122985630394e-31,1.002960547152652e-31
2092,655,__pr_graph_lp_or_to_or_and__: 1629:fluid-craft-temperature: slacked-lime: 10 --> fluid-craft-temperature: slacked-lime,,,True,fluid-craft-temperature: slacked-lime: 10 --> fluid-craft-temperature: slacked-lime,False,False,-4.1224566385180602e-31,9.9984259162672944e-32
2093,1531,__pr_graph_lp_or_to_or_and__: 4864:entity-operate: smelter-mk01 --> recipe-category: py-rawores-smelter__1__1:noncoproduct-route,,,True,entity-operate: smelter-mk01 --> recipe-category: py-rawores-smelter__1__1,False,False,-4.1021826244212136e-31,9.9492542097467975e-32
2094,481,__pr_graph_lp_or_cost_row__: item: submachine-gun,,,True,node-cost:item: submachine-gun,False,False,4.0858341733504718e-31,9.9096033919918546e-32
2095,450,__pr_graph_lp_or_cost_row__: item: sap-tree,,,True,node-cost:item: sap-tree,False,False,4.0712132753725758e-31,9.8741425059038331e-32
2096,1611,__pr_graph_lp_or_to_or_and__: 4965:entity-operate: slaughterhouse-mk01 --> recipe-category: slaughterhouse__0__2:noncoproduct-route,,,True,entity-operate: slaughterhouse-mk01 --> recipe-category: slaughterhouse__0__2,False,False,-4.0686538028897351e-31,9.8679348733564589e-32
2097,910,__pr_graph_lp_or_to_or_and__: 2351:item-craft: data-array --> item: data-array,,,True,item-craft: data-array --> item: data-array,False,False,-4.0137718537402647e-31,9.7348265957376587e-32
2098,406,__pr_graph_lp_or_cost_row__: item: pitch-barrel,,,True,node-cost:item: pitch-barrel,False,False,4.004917468352847e-31,9.713351556921483e-32
2099,125,__pr_graph_lp_or_cost_row__: entity: huge-rock,,,True,node-cost:entity: huge-rock,False,False,4.0018149507785142e-31,9.7058268465749759e-32
2100,311,__pr_graph_lp_or_cost_row__: item: engine-unit,,,True,node-cost:item: engine-unit,False,False,-3.9765603253820723e-31,9.6445753833794338e-32
2101,1455,__pr_graph_lp_or_to_or_and__: 4767:entity-operate: distilator --> recipe-category: distilator__2__0:noncoproduct-route,,,True,entity-operate: distilator --> recipe-category: distilator__2__0,False,False,-3.9596456536949179e-31,9.6035512789214684e-32
2102,277,__pr_graph_lp_or_cost_row__: item: carbon-dioxide-barrel,,,True,node-cost:item: carbon-dioxide-barrel,False,False,-3.9357089094755635e-31,9.5454961470572099e-32
2103,124,__pr_graph_lp_or_cost_row__: entity: hpf,,,True,node-cost:entity: hpf,False,False,3.9198046156093164e-31,9.5069225687479954e-32
2104,1451,__pr_graph_lp_or_to_or_and__: 4763:entity-operate: distilator --> recipe-category: distilator__2__5:noncoproduct-route,,,True,entity-operate: distilator --> recipe-category: distilator__2__5,False,False,3.8911802597707908e-31,9.4374983088107823e-32
2105,137,__pr_graph_lp_or_cost_row__: entity: moondrop-greenhouse-mk01,,,True,node-cost:entity: moondrop-greenhouse-mk01,False,False,3.8342887409871231e-31,9.2995161089478108e-32
2106,993,__pr_graph_lp_or_to_or_and__: 3931:item: raw-fiber --> energy-source-burner: chemical__biomass__jerry_2_1,,,True,item: raw-fiber --> energy-source-burner: chemical__biomass__jerry_2_1,False,False,-3.828878931345796e-31,9.2863953933981225e-32
2107,1759,entity-build: transport-belt,entity-build,transport-belt,False,,False,False,-3.824333103145402e-31,9.2753701406240739e-32
2108,1703,entity-build: inserter,entity-build,inserter,False,,False,False,3.804447172831701e-31,9.2271396755271585e-32
2109,1477,__pr_graph_lp_or_to_or_and__: 4793:entity-operate: quenching-tower --> recipe-category: quenching-tower__2__3:noncoproduct-route,,,True,entity-operate: quenching-tower --> recipe-category: quenching-tower__2__3,False,False,3.80238674129894e-31,9.2221423950601261e-32
2110,64,__pr_graph_lp_explicit_zero_free_source__: 1984:room-autoplace: planet: nauvis --> entity: dead-tree-desert,,,True,explicit-zero:room-autoplace: planet: nauvis --> entity: dead-tree-desert,False,False,-3.7925445759800185e-31,9.1982716380271874e-32
2111,608,__pr_graph_lp_or_to_or_and__: 1504:item: stone-wall --> entity-build-item: stone-wall,,,True,item: stone-wall --> entity-build-item: stone-wall,False,False,3.7706370830751238e-31,9.145138163493061e-32
2112,1463,__pr_graph_lp_or_to_or_and__: 4776:entity-operate: gasifier --> recipe-category: gasifier__3__2:noncoproduct-route,,,True,entity-operate: gasifier --> recipe-category: gasifier__3__2,False,False,-3.7577527491532325e-31,9.1138890638676513e-32
2113,1532,__pr_graph_lp_or_to_or_and__: 4865:entity-operate: smelter-mk01 --> recipe-category: py-rawores-smelter__2__1:noncoproduct-route,,,True,entity-operate: smelter-mk01 --> recipe-category: py-rawores-smelter__2__1,False,False,-3.7464810522796494e-31,9.0865511835639169e-32
2114,1364,__pr_graph_lp_or_to_or_and__: 4637:fluid-temperature: methanal: 10 --> fluid-temperature-range: methanal: 10: 10:noncoproduct-route,,,True,fluid-temperature: methanal: 10 --> fluid-temperature-range: methanal: 10: 10,False,False,-3.7418801855347537e-31,9.075392442712735e-32
2115,29,__pr_graph_lp_explicit_zero_free_source__: 1642:room-autoplace: planet: nauvis --> entity: nickel-rock,,,True,explicit-zero:room-autoplace: planet: nauvis --> entity: nickel-rock,False,False,-3.7203132850445297e-31,9.0230850261154971e-32
2116,1362,__pr_graph_lp_or_to_or_and__: 4635:fluid-temperature: methanal: 10 --> fluid: methanal:noncoproduct-route,,,True,fluid-temperature: methanal: 10 --> fluid: methanal,False,False,-3.7098772226680218e-31,8.9977738571503413e-32
2117,418,__pr_graph_lp_or_cost_row__: item: py-local-radar,,,True,node-cost:item: py-local-radar,False,False,-3.7023928411022282e-31,8.9796215656464184e-32
2118,843,__pr_graph_lp_or_to_or_and__: 2164:item-craft: py-tank-1000 --> item: py-tank-1000,,,True,item-craft: py-tank-1000 --> item: py-tank-1000,False,False,-3.6393444986061589e-31,8.8267068749980268e-32
2119,818,__pr_graph_lp_or_to_or_and__: 2074:item-craft: treated-wood --> item: treated-wood,,,True,item-craft: treated-wood --> item: treated-wood,False,False,3.636673792201596e-31,8.8202294605649367e-32
2120,302,__pr_graph_lp_or_cost_row__: item: dried-meat,,,True,node-cost:item: dried-meat,False,False,3.62821756961375e-31,8.7997201083776842e-32
2121,183,__pr_graph_lp_or_cost_row__: entity: radar,,,True,node-cost:entity: radar,False,False,-3.6269136173615061e-31,8.7965575596511329e-32
2122,115,__pr_graph_lp_or_cost_row__: entity: fluid-drill-mk01,,,True,node-cost:entity: fluid-drill-mk01,False,False,-3.5786917368150811e-31,8.6796023209515597e-32
2123,523,__pr_graph_lp_or_to_or_and__: 1020:item: tree-mk01 --> entity-operate-py-module: fwf-mk04,,,True,item: tree-mk01 --> entity-operate-py-module: fwf-mk04,False,False,3.5726407578620717e-31,8.6649265414133889e-32
2124,359,__pr_graph_lp_or_cost_row__: item: latex-slab,,,True,node-cost:item: latex-slab,False,False,-3.5690775220664874e-31,8.6562844252558865e-32
2125,234,__pr_graph_lp_or_cost_row__: entity: uranium-rock,,,True,node-cost:entity: uranium-rock,False,False,-3.5661505334247229e-31,8.6491854351005989e-32
2126,245,__pr_graph_lp_or_cost_row__: item: advanced-foundry-mk01,,,True,node-cost:item: advanced-foundry-mk01,False,False,-3.5557495229744237e-31,8.6239592795432614e-32
2127,1247,__pr_graph_lp_or_to_or_and__: 4464:entity-build: radar --> entity: radar:noncoproduct-route,,,True,entity-build: radar --> entity: radar,False,False,3.5540273187006618e-31,8.6197823206680607e-32
2128,437,__pr_graph_lp_or_cost_row__: item: raw-fiber,,,True,node-cost:item: raw-fiber,False,False,-3.5499214647291941e-31,8.6098241621338594e-32
2129,145,__pr_graph_lp_or_cost_row__: entity: ore-aluminium,,,True,node-cost:entity: ore-aluminium,False,False,-3.5306427776038044e-31,8.5630664780905413e-32
2130,1110,__pr_graph_lp_or_to_or_and__: 4048:item: coke --> energy-source-burner: chemical__biomass__nuke_2_1,,,True,item: coke --> energy-source-burner: chemical__biomass__nuke_2_1,False,False,-3.525684102621346e-31,8.55103992479906e-32
2131,1551,__pr_graph_lp_or_to_or_and__: 4889:entity-operate: chipshooter-mk01 --> recipe-category: chip__0__0:noncoproduct-route,,,True,entity-operate: chipshooter-mk01 --> recipe-category: chip__0__0,False,False,-3.4965655887684236e-31,8.4804171556400125e-32
2132,1251,__pr_graph_lp_or_to_or_and__: 4472:entity-build: storage-tank --> entity: storage-tank:noncoproduct-route,,,True,entity-build: storage-tank --> entity: storage-tank,False,False,3.4776864812393587e-31,8.4346285944624578e-32
2133,1742,entity-build: retorter,entity-build,retorter,False,,False,False,3.4767436507922172e-31,8.4323418947579017e-32
2134,969,__pr_graph_lp_or_to_or_and__: 3831:item: vrauks --> recipe-py-module: vrauks-cocoon-2-no-water,,,True,item: vrauks --> recipe-py-module: vrauks-cocoon-2-no-water,False,False,-3.4434977543288672e-31,8.3517087524458966e-32
2135,399,__pr_graph_lp_or_cost_row__: item: oxygen-barrel,,,True,node-cost:item: oxygen-barrel,False,False,-3.4161082284292851e-31,8.285279395001617e-32
2136,953,__pr_graph_lp_or_to_or_and__: 2556:item-craft: tree-mk01 --> item: tree-mk01,,,True,item-craft: tree-mk01 --> item: tree-mk01,False,False,3.3951598324598821e-31,8.2344720722010059e-32
2137,487,__pr_graph_lp_or_cost_row__: item: tailings-pond,,,True,node-cost:item: tailings-pond,False,False,3.375666006798513e-31,8.1871926005678263e-32
2138,1314,__pr_graph_lp_or_to_or_and__: 4571:fluid-temperature: tailings: 10 --> fluid: tailings:noncoproduct-route,,,True,fluid-temperature: tailings: 10 --> fluid: tailings,False,False,-3.3417171574437624e-31,8.1048545470769806e-32
2139,1380,__pr_graph_lp_or_to_or_and__: 4659:fluid-temperature: pitch: 10 --> fluid: pitch:noncoproduct-route,,,True,fluid-temperature: pitch: 10 --> fluid: pitch,False,False,3.3259137514651886e-31,8.0665256578352819e-32
2140,1249,__pr_graph_lp_or_to_or_and__: 4468:entity-build: multiblade-turbine-mk01 --> entity: multiblade-turbine-mk01:noncoproduct-route,,,True,entity-build: multiblade-turbine-mk01 --> entity: multiblade-turbine-mk01,False,False,-3.2873238011720901e-31,7.9729312812412601e-32
2141,1181,__pr_graph_lp_or_to_or_and__: 4285:entity-build: distilator --> entity: distilator:noncoproduct-route,,,True,entity-build: distilator --> entity: distilator,False,False,-3.2625574619789342e-31,7.9128640860338582e-32
2142,1325,__pr_graph_lp_or_to_or_and__: 4585:fluid-temperature: aromatics: 10 --> fluid-temperature-range: aromatics: 10: 10:noncoproduct-route,,,True,fluid-temperature: aromatics: 10 --> fluid-temperature-range: aromatics: 10: 10,False,False,-3.2521161860865599e-31,7.887540272435484e-32
2143,531,__pr_graph_lp_or_to_or_and__: 1044:item: vrauks --> entity-operate-py-module: vrauks-paddock-mk03,,,True,item: vrauks --> entity-operate-py-module: vrauks-paddock-mk03,False,False,-3.2116542370885717e-31,7.7894056321085931e-32
2144,438,__pr_graph_lp_or_cost_row__: item: rc-mk01,,,True,node-cost:item: rc-mk01,False,False,-3.1719781538539594e-31,7.6931769962116418e-32
2145,229,__pr_graph_lp_or_cost_row__: entity: tree-09,,,True,node-cost:entity: tree-09,False,False,-3.1702102793727184e-31,7.688889270813928e-32
2146,1624,__pr_graph_lp_or_to_or_and__: 4981:entity-operate: offshore-pump --> tile-fluid-pump: water-mud:noncoproduct-route,,,True,entity-operate: offshore-pump --> tile-fluid-pump: water-mud,False,False,3.1640059997761131e-31,7.6738416826038148e-32
2147,937,__pr_graph_lp_or_to_or_and__: 2429:item-craft: latex-slab --> item: latex-slab,,,True,item-craft: latex-slab --> item: latex-slab,False,False,3.122832863307024e-31,7.5739821593088561e-32
2148,1340,__pr_graph_lp_or_to_or_and__: 4605:fluid-temperature: pressured-air: 15 --> fluid-temperature-range: pressured-air: 15: 15:noncoproduct-route,,,True,fluid-temperature: pressured-air: 15 --> fluid-temperature-range: pressured-air: 15: 15,False,False,-3.122219152819412e-31,7.5724936927505685e-32
2149,1733,entity-build: py-tank-7000,entity-build,py-tank-7000,False,,False,False,-3.1173697500558076e-31,7.560732163516517e-32
2150,761,__pr_graph_lp_or_to_or_and__: 1848:item-craft: copper-ore --> item: copper-ore,,,True,item-craft: copper-ore --> item: copper-ore,False,False,3.1112163117482308e-31,7.5458078835438002e-32
2151,47,__pr_graph_lp_explicit_zero_free_source__: 1715:room-autoplace: planet: nauvis --> entity: big-sand-rock,,,True,explicit-zero:room-autoplace: planet: nauvis --> entity: big-sand-rock,False,False,-3.0937323036562618e-31,7.5034029354859817e-32
2152,467,__pr_graph_lp_or_cost_row__: item: soil-extractor-mk01,,,True,node-cost:item: soil-extractor-mk01,False,False,-3.0801073532584203e-31,7.4703575770720701e-32
2153,426,__pr_graph_lp_or_cost_row__: item: py-tank-4000,,,True,node-cost:item: py-tank-4000,False,False,-3.0757202212736815e-31,7.4597172191543053e-32
2154,522,__pr_graph_lp_or_to_or_and__: 1019:item: tree-mk01 --> entity-operate-py-module: fwf-mk03,,,True,item: tree-mk01 --> entity-operate-py-module: fwf-mk03,False,False,3.0637787219623724e-31,7.4307548293312796e-32
2155,1579,__pr_graph_lp_or_to_or_and__: 4925:entity-operate: biofactory-mk01 --> recipe-category: biofactory__0__1:noncoproduct-route,,,True,entity-operate: biofactory-mk01 --> recipe-category: biofactory__0__1,False,False,3.0558101009219302e-31,7.4114280845977535e-32
2156,965,__pr_graph_lp_or_to_or_and__: 3487:item: vrauks --> recipe-py-module: vrauks-mk02,,,True,item: vrauks --> recipe-py-module: vrauks-mk02,False,False,3.0503243910339843e-31,7.3981232839116078e-32
2157,1590,__pr_graph_lp_or_to_or_and__: 4937:entity-operate: incubator-mk01 --> recipe-category: incubator__2__0:noncoproduct-route,,,True,entity-operate: incubator-mk01 --> recipe-category: incubator__2__0,False,False,-3.0477590013826893e-31,7.391901300122822e-32
2158,871,__pr_graph_lp_or_to_or_and__: 2248:item-craft: zinc-plate --> item: zinc-plate,,,True,item-craft: zinc-plate --> item: zinc-plate,False,False,-3.0367101278239049e-31,7.3651038457351815e-32
2159,7,__pr_graph_lp_explicit_zero_free_source__: 1548:room-autoplace: planet: nauvis --> entity: borax,,,True,explicit-zero:room-autoplace: planet: nauvis --> entity: borax,False,False,3.011781731615935e-31,7.3046436045362974e-32
2160,1756,entity-build: storage-tank,entity-build,storage-tank,False,,False,False,2.9927811567491751e-31,7.258560441793782e-32
2161,743,__pr_graph_lp_or_to_or_and__: 1803:item: wood --> fuel-category: biomass__0,,,True,item: wood --> fuel-category: biomass__0,False,False,-2.9637222983395231e-31,7.1880823583360862e-32
2162,1509,__pr_graph_lp_or_to_or_and__: 4835:entity-operate: vacuum-pump-mk01 --> recipe-category: vacuum__1__1:noncoproduct-route,,,True,entity-operate: vacuum-pump-mk01 --> recipe-category: vacuum__1__1,False,False,2.9494468509632915e-31,7.1534593130190752e-32
2163,127,__pr_graph_lp_or_cost_row__: entity: inserter,,,True,node-cost:entity: inserter,False,False,2.9101814188109653e-31,7.0582266522854065e-32
2164,1081,__pr_graph_lp_or_to_or_and__: 4019:item: coal --> energy-source-burner: chemical__jerry__biomass__nuke_2_1,,,True,item: coal --> energy-source-burner: chemical__jerry__biomass__nuke_2_1,False,False,-2.9028690091370421e-31,7.0404914538818647e-32
2165,443,__pr_graph_lp_or_cost_row__: item: research-center-mk01,,,True,node-cost:item: research-center-mk01,False,False,2.8891992913823455e-31,7.0073375186798313e-32
2166,894,__pr_graph_lp_or_to_or_and__: 2302:item-craft: chipshooter-mk01 --> item: chipshooter-mk01,,,True,item-craft: chipshooter-mk01 --> item: chipshooter-mk01,False,False,2.8773862308374643e-31,6.9786866386199182e-32
2167,336,__pr_graph_lp_or_cost_row__: item: gunpowder,,,True,node-cost:item: gunpowder,False,False,2.8351643491090225e-31,6.8762835344701119e-32
2168,598,__pr_graph_lp_or_to_or_and__: 1392:item: py-check-valve --> entity-build-item: py-check-valve,,,True,item: py-check-valve --> entity-build-item: py-check-valve,False,False,-2.8097802703975031e-31,6.8147181008695633e-32
2169,536,__pr_graph_lp_or_to_or_and__: 1055:item: fish --> entity-operate-py-module: fish-farm-mk02,,,True,item: fish --> entity-operate-py-module: fish-farm-mk02,False,False,2.7508777611534176e-31,6.6718585327526873e-32
2170,153,__pr_graph_lp_or_cost_row__: entity: ore-titanium,,,True,node-cost:entity: ore-titanium,False,False,-2.7392245224100592e-31,6.6435952774957608e-32
2171,105,__pr_graph_lp_or_cost_row__: entity: dead-grey-trunk,,,True,node-cost:entity: dead-grey-trunk,False,False,-2.7239428995390206e-31,6.6065318981678125e-32
2172,241,__pr_graph_lp_or_cost_row__: entity: zinc-rock,,,True,node-cost:entity: zinc-rock,False,False,2.6939439991232202e-31,6.5337738779683121e-32
2173,1586,__pr_graph_lp_or_to_or_and__: 4933:entity-operate: incubator-mk01 --> recipe-category: incubator__1__1:noncoproduct-route,,,True,entity-operate: incubator-mk01 --> recipe-category: incubator__1__1,False,False,2.6664226861163454e-31,6.4670248898415241e-32
2174,1283,__pr_graph_lp_or_to_or_and__: 4529:fluid-temperature: steam: 250 --> fluid-temperature-range: steam: 250: 250:noncoproduct-route,,,True,fluid-temperature: steam: 250 --> fluid-temperature-range: steam: 250: 250,False,False,-2.6639466621150787e-31,6.4610196495893278e-32
2175,1485,__pr_graph_lp_or_to_or_and__: 4802:entity-operate: evaporator --> recipe-category: evaporator__2__0:noncoproduct-route,,,True,entity-operate: evaporator --> recipe-category: evaporator__2__0,False,False,2.6589588040514553e-31,6.4489223169299541e-32
2176,17,__pr_graph_lp_explicit_zero_free_source__: 1594:room-autoplace: planet: nauvis --> entity: ore-nickel,,,True,explicit-zero:room-autoplace: planet: nauvis --> entity: ore-nickel,False,False,2.6547595237241287e-31,6.4387375662009546e-32
2177,74,__pr_graph_lp_or_cost_row__: entity: advanced-foundry-mk01,,,True,node-cost:entity: advanced-foundry-mk01,False,False,-2.626504992453123e-31,6.3702102625848373e-32
2178,1343,__pr_graph_lp_or_to_or_and__: 4609:fluid-temperature: gasoline: 10 --> fluid-temperature-range: gasoline: 10: 10:noncoproduct-route,,,True,fluid-temperature: gasoline: 10 --> fluid-temperature-range: gasoline: 10: 10,False,False,2.612432243444957e-31,6.3360788330188602e-32
2179,374,__pr_graph_lp_or_cost_row__: item: molten-glass-barrel,,,True,node-cost:item: molten-glass-barrel,False,False,-2.5999137722885127e-31,6.3057170809331837e-32
2180,1337,__pr_graph_lp_or_to_or_and__: 4601:fluid-temperature: pressured-water: 10 --> fluid-temperature-range: pressured-water: 10: 10:noncoproduct-route,,,True,fluid-temperature: pressured-water: 10 --> fluid-temperature-range: pressured-water: 10: 10,False,False,-2.594302932899018e-31,6.2921087966301364e-32
2181,1239,__pr_graph_lp_or_to_or_and__: 4448:entity-build: burner-mining-drill --> entity: burner-mining-drill:noncoproduct-route,,,True,entity-build: burner-mining-drill --> entity: burner-mining-drill,False,False,2.5653256228778043e-31,6.2218284970648837e-32
2182,459,__pr_graph_lp_or_cost_row__: item: slaughterhouse-mk01,,,True,node-cost:item: slaughterhouse-mk01,False,False,2.5395822002414771e-31,6.1593915264353994e-32
2183,44,__pr_graph_lp_explicit_zero_free_source__: 1689:room-autoplace: planet: nauvis --> entity: antimonium,,,True,explicit-zero:room-autoplace: planet: nauvis --> entity: antimonium,False,False,2.528788680429872e-31,6.1332133958508918e-32
2184,1207,__pr_graph_lp_or_to_or_and__: 4384:entity-build: reformer-mk01 --> entity: reformer-mk01:noncoproduct-route,,,True,entity-build: reformer-mk01 --> entity: reformer-mk01,False,False,2.5165247754985029e-31,6.1034690575466999e-32
2185,161,__pr_graph_lp_or_cost_row__: entity: pipe-to-ground,,,True,node-cost:entity: pipe-to-ground,False,False,-2.4866703434596366e-31,6.0310614246261162e-32
2186,496,__pr_graph_lp_or_cost_row__: item: tree-mk01,,,True,node-cost:item: tree-mk01,False,False,-2.4801941019873501e-31,6.0153542319848397e-32
2187,103,__pr_graph_lp_or_cost_row__: entity: data-array,,,True,node-cost:entity: data-array,False,False,-2.4516174332524062e-31,5.9460456302616787e-32
2188,537,__pr_graph_lp_or_to_or_and__: 1056:item: fish --> entity-operate-py-module: fish-farm-mk03,,,True,item: fish --> entity-operate-py-module: fish-farm-mk03,False,False,2.4469981595297458e-31,5.9348422459321867e-32
2189,188,__pr_graph_lp_or_cost_row__: entity: reformer-mk01,,,True,node-cost:entity: reformer-mk01,False,False,2.4276719427618291e-31,5.8879692855739668e-32
2190,93,__pr_graph_lp_or_cost_row__: entity: car,,,True,node-cost:entity: car,False,False,-2.4163968845184732e-31,5.8606232527510921e-32
2191,1622,__pr_graph_lp_or_to_or_and__: 4979:entity-operate: offshore-pump --> tile-fluid-pump: water-green:noncoproduct-route,,,True,entity-operate: offshore-pump --> tile-fluid-pump: water-green,False,False,-2.3894648017712997e-31,5.7953033579091675e-32
2192,1245,__pr_graph_lp_or_to_or_and__: 4460:entity-build: pipe-to-ground --> entity: pipe-to-ground:noncoproduct-route,,,True,entity-build: pipe-to-ground --> entity: pipe-to-ground,False,False,2.3763997686752199e-31,5.7636159984147829e-32
2193,187,__pr_graph_lp_or_cost_row__: entity: ree,,,True,node-cost:entity: ree,False,False,-2.3402671305889645e-31,5.6759814793056643e-32
2194,175,__pr_graph_lp_or_cost_row__: entity: py-tank-5000,,,True,node-cost:entity: py-tank-5000,False,False,-2.3317592492238155e-31,5.655346836180731e-32
2195,794,__pr_graph_lp_or_to_or_and__: 1939:item-craft: landfill --> item: landfill,,,True,item-craft: landfill --> item: landfill,False,False,-2.3200600539101222e-31,5.6269721198693544e-32
2196,935,__pr_graph_lp_or_to_or_and__: 2425:item-craft: sap-seeds --> item: sap-seeds,,,True,item-craft: sap-seeds --> item: sap-seeds,False,False,-2.3146928304816303e-31,5.613954691056538e-32
2197,1111,__pr_graph_lp_or_to_or_and__: 4049:item: coal-dust --> energy-source-burner: chemical__biomass__nuke_2_1,,,True,item: coal-dust --> energy-source-burner: chemical__biomass__nuke_2_1,False,False,2.3130816329350502e-31,5.6100469630393561e-32
2198,1748,entity-build: smelter-mk01,entity-build,smelter-mk01,False,,False,False,-2.3099776489020666e-31,5.6025186960082152e-32
2199,590,__pr_graph_lp_or_to_or_and__: 1360:item: py-tank-1000 --> entity-build-item: py-tank-1000,,,True,item: py-tank-1000 --> entity-build-item: py-tank-1000,False,False,2.2918787470630448e-31,5.5586224115664448e-32
2200,131,__pr_graph_lp_or_cost_row__: entity: jaw-crusher,,,True,node-cost:entity: jaw-crusher,False,False,-2.2882346421726671e-31,5.5497841590455772e-32
2201,204,__pr_graph_lp_or_cost_row__: entity: splitter,,,True,node-cost:entity: splitter,False,False,2.2675446225435997e-31,5.4996034909132596e-32
2202,1994,entity-operate: py-sinkhole,entity-operate,py-sinkhole,False,,False,False,2.2155367472006056e-31,5.3734658661239975e-32
2203,1558,__pr_graph_lp_or_to_or_and__: 4898:entity-operate: reformer-mk01 --> recipe-category: reformer__2__1:noncoproduct-route,,,True,entity-operate: reformer-mk01 --> recipe-category: reformer__2__1,False,False,2.2150324817535878e-31,5.3722428427774256e-32
2204,117,__pr_graph_lp_or_cost_row__: entity: fwf-mk01,,,True,node-cost:entity: fwf-mk01,False,False,2.2121103062293221e-31,5.3651555261466792e-32
2205,143,__pr_graph_lp_or_cost_row__: entity: oil-sand,,,True,node-cost:entity: oil-sand,False,False,-2.1889331857725429e-31,5.3089427525120689e-32
2206,339,__pr_graph_lp_or_cost_row__: item: heavy-oil-barrel,,,True,node-cost:item: heavy-oil-barrel,False,False,2.1429037542583991e-31,5.1973049837452627e-32
2207,1214,__pr_graph_lp_or_to_or_and__: 4398:entity-build: creature-chamber-mk01 --> entity: creature-chamber-mk01:noncoproduct-route,,,True,entity-build: creature-chamber-mk01 --> entity: creature-chamber-mk01,False,False,-2.1144484540774544e-31,5.1282907440014096e-32
2208,61,__pr_graph_lp_explicit_zero_free_source__: 1969:room-autoplace: planet: nauvis --> entity: tree-09-brown,,,True,explicit-zero:room-autoplace: planet: nauvis --> entity: tree-09-brown,False,False,-2.0558702190985506e-31,4.9862176564957974e-32
2209,1655,__pr_graph_lp_or_to_or_and__: 949:item: vacuum-pump-mk01 --> entity-build-item: vacuum-pump-mk01,,,True,item: vacuum-pump-mk01 --> entity-build-item: vacuum-pump-mk01,False,False,2.0313931670173624e-31,4.9268520855894288e-32
2210,1672,entity-build: advanced-foundry-mk01,entity-build,advanced-foundry-mk01,False,,False,False,2.0305000933970789e-31,4.9246860639151806e-32
2211,1619,__pr_graph_lp_or_to_or_and__: 4976:entity-operate: offshore-pump --> tile-fluid-pump: deepwater:noncoproduct-route,,,True,entity-operate: offshore-pump --> tile-fluid-pump: deepwater,False,False,-2.0126255957394685e-31,4.8813340395542026e-32
2212,106,__pr_graph_lp_or_cost_row__: entity: dead-tree-desert,,,True,node-cost:entity: dead-tree-desert,False,False,2.0081584241356581e-31,4.8704995570471878e-32
2213,1657,__pr_graph_lp_or_to_or_and__: 957:item: genlab-mk01 --> entity-build-item: genlab-mk01,,,True,item: genlab-mk01 --> entity-build-item: genlab-mk01,False,False,-2.0065841539502269e-31,4.8666813910356515e-32
2214,1331,__pr_graph_lp_or_to_or_and__: 4593:fluid-temperature: molten-glass: 10 --> fluid-temperature-range: molten-glass: 10: 10:noncoproduct-route,,,True,fluid-temperature: molten-glass: 10 --> fluid-temperature-range: molten-glass: 10: 10,False,False,2.0044772742864979e-31,4.8615714573045213e-32
2215,0,__pr_graph_lp_explicit_zero_free_source__: 1042:entity-character: character --> entity: character,,,True,explicit-zero:entity-character: character --> entity: character,False,False,1.996483174531815e-31,4.8421829176125237e-32
2216,412,__pr_graph_lp_or_cost_row__: item: pressured-water-barrel,,,True,node-cost:item: pressured-water-barrel,False,False,1.9933567145568132e-31,4.8346001384152466e-32
2217,79,__pr_graph_lp_or_cost_row__: entity: barrel-machine-mk01,,,True,node-cost:entity: barrel-machine-mk01,False,False,-1.9913509836024107e-31,4.8297355263370549e-32
2218,152,__pr_graph_lp_or_cost_row__: entity: ore-tin,,,True,node-cost:entity: ore-tin,False,False,1.9840138927758572e-31,4.8119404673460665e-32
2219,1467,__pr_graph_lp_or_to_or_and__: 4780:entity-operate: gasifier --> recipe-category: gasifier__3__1:noncoproduct-route,,,True,entity-operate: gasifier --> recipe-category: gasifier__3__1,False,False,1.9729475012488705e-31,4.785100525645004e-32
2220,133,__pr_graph_lp_or_cost_row__: entity: lead-rock,,,True,node-cost:entity: lead-rock,False,False,-1.9570291369346098e-31,4.7464928214869548e-32
2221,508,__pr_graph_lp_or_cost_row__: item: wood-seedling,,,True,node-cost:item: wood-seedling,False,False,1.9551858458082247e-31,4.7420221838586357e-32
2222,1683,entity-build: caravan,entity-build,caravan,False,,False,False,-1.9261373140190818e-31,4.6715691461343895e-32
2223,799,__pr_graph_lp_or_to_or_and__: 1953:item-craft: pump --> item: pump,,,True,item-craft: pump --> item: pump,False,False,1.917602860570608e-31,4.6508700562414584e-32
2224,1347,__pr_graph_lp_or_to_or_and__: 4615:fluid-temperature: hydrogen: 15 --> fluid: hydrogen:noncoproduct-route,,,True,fluid-temperature: hydrogen: 15 --> fluid: hydrogen,False,False,1.9070574096217304e-31,4.625293581020148e-32
2225,970,__pr_graph_lp_or_to_or_and__: 3832:item: vrauks --> recipe-py-module: vrauks-cocoon-3-no-water,,,True,item: vrauks --> recipe-py-module: vrauks-cocoon-3-no-water,False,False,1.9057676908061958e-31,4.62216555344808e-32
2226,182,__pr_graph_lp_or_cost_row__: entity: quenching-tower,,,True,node-cost:entity: quenching-tower,False,False,1.8912707001214376e-31,4.5870051866861685e-32
2227,1411,__pr_graph_lp_or_to_or_and__: 4698:entity-operate: fluid-drill-mk01 --> fuel-category-burn: biomass:noncoproduct-route,,,True,entity-operate: fluid-drill-mk01 --> fuel-category-burn: biomass,False,False,-1.884787018446632e-31,4.5712799489033142e-32
2228,1743,entity-build: sap-extractor-mk01,entity-build,sap-extractor-mk01,False,,False,False,1.8823802748708907e-31,4.5654427383632048e-32
2229,1086,__pr_graph_lp_or_to_or_and__: 4024:item: kerogen --> energy-source-burner: chemical__jerry__biomass__nuke_2_1,,,True,item: kerogen --> energy-source-burner: chemical__jerry__biomass__nuke_2_1,False,False,1.8684603777880948e-31,4.5316820291676236e-32
2230,72,__pr_graph_lp_explicit_zero_free_source__: 2061:room-autoplace: planet: nauvis --> entity: biter-spawner,,,True,explicit-zero:room-autoplace: planet: nauvis --> entity: biter-spawner,False,False,1.8661150757497823e-31,4.5259938362434731e-32
2231,37,__pr_graph_lp_explicit_zero_free_source__: 1666:room-autoplace: planet: nauvis --> entity: oil-sand,,,True,explicit-zero:room-autoplace: planet: nauvis --> entity: oil-sand,False,False,-1.8392210336621519e-31,4.4607662035523959e-32
2232,1202,__pr_graph_lp_or_to_or_and__: 4374:entity-build: moondrop-greenhouse-mk01 --> entity: moondrop-greenhouse-mk01:noncoproduct-route,,,True,entity-build: moondrop-greenhouse-mk01 --> entity: moondrop-greenhouse-mk01,False,False,1.8371301941571237e-31,4.4556951729201988e-32
2233,149,__pr_graph_lp_or_cost_row__: entity: ore-nexelit,,,True,node-cost:entity: ore-nexelit,False,False,-1.8254645891504533e-31,4.427401925069432e-32
2234,432,__pr_graph_lp_or_cost_row__: item: py-underflow-valve,,,True,node-cost:item: py-underflow-valve,False,False,-1.8101774814058933e-31,4.3903252429692838e-32
2235,24,__pr_graph_lp_explicit_zero_free_source__: 1627:room-autoplace: planet: nauvis --> entity: copper-rock,,,True,explicit-zero:room-autoplace: planet: nauvis --> entity: copper-rock,False,False,1.8090722463353111e-31,4.3876446541984946e-32
2236,255,__pr_graph_lp_or_cost_row__: item: automation-science-pack,,,True,node-cost:item: automation-science-pack,False,False,-1.7983163100593406e-31,4.3615576770765127e-32
2237,2030,entity-operate: steam-engine,entity-operate,steam-engine,False,,False,False,-1.7974841282728977e-31,4.3595393397911979e-32
2238,553,__pr_graph_lp_or_to_or_and__: 1086:item: moondrop --> entity-operate-py-module: moondrop-greenhouse-mk04,,,True,item: moondrop --> entity-operate-py-module: moondrop-greenhouse-mk04,False,False,-1.7923230348218746e-31,4.347021849604682e-32
2239,49,__pr_graph_lp_explicit_zero_free_source__: 1909:room-autoplace: planet: nauvis --> entity: tree-02,,,True,explicit-zero:room-autoplace: planet: nauvis --> entity: tree-02,False,False,1.7660914678266478e-31,4.2834009550102248e-32
2240,1682,entity-build: car,entity-build,car,False,,False,False,-1.7658313175883694e-31,4.2827699980074943e-32
2241,1019,__pr_graph_lp_or_to_or_and__: 3957:item: log --> energy-source-burner: chemical__biomass__jerry__nuke_2_1,,,True,item: log --> energy-source-burner: chemical__biomass__jerry__nuke_2_1,False,False,1.7612856797845166e-31,4.2717452070128837e-32
2242,141,__pr_graph_lp_or_cost_row__: entity: niobium,,,True,node-cost:entity: niobium,False,False,-1.7564393506193393e-31,4.2599911323499446e-32
2243,913,__pr_graph_lp_or_to_or_and__: 2360:item-craft: research-center-mk01 --> item: research-center-mk01,,,True,item-craft: research-center-mk01 --> item: research-center-mk01,False,False,1.7561463275161469e-31,4.2592804469392964e-32
2244,1747,entity-build: small-lamp,entity-build,small-lamp,False,,False,False,-1.7488562253845929e-31,4.2415993522727512e-32
2245,160,__pr_graph_lp_or_cost_row__: entity: pipe,,,True,node-cost:entity: pipe,False,False,1.7191439041277516e-31,4.1695363886235682e-32
2246,184,__pr_graph_lp_or_cost_row__: entity: rare-earth-bolide,,,True,node-cost:entity: rare-earth-bolide,False,False,1.7095641533513153e-31,4.1463020803376875e-32
2247,156,__pr_graph_lp_or_cost_row__: entity: outpost-fluid,,,True,node-cost:entity: outpost-fluid,False,False,1.688730854217981e-31,4.0957739083661912e-32
2248,463,__pr_graph_lp_or_cost_row__: item: smelter-mk01,,,True,node-cost:item: smelter-mk01,False,False,-1.6613177817918277e-31,4.0292874422068547e-32
2249,403,__pr_graph_lp_or_cost_row__: item: petri-dish-bacteria,,,True,node-cost:item: petri-dish-bacteria,False,False,1.6608101943053179e-31,4.0280563617310836e-32
2250,1556,__pr_graph_lp_or_to_or_and__: 4896:entity-operate: reformer-mk01 --> recipe-category: reformer__2__0:noncoproduct-route,,,True,entity-operate: reformer-mk01 --> recipe-category: reformer__2__0,False,False,-1.6504636642058278e-31,4.0029623404323246e-32
2251,859,__pr_graph_lp_or_to_or_and__: 2212:item-craft: ore-aluminium --> item: ore-aluminium,,,True,item-craft: ore-aluminium --> item: ore-aluminium,False,False,-1.6393217266607719e-31,3.975939172725225e-32
2252,1234,__pr_graph_lp_or_to_or_and__: 4438:entity-build: steam-engine --> entity: steam-engine:noncoproduct-route,,,True,entity-build: steam-engine --> entity: steam-engine,False,False,1.6363819912268279e-31,3.9688092670580352e-32
2253,1702,entity-build: incubator-mk01,entity-build,incubator-mk01,False,,False,False,1.6182572578127457e-31,3.924850331844604e-32
2254,1593,__pr_graph_lp_or_to_or_and__: 4941:entity-operate: creature-chamber-mk01 --> recipe-category: creature-chamber__3__0:noncoproduct-route,,,True,entity-operate: creature-chamber-mk01 --> recipe-category: creature-chamber__3__0,False,False,-1.6116580270786013e-31,3.908844846430107e-32
2255,62,__pr_graph_lp_explicit_zero_free_source__: 1974:room-autoplace: planet: nauvis --> entity: tree-09-red,,,True,explicit-zero:room-autoplace: planet: nauvis --> entity: tree-09-red,False,False,-1.6115889318022574e-31,3.9086772657707413e-32
2256,1589,__pr_graph_lp_or_to_or_and__: 4936:entity-operate: incubator-mk01 --> recipe-category: incubator__1__0:noncoproduct-route,,,True,entity-operate: incubator-mk01 --> recipe-category: incubator__1__0,False,False,1.603609210678925e-31,3.8893235993819561e-32
2257,397,__pr_graph_lp_or_cost_row__: item: outpost,,,True,node-cost:item: outpost,False,False,1.59817375733131e-31,3.8761406887093063e-32
2258,1049,__pr_graph_lp_or_to_or_and__: 3987:item: raw-fiber --> energy-source-burner: biomass_2_1,,,True,item: raw-fiber --> energy-source-burner: biomass_2_1,False,False,1.5788249761399665e-31,3.8292130015860145e-32
2259,1725,entity-build: py-sinkhole,entity-build,py-sinkhole,False,,False,False,1.5668543517452492e-31,3.8001799730603177e-32
2260,1203,__pr_graph_lp_or_to_or_and__: 4376:entity-build: electronics-factory-mk01 --> entity: electronics-factory-mk01:noncoproduct-route,,,True,entity-build: electronics-factory-mk01 --> entity: electronics-factory-mk01,False,False,1.5662752859045861e-31,3.7987755321125545e-32
2261,819,__pr_graph_lp_or_to_or_and__: 2076:item-craft: empty-fuel-canister --> item: empty-fuel-canister,,,True,item-craft: empty-fuel-canister --> item: empty-fuel-canister,False,False,1.5102235462394933e-31,3.6628300957717633e-32
2262,84,__pr_graph_lp_or_cost_row__: entity: biofactory-mk01,,,True,node-cost:entity: biofactory-mk01,False,False,-1.4965903286250623e-31,3.6297646864125415e-32
2263,292,__pr_graph_lp_or_cost_row__: item: condensates-barrel,,,True,node-cost:item: condensates-barrel,False,False,-1.4872013943831454e-31,3.6069931761986088e-32
2264,1472,__pr_graph_lp_or_to_or_and__: 4786:entity-operate: tar-processing-unit --> recipe-category: tar__2__2:noncoproduct-route,,,True,entity-operate: tar-processing-unit --> recipe-category: tar__2__2,False,False,-1.4674714405073049e-31,3.5591410095279417e-32
2265,80,__pr_graph_lp_or_cost_row__: entity: behemoth-worm-turret,,,True,node-cost:entity: behemoth-worm-turret,False,False,1.4598433833228403e-31,3.5406402534662996e-32
2266,55,__pr_graph_lp_explicit_zero_free_source__: 1939:room-autoplace: planet: nauvis --> entity: tree-06-brown,,,True,explicit-zero:room-autoplace: planet: nauvis --> entity: tree-06-brown,False,False,1.4264981661147125e-31,3.459766222966574e-32
2267,102,__pr_graph_lp_or_cost_row__: entity: creature-chamber-mk01,,,True,node-cost:entity: creature-chamber-mk01,False,False,-1.4035298057208e-31,3.4040597668522857e-32
2268,112,__pr_graph_lp_or_cost_row__: entity: evaporator,,,True,node-cost:entity: evaporator,False,False,1.3962724471902105e-31,3.3864580870825323e-32
2269,866,__pr_graph_lp_or_to_or_and__: 2234:item-craft: ore-lead --> item: ore-lead,,,True,item-craft: ore-lead --> item: ore-lead,False,False,-1.385956802307917e-31,3.3614389734379047e-32
2270,1248,__pr_graph_lp_or_to_or_and__: 4466:entity-build: py-local-radar --> entity: py-local-radar:noncoproduct-route,,,True,entity-build: py-local-radar --> entity: py-local-radar,False,False,-1.3669004601139602e-31,3.3152205550606024e-32
2271,1664,__pr_graph_lp_or_to_or_and__: 984:item: pulp-mill-mk01 --> entity-build-item: pulp-mill-mk01,,,True,item: pulp-mill-mk01 --> entity-build-item: pulp-mill-mk01,False,False,-1.359760727027554e-31,3.2979041588954221e-32
2272,34,__pr_graph_lp_explicit_zero_free_source__: 1657:room-autoplace: planet: nauvis --> entity: phosphate-rock-02,,,True,explicit-zero:room-autoplace: planet: nauvis --> entity: phosphate-rock-02,False,False,1.3489798874187431e-31,3.2717567823198362e-32
2273,1264,__pr_graph_lp_or_to_or_and__: 4498:entity-build: outpost-fluid --> entity: outpost-fluid:noncoproduct-route,,,True,entity-build: outpost-fluid --> entity: outpost-fluid,False,False,1.3057435143408886e-31,3.1668931752492658e-32
2274,1732,entity-build: py-tank-6500,entity-build,py-tank-6500,False,,False,False,1.3044220408207906e-31,3.1636881312064599e-32
2275,396,__pr_graph_lp_or_cost_row__: item: ore-zinc,,,True,node-cost:item: ore-zinc,False,False,-1.3007000285483717e-31,3.154660925530721e-32
2276,435,__pr_graph_lp_or_cost_row__: item: raw-borax,,,True,node-cost:item: raw-borax,False,False,1.2748027044658983e-31,3.0918506890690811e-32
2277,971,__pr_graph_lp_or_to_or_and__: 3833:item: vrauks --> recipe-py-module: vrauks-cocoon-4-no-water,,,True,item: vrauks --> recipe-py-module: vrauks-cocoon-4-no-water,False,False,-1.2692192542485869e-31,3.0783088332655903e-32
2278,1319,__pr_graph_lp_or_to_or_and__: 4577:fluid-temperature: flue-gas: 15 --> fluid-temperature-range: flue-gas: 15: 15:noncoproduct-route,,,True,fluid-temperature: flue-gas: 15 --> fluid-temperature-range: flue-gas: 15: 15,False,False,1.2599647655426766e-31,3.0558634013708263e-32
2279,1481,__pr_graph_lp_or_to_or_and__: 4798:entity-operate: evaporator --> recipe-category: evaporator__1__0:noncoproduct-route,,,True,entity-operate: evaporator --> recipe-category: evaporator__1__0,False,False,-1.2574873565027466e-31,3.0498548019064699e-32
2280,921,__pr_graph_lp_or_to_or_and__: 2379:item-craft: agar --> item: agar,,,True,item-craft: agar --> item: agar,False,False,1.2556962101773352e-31,3.0455106339963718e-32
2281,1689,entity-build: electrolyzer-mk01,entity-build,electrolyzer-mk01,False,,False,False,1.2520185292674998e-31,3.0365909476673299e-32
2282,1261,__pr_graph_lp_or_to_or_and__: 4492:entity-build: py-check-valve --> entity: py-check-valve:noncoproduct-route,,,True,entity-build: py-check-valve --> entity: py-check-valve,False,False,1.2355094528837077e-31,2.9965505563077058e-32
2283,140,__pr_graph_lp_or_cost_row__: entity: nickel-rock,,,True,node-cost:entity: nickel-rock,False,False,-1.2236234927007533e-31,2.9677228686559824e-32
2284,530,__pr_graph_lp_or_to_or_and__: 1043:item: vrauks --> entity-operate-py-module: vrauks-paddock-mk02,,,True,item: vrauks --> entity-operate-py-module: vrauks-paddock-mk02,False,False,-1.1813048227552664e-31,2.8650850186003851e-32
2285,1338,__pr_graph_lp_or_to_or_and__: 4603:fluid-temperature: pressured-air: 15 --> fluid: pressured-air:noncoproduct-route,,,True,fluid-temperature: pressured-air: 15 --> fluid: pressured-air,False,False,1.1717311749150858e-31,2.8418655121090107e-32
2286,1393,__pr_graph_lp_or_to_or_and__: 4676:entity-operate: assembling-machine-1 --> fuel-category-burn: biomass:noncoproduct-route,,,True,entity-operate: assembling-machine-1 --> fuel-category-burn: biomass,False,False,-1.1702049971016863e-31,2.8381639872318901e-32
2287,194,__pr_graph_lp_or_cost_row__: entity: seaweed,,,True,node-cost:entity: seaweed,False,False,1.1640558829593288e-31,2.823250194900254e-32
2288,1674,entity-build: automated-screener-mk01,entity-build,automated-screener-mk01,False,,False,False,-1.1619454230140132e-31,2.8181315777108511e-32
2289,43,__pr_graph_lp_explicit_zero_free_source__: 1686:room-autoplace: planet: nauvis --> entity: ree,,,True,explicit-zero:room-autoplace: planet: nauvis --> entity: ree,False,False,1.1612876682721111e-31,2.8165362881457567e-32
2290,567,__pr_graph_lp_or_to_or_and__: 1142:item: py-gas-vent --> entity-build-item: py-gas-vent,,,True,item: py-gas-vent --> entity-build-item: py-gas-vent,False,False,-1.1445340708486316e-31,2.7759028461576699e-32
2291,22,__pr_graph_lp_explicit_zero_free_source__: 1621:room-autoplace: planet: nauvis --> entity: chromium-rock,,,True,explicit-zero:room-autoplace: planet: nauvis --> entity: chromium-rock,False,False,-1.1263819701460072e-31,2.7318775355203077e-32
2292,384,__pr_graph_lp_or_cost_row__: item: naphthalene-oil-barrel,,,True,node-cost:item: naphthalene-oil-barrel,False,False,1.124360604199475e-31,2.7269750030164527e-32
2293,1650,__pr_graph_lp_or_to_or_and__: 928:item: advanced-foundry-mk01 --> entity-build-item: advanced-foundry-mk01,,,True,item: advanced-foundry-mk01 --> entity-build-item: advanced-foundry-mk01,False,False,1.1127446447080476e-31,2.6988021632256748e-32
2294,1180,__pr_graph_lp_or_to_or_and__: 4283:entity-build: assembling-machine-1 --> entity: assembling-machine-1:noncoproduct-route,,,True,entity-build: assembling-machine-1 --> entity: assembling-machine-1,False,False,-1.1068048215582034e-31,2.6843959761078896e-32
2295,1487,__pr_graph_lp_or_to_or_and__: 4805:entity-operate: olefin-plant --> recipe-category: olefin__2__2:noncoproduct-route,,,True,entity-operate: olefin-plant --> recipe-category: olefin__2__2,False,False,-1.0966316061025047e-31,2.6597223045612573e-32
2296,257,__pr_graph_lp_or_cost_row__: item: barrel-machine-mk01,,,True,node-cost:item: barrel-machine-mk01,False,False,1.0821732045627798e-31,2.6246555302228979e-32
2297,440,__pr_graph_lp_or_cost_row__: item: refined-hazard-concrete,,,True,node-cost:item: refined-hazard-concrete,False,False,-1.0725122586830883e-31,2.601224294886997e-32
2298,934,__pr_graph_lp_or_to_or_and__: 2408:item-craft: saps --> item: saps,,,True,item-craft: saps --> item: saps,False,False,1.0717591831895782e-31,2.5993978185425612e-32
2299,786,__pr_graph_lp_or_to_or_and__: 1920:item-craft: engine-unit --> item: engine-unit,,,True,item-craft: engine-unit --> item: engine-unit,False,False,-1.0703401188413566e-31,2.5959560819761792e-32
2300,972,__pr_graph_lp_or_to_or_and__: 3834:item: vrauks --> recipe-py-module: vrauks-cocoon-5-no-water,,,True,item: vrauks --> recipe-py-module: vrauks-cocoon-5-no-water,False,False,-1.0574397332289855e-31,2.5646680512831655e-32
2301,8,__pr_graph_lp_explicit_zero_free_source__: 1554:room-autoplace: planet: nauvis --> entity: niobium,,,True,explicit-zero:room-autoplace: planet: nauvis --> entity: niobium,False,False,1.051649173100682e-31,2.5506238801654925e-32
2302,1700,entity-build: gun-turret,entity-build,gun-turret,False,,False,False,-1.0402372530852402e-31,2.5229459087902059e-32
2303,297,__pr_graph_lp_or_cost_row__: item: creamy-latex-barrel,,,True,node-cost:item: creamy-latex-barrel,False,False,-1.0396749449443642e-31,2.5215821112341246e-32
2304,335,__pr_graph_lp_or_cost_row__: item: gun-turret,,,True,node-cost:item: gun-turret,False,False,-1.0261714210760842e-31,2.4888312554109136e-32
2305,1568,__pr_graph_lp_or_to_or_and__: 4911:entity-operate: fwf-mk01 --> recipe-category: fwf__2__0:noncoproduct-route,,,True,entity-operate: fwf-mk01 --> recipe-category: fwf__2__0,False,False,1.0205641692261516e-31,2.4752316721693154e-32
2306,1192,__pr_graph_lp_or_to_or_and__: 4354:entity-build: jaw-crusher --> entity: jaw-crusher:noncoproduct-route,,,True,entity-build: jaw-crusher --> entity: jaw-crusher,False,False,-1.0183401581796269e-31,2.4698376531084791e-32
2307,455,__pr_graph_lp_or_cost_row__: item: seaweed-crop-mk01,,,True,node-cost:item: seaweed-crop-mk01,False,False,-1.0141750741386785e-31,2.459735840555899e-32
2308,961,__pr_graph_lp_or_to_or_and__: 3481:item: vrauks --> recipe-py-module: vrauks-cocoon-2,,,True,item: vrauks --> recipe-py-module: vrauks-cocoon-2,False,False,-1.009127528290796e-31,2.4474937437567542e-32
2309,1216,__pr_graph_lp_or_to_or_and__: 4402:entity-build: slaughterhouse-mk01 --> entity: slaughterhouse-mk01:noncoproduct-route,,,True,entity-build: slaughterhouse-mk01 --> entity: slaughterhouse-mk01,False,False,-1.0012718217937689e-31,2.4284408570152455e-32
2310,278,__pr_graph_lp_or_cost_row__: item: cellulose,,,True,node-cost:item: cellulose,False,False,1.0004225854945761e-31,2.4263811564610788e-32
2311,36,__pr_graph_lp_explicit_zero_free_source__: 1663:room-autoplace: planet: nauvis --> entity: rare-earth-bolide,,,True,explicit-zero:room-autoplace: planet: nauvis --> entity: rare-earth-bolide,False,False,9.9741047799269915e-32,2.4190757227476082e-32
2312,505,__pr_graph_lp_or_cost_row__: item: water-barrel,,,True,node-cost:item: water-barrel,False,False,-9.9432955343846453e-32,2.4116033831670525e-32
2313,265,__pr_graph_lp_or_cost_row__: item: botanical-nursery,,,True,node-cost:item: botanical-nursery,False,False,-9.7403462597827085e-32,2.3623809542903452e-32
2314,25,__pr_graph_lp_explicit_zero_free_source__: 1630:room-autoplace: planet: nauvis --> entity: salt-rock,,,True,explicit-zero:room-autoplace: planet: nauvis --> entity: salt-rock,False,False,9.6894792570222375e-32,2.3500438940546804e-32
2315,1241,__pr_graph_lp_or_to_or_and__: 4452:entity-build: flora-collector-mk01 --> entity: flora-collector-mk01:noncoproduct-route,,,True,entity-build: flora-collector-mk01 --> entity: flora-collector-mk01,False,False,-9.6397638070544823e-32,2.3379861263937162e-32
2316,1647,__pr_graph_lp_or_to_or_and__: 916:item: soil-extractor-mk01 --> entity-build-item: soil-extractor-mk01,,,True,item: soil-extractor-mk01 --> entity-build-item: soil-extractor-mk01,False,False,9.573154562113523e-32,2.3218310116337927e-32
2317,760,__pr_graph_lp_or_to_or_and__: 1845:item-craft: iron-ore --> item: iron-ore,,,True,item-craft: iron-ore --> item: iron-ore,False,False,-9.5648189702026549e-32,2.3198093336515347e-32
2318,1726,entity-build: py-tank-1000,entity-build,py-tank-1000,False,,False,False,-9.5591960723880876e-32,2.3184455806235852e-32
2319,725,__pr_graph_lp_or_to_or_and__: 1785:item: kerogen --> fuel-category: chemical__1,,,True,item: kerogen --> fuel-category: chemical__1,False,False,9.4157253594972165e-32,2.2836488218028764e-32
2320,887,__pr_graph_lp_or_to_or_and__: 2283:item-craft: raw-fiber --> item: raw-fiber,,,True,item-craft: raw-fiber --> item: raw-fiber,False,False,9.2377854540857113e-32,2.2404920558788546e-32
2321,1253,__pr_graph_lp_or_to_or_and__: 4476:entity-build: py-tank-1000 --> entity: py-tank-1000:noncoproduct-route,,,True,entity-build: py-tank-1000 --> entity: py-tank-1000,False,False,9.1820207954830387e-32,2.226967139629276e-32
2322,1231,__pr_graph_lp_or_to_or_and__: 4432:entity-build: py-sinkhole --> entity: py-sinkhole:noncoproduct-route,,,True,entity-build: py-sinkhole --> entity: py-sinkhole,False,False,9.0972321135713367e-32,2.2064028637867807e-32
2323,457,__pr_graph_lp_or_cost_row__: item: shotgun-shell,,,True,node-cost:item: shotgun-shell,False,False,9.0228573154349488e-32,2.1883643257399298e-32
2324,793,__pr_graph_lp_or_to_or_and__: 1937:item-craft: refined-hazard-concrete --> item: refined-hazard-concrete,,,True,item-craft: refined-hazard-concrete --> item: refined-hazard-concrete,False,False,-8.8087248822161893e-32,2.1364295825141659e-32
2325,155,__pr_graph_lp_or_cost_row__: entity: outpost,,,True,node-cost:entity: outpost,False,False,-8.7462143274395061e-32,2.1212685461292177e-32
2326,78,__pr_graph_lp_or_cost_row__: entity: automated-screener-mk01,,,True,node-cost:entity: automated-screener-mk01,False,False,8.2104909528820184e-32,1.99133654339865e-32
2327,14,__pr_graph_lp_explicit_zero_free_source__: 1576:room-autoplace: planet: nauvis --> entity: ore-aluminium,,,True,explicit-zero:room-autoplace: planet: nauvis --> entity: ore-aluminium,False,False,8.0878977545937174e-32,1.961603325601495e-32
2328,442,__pr_graph_lp_or_cost_row__: item: repair-pack,,,True,node-cost:item: repair-pack,False,False,-8.0306233654408466e-32,1.9477122459114415e-32
2329,911,__pr_graph_lp_or_to_or_and__: 2354:item-craft: sap-extractor-mk01 --> item: sap-extractor-mk01,,,True,item-craft: sap-extractor-mk01 --> item: sap-extractor-mk01,False,False,7.8343928477963374e-32,1.9001193549432857e-32
2330,358,__pr_graph_lp_or_cost_row__: item: latex,,,True,node-cost:item: latex,False,False,-7.7914915725963853e-32,1.8897142674090161e-32
2331,73,__pr_graph_lp_explicit_zero_free_source__: 2064:room-autoplace: planet: nauvis --> entity: spitter-spawner,,,True,explicit-zero:room-autoplace: planet: nauvis --> entity: spitter-spawner,False,False,7.7887757044116374e-32,1.8890555726251865e-32
2332,254,__pr_graph_lp_or_cost_row__: item: automated-screener-mk01,,,True,node-cost:item: automated-screener-mk01,False,False,-7.5779983625471745e-32,1.8379345585733042e-32
2333,230,__pr_graph_lp_or_cost_row__: entity: tree-09-brown,,,True,node-cost:entity: tree-09-brown,False,False,7.3432290627822628e-32,1.7809946400504199e-32
2334,1299,__pr_graph_lp_or_to_or_and__: 4551:fluid-temperature: coal-gas: 15 --> fluid: coal-gas:noncoproduct-route,,,True,fluid-temperature: coal-gas: 15 --> fluid: coal-gas,False,False,7.3296477571686703e-32,1.7777006896239939e-32
2335,33,__pr_graph_lp_explicit_zero_free_source__: 1654:room-autoplace: planet: nauvis --> entity: zinc-rock,,,True,explicit-zero:room-autoplace: planet: nauvis --> entity: zinc-rock,False,False,7.1926760647239333e-32,1.7444801747800402e-32
2336,922,__pr_graph_lp_or_to_or_and__: 2381:item-craft: moss-gen --> item: moss-gen,,,True,item-craft: moss-gen --> item: moss-gen,False,False,-7.1571891151212736e-32,1.7358733253281547e-32
2337,585,__pr_graph_lp_or_to_or_and__: 1211:item: py-local-radar --> entity-build-item: py-local-radar,,,True,item: py-local-radar --> entity-build-item: py-local-radar,False,False,7.0978048836949848e-32,1.7214705337266e-32
2338,214,__pr_graph_lp_or_cost_row__: entity: tin-rock,,,True,node-cost:entity: tin-rock,False,False,7.0185657835664167e-32,1.7022522291626498e-32
2339,1223,__pr_graph_lp_or_to_or_and__: 4416:entity-build: car --> entity: car:noncoproduct-route,,,True,entity-build: car --> entity: car,False,False,-6.9385151692877127e-32,1.6828371035082287e-32
2340,1543,__pr_graph_lp_or_to_or_and__: 4879:entity-operate: electronics-factory-mk01 --> recipe-category: electronic__2__0:noncoproduct-route,,,True,entity-operate: electronics-factory-mk01 --> recipe-category: electronic__2__0,False,False,-6.9359213955211225e-32,1.6822080209702463e-32
2341,600,__pr_graph_lp_or_to_or_and__: 1400:item: py-tank-9000 --> entity-build-item: py-tank-9000,,,True,item: py-tank-9000 --> entity-build-item: py-tank-9000,False,False,6.673902499264164e-32,1.6186591045690521e-32
2342,1302,__pr_graph_lp_or_to_or_and__: 4555:fluid-temperature: creosote: 10 --> fluid: creosote:noncoproduct-route,,,True,fluid-temperature: creosote: 10 --> fluid: creosote,False,False,-6.5254227779643954e-32,1.5826474827702254e-32
2343,411,__pr_graph_lp_or_cost_row__: item: pressured-air-barrel,,,True,node-cost:item: pressured-air-barrel,False,False,-6.0187666041763448e-32,1.45976531170486e-32
2344,168,__pr_graph_lp_or_cost_row__: entity: py-overflow-valve,,,True,node-cost:entity: py-overflow-valve,False,False,-5.9996125458051911e-32,1.4551197702131566e-32
2345,785,__pr_graph_lp_or_to_or_and__: 1917:item-craft: steel-plate --> item: steel-plate,,,True,item-craft: steel-plate --> item: steel-plate,False,False,5.9979888240551865e-32,1.4547259598459505e-32
2346,1186,__pr_graph_lp_or_to_or_and__: 4342:entity-build: evaporator --> entity: evaporator:noncoproduct-route,,,True,entity-build: evaporator --> entity: evaporator,False,False,5.9394005042466146e-32,1.4405162051649368e-32
2347,1658,__pr_graph_lp_or_to_or_and__: 961:item: smelter-mk01 --> entity-build-item: smelter-mk01,,,True,item: smelter-mk01 --> entity-build-item: smelter-mk01,False,False,-5.9108286858987459e-32,1.4335865213842749e-32
2348,1403,__pr_graph_lp_or_to_or_and__: 4687:entity-operate: car --> fuel-category-burn: biomass:noncoproduct-route,,,True,entity-operate: car --> fuel-category-burn: biomass,False,False,-5.8775790838129542e-32,1.4255223084076245e-32
2349,578,__pr_graph_lp_or_to_or_and__: 1182:item: flora-collector-mk01 --> entity-build-item: flora-collector-mk01,,,True,item: flora-collector-mk01 --> entity-build-item: flora-collector-mk01,False,False,5.8390064790272361e-32,1.4161670776516719e-32
2350,1367,__pr_graph_lp_or_to_or_and__: 4641:fluid-temperature: scrude: 10 --> fluid-temperature-range: scrude: 10: 10:noncoproduct-route,,,True,fluid-temperature: scrude: 10 --> fluid-temperature-range: scrude: 10: 10,False,False,5.7364822467008741e-32,1.3913012990292966e-32
2351,509,__pr_graph_lp_or_cost_row__: item: wood-seeds,,,True,node-cost:item: wood-seeds,False,False,-5.5567825100169144e-32,1.3477177113301622e-32
2352,275,__pr_graph_lp_or_cost_row__: item: carbolic-oil-barrel,,,True,node-cost:item: carbolic-oil-barrel,False,False,5.1470381361197857e-32,1.2483401040864754e-32
2353,2106,item-ammo: shotgun-shell,item-ammo,shotgun-shell,False,,False,False,5.1357180507168671e-32,1.2455945801139642e-32
2354,1197,__pr_graph_lp_or_to_or_and__: 4364:entity-build: automated-screener-mk01 --> entity: automated-screener-mk01:noncoproduct-route,,,True,entity-build: automated-screener-mk01 --> entity: automated-screener-mk01,False,False,5.1294799669433474e-32,1.2440816225758243e-32
2355,1449,__pr_graph_lp_or_to_or_and__: 4761:entity-operate: distilator --> recipe-category: distilator__3__0:noncoproduct-route,,,True,entity-operate: distilator --> recipe-category: distilator__3__0,False,False,-5.0807162843339514e-32,1.2322546924046512e-32
2356,1641,__pr_graph_lp_or_to_or_and__: 892:item: gasifier --> entity-build-item: gasifier,,,True,item: gasifier --> entity-build-item: gasifier,False,False,5.0437057160169204e-32,1.2232783111377324e-32
2357,548,__pr_graph_lp_or_to_or_and__: 1081:item: seaweed --> entity-operate-py-module: seaweed-crop-mk02,,,True,item: seaweed --> entity-operate-py-module: seaweed-crop-mk02,False,False,5.0001882856627111e-32,1.2127237840288846e-32
2358,1575,__pr_graph_lp_or_to_or_and__: 4920:entity-operate: seaweed-crop-mk01 --> recipe-category: seaweed__0__0:noncoproduct-route,,,True,entity-operate: seaweed-crop-mk01 --> recipe-category: seaweed__0__0,False,False,-4.9941706501424241e-32,1.2112642930453163e-32
2359,502,__pr_graph_lp_or_cost_row__: item: vrauks-codex,,,True,node-cost:item: vrauks-codex,False,False,-4.9749496351312177e-32,1.2066025121831628e-32
2360,164,__pr_graph_lp_or_cost_row__: entity: pump,,,True,node-cost:entity: pump,False,False,-4.9323911250508634e-32,1.1962805574009265e-32
2361,299,__pr_graph_lp_or_cost_row__: item: creosote-barrel,,,True,node-cost:item: creosote-barrel,False,False,4.8699136138202712e-32,1.1811275352530357e-32
2362,1585,__pr_graph_lp_or_to_or_and__: 4931:entity-operate: biofactory-mk01 --> recipe-category: biofactory__3__2:noncoproduct-route,,,True,entity-operate: biofactory-mk01 --> recipe-category: biofactory__3__2,False,False,4.8578803043311506e-32,1.1782090290320039e-32
2363,748,__pr_graph_lp_or_to_or_and__: 1808:item: fish --> fuel-category: fish__0,,,True,item: fish --> fuel-category: fish__0,False,False,4.7205135993364569e-32,1.1448927095729127e-32
2364,566,__pr_graph_lp_or_to_or_and__: 1138:item: py-sinkhole --> entity-build-item: py-sinkhole,,,True,item: py-sinkhole --> entity-build-item: py-sinkhole,False,False,-4.717809522496362e-32,1.1442368746102118e-32
2365,2618,tile-fluid: deepwater,tile-fluid,deepwater,False,,False,False,4.6979051300045934e-32,1.1394093503646495e-32
2366,1576,__pr_graph_lp_or_to_or_and__: 4922:entity-operate: biofactory-mk01 --> recipe-category: biofactory__2__0:noncoproduct-route,,,True,entity-operate: biofactory-mk01 --> recipe-category: biofactory__2__0,False,False,4.5363217963559245e-32,1.1002196357732429e-32
2367,582,__pr_graph_lp_or_to_or_and__: 1199:item: pipe-to-ground --> entity-build-item: pipe-to-ground,,,True,item: pipe-to-ground --> entity-build-item: pipe-to-ground,False,False,-4.4964361995352971e-32,1.090545957675309e-32
2368,1405,__pr_graph_lp_or_to_or_and__: 4690:entity-operate: stone-furnace --> fuel-category-burn: biomass:noncoproduct-route,,,True,entity-operate: stone-furnace --> fuel-category-burn: biomass,False,False,4.4457136820107548e-32,1.0782439402564425e-32
2369,177,__pr_graph_lp_or_cost_row__: entity: py-tank-7000,,,True,node-cost:entity: py-tank-7000,False,False,4.211555045937909e-32,1.0214521294329292e-32
2370,1724,entity-build: py-overflow-valve,entity-build,py-overflow-valve,False,,False,False,-4.2092804895147907e-32,1.020900468472413e-32
2371,165,__pr_graph_lp_or_cost_row__: entity: py-check-valve,,,True,node-cost:entity: py-check-valve,False,False,-4.0614462943523841e-32,9.8504540975786755e-33
2372,750,__pr_graph_lp_or_to_or_and__: 1810:item-craft: firearm-magazine --> item: firearm-magazine,,,True,item-craft: firearm-magazine --> item: firearm-magazine,False,False,3.9751528684038787e-32,9.6411617988203344e-33
2373,470,__pr_graph_lp_or_cost_row__: item: soot,,,True,node-cost:item: soot,False,False,3.9655606343808834e-32,9.6178972142145659e-33
2374,773,__pr_graph_lp_or_to_or_and__: 1881:item-craft: offshore-pump --> item: offshore-pump,,,True,item-craft: offshore-pump --> item: offshore-pump,False,False,3.8542103921761933e-32,9.3478332098925625e-33
2375,1286,__pr_graph_lp_or_to_or_and__: 4533:entity-operate: boiler --> fuel-category-burn: biomass:noncoproduct-route,,,True,entity-operate: boiler --> fuel-category-burn: biomass,False,False,-3.7993523698332564e-32,9.2147829633031971e-33
2376,1615,__pr_graph_lp_or_to_or_and__: 4969:entity-operate: slaughterhouse-mk01 --> recipe-category: slaughterhouse__1__0:noncoproduct-route,,,True,entity-operate: slaughterhouse-mk01 --> recipe-category: slaughterhouse__1__0,False,False,-3.7330303208741176e-32,9.0539283682694518e-33
2377,804,__pr_graph_lp_or_to_or_and__: 2003:item-craft: ash --> item: ash,,,True,item-craft: ash --> item: ash,False,False,3.6974590530811252e-32,8.9676553721018574e-33
2378,614,__pr_graph_lp_or_to_or_and__: 1520:fluid-create-temperature: steam: 250 --> fluid-create: steam,,,True,fluid-create-temperature: steam: 250 --> fluid-create: steam,False,False,-3.5278167042500083e-32,8.5562122434582455e-33
2379,312,__pr_graph_lp_or_cost_row__: item: evaporator,,,True,node-cost:item: evaporator,False,False,3.4573021334517519e-32,8.3851892894370247e-33
2380,82,__pr_graph_lp_or_cost_row__: entity: big-sand-rock,,,True,node-cost:entity: big-sand-rock,False,False,3.3816669497286288e-32,8.2017470249258421e-33
2381,200,__pr_graph_lp_or_cost_row__: entity: smelter-mk01,,,True,node-cost:entity: smelter-mk01,False,False,-3.2866590618697597e-32,7.9713190516289742e-33
2382,95,__pr_graph_lp_or_cost_row__: entity: character,,,True,node-cost:entity: character,False,False,-3.1107076562584148e-32,7.5445742127795498e-33
2383,460,__pr_graph_lp_or_cost_row__: item: small-electric-pole,,,True,node-cost:item: small-electric-pole,False,False,3.1054924900632778e-32,7.5319255769258956e-33
2384,1719,entity-build: pulp-mill-mk01,entity-build,pulp-mill-mk01,False,,False,False,2.8298870332726923e-32,6.863484163596618e-33
2385,514,__pr_graph_lp_or_to_or_and__: 1004:item: moss-farm-mk01 --> entity-build-item: moss-farm-mk01,,,True,item: moss-farm-mk01 --> entity-build-item: moss-farm-mk01,False,False,2.7808964619163322e-32,6.7446645758475376e-33
2386,551,__pr_graph_lp_or_to_or_and__: 1084:item: moondrop --> entity-operate-py-module: moondrop-greenhouse-mk02,,,True,item: moondrop --> entity-operate-py-module: moondrop-greenhouse-mk02,False,False,2.7791834764302913e-32,6.7405099758166248e-33
2387,609,__pr_graph_lp_or_to_or_and__: 1508:item: poorman-wood-fence --> entity-build-item: poorman-wood-fence,,,True,item: poorman-wood-fence --> entity-build-item: poorman-wood-fence,False,False,2.7389490582186766e-32,6.6429271787013702e-33
2388,409,__pr_graph_lp_or_cost_row__: item: plastic-bar,,,True,node-cost:item: plastic-bar,False,False,2.6924647906750142e-32,6.5301862705339688e-33
2389,1698,entity-build: genlab-mk01,entity-build,genlab-mk01,False,,False,False,-2.6281157106791007e-32,6.3741168280788057e-33
2390,550,__pr_graph_lp_or_to_or_and__: 1083:item: seaweed --> entity-operate-py-module: seaweed-crop-mk04,,,True,item: seaweed --> entity-operate-py-module: seaweed-crop-mk04,False,False,-2.614171461929006e-32,6.3402970574150833e-33
2391,1184,__pr_graph_lp_or_to_or_and__: 4338:entity-build: quenching-tower --> entity: quenching-tower:noncoproduct-route,,,True,entity-build: quenching-tower --> entity: quenching-tower,False,False,2.5514377678668276e-32,6.1881455013080075e-33
2392,1488,__pr_graph_lp_or_to_or_and__: 4806:entity-operate: olefin-plant --> recipe-category: olefin__2__1:noncoproduct-route,,,True,entity-operate: olefin-plant --> recipe-category: olefin__2__1,False,False,2.5100727785587311e-32,6.0878206665335493e-33
2393,1897,entity-mine: wooden-chest,entity-mine,wooden-chest,False,,True,False,2.4155749126439034e-32,5.8586296781392085e-33
2394,1417,__pr_graph_lp_or_to_or_and__: 4709:item-burn: raw-coal --> item: ash:noncoproduct-route,,,True,item-burn: raw-coal --> item: ash,False,False,-2.3329772741297667e-32,5.658300980482101e-33
2395,1408,__pr_graph_lp_or_to_or_and__: 4694:entity-operate: burner-mining-drill --> fuel-category-burn: biomass:noncoproduct-route,,,True,entity-operate: burner-mining-drill --> fuel-category-burn: biomass,False,False,-2.2336355344121317e-32,5.4173618725532568e-33
2396,46,__pr_graph_lp_explicit_zero_free_source__: 1710:room-autoplace: planet: nauvis --> entity: big-rock,,,True,explicit-zero:room-autoplace: planet: nauvis --> entity: big-rock,False,False,-2.2327906054355183e-32,5.4153126187907686e-33
2397,1697,entity-build: gate,entity-build,gate,False,,False,False,2.2239583644559496e-32,5.3938912880522649e-33
2398,1691,entity-build: evaporator,entity-build,evaporator,False,,False,False,2.0770945994671934e-32,5.0376943397801704e-33
2399,1272,__pr_graph_lp_or_to_or_and__: 4514:entity-build: poorman-wood-fence --> entity: poorman-wood-fence:noncoproduct-route,,,True,entity-build: poorman-wood-fence --> entity: poorman-wood-fence,False,False,-2.0669301538802152e-32,5.0130419382893286e-33
2400,211,__pr_graph_lp_or_cost_row__: entity: sulfur-patch,,,True,node-cost:entity: sulfur-patch,False,False,-1.845346575532251e-32,4.4756228247265113e-33
2401,1263,__pr_graph_lp_or_to_or_and__: 4496:entity-build: py-tank-9000 --> entity: py-tank-9000:noncoproduct-route,,,True,entity-build: py-tank-9000 --> entity: py-tank-9000,False,False,1.8144078379235082e-32,4.4005853645301928e-33
2402,1193,__pr_graph_lp_or_to_or_and__: 4356:entity-build: botanical-nursery --> entity: botanical-nursery:noncoproduct-route,,,True,entity-build: botanical-nursery --> entity: botanical-nursery,False,False,1.7609533612189402e-32,4.2709392161074923e-33
2403,264,__pr_graph_lp_or_cost_row__: item: borax-mine,,,True,node-cost:item: borax-mine,False,False,-1.7278903158370725e-32,4.1907495528062373e-33
2404,1696,entity-build: gasifier,entity-build,gasifier,False,,False,False,1.6304769092630568e-32,3.9544873396925423e-33
2405,42,__pr_graph_lp_explicit_zero_free_source__: 1683:room-autoplace: planet: nauvis --> entity: geothermal-crack,,,True,explicit-zero:room-autoplace: planet: nauvis --> entity: geothermal-crack,False,False,1.4696182900578886e-32,3.5643478844734109e-33
2406,2522,recipe: uncaged-vrauks,recipe,uncaged-vrauks,False,,True,True,1.4259693786769301e-32,3.4584837250567785e-33
2407,1616,__pr_graph_lp_or_to_or_and__: 4971:entity-operate: borax-mine --> resource-category: borax__1__0:noncoproduct-route,,,True,entity-operate: borax-mine --> resource-category: borax__1__0,False,False,1.3168347499368199e-32,3.1937933726678737e-33
2408,950,__pr_graph_lp_or_to_or_and__: 2547:item-craft: car --> item: car,,,True,item-craft: car --> item: car,False,False,-1.2399908305564216e-32,3.0074194935925262e-33
2409,1260,__pr_graph_lp_or_to_or_and__: 4490:entity-build: py-tank-8000 --> entity: py-tank-8000:noncoproduct-route,,,True,entity-build: py-tank-8000 --> entity: py-tank-8000,False,False,-1.1591219255948224e-32,2.8112835906376142e-33
2410,1519,__pr_graph_lp_or_to_or_and__: 4850:entity-operate: barrel-machine-mk01 --> recipe-category: py-unbarreling__1__0:noncoproduct-route,,,True,entity-operate: barrel-machine-mk01 --> recipe-category: py-unbarreling__1__0,False,False,1.1315473270007949e-32,2.7444053659797312e-33
2411,1722,entity-build: py-gas-vent,entity-build,py-gas-vent,False,,False,False,1.1264524529066514e-32,2.7320484813233734e-33
2412,1244,__pr_graph_lp_or_to_or_and__: 4458:entity-build: pipe --> entity: pipe:noncoproduct-route,,,True,entity-build: pipe --> entity: pipe,False,False,-1.1154870073888606e-32,2.705453369655223e-33
2413,543,__pr_graph_lp_or_to_or_and__: 1066:item: sap-tree --> entity-operate-py-module: sap-extractor-mk04,,,True,item: sap-tree --> entity-operate-py-module: sap-extractor-mk04,False,False,9.4668400341077298e-33,2.2960459512851419e-33
2414,797,__pr_graph_lp_or_to_or_and__: 1947:item-craft: splitter --> item: splitter,,,True,item-craft: splitter --> item: splitter,False,False,-9.3142252032468956e-33,2.2590314181102278e-33
2415,99,__pr_graph_lp_or_cost_row__: entity: coal-rock,,,True,node-cost:entity: coal-rock,False,False,-9.2685109326029942e-33,2.2479440789717485e-33
2416,452,__pr_graph_lp_or_cost_row__: item: scrude-barrel,,,True,node-cost:item: scrude-barrel,False,False,8.9304212113595926e-33,2.1659452775939668e-33
2417,1530,__pr_graph_lp_or_to_or_and__: 4863:entity-operate: smelter-mk01 --> recipe-category: py-rawores-smelter__2__0:noncoproduct-route,,,True,entity-operate: smelter-mk01 --> recipe-category: py-rawores-smelter__2__0,False,False,8.4767226874977997e-33,2.0559072231783681e-33
2418,1470,__pr_graph_lp_or_to_or_and__: 4784:entity-operate: tar-processing-unit --> recipe-category: tar__2__4:noncoproduct-route,,,True,entity-operate: tar-processing-unit --> recipe-category: tar__2__4,False,False,8.3501185217023629e-33,2.0252012028755918e-33
2419,1266,__pr_graph_lp_or_to_or_and__: 4502:entity-build: underground-belt --> entity: underground-belt:noncoproduct-route,,,True,entity-build: underground-belt --> entity: underground-belt,False,False,-7.7681663232062415e-33,1.8840570635023268e-33
2420,1235,__pr_graph_lp_or_to_or_and__: 4440:entity-build: inserter --> entity: inserter:noncoproduct-route,,,True,entity-build: inserter --> entity: inserter,False,False,-7.5572427902267182e-33,1.832900592897187e-33
2421,238,__pr_graph_lp_or_cost_row__: entity: washer,,,True,node-cost:entity: washer,False,False,7.5299847646173359e-33,1.8262895506576476e-33
2422,260,__pr_graph_lp_or_cost_row__: item: bio-sample,,,True,node-cost:item: bio-sample,False,False,5.595192181294043e-33,1.3570334249060023e-33
2423,815,__pr_graph_lp_or_to_or_and__: 2044:item-craft: flask --> item: flask,,,True,item-craft: flask --> item: flask,False,False,3.6077394255093274e-33,8.7500533138703401e-34
2424,31,__pr_graph_lp_explicit_zero_free_source__: 1648:room-autoplace: planet: nauvis --> entity: titanium-rock,,,True,explicit-zero:room-autoplace: planet: nauvis --> entity: titanium-rock,False,False,-2.999008815460354e-33,7.2736647326852203e-34
2425,109,__pr_graph_lp_or_cost_row__: entity: dry-tree,,,True,node-cost:entity: dry-tree,False,False,2.5890153034917348e-33,6.2792844116730154e-34
2426,1113,__pr_graph_lp_or_to_or_and__: 4051:item: raw-coal --> energy-source-burner: chemical__biomass__nuke_2_1,,,True,item: raw-coal --> energy-source-burner: chemical__biomass__nuke_2_1,False,False,-2.4644087359419078e-33,5.9770690960074591e-34
2427,844,__pr_graph_lp_or_to_or_and__: 2167:item-craft: py-tank-1500 --> item: py-tank-1500,,,True,item-craft: py-tank-1500 --> item: py-tank-1500,False,False,-1.9806850331201764e-33,4.8038667968210709e-34
2428,162,__pr_graph_lp_or_cost_row__: entity: poorman-wood-fence,,,True,node-cost:entity: poorman-wood-fence,False,False,1.8576800800354292e-33,4.5055359667862187e-34
2429,876,__pr_graph_lp_or_to_or_and__: 2258:item-craft: smelter-mk01 --> item: smelter-mk01,,,True,item-craft: smelter-mk01 --> item: smelter-mk01,False,False,-1.1910729448034727e-33,2.8887761943249541e-34
2430,2045,entity-operate: tree-03,entity-operate,tree-03,False,,False,False,-1.1241098494685419e-33,2.7263668334660535e-34
2431,2061,entity-operate: volcanic-pipe,entity-operate,volcanic-pipe,False,,False,False,1.0373593055282495e-33,2.5159658607357e-34
2432,1953,entity-operate: iron-chest,entity-operate,iron-chest,False,,False,False,-9.4469249561790757e-34,2.291215835440481e-34
2433,151,__pr_graph_lp_or_cost_row__: entity: ore-quartz,,,True,node-cost:entity: ore-quartz,False,False,-7.0815899074832707e-34,1.7175378243592761e-34
2434,1964,entity-operate: multiblade-turbine-mk01,entity-operate,multiblade-turbine-mk01,False,,False,False,-6.8380895312087726e-34,1.6584803087503557e-34
2435,2057,entity-operate: underground-belt,entity-operate,underground-belt,False,,False,False,-5.2664863391608884e-34,1.2773105485001016e-34
2436,1901,entity-operate: antimonium,entity-operate,antimonium,False,,False,False,-5.0667602648278905e-34,1.2288698605106403e-34
2437,1974,entity-operate: ore-nexelit,entity-operate,ore-nexelit,False,,False,False,-4.3554808214945947e-34,1.0563592571610729e-34
2438,1981,entity-operate: outpost-fluid,entity-operate,outpost-fluid,False,,False,False,4.2520841276910176e-34,1.0312818755502461e-34
2439,1961,entity-operate: molybdenum-ore,entity-operate,molybdenum-ore,False,,False,False,-4.1206739777183949e-34,9.9941023287799804e-35
2440,2032,entity-operate: stone,entity-operate,stone,False,,False,False,3.9606986309735293e-34,9.6061051239306163e-35
2441,2043,entity-operate: tree-02,entity-operate,tree-02,False,,False,False,-3.6771035273516029e-34,8.918285970834738e-35
2442,1948,entity-operate: gun-turret,entity-operate,gun-turret,False,,False,False,3.5836787748490687e-34,8.6916976647469417e-35
2443,2006,entity-operate: quartz-rock,entity-operate,quartz-rock,False,,False,False,3.4302563757585561e-34,8.3195936923558775e-35
2444,2048,entity-operate: tree-06,entity-operate,tree-06,False,,False,False,-3.1667051417932978e-34,7.6803880635273033e-35
2445,1996,entity-operate: py-tank-10000,entity-operate,py-tank-10000,False,,False,False,3.0076608085360213e-34,7.2946488980459548e-35
2446,2005,entity-operate: py-underflow-valve,entity-operate,py-underflow-valve,False,,False,False,-2.9127957258725054e-34,7.0645672782201836e-35
2447,1985,entity-operate: pipe,entity-operate,pipe,False,,False,False,-2.9111328204770111e-34,7.0605341402491833e-35
2448,2004,entity-operate: py-tank-9000,entity-operate,py-tank-9000,False,,False,False,2.9003537336334169e-34,7.034391014753646e-35
2449,1972,entity-operate: ore-chromium,entity-operate,ore-chromium,False,,False,False,-2.7989791520375883e-34,6.788521541098527e-35
2450,2064,entity-operate: wooden-chest,entity-operate,wooden-chest,False,,False,False,2.7446526216858076e-34,6.6567603519243489e-35
2451,1999,entity-operate: py-tank-4000,entity-operate,py-tank-4000,False,,False,False,2.7347839173555991e-34,6.6328252283348841e-35
2452,1965,entity-operate: nickel-rock,entity-operate,nickel-rock,False,,False,False,2.5872453435005158e-34,6.2749916281706708e-35
2453,1925,entity-operate: copper-ore,entity-operate,copper-ore,False,,False,False,2.5570454828836111e-34,6.2017462078942154e-35
2454,1922,entity-operate: chromium-rock,entity-operate,chromium-rock,False,,False,False,2.5454069165479529e-34,6.1735185384528032e-35
2455,2014,entity-operate: regolites,entity-operate,regolites,False,,False,False,2.4803004540612414e-34,6.015612173650473e-35
2456,2058,entity-operate: uranium-ore,entity-operate,uranium-ore,False,,False,False,2.415291181196537e-34,5.8579415283039624e-35
2457,2035,entity-operate: storage-tank,entity-operate,storage-tank,False,,False,False,-2.37107752087974e-34,5.7507076515339645e-35
2458,2029,entity-operate: splitter,entity-operate,splitter,False,,False,False,-2.3540270629215441e-34,5.7093542169967532e-35
2459,1913,entity-operate: borax,entity-operate,borax,False,,False,False,2.3327945549846412e-34,5.6578578214640166e-35
2460,2052,entity-operate: tree-08-brown,entity-operate,tree-08-brown,False,,False,False,2.3143509114739454e-34,5.6131254156590091e-35
2461,2022,entity-operate: small-electric-pole,entity-operate,small-electric-pole,False,,False,False,2.2701615322388115e-34,5.5059504291618424e-35
2462,2001,entity-operate: py-tank-6500,entity-operate,py-tank-6500,False,,False,False,2.2109463599663048e-34,5.3623325418191886e-35
2463,2056,entity-operate: tree-09-red,entity-operate,tree-09-red,False,,False,False,-2.1293143330947022e-34,5.1643457963809484e-35
2464,2046,entity-operate: tree-04,entity-operate,tree-04,False,,False,False,-2.1221148330646411e-34,5.1468844440862624e-35
2465,2049,entity-operate: tree-06-brown,entity-operate,tree-06-brown,False,,False,False,-1.943578424935766e-34,4.7138700532606208e-35
2466,1976,entity-operate: ore-quartz,entity-operate,ore-quartz,False,,False,False,-1.8331906286009911e-34,4.4461403230311214e-35
2467,1958,entity-operate: lead-rock,entity-operate,lead-rock,False,,False,False,-1.8201881452269182e-34,4.4146046688950724e-35
2468,1970,entity-operate: ore-aluminium,entity-operate,ore-aluminium,False,,False,False,-1.7780462103338029e-34,4.3123954643008815e-35
2469,1975,entity-operate: ore-nickel,entity-operate,ore-nickel,False,,False,False,-1.7777707289887057e-34,4.3117273239026219e-35
2470,2042,entity-operate: tree-01,entity-operate,tree-01,False,,False,False,1.7201552088472314e-34,4.1719891628315525e-35
2471,2054,entity-operate: tree-09,entity-operate,tree-09,False,,False,False,1.6573915273560982e-34,4.019764876526656e-35
2472,2059,entity-operate: uranium-rock,entity-operate,uranium-rock,False,,False,False,1.6021538392538817e-34,3.8857938052203906e-35
2473,1973,entity-operate: ore-lead,entity-operate,ore-lead,False,,False,False,-1.5657371724458979e-34,3.7974704152797978e-35
2474,1977,entity-operate: ore-tin,entity-operate,ore-tin,False,,False,False,1.5217860564526834e-34,3.6908733020222536e-35
2475,2003,entity-operate: py-tank-8000,entity-operate,py-tank-8000,False,,False,False,-1.4716477823146346e-34,3.5692701261744198e-35
2476,1906,entity-operate: big-rock,entity-operate,big-rock,False,,False,False,1.4131853637767667e-34,3.4274779347963167e-35
2477,1995,entity-operate: py-tank-1000,entity-operate,py-tank-1000,False,,False,False,-1.3909619402432312e-34,3.3735782159418422e-35
2478,1941,entity-operate: fluidavan,entity-operate,fluidavan,False,,False,False,1.3875447558404047e-34,3.3652903264405553e-35
2479,1983,entity-operate: phosphate-rock,entity-operate,phosphate-rock,False,,False,False,1.2981964906173097e-34,3.1485889541973155e-35
2480,1998,entity-operate: py-tank-3000,entity-operate,py-tank-3000,False,,False,False,-1.2648928843473576e-34,3.0678158450459839e-35
2481,1979,entity-operate: ore-zinc,entity-operate,ore-zinc,False,,False,False,-1.1550581613474561e-34,2.8014275146782384e-35
2482,2010,entity-operate: raw-coal,entity-operate,raw-coal,False,,False,False,-1.0719634011752941e-34,2.5998931199077401e-35
2483,2031,entity-operate: steel-chest,entity-operate,steel-chest,False,,False,False,-1.0412625861422398e-34,2.5254327067140759e-35
2484,2009,entity-operate: rare-earth-bolide,entity-operate,rare-earth-bolide,False,,False,False,-1.0230768889966063e-34,2.4813259127341508e-35
2485,1919,entity-operate: caravan,entity-operate,caravan,False,,False,False,-1.0118852586246009e-34,2.4541822222193203e-35
2486,2037,entity-operate: tailings-pond,entity-operate,tailings-pond,False,,False,False,-9.9503502970762453e-35,2.4133144144358778e-35
2487,2028,entity-operate: spitter-spawner,entity-operate,spitter-spawner,False,,False,False,-9.6928279852082792e-35,2.3508560799335811e-35
2488,2034,entity-operate: stone-wall,entity-operate,stone-wall,False,,False,False,-9.4332759149940582e-35,2.2879054567249988e-35
2489,1926,entity-operate: copper-rock,entity-operate,copper-rock,False,,False,False,9.0485188127499169e-35,2.1945881529939731e-35
2490,1990,entity-operate: py-check-valve,entity-operate,py-check-valve,False,,False,False,-9.0169154662034096e-35,2.1869232156311639e-35
2491,2040,entity-operate: titanium-rock,entity-operate,titanium-rock,False,,False,False,-8.5771303095663123e-35,2.0802596484119169e-35
2492,1952,entity-operate: inserter,entity-operate,inserter,False,,False,False,-8.4272810526633544e-35,2.043915865441515e-35
2493,1993,entity-operate: py-overflow-valve,entity-operate,py-overflow-valve,False,,False,False,7.7917687068919507e-35,1.8897814823482145e-35
2494,135,__pr_graph_lp_or_cost_row__: entity: micro-mine-mk01,,,True,node-cost:entity: micro-mine-mk01,False,False,-7.4547008056461269e-35,1.8080305087207621e-35
2495,1986,entity-operate: pipe-to-ground,entity-operate,pipe-to-ground,False,,False,False,7.3610356572304452e-35,1.7853133735392739e-35
2496,2002,entity-operate: py-tank-7000,entity-operate,py-tank-7000,False,,False,False,7.0794769804457958e-35,1.7170253642826004e-35
2497,1954,entity-operate: iron-ore,entity-operate,iron-ore,False,,False,False,6.3859142090021759e-35,1.5488116849980832e-35
2498,2012,entity-operate: ree,entity-operate,ree,False,,False,False,-6.2725692602752973e-35,1.5213214971756055e-35
2499,2023,entity-operate: small-lamp,entity-operate,small-lamp,False,,False,False,-6.2518872685956959e-35,1.5163053774261039e-35
2500,1959,entity-operate: medium-worm-turret,entity-operate,medium-worm-turret,False,,False,False,5.7822545911673306e-35,1.4024027231385444e-35
2501,2066,entity-operate: zinc-rock,entity-operate,zinc-rock,False,,False,False,-5.7359045743407949e-35,1.3911611929032028e-35
2502,2047,entity-operate: tree-05,entity-operate,tree-05,False,,False,False,5.6054089254544757e-35,1.3595113493222132e-35
2503,1971,entity-operate: ore-bioreserve,entity-operate,ore-bioreserve,False,,False,False,5.4095098315716732e-35,1.3119988404227817e-35
2504,1938,entity-operate: fish,entity-operate,fish,False,,False,False,5.1769607208008332e-35,1.255597396822106e-35
2505,2000,entity-operate: py-tank-5000,entity-operate,py-tank-5000,False,,False,False,5.071503958489813e-35,1.2300203752111478e-35
2506,1916,entity-operate: burner-inserter,entity-operate,burner-inserter,False,,False,False,4.8965824074032999e-35,1.1875956677356126e-35
2507,1950,entity-operate: huge-rock,entity-operate,huge-rock,False,,False,False,4.7059864210269764e-35,1.1413693513223342e-35
2508,1944,entity-operate: gate,entity-operate,gate,False,,False,False,-4.2976298176433649e-35,1.0423283278655705e-35
2509,1980,entity-operate: outpost,entity-operate,outpost,False,,False,False,4.1776559373851367e-35,1.0132303880002714e-35
2510,2019,entity-operate: seaweed,entity-operate,seaweed,False,,False,False,3.6218158920230722e-35,8.7841937597116554e-36
2511,2041,entity-operate: transport-belt,entity-operate,transport-belt,False,,False,False,-3.4792286948983651e-35,8.4383690119777225e-36
2512,2053,entity-operate: tree-08-red,entity-operate,tree-08-red,False,,False,False,-3.1892967886768816e-35,7.7351808551800941e-36
2513,1908,entity-operate: big-worm-turret,entity-operate,big-worm-turret,False,,False,False,-2.8159480992540106e-35,6.8296772830498694e-36
2514,2044,entity-operate: tree-02-red,entity-operate,tree-02-red,False,,False,False,-2.805115891215577e-35,6.8034053197331604e-36
2515,1968,entity-operate: oil-sand,entity-operate,oil-sand,False,,False,False,2.4509720305033505e-35,5.9444802986794624e-36
2516,1929,entity-operate: dead-dry-hairy-tree,entity-operate,dead-dry-hairy-tree,False,,False,False,-2.4168114511507026e-35,5.8616287245178477e-36
2517,1911,entity-operate: bitumen-seep,entity-operate,bitumen-seep,False,,False,False,2.2683918472725707e-35,5.5016583126930448e-36
2518,1907,entity-operate: big-sand-rock,entity-operate,big-sand-rock,False,,False,False,-2.2670440877625474e-35,5.4983895157606509e-36
2519,2055,entity-operate: tree-09-brown,entity-operate,tree-09-brown,False,,False,False,-2.1689996628876054e-35,5.2605968584757129e-36
2520,2039,entity-operate: tin-rock,entity-operate,tin-rock,False,,False,False,2.072212086587965e-35,5.025852506720712e-36
2521,1997,entity-operate: py-tank-1500,entity-operate,py-tank-1500,False,,False,False,-2.0261520724465554e-35,4.9141405641881502e-36
2522,1910,entity-operate: biter-spawner,entity-operate,biter-spawner,False,,False,False,-1.9955605202555843e-35,4.8399451523099063e-36
2523,1966,entity-operate: niobium,entity-operate,niobium,False,,False,False,1.9888928791892917e-35,4.8237737474697201e-36
2524,1930,entity-operate: dead-grey-trunk,entity-operate,dead-grey-trunk,False,,False,False,1.8895472862225821e-35,4.5828252940392041e-36
2525,1931,entity-operate: dead-tree-desert,entity-operate,dead-tree-desert,False,,False,False,1.7728990083551738e-35,4.2999116658835653e-36
2526,1955,entity-operate: iron-rock,entity-operate,iron-rock,False,,False,False,1.6703067605028328e-35,4.0510889177797296e-36
2527,2024,entity-operate: small-worm-turret,entity-operate,small-worm-turret,False,,False,False,1.3559391993143875e-35,3.2886355928248783e-36
2528,2036,entity-operate: sulfur-patch,entity-operate,sulfur-patch,False,,False,False,1.3198421296310346e-35,3.2010873397635471e-36
2529,1934,entity-operate: dry-tree,entity-operate,dry-tree,False,,False,False,-1.3195348601797866e-35,3.2003421018838008e-36
2530,2051,entity-operate: tree-08,entity-operate,tree-08,False,,False,False,-1.1797792913104309e-35,2.8613850613972921e-36
2531,2050,entity-operate: tree-07,entity-operate,tree-07,False,,False,False,-1.1156804881383847e-35,2.7059226293976458e-36
2532,1978,entity-operate: ore-titanium,entity-operate,ore-titanium,False,,False,False,1.0003681133255463e-35,2.4262490420462285e-36
2533,2017,entity-operate: salt-rock,entity-operate,salt-rock,False,,False,False,-9.4826934755984192e-36,2.2998909756034452e-36
2534,1924,entity-operate: coal-rock,entity-operate,coal-rock,False,,False,False,-8.2690395028470245e-36,2.0055366524758537e-36
2535,1933,entity-operate: dry-hairy-tree,entity-operate,dry-hairy-tree,False,,False,False,7.9047694209847295e-36,1.9171881810090427e-36
2536,1946,entity-operate: geothermal-crack,entity-operate,geothermal-crack,False,,False,False,-6.8663222140746894e-36,1.6653277400954144e-36
2537,1987,entity-operate: poorman-wood-fence,entity-operate,poorman-wood-fence,False,,False,False,5.9251650145218499e-36,1.4370635917871522e-36
2538,1905,entity-operate: behemoth-worm-turret,entity-operate,behemoth-worm-turret,False,,False,False,2.5202563218848535e-36,6.1125193868451196e-37
2539,1900,entity-operate: aluminium-rock,entity-operate,aluminium-rock,False,,False,False,2.3293981337441708e-36,5.6496202900280307e-37
2540,1984,entity-operate: phosphate-rock-02,entity-operate,phosphate-rock-02,False,,False,False,-6.8048904870627435e-37,1.6504283578751541e-37
2541,1668,base: ,base,,False,,False,False,-0,0
2542,1669,cost-unit: ,cost-unit,,False,,False,False,-0,0
2543,1671,energy-source-void: ,energy-source-void,,False,,False,False,-0,0
2544,2067,fluid-ingredient: ,fluid-ingredient,,False,,False,False,-0,0
2545,2132,item-ingredient: ,item-ingredient,,False,,False,False,-0,0
2546,2133,logic-and: ,logic-and,,False,,False,False,-0,0
2547,2147,orand: ,orand,,False,,False,False,-0,0
2548,2545,room-autoplace: planet: nauvis,room-autoplace,planet: nauvis,False,,False,False,-0,0
2549,2546,satisfied: ,satisfied,,False,,False,False,-0,0
2550,2547,science-pack-set-science: automation-science-pack,science-pack-set-science,automation-science-pack,False,,False,False,-0,0
2551,2548,slot: ,slot,,False,,False,False,-0,0
2552,2549,starting-character: ,starting-character,,False,,False,False,-0,0
2553,2550,starting-planet: ,starting-planet,,False,,False,False,-0,0
2554,2551,technology: acetylene,technology,acetylene,False,,False,False,-0,0
2555,2552,technology: alloys-mk01,technology,alloys-mk01,False,,False,False,-0,0
2556,2553,technology: ash-separation,technology,ash-separation,False,,False,False,-0,0
2557,2554,technology: automation,technology,automation,False,,False,False,-0,0
2558,2555,technology: automation-science-pack,technology,automation-science-pack,False,,False,False,-0,0
2559,2556,technology: automobilism,technology,automobilism,False,,False,False,-0,0
2560,2557,technology: basic-substrate,technology,basic-substrate,False,,False,False,-0,0
2561,2558,technology: biotech-machines-mk01,technology,biotech-machines-mk01,False,,False,False,-0,0
2562,2559,technology: biotech-mk01,technology,biotech-mk01,False,,False,False,-0,0
2563,2560,technology: botany-mk01,technology,botany-mk01,False,,False,False,-0,0
2564,2561,technology: cellulose-mk01,technology,cellulose-mk01,False,,False,False,-0,0
2565,2562,technology: ceramic,technology,ceramic,False,,False,False,-0,0
2566,2563,technology: coal-processing-1,technology,coal-processing-1,False,,False,False,-0,0
2567,2564,technology: concrete,technology,concrete,False,,False,False,-0,0
2568,2565,technology: copper-mk01,technology,copper-mk01,False,,False,False,-0,0
2569,2566,technology: creosote,technology,creosote,False,,False,False,-0,0
2570,2567,technology: crusher,technology,crusher,False,,False,False,-0,0
2571,2568,technology: electrolysis,technology,electrolysis,False,,False,False,-0,0
2572,2569,technology: electronics,technology,electronics,False,,False,False,-0,0
2573,2570,technology: engine,technology,engine,False,,False,False,-0,0
2574,2571,technology: fast-wood-forestry-upgrade,technology,fast-wood-forestry-upgrade,False,,False,False,-0,0
2575,2572,technology: fluid-handling,technology,fluid-handling,False,,False,False,-0,0
2576,2573,technology: fluid-pressurization,technology,fluid-pressurization,False,,False,False,-0,0
2577,2574,technology: fluid-processing-machines-1,technology,fluid-processing-machines-1,False,,False,False,-0,0
2578,2575,technology: gate,technology,gate,False,,False,False,-0,0
2579,2576,technology: genetics-mk01,technology,genetics-mk01,False,,False,False,-0,0
2580,2577,technology: glass,technology,glass,False,,False,False,-0,0
2581,2578,technology: gun-turret,technology,gun-turret,False,,False,False,-0,0
2582,2579,technology: kerogen,technology,kerogen,False,,False,False,-0,0
2583,2580,technology: lamp,technology,lamp,False,,False,False,-0,0
2584,2581,technology: land-animals-mk01,technology,land-animals-mk01,False,,False,False,-0,0
2585,2582,technology: landfill,technology,landfill,False,,False,False,-0,0
2586,2583,technology: latex,technology,latex,False,,False,False,-0,0
2587,2584,technology: logistics,technology,logistics,False,,False,False,-0,0
2588,2585,technology: military,technology,military,False,,False,False,-0,0
2589,2586,technology: mining-with-fluid,technology,mining-with-fluid,False,,False,False,-0,0
2590,2587,technology: moondrop,technology,moondrop,False,,False,False,-0,0
2591,2588,technology: moondrop-upgrade,technology,moondrop-upgrade,False,,False,False,-0,0
2592,2589,technology: moss-mk01,technology,moss-mk01,False,,False,False,-0,0
2593,2590,technology: petri-dish,technology,petri-dish,False,,False,False,-0,0
2594,2591,technology: plastics,technology,plastics,False,,False,False,-0,0
2595,2592,technology: py-science-pack-1,technology,py-science-pack-1,False,,False,False,-0,0
2596,2593,technology: py-storage-tanks,technology,py-storage-tanks,False,,False,False,-0,0
2597,2594,technology: radars-mk01,technology,radars-mk01,False,,False,False,-0,0
2598,2595,technology: rendering,technology,rendering,False,,False,False,-0,0
2599,2596,technology: repair-pack,technology,repair-pack,False,,False,False,-0,0
2600,2597,technology: sap-mk01,technology,sap-mk01,False,,False,False,-0,0
2601,2598,technology: scrude,technology,scrude,False,,False,False,-0,0
2602,2599,technology: seaweed-mk01,technology,seaweed-mk01,False,,False,False,-0,0
2603,2600,technology: soil-washing,technology,soil-washing,False,,False,False,-0,0
2604,2601,technology: solder-mk01,technology,solder-mk01,False,,False,False,-0,0
2605,2602,technology: steam-power,technology,steam-power,False,,False,False,-0,0
2606,2603,technology: steel-axe,technology,steel-axe,False,,False,False,-0,0
2607,2604,technology: steel-processing,technology,steel-processing,False,,False,False,-0,0
2608,2605,technology: stone-wall,technology,stone-wall,False,,False,False,-0,0
2609,2606,technology: syngas,technology,syngas,False,,False,False,-0,0
2610,2607,technology: tar-processing,technology,tar-processing,False,,False,False,-0,0
2611,2608,technology: vrauks,technology,vrauks,False,,False,False,-0,0
2612,2609,technology: wood-processing,technology,wood-processing,False,,False,False,-0,0
2613,2610,technology: xenobiology,technology,xenobiology,False,,False,False,-0,0
2614,2611,technology: zoology,technology,zoology,False,,False,False,-0,0
2615,2612,tile-build-item-place-as-tile: concrete__concrete,tile-build-item-place-as-tile,concrete__concrete,False,,False,False,-0,0
2616,2613,tile-build-item-place-as-tile: hazard-concrete-left__hazard-concrete,tile-build-item-place-as-tile,hazard-concrete-left__hazard-concrete,False,,False,False,-0,0
2617,2614,tile-build-item-place-as-tile: landfill__landfill,tile-build-item-place-as-tile,landfill__landfill,False,,False,False,-0,0
2618,2615,tile-build-item-place-as-tile: refined-concrete__refined-concrete,tile-build-item-place-as-tile,refined-concrete__refined-concrete,False,,False,False,-0,0
2619,2616,tile-build-item-place-as-tile: refined-hazard-concrete-left__refined-hazard-concrete,tile-build-item-place-as-tile,refined-hazard-concrete-left__refined-hazard-concrete,False,,False,False,-0,0
2620,2617,tile-build-item-place-as-tile: stone-path__stone-brick,tile-build-item-place-as-tile,stone-path__stone-brick,False,,False,False,-0,0
2621,2620,tile-mine: concrete,tile-mine,concrete,False,,True,False,-0,0
2622,2621,tile-mine: hazard-concrete-left,tile-mine,hazard-concrete-left,False,,True,False,-0,0
2623,2622,tile-mine: landfill,tile-mine,landfill,False,,True,False,-0,0
2624,2623,tile-mine: refined-concrete,tile-mine,refined-concrete,False,,True,False,-0,0
2625,2624,tile-mine: refined-hazard-concrete-left,tile-mine,refined-hazard-concrete-left,False,,True,False,-0,0
2626,2625,tile-mine: stone-path,tile-mine,stone-path,False,,True,False,-0,0
2627,2626,true: ,true,,False,,False,False,-0,0
