rank_by_abs_component_1,matrix_index,action_key,node_type,name,synthetic,source,coproduct,is_original_recipe,component_1,absolute_share_1
1,3581,item-burn: auog,item-burn,auog,False,,False,False,1,0.99999999799999939
2,856,__pr_graph_lp_or_to_or_and__: 10043:entity-operate: generator-1 --> fuel-category-burn: auog:noncoproduct-route,,,True,entity-operate: generator-1 --> fuel-category-burn: auog,False,False,-2.0000000000000005e-09,1.9999999959999995e-09
3,3282,entity-operate: centrifuge-mk01,entity-operate,centrifuge-mk01,False,,False,False,-4.0846954695662087e-16,4.0846954613968154e-16
4,3395,entity-operate: py-electric-boiler,entity-operate,py-electric-boiler,False,,False,False,-4.4867141466784344e-17,4.4867141377050036e-17
5,3308,entity-operate: eaf-mk01,entity-operate,eaf-mk01,False,,False,False,-4.2845426533272796e-17,4.2845426447581917e-17
6,3310,entity-operate: electrolyzer-mk01,entity-operate,electrolyzer-mk01,False,,False,False,-1.6171319443245456e-17,1.6171319410902806e-17
7,3431,entity-operate: reformer-mk01,entity-operate,reformer-mk01,False,,False,False,-5.8465785712404852e-18,5.8465785595473248e-18
8,3745,recipe: biomass-auog,recipe,biomass-auog,False,,True,True,4.0000000000114734e-18,3.9999999920114709e-18
9,355,__pr_graph_lp_or_cost_row__: item: auog,,,True,node-cost:item: auog,False,False,-4.0000000000000249e-18,3.9999999920000224e-18
10,3713,recipe: auog-pyvoid,recipe,auog-pyvoid,False,,True,True,3.9999999999999887e-18,3.9999999919999862e-18
11,882,__pr_graph_lp_or_to_or_and__: 10095:item-burn: auog --> item: used-auog:noncoproduct-route,,,True,item-burn: auog --> item: used-auog,False,False,-3.9999999999999864e-18,3.9999999919999839e-18
12,3841,recipe: caged-auog,recipe,caged-auog,False,,True,True,3.999999999999488e-18,3.9999999919994855e-18
13,4183,recipe: generator-1,recipe,generator-1,False,,True,True,3.9999999990966313e-18,3.9999999910966288e-18
14,3259,entity-operate: automated-factory-mk01,entity-operate,automated-factory-mk01,False,,False,False,-3.3146369323693974e-18,3.3146369257401216e-18
15,3364,entity-operate: olefin-plant,entity-operate,olefin-plant,False,,False,False,-3.0930444450346295e-18,3.0930444388485387e-18
16,3598,item-burn: pitch-canister,item-burn,pitch-canister,False,,False,False,-2.8278680503196484e-18,2.8278680446639105e-18
17,3593,item-burn: kerosene-canister,item-burn,kerosene-canister,False,,False,False,-2.7970400686314634e-18,2.7970400630373815e-18
18,3434,entity-operate: retorter,entity-operate,retorter,False,,False,False,-2.5917384738276562e-18,2.5917384686441776e-18
19,3318,entity-operate: flotation-cell-mk01,entity-operate,flotation-cell-mk01,False,,False,False,-2.567003631951602e-18,2.5670036268175932e-18
20,3298,entity-operate: data-array,entity-operate,data-array,False,,False,False,-2.3748347407368758e-18,2.3748347359872048e-18
21,3335,entity-operate: hpf,entity-operate,hpf,False,,False,False,-2.3560330191205482e-18,2.3560330144084806e-18
22,3450,entity-operate: solid-separator,entity-operate,solid-separator,False,,False,False,-2.3466201388872444e-18,2.3466201341940027e-18
23,3249,entity-operate: advanced-foundry-mk01,entity-operate,advanced-foundry-mk01,False,,False,False,-2.3095210172138502e-18,2.3095210125948069e-18
24,3385,entity-operate: prandium-lab-mk01,entity-operate,prandium-lab-mk01,False,,False,False,-2.1059531650572014e-18,2.1059531608452939e-18
25,3309,entity-operate: electric-mining-drill,entity-operate,electric-mining-drill,False,,False,False,-1.9677389352663196e-18,1.9677389313308405e-18
26,3439,entity-operate: scrubber-mk01,entity-operate,scrubber-mk01,False,,False,False,-1.959348851212665e-18,1.9593488472939661e-18
27,3352,entity-operate: mixer-mk01,entity-operate,mixer-mk01,False,,False,False,-1.8649284032821555e-18,1.8649283995522975e-18
28,3261,entity-operate: ball-mill-mk01,entity-operate,ball-mill-mk01,False,,False,False,-1.8119885895094337e-18,1.8119885858854552e-18
29,3316,entity-operate: fish-farm-mk01,entity-operate,fish-farm-mk01,False,,False,False,-1.6935501671392887e-18,1.6935501637521873e-18
30,3491,entity-operate: vacuum-pump-mk01,entity-operate,vacuum-pump-mk01,False,,False,False,-1.6396950304317065e-18,1.6396950271523154e-18
31,3284,entity-operate: chemical-plant-mk01,entity-operate,chemical-plant-mk01,False,,False,False,-1.6194641441091957e-18,1.6194641408702664e-18
32,3330,entity-operate: geothermal-plant-mk01,entity-operate,geothermal-plant-mk01,False,,False,False,-1.6164523569596559e-18,1.6164523537267502e-18
33,3320,entity-operate: fluid-drill-mk02,entity-operate,fluid-drill-mk02,False,,False,False,-1.5083382076396193e-18,1.508338204622942e-18
34,3334,entity-operate: heavy-oil-refinery-mk01,entity-operate,heavy-oil-refinery-mk01,False,,False,False,-1.4731800526434748e-18,1.4731800496971138e-18
35,3337,entity-operate: hydroclassifier-mk01,entity-operate,hydroclassifier-mk01,False,,False,False,-1.4466802256504687e-18,1.4466802227571073e-18
36,3296,entity-operate: cracker-mk01,entity-operate,cracker-mk01,False,,False,False,-1.3382517619261959e-18,1.3382517592496916e-18
37,3344,entity-operate: jaw-crusher,entity-operate,jaw-crusher,False,,False,False,-1.2941483867342493e-18,1.2941483841459518e-18
38,3312,entity-operate: evaporator,entity-operate,evaporator,False,,False,False,-1.2600203485525177e-18,1.2600203460324763e-18
39,3433,entity-operate: research-center-mk01,entity-operate,research-center-mk01,False,,False,False,-1.2521376891085497e-18,1.2521376866042735e-18
40,3287,entity-operate: classifier,entity-operate,classifier,False,,False,False,-1.2206774174846183e-18,1.2206774150432627e-18
41,3271,entity-operate: bof-mk01,entity-operate,bof-mk01,False,,False,False,-1.1622526210032776e-18,1.1622526186787717e-18
42,3429,entity-operate: rectisol,entity-operate,rectisol,False,,False,False,-1.1298405390289684e-18,1.1298405367692866e-18
43,3603,item-burn: tar-canister,item-burn,tar-canister,False,,False,False,-1.1165313190718097e-18,1.1165313168387464e-18
44,3339,entity-operate: incubator-mk01,entity-operate,incubator-mk01,False,,False,False,-1.1156217668480881e-18,1.115621764616844e-18
45,3587,item-burn: condensates-canister,item-burn,condensates-canister,False,,False,False,-1.1069640144099592e-18,1.1069640121960305e-18
46,3601,item-burn: syngas-canister,item-burn,syngas-canister,False,,False,False,-1.1059009805586425e-18,1.1059009783468399e-18
47,3578,item-burn: acetylene-canister,item-burn,acetylene-canister,False,,False,False,-1.0910185066402084e-18,1.0910185044581708e-18
48,3585,item-burn: coal-gas-canister,item-burn,coal-gas-canister,False,,False,False,-1.0846403035323081e-18,1.0846403013630268e-18
49,3597,item-burn: naphthalene-oil-canister,item-burn,naphthalene-oil-canister,False,,False,False,-1.0846403035323081e-18,1.0846403013630268e-18
50,3591,item-burn: heavy-oil-canister,item-burn,heavy-oil-canister,False,,False,False,-1.0697578296138741e-18,1.0697578274743578e-18
51,3600,item-burn: scrude-canister,item-burn,scrude-canister,False,,False,False,-1.0410559156283226e-18,1.0410559135462101e-18
52,3595,item-burn: methane-canister,item-burn,methane-canister,False,,False,False,-1.0325516448177888e-18,1.0325516427526848e-18
53,3397,entity-operate: py-heat-exchanger,entity-operate,py-heat-exchanger,False,,False,False,-1.0116430996499982e-18,1.0116430976267113e-18
54,3589,item-burn: gasoline-canister,item-burn,gasoline-canister,False,,False,False,-9.9640849387302023e-19,9.9640849188020255e-19
55,3448,entity-operate: smelter-mk01,entity-operate,smelter-mk01,False,,False,False,-9.9296805058187743e-19,9.9296804859594071e-19
56,3580,item-burn: aromatics-canister,item-burn,aromatics-canister,False,,False,False,-9.8790422306248645e-19,9.8790422108667742e-19
57,3297,entity-operate: creature-chamber-mk01,entity-operate,creature-chamber-mk01,False,,False,False,-9.8673970448917278e-19,9.8673970251569279e-19
58,3274,entity-operate: borax-mine,entity-operate,borax-mine,False,,False,False,-9.8314257141265577e-19,9.8314256944637008e-19
59,3428,entity-operate: rc-mk01,entity-operate,rc-mk01,False,,False,False,-9.6538529016871521e-19,9.6538528823794406e-19
60,3488,entity-operate: upgrader-mk01,entity-operate,upgrader-mk01,False,,False,False,-9.5724466507452358e-19,9.5724466316003366e-19
61,3442,entity-operate: secondary-crusher-mk01,entity-operate,secondary-crusher-mk01,False,,False,False,-9.4373023814080528e-19,9.4373023625334424e-19
62,3392,entity-operate: py-coal-powerplant-mk01,entity-operate,py-coal-powerplant-mk01,False,,False,False,9.4048827812709238e-19,9.4048827624611518e-19
63,3441,entity-operate: seaweed-crop-mk01,entity-operate,seaweed-crop-mk01,False,,False,False,-9.3212255027011075e-19,9.3212254840586507e-19
64,3498,entity-operate: wpu-mk01,entity-operate,wpu-mk01,False,,False,False,-9.2438337051607927e-19,9.243833686673119e-19
65,3418,entity-operate: py-ze,entity-operate,py-ze,False,,False,False,-8.5874132615768854e-19,8.5874132444020536e-19
66,3425,entity-operate: ralesia-plantation-mk01,entity-operate,ralesia-plantation-mk01,False,,False,False,-8.5032328851969679e-19,8.5032328681904971e-19
67,3382,entity-operate: plankton-farm,entity-operate,plankton-farm,False,,False,False,-8.291565832916217e-19,8.29156581633308e-19
68,3258,entity-operate: auog-paddock-mk01,entity-operate,auog-paddock-mk01,False,,False,False,-8.2738903509388975e-19,8.2738903343911119e-19
69,3354,entity-operate: moondrop-greenhouse-mk01,entity-operate,moondrop-greenhouse-mk01,False,,False,False,-8.2101285189043445e-19,8.2101285024840824e-19
70,3466,entity-operate: tar-processing-unit,entity-operate,tar-processing-unit,False,,False,False,-8.1434874806076742e-19,8.1434874643206943e-19
71,3281,entity-operate: casting-unit-mk01,entity-operate,casting-unit-mk01,False,,False,False,-8.0822617847982794e-19,8.082261768633751e-19
72,3362,entity-operate: oil-boiler-mk01,entity-operate,oil-boiler-mk01,False,,False,False,-8.0735408381233019e-19,8.0735408219762157e-19
73,3495,entity-operate: washer,entity-operate,washer,False,,False,False,-7.893552268137189e-19,7.8935522523500794e-19
74,3325,entity-operate: gasifier,entity-operate,gasifier,False,,False,False,-7.7950013197902066e-19,7.7950013042001995e-19
75,3268,entity-operate: biofactory-mk01,entity-operate,biofactory-mk01,False,,False,False,-7.5202757800948491e-19,7.5202757650542934e-19
76,3323,entity-operate: fwf-mk01,entity-operate,fwf-mk01,False,,False,False,-7.5044707904333013e-19,7.5044707754243549e-19
77,3338,entity-operate: impact-crusher-mk01,entity-operate,impact-crusher-mk01,False,,False,False,-7.4648397754095347e-19,7.4648397604798509e-19
78,3421,entity-operate: quenching-tower,entity-operate,quenching-tower,False,,False,False,-7.4249110395951975e-19,7.4249110247453705e-19
79,3377,entity-operate: pcb-factory-mk01,entity-operate,pcb-factory-mk01,False,,False,False,-6.824046882931369e-19,6.8240468692832713e-19
80,3596,item-burn: middle-oil-canister,item-burn,middle-oil-canister,False,,False,False,6.5965047710634868e-19,6.5965047578704729e-19
81,3594,item-burn: light-oil-canister,item-burn,light-oil-canister,False,,False,False,6.511462062958149e-19,6.5114620499352206e-19
82,3314,entity-operate: fbreactor-mk01,entity-operate,fbreactor-mk01,False,,False,False,-6.3356004654567337e-19,6.3356004527855292e-19
83,3449,entity-operate: soil-extractor-mk01,entity-operate,soil-extractor-mk01,False,,False,False,-6.2831997906104603e-19,6.2831997780440573e-19
84,3324,entity-operate: gas-refinery-mk01,entity-operate,gas-refinery-mk01,False,,False,False,-6.1170681550786658e-19,6.1170681428445261e-19
85,3582,item-burn: carbolic-oil-canister,item-burn,carbolic-oil-canister,False,,False,False,6.1075091994577942e-19,6.1075091872427723e-19
86,3602,item-burn: tall-oil-canister,item-burn,tall-oil-canister,False,,False,False,6.0862485224314598e-19,6.0862485102589595e-19
87,3311,entity-operate: electronics-factory-mk01,entity-operate,electronics-factory-mk01,False,,False,False,-5.7523788096464936e-19,5.7523787981417325e-19
88,3579,item-burn: anthracene-oil-canister,item-burn,anthracene-oil-canister,False,,False,False,5.6504046433916033e-19,5.6504046320907905e-19
89,3267,entity-operate: bio-reactor-mk01,entity-operate,bio-reactor-mk01,False,,False,False,-5.3160134363444304e-19,5.3160134257124006e-19
90,3260,entity-operate: automated-screener-mk01,entity-operate,automated-screener-mk01,False,,False,False,-5.1421789483338475e-19,5.1421789380494865e-19
91,3328,entity-operate: genlab-mk01,entity-operate,genlab-mk01,False,,False,False,-4.8847441154624414e-19,4.8847441056929499e-19
92,3444,entity-operate: slaughterhouse-mk01,entity-operate,slaughterhouse-mk01,False,,False,False,-4.6465647429140373e-19,4.6465647336209053e-19
93,3422,entity-operate: radar,entity-operate,radar,False,,False,False,-4.3936216114107713e-19,4.3936216026235253e-19
94,3288,entity-operate: clay-pit-mk01,entity-operate,clay-pit-mk01,False,,False,False,-3.8042300329367152e-19,3.8042300253282528e-19
95,3435,entity-operate: rhe,entity-operate,rhe,False,,False,False,-3.8030442540277003e-19,3.8030442464216092e-19
96,3290,entity-operate: compost-plant-mk01,entity-operate,compost-plant-mk01,False,,False,False,-3.6462954248644113e-19,3.6462954175718184e-19
97,3313,entity-operate: fawogae-plantation-mk01,entity-operate,fawogae-plantation-mk01,False,,False,False,-3.2933290542432641e-19,3.2933290476566039e-19
98,3305,entity-operate: distilator,entity-operate,distilator,False,,False,False,-3.1209202145327975e-19,3.1209202082909554e-19
99,3438,entity-operate: sap-extractor-mk01,entity-operate,sap-extractor-mk01,False,,False,False,-3.083048547239279e-19,3.0830485410731798e-19
100,3453,entity-operate: spore-collector-mk01,entity-operate,spore-collector-mk01,False,,False,False,-3.0611194146927907e-19,3.0611194085705502e-19
101,3285,entity-operate: chipshooter-mk01,entity-operate,chipshooter-mk01,False,,False,False,-3.0390367012785302e-19,3.0390366952004551e-19
102,3275,entity-operate: botanical-nursery,entity-operate,botanical-nursery,False,,False,False,-2.868243479217697e-19,2.8682434734812083e-19
103,3457,entity-operate: steel-furnace,entity-operate,steel-furnace,False,,False,False,-2.8402255563234866e-19,2.8402255506430337e-19
104,3262,entity-operate: barrel-machine-mk01,entity-operate,barrel-machine-mk01,False,,False,False,-2.8199100394046565e-19,2.8199100337648345e-19
105,3351,entity-operate: micro-mine-mk01,entity-operate,micro-mine-mk01,False,,False,False,-2.629032484459943e-19,2.6290324792018764e-19
106,3387,entity-operate: pulp-mill-mk01,entity-operate,pulp-mill-mk01,False,,False,False,-2.612029007858672e-19,2.6120290026346125e-19
107,3436,entity-operate: salt-mine,entity-operate,salt-mine,False,,False,False,-2.5429104257391857e-19,2.5429104206533632e-19
108,3494,entity-operate: vrauks-paddock-mk01,entity-operate,vrauks-paddock-mk01,False,,False,False,-2.2765325476601376e-19,2.2765325431070711e-19
109,3331,entity-operate: glassworks-mk01,entity-operate,glassworks-mk01,False,,False,False,-1.9736109755735298e-19,1.9736109716263067e-19
110,3272,entity-operate: boiler,entity-operate,boiler,False,,False,False,-1.9071715947466792e-19,1.9071715909323348e-19
111,3355,entity-operate: moss-farm-mk01,entity-operate,moss-farm-mk01,False,,False,False,-1.6851542527778239e-19,1.6851542494075144e-19
112,3253,entity-operate: antimony-drill-mk01,entity-operate,antimony-drill-mk01,False,,False,False,-1.590697566343146e-19,1.59069756316175e-19
113,3317,entity-operate: flora-collector-mk01,entity-operate,flora-collector-mk01,False,,False,False,-1.2930821769766366e-19,1.2930821743904714e-19
114,3419,entity-operate: pyphoon-bay,entity-operate,pyphoon-bay,False,,False,False,-1.249163488108756e-19,1.2491634856104284e-19
115,3345,entity-operate: lab,entity-operate,lab,False,,False,False,-9.5945475783190481e-20,9.5945475591299476e-20
116,3257,entity-operate: atomizer-mk01,entity-operate,atomizer-mk01,False,,False,False,-8.9112582755253902e-20,8.9112582577028682e-20
117,3401,entity-operate: py-recharge-station-mk01,entity-operate,py-recharge-station-mk01,False,,False,False,-5.172881462440834e-20,5.1728814520950682e-20
118,3402,entity-operate: py-roboport-mk01,entity-operate,py-roboport-mk01,False,,False,False,-5.172881462440834e-20,5.1728814520950682e-20
119,3588,item-burn: crushed-coal,item-burn,crushed-coal,False,,False,False,-4.9461236821069886e-20,4.9461236722147383e-20
120,3388,entity-operate: pump,entity-operate,pump,False,,False,False,-4.9410551704979119e-20,4.9410551606157986e-20
121,3459,entity-operate: stone-furnace,entity-operate,stone-furnace,False,,False,False,-3.493142913639496e-20,3.493142906653208e-20
122,3599,item-burn: raw-coal,item-burn,raw-coal,False,,False,False,-3.3568017933397096e-20,3.3568017866261038e-20
123,3590,item-burn: gunpowder,item-burn,gunpowder,False,,False,False,-2.8951506185891343e-20,2.8951506127988313e-20
124,3584,item-burn: coal-dust,item-burn,coal-dust,False,,False,False,-2.7912569460741113e-20,2.7912569404915957e-20
125,3398,entity-operate: py-local-radar,entity-operate,py-local-radar,False,,False,False,-2.586440731220417e-20,2.5864407260475341e-20
126,3277,entity-operate: burner-mining-drill,entity-operate,burner-mining-drill,False,,False,False,-2.0289510422465898e-20,2.0289510381886865e-20
127,3583,item-burn: coal,item-burn,coal,False,,False,False,-1.8959423773523791e-20,1.8959423735604933e-20
128,3592,item-burn: kerogen,item-burn,kerogen,False,,False,False,-1.518007193276123e-20,1.5180071902401078e-20
129,3255,entity-operate: assembling-machine-1,entity-operate,assembling-machine-1,False,,False,False,-1.0667173379498159e-20,1.0667173358163806e-20
130,3586,item-burn: coke,item-burn,coke,False,,False,False,-9.5980279296159825e-21,9.5980279104199213e-21
131,2152,__pr_graph_lp_or_to_or_and__: 6539:item: auog --> recipe-py-module: auog-mk04,,,True,item: auog --> recipe-py-module: auog-mk04,False,False,8.3333333333602084e-21,8.3333333166935371e-21
132,2150,__pr_graph_lp_or_to_or_and__: 6537:item: auog --> recipe-py-module: auog-mk02,,,True,item: auog --> recipe-py-module: auog-mk02,False,False,8.3333333333451395e-21,8.3333333166784682e-21
133,2151,__pr_graph_lp_or_to_or_and__: 6538:item: auog --> recipe-py-module: auog-mk03,,,True,item: auog --> recipe-py-module: auog-mk03,False,False,8.3333333333371559e-21,8.3333333166704847e-21
134,3389,entity-operate: py-biomass-powerplant-mk01,entity-operate,py-biomass-powerplant-mk01,False,,False,False,-7.8773408316645228e-21,7.8773408159098366e-21
135,3319,entity-operate: fluid-drill-mk01,entity-operate,fluid-drill-mk01,False,,False,False,-5.1479160485905745e-21,5.1479160382947396e-21
136,2145,__pr_graph_lp_or_to_or_and__: 6510:item: auog --> recipe-py-module: auog-pup-breeding-1,,,True,item: auog --> recipe-py-module: auog-pup-breeding-1,False,False,4.1666666666617642e-21,4.1666666583284286e-21
137,2146,__pr_graph_lp_or_to_or_and__: 6517:item: auog --> recipe-py-module: auog-pup-breeding-2,,,True,item: auog --> recipe-py-module: auog-pup-breeding-2,False,False,4.1666666666218298e-21,4.1666666582884941e-21
138,2147,__pr_graph_lp_or_to_or_and__: 6518:item: auog --> recipe-py-module: auog-pup-breeding-3,,,True,item: auog --> recipe-py-module: auog-pup-breeding-3,False,False,3.3333333333383967e-21,3.3333333266717282e-21
139,2148,__pr_graph_lp_or_to_or_and__: 6519:item: auog --> recipe-py-module: auog-pup-breeding-4,,,True,item: auog --> recipe-py-module: auog-pup-breeding-4,False,False,3.3333333333261404e-21,3.3333333266594718e-21
140,2149,__pr_graph_lp_or_to_or_and__: 6520:item: auog --> recipe-py-module: auog-pup-breeding-5,,,True,item: auog --> recipe-py-module: auog-pup-breeding-5,False,False,2.7777777777751864e-21,2.7777777722196294e-21
141,1365,__pr_graph_lp_or_to_or_and__: 1810:item: auog --> entity-operate-py-module: auog-paddock-mk03,,,True,item: auog --> entity-operate-py-module: auog-paddock-mk03,False,False,2.7777777778217766e-22,2.7777777722662192e-22
142,1364,__pr_graph_lp_or_to_or_and__: 1809:item: auog --> entity-operate-py-module: auog-paddock-mk02,,,True,item: auog --> entity-operate-py-module: auog-paddock-mk02,False,False,2.7777777776811381e-22,2.7777777721255807e-22
143,1366,__pr_graph_lp_or_to_or_and__: 1811:item: auog --> entity-operate-py-module: auog-paddock-mk04,,,True,item: auog --> entity-operate-py-module: auog-paddock-mk04,False,False,2.7777777776520733e-22,2.7777777720965159e-22
144,1363,__pr_graph_lp_or_to_or_and__: 1807:item: auog --> entity-operate-py-module: auog-paddock-mk01,,,True,item: auog --> entity-operate-py-module: auog-paddock-mk01,False,False,2.7777777772463345e-22,2.7777777716907771e-22
145,3390,entity-operate: py-burner,entity-operate,py-burner,False,,False,False,-2.5741262451999675e-22,2.5741262400517137e-22
146,3256,entity-operate: assembling-machine-2,entity-operate,assembling-machine-2,False,,False,False,-8.7362832831542352e-23,8.7362832656816637e-23
147,1439,__pr_graph_lp_or_to_or_and__: 2039:fluid: pressured-steam --> entity-operate-fluid: steam-turbine-mk04,,,True,fluid: pressured-steam --> entity-operate-fluid: steam-turbine-mk04,False,False,-1.8950954692889663e-23,1.8950954654987743e-23
148,4689,recipe: steam-pyvoid-gas,recipe,steam-pyvoid-gas,False,,True,True,9.8790031780229922e-24,9.8790031582649805e-24
149,4249,recipe: hot-air-pyvoid-gas,recipe,hot-air-pyvoid-gas,False,,True,True,8.7331499592254196e-24,8.7331499417591149e-24
150,3948,recipe: creamy-latex-pyvoid-fluid,recipe,creamy-latex-pyvoid-fluid,False,,True,True,5.0564811701305784e-24,5.0564811600176132e-24
151,3682,recipe: anthracene-oil-pyvoid-fluid,recipe,anthracene-oil-pyvoid-fluid,False,,True,True,-4.5098229606276051e-24,4.5098229516079562e-24
152,4380,recipe: muddy-sludge-pyvoid-fluid,recipe,muddy-sludge-pyvoid-fluid,False,,True,True,-4.2943113535236866e-24,4.2943113449350612e-24
153,3970,recipe: digosaurus-hidden-recipe,recipe,digosaurus-hidden-recipe,False,,True,True,-4.1543101227305591e-24,4.1543101144219365e-24
154,3656,recipe: acetone-pyvoid-gas,recipe,acetone-pyvoid-gas,False,,True,True,4.0750165964858534e-24,4.0750165883358175e-24
155,4471,recipe: pressured-steam-pyvoid-gas,recipe,pressured-steam-pyvoid-gas,False,,True,True,-4.0659211138204098e-24,4.0659211056885655e-24
156,4153,recipe: flue-gas-pyvoid-gas,recipe,flue-gas-pyvoid-gas,False,,True,True,-4.0212166081173751e-24,4.0212166000749396e-24
157,4263,recipe: hydrogen-pyvoid-gas,recipe,hydrogen-pyvoid-gas,False,,True,True,3.8168601244789113e-24,3.8168601168451885e-24
158,4651,recipe: slacked-lime-pyvoid-fluid,recipe,slacked-lime-pyvoid-fluid,False,,True,True,3.7971862246341033e-24,3.7971862170397287e-24
159,4355,recipe: molten-aluminium-pyvoid-fluid,recipe,molten-aluminium-pyvoid-fluid,False,,True,True,3.5908951465532805e-24,3.5908951393714883e-24
160,4363,recipe: molten-salt-pyvoid-fluid,recipe,molten-salt-pyvoid-fluid,False,,True,True,3.4292902240080991e-24,3.4292902171495165e-24
161,4389,recipe: naphthalene-oil-pyvoid-fluid,recipe,naphthalene-oil-pyvoid-fluid,False,,True,True,3.3843519949140836e-24,3.3843519881453777e-24
162,4292,recipe: kerosene-pyvoid-fluid,recipe,kerosene-pyvoid-fluid,False,,True,True,3.1353712215978547e-24,3.1353712153271103e-24
163,3968,recipe: diborane-pyvoid-gas,recipe,diborane-pyvoid-gas,False,,True,True,-3.0476079006416326e-24,3.0476078945464149e-24
164,3859,recipe: carbon-dioxide-pyvoid-gas,recipe,carbon-dioxide-pyvoid-gas,False,,True,True,2.951972840653671e-24,2.9519728347497235e-24
165,3965,recipe: depolymerized-organics-pyvoid-fluid,recipe,depolymerized-organics-pyvoid-fluid,False,,True,True,2.9191876065659974e-24,2.9191876007276204e-24
166,4444,recipe: pitch-pyvoid-fluid,recipe,pitch-pyvoid-fluid,False,,True,True,2.8362496941903509e-24,2.8362496885178497e-24
167,3856,recipe: carbolic-oil-pyvoid-fluid,recipe,carbolic-oil-pyvoid-fluid,False,,True,True,-2.42138394878712e-24,2.4213839439443507e-24
168,4244,recipe: heavy-oil-pyvoid-fluid,recipe,heavy-oil-pyvoid-fluid,False,,True,True,2.3387829392619642e-24,2.338782934584397e-24
169,3303,entity-operate: dino-dig-site,entity-operate,dino-dig-site,False,,False,False,-2.3125638704044558e-24,2.3125638657793267e-24
170,4731,recipe: tailings-pyvoid-fluid,recipe,tailings-pyvoid-fluid,False,,True,True,-2.2124357555013413e-24,2.2124357510764683e-24
171,4738,recipe: tar-pyvoid-fluid,recipe,tar-pyvoid-fluid,False,,True,True,1.9753579019513064e-24,1.9753578980005893e-24
172,4163,recipe: formic-acid-pyvoid-gas,recipe,formic-acid-pyvoid-gas,False,,True,True,1.8962167576317018e-24,1.8962167538392672e-24
173,1438,__pr_graph_lp_or_to_or_and__: 2038:fluid: pressured-steam --> entity-operate-fluid: steam-turbine-mk03,,,True,fluid: pressured-steam --> entity-operate-fluid: steam-turbine-mk03,False,False,-1.8212336603952091e-24,1.8212336567527408e-24
174,4346,recipe: methane-pyvoid-gas,recipe,methane-pyvoid-gas,False,,True,True,1.7124618880221161e-24,1.7124618845971914e-24
175,3952,recipe: creosote-pyvoid-fluid,recipe,creosote-pyvoid-fluid,False,,True,True,1.6296349118414148e-24,1.629634908582144e-24
176,4717,recipe: subcritical-water-pyvoid-fluid,recipe,subcritical-water-pyvoid-fluid,False,,True,True,-1.5845473846935356e-24,1.58454738152444e-24
177,4470,recipe: pressured-air-pyvoid-gas,recipe,pressured-air-pyvoid-gas,False,,True,True,-1.5411696438584698e-24,1.5411696407761297e-24
178,4724,recipe: syngas-pyvoid-gas,recipe,syngas-pyvoid-gas,False,,True,True,-1.5138041169732332e-24,1.5138041139456241e-24
179,3806,recipe: blood-pyvoid-fluid,recipe,blood-pyvoid-fluid,False,,True,True,-1.4419460116988563e-24,1.4419460088149635e-24
180,4421,recipe: oxygen-pyvoid-gas,recipe,oxygen-pyvoid-gas,False,,True,True,-1.3835177418307475e-24,1.3835177390637111e-24
181,3882,recipe: chlorine-pyvoid-gas,recipe,chlorine-pyvoid-gas,False,,True,True,-1.338879289747423e-24,1.3388792870696635e-24
182,2848,energy-source-electric: ,energy-source-electric,,False,,False,False,1.3019929315856512e-24,1.3019929289816645e-24
183,3661,recipe: acidgas-pyvoid-gas,recipe,acidgas-pyvoid-gas,False,,True,True,-1.2439073270613109e-24,1.2439073245734956e-24
184,3644,logic-and: smart-farm-yotoi-tree-fruit-recipe-yotoi-fruit-super-5,logic-and,smart-farm-yotoi-tree-fruit-recipe-yotoi-fruit-super-5,False,,False,False,1.2219275711828e-24,1.2219275687389441e-24
185,3916,recipe: condensates-pyvoid-fluid,recipe,condensates-pyvoid-fluid,False,,True,True,1.1711416061683502e-24,1.1711416038260662e-24
186,4142,recipe: fish-oil-pyvoid-fluid,recipe,fish-oil-pyvoid-fluid,False,,True,True,-1.1148237639827222e-24,1.1148237617530741e-24
187,4361,recipe: molten-iron-pyvoid-fluid,recipe,molten-iron-pyvoid-fluid,False,,True,True,1.0545729085036354e-24,1.0545729063944888e-24
188,3659,recipe: acetylene-pyvoid-gas,recipe,acetylene-pyvoid-gas,False,,True,True,1.051359130265577e-24,1.051359128162858e-24
189,4312,recipe: light-oil-pyvoid-fluid,recipe,light-oil-pyvoid-fluid,False,,True,True,-1.0420720586004424e-24,1.0420720565162977e-24
190,4343,recipe: methanal-pyvoid-fluid,recipe,methanal-pyvoid-fluid,False,,True,True,-1.0063013027032199e-24,1.0063013006906167e-24
191,3641,logic-and: smart-farm-yotoi-tree-fruit-recipe-yotoi-fruit-super-2,logic-and,smart-farm-yotoi-tree-fruit-recipe-yotoi-fruit-super-2,False,,False,False,9.7015385247641201e-25,9.7015385053610375e-25
192,3642,logic-and: smart-farm-yotoi-tree-fruit-recipe-yotoi-fruit-super-3,logic-and,smart-farm-yotoi-tree-fruit-recipe-yotoi-fruit-super-3,False,,False,False,9.3946685024472376e-25,9.3946684836578953e-25
193,3643,logic-and: smart-farm-yotoi-tree-fruit-recipe-yotoi-fruit-super-4,logic-and,smart-farm-yotoi-tree-fruit-recipe-yotoi-fruit-super-4,False,,False,False,8.3456881336764151e-25,8.3456881169850344e-25
194,3899,recipe: coal-gas-pyvoid-gas,recipe,coal-gas-pyvoid-gas,False,,True,True,8.2322459655459194e-25,8.232245949081422e-25
195,4840,recipe: zogna-bacteria-pyvoid-fluid,recipe,zogna-bacteria-pyvoid-fluid,False,,True,True,7.655080643565967e-25,7.6550806282558014e-25
196,3674,recipe: ammonia-pyvoid-gas,recipe,ammonia-pyvoid-gas,False,,True,True,-7.4538666358643971e-25,7.4538666209566593e-25
197,4103,recipe: fawogae-sample,recipe,fawogae-sample,False,,True,True,7.3751928292818726e-25,7.375192814531482e-25
198,3664,recipe: aerial-blimp-mk01,recipe,aerial-blimp-mk01,False,,True,True,6.752316547385234e-25,6.7523165338805965e-25
199,4455,recipe: polybutadiene-pyvoid-fluid,recipe,polybutadiene-pyvoid-fluid,False,,True,True,6.1731386308288934e-25,6.1731386184826119e-25
200,4820,recipe: water-saline-pyvoid-fluid,recipe,water-saline-pyvoid-fluid,False,,True,True,-5.8531745865159024e-25,5.8531745748095499e-25
201,3908,recipe: coke-oven-gas-pyvoid-gas,recipe,coke-oven-gas-pyvoid-gas,False,,True,True,-5.59161759381868e-25,5.5916175826354419e-25
202,4782,recipe: vacuum-pyvoid-gas,recipe,vacuum-pyvoid-gas,False,,True,True,5.5091172367976338e-25,5.5091172257793956e-25
203,4319,recipe: liquid-manure-pyvoid-fluid,recipe,liquid-manure-pyvoid-fluid,False,,True,True,5.4840131807404336e-25,5.4840131697724037e-25
204,4632,recipe: scrude-pyvoid-fluid,recipe,scrude-pyvoid-fluid,False,,True,True,5.4048091702344705e-25,5.4048091594248486e-25
205,4358,recipe: molten-glass-pyvoid-fluid,recipe,molten-glass-pyvoid-fluid,False,,True,True,-5.0565428899572963e-25,5.056542879844207e-25
206,844,__pr_graph_lp_or_to_or_and__: 10027:entity-operate: py-burner --> fuel-category-burn: jerry:noncoproduct-route,,,True,entity-operate: py-burner --> fuel-category-burn: jerry,False,False,4.9883622715202396e-25,4.9883622615435124e-25
207,4178,recipe: gasoline-pyvoid-fluid,recipe,gasoline-pyvoid-fluid,False,,True,True,4.5707728498419735e-25,4.5707728407004249e-25
208,1434,__pr_graph_lp_or_to_or_and__: 2030:fluid: pressured-steam --> entity-operate-fluid: py-turbine,,,True,fluid: pressured-steam --> entity-operate-fluid: py-turbine,False,False,-4.2027894951404402e-25,4.2027894867348585e-25
209,3626,logic-and: smart-farm-ralesia-flowers-recipe-ralesia-super-4,logic-and,smart-farm-ralesia-flowers-recipe-ralesia-super-4,False,,False,False,4.1521741425440501e-25,4.1521741342396995e-25
210,2832,__pr_graph_lp_or_to_or_and__: 9985:entity-operate: assembling-machine-2 --> fuel-category-burn: jerry:noncoproduct-route,,,True,entity-operate: assembling-machine-2 --> fuel-category-burn: jerry,False,False,3.3588740853739559e-25,3.3588740786562058e-25
211,3623,logic-and: smart-farm-ralesia-flowers-recipe-ralesia-super-1,logic-and,smart-farm-ralesia-flowers-recipe-ralesia-super-1,False,,False,False,3.3508715469501058e-25,3.3508715402483609e-25
212,4191,recipe: geothermal-water-pyvoid-fluid,recipe,geothermal-water-pyvoid-fluid,False,,True,True,3.2113708913019295e-25,3.2113708848791859e-25
213,4116,recipe: fiberboard,recipe,fiberboard,False,,True,True,3.2046742797880008e-25,3.2046742733786504e-25
214,3628,logic-and: smart-farm-ralesia-flowers-recipe-ralesia-super-7,logic-and,smart-farm-ralesia-flowers-recipe-ralesia-super-7,False,,False,False,-3.138277979601686e-25,3.1382779733251279e-25
215,4733,recipe: tall-oil-pyvoid-fluid,recipe,tall-oil-pyvoid-fluid,False,,True,True,3.1018761961424705e-25,3.1018761899387164e-25
216,3629,logic-and: smart-farm-ralesia-flowers-recipe-ralesia-super-8,logic-and,smart-farm-ralesia-flowers-recipe-ralesia-super-8,False,,False,False,-2.915845487355179e-25,2.9158454815234863e-25
217,1437,__pr_graph_lp_or_to_or_and__: 2037:fluid: pressured-steam --> entity-operate-fluid: steam-turbine-mk02,,,True,fluid: pressured-steam --> entity-operate-fluid: steam-turbine-mk02,False,False,-2.7940912010633372e-25,2.7940911954751532e-25
218,3924,recipe: cooling-water,recipe,cooling-water,False,,True,True,2.671751880340319e-25,2.6717518749968138e-25
219,838,__pr_graph_lp_or_to_or_and__: 10019:entity-operate: car --> fuel-category-burn: jerry:noncoproduct-route,,,True,entity-operate: car --> fuel-category-burn: jerry,False,False,2.670589270256757e-25,2.670589264915577e-25
220,3648,logic-and: smart-farm-yotoi-tree-recipe-yotoi-super-4,logic-and,smart-farm-yotoi-tree-recipe-yotoi-super-4,False,,False,False,-2.4503060781322341e-25,2.4503060732316206e-25
221,3802,recipe: black-liquor-pyvoid-fluid,recipe,black-liquor-pyvoid-fluid,False,,True,True,2.1872504063366463e-25,2.1872504019621442e-25
222,4250,recipe: hot-molten-salt-pyvoid-fluid,recipe,hot-molten-salt-pyvoid-fluid,False,,True,True,-2.1484037550200024e-25,2.1484037507231935e-25
223,3640,logic-and: smart-farm-yotoi-tree-fruit-recipe-yotoi-fruit-super-1,logic-and,smart-farm-yotoi-tree-fruit-recipe-yotoi-fruit-super-1,False,,False,False,-2.1348172194133425e-25,2.1348172151437068e-25
224,3649,logic-and: smart-farm-yotoi-tree-recipe-yotoi-super-5,logic-and,smart-farm-yotoi-tree-recipe-yotoi-super-5,False,,False,False,-1.9775820935908043e-25,1.9775820896356389e-25
225,4350,recipe: middle-oil-pyvoid-fluid,recipe,middle-oil-pyvoid-fluid,False,,True,True,1.8604324389210207e-25,1.8604324352001548e-25
226,2401,__pr_graph_lp_or_to_or_and__: 8836:fluid: gasoline --> energy-source-fluid: ,,,True,fluid: gasoline --> energy-source-fluid: ,False,False,1.8155192780104624e-25,1.8155192743794228e-25
227,2186,__pr_graph_lp_or_to_or_and__: 8621:item: coal --> energy-source-burner: chemical__biomass_2_1,,,True,item: coal --> energy-source-burner: chemical__biomass_2_1,False,False,1.7957872556978495e-25,1.795787252106274e-25
228,2408,__pr_graph_lp_or_to_or_and__: 8843:fluid: scrude --> energy-source-fluid: ,,,True,fluid: scrude --> energy-source-fluid: ,False,False,1.7924362761065603e-25,1.7924362725216867e-25
229,3963,recipe: depolymerized-organics,recipe,depolymerized-organics,False,,True,True,-1.750452723077992e-25,1.7504527195770856e-25
230,3622,logic-and: smart-farm-ore-bioreserve-recipe-bioreserve-super-3,logic-and,smart-farm-ore-bioreserve-recipe-bioreserve-super-3,False,,False,False,-1.7152108322626834e-25,1.7152108288322607e-25
231,3645,logic-and: smart-farm-yotoi-tree-recipe-yotoi-super-1,logic-and,smart-farm-yotoi-tree-recipe-yotoi-super-1,False,,False,False,-1.6680718925695266e-25,1.6680718892333818e-25
232,3610,logic-and: smart-farm-grod-flower-recipe-grod-super-2,logic-and,smart-farm-grod-flower-recipe-grod-super-2,False,,False,False,-1.6524074631255823e-25,1.6524074598207665e-25
233,2196,__pr_graph_lp_or_to_or_and__: 8631:item: raw-fiber --> energy-source-burner: chemical__biomass_2_1,,,True,item: raw-fiber --> energy-source-burner: chemical__biomass_2_1,False,False,1.5710377177829144e-25,1.571037714640838e-25
234,2197,__pr_graph_lp_or_to_or_and__: 8632:item: carbon-black --> energy-source-burner: chemical__biomass_2_1,,,True,item: carbon-black --> energy-source-burner: chemical__biomass_2_1,False,False,1.556781322887226e-25,1.5567813197736624e-25
235,3814,recipe: bone-to-bonemeal-2,recipe,bone-to-bonemeal-2,False,,True,True,1.5007977626701339e-25,1.5007977596685376e-25
236,3958,recipe: cyanic-acid-pyvoid-fluid,recipe,cyanic-acid-pyvoid-fluid,False,,True,True,1.4873905374679395e-25,1.4873905344931575e-25
237,2192,__pr_graph_lp_or_to_or_and__: 8627:item: kerogen --> energy-source-burner: chemical__biomass_2_1,,,True,item: kerogen --> energy-source-burner: chemical__biomass_2_1,False,False,1.4644578531144636e-25,1.464457850185547e-25
238,4813,recipe: waste-water-pyvoid-fluid,recipe,waste-water-pyvoid-fluid,False,,True,True,-1.4593510937939397e-25,1.4593510908752366e-25
239,2193,__pr_graph_lp_or_to_or_and__: 8628:item: wood --> energy-source-burner: chemical__biomass_2_1,,,True,item: wood --> energy-source-burner: chemical__biomass_2_1,False,False,1.342205166648815e-25,1.3422051639644037e-25
240,3689,recipe: aromatics-pyvoid-fluid,recipe,aromatics-pyvoid-fluid,False,,True,True,-1.3313797980628901e-25,1.3313797954001298e-25
241,3624,logic-and: smart-farm-ralesia-flowers-recipe-ralesia-super-2,logic-and,smart-farm-ralesia-flowers-recipe-ralesia-super-2,False,,False,False,1.3155001711100846e-25,1.3155001684790835e-25
242,3612,logic-and: smart-farm-grod-flower-recipe-grod-super-4,logic-and,smart-farm-grod-flower-recipe-grod-super-4,False,,False,False,-1.3082418036485136e-25,1.3082418010320291e-25
243,3621,logic-and: smart-farm-ore-bioreserve-recipe-bioreserve-super-2,logic-and,smart-farm-ore-bioreserve-recipe-bioreserve-super-2,False,,False,False,-1.2782395188025748e-25,1.2782395162460949e-25
244,3613,logic-and: smart-farm-grod-flower-recipe-grod-super-5,logic-and,smart-farm-grod-flower-recipe-grod-super-5,False,,False,False,-1.2557618027883717e-25,1.2557618002768475e-25
245,3627,logic-and: smart-farm-ralesia-flowers-recipe-ralesia-super-5,logic-and,smart-farm-ralesia-flowers-recipe-ralesia-super-5,False,,False,False,-1.2365422923558601e-25,1.2365422898827748e-25
246,2268,__pr_graph_lp_or_to_or_and__: 8703:item: raw-coal --> energy-source-burner: chemical_2_1,,,True,item: raw-coal --> energy-source-burner: chemical_2_1,False,False,-1.2226055923055841e-25,1.2226055898603722e-25
247,2400,__pr_graph_lp_or_to_or_and__: 8835:fluid: aromatics --> energy-source-fluid: ,,,True,fluid: aromatics --> energy-source-fluid: ,False,False,1.2189243151151069e-25,1.2189243126772574e-25
248,4436,recipe: phytoplankton-pyvoid-fluid,recipe,phytoplankton-pyvoid-fluid,False,,True,True,-1.2165442121453013e-25,1.2165442097122121e-25
249,2412,__pr_graph_lp_or_to_or_and__: 8847:fluid: naphthalene-oil --> energy-source-fluid: ,,,True,fluid: naphthalene-oil --> energy-source-fluid: ,False,False,1.0986690965543814e-25,1.0986690943570424e-25
250,3646,logic-and: smart-farm-yotoi-tree-recipe-yotoi-super-2,logic-and,smart-farm-yotoi-tree-recipe-yotoi-super-2,False,,False,False,-1.0946669969548415e-25,1.094666994765507e-25
251,3969,recipe: digosaurus,recipe,digosaurus,False,,True,True,-1.0375263047891828e-25,1.0375263027141294e-25
252,4474,recipe: pressured-water-pyvoid-fluid,recipe,pressured-water-pyvoid-fluid,False,,True,True,-1.0327024388334881e-25,1.0327024367680826e-25
253,2191,__pr_graph_lp_or_to_or_and__: 8626:item: crushed-coal --> energy-source-burner: chemical__biomass_2_1,,,True,item: crushed-coal --> energy-source-burner: chemical__biomass_2_1,False,False,1.0084293712710693e-25,1.0084293692542099e-25
254,2414,__pr_graph_lp_or_to_or_and__: 8849:fluid: middle-oil --> energy-source-fluid: ,,,True,fluid: middle-oil --> energy-source-fluid: ,False,False,1.0043921975813549e-25,1.0043921955725699e-25
255,2266,__pr_graph_lp_or_to_or_and__: 8701:item: coal-dust --> energy-source-burner: chemical_2_1,,,True,item: coal-dust --> energy-source-burner: chemical_2_1,False,False,-9.6218877887767502e-26,9.6218877695329686e-26
256,2194,__pr_graph_lp_or_to_or_and__: 8629:item: log --> energy-source-burner: chemical__biomass_2_1,,,True,item: log --> energy-source-burner: chemical__biomass_2_1,False,False,9.2356865815251706e-26,9.2356865630537921e-26
257,2409,__pr_graph_lp_or_to_or_and__: 8844:fluid: condensates --> energy-source-fluid: ,,,True,fluid: condensates --> energy-source-fluid: ,False,False,9.2080725740748831e-26,9.2080725556587322e-26
258,3616,logic-and: smart-farm-kicalk-tree-recipe-kicalk-super-3,logic-and,smart-farm-kicalk-tree-recipe-kicalk-super-3,False,,False,False,-8.6037871631243819e-26,8.6037871459168023e-26
259,2410,__pr_graph_lp_or_to_or_and__: 8845:fluid: anthracene-oil --> energy-source-fluid: ,,,True,fluid: anthracene-oil --> energy-source-fluid: ,False,False,8.4816143257504248e-26,8.4816143087871907e-26
260,2189,__pr_graph_lp_or_to_or_and__: 8624:item: gunpowder --> energy-source-burner: chemical__biomass_2_1,,,True,item: gunpowder --> energy-source-burner: chemical__biomass_2_1,False,False,8.4301115177642432e-26,8.4301115009040152e-26
261,2198,__pr_graph_lp_or_to_or_and__: 8633:item: biomass --> energy-source-burner: chemical__biomass_2_1,,,True,item: biomass --> energy-source-burner: chemical__biomass_2_1,False,False,8.2731497453124488e-26,8.2731497287661444e-26
262,2413,__pr_graph_lp_or_to_or_and__: 8848:fluid: pitch --> energy-source-fluid: ,,,True,fluid: pitch --> energy-source-fluid: ,False,False,8.2327419327054645e-26,8.2327419162399754e-26
263,4405,recipe: oil-molten-salt-01,recipe,oil-molten-salt-01,False,,True,True,8.1595363865576625e-26,8.1595363702385844e-26
264,3625,logic-and: smart-farm-ralesia-flowers-recipe-ralesia-super-3,logic-and,smart-farm-ralesia-flowers-recipe-ralesia-super-3,False,,False,False,8.1004784748473476e-26,8.100478458646386e-26
265,2404,__pr_graph_lp_or_to_or_and__: 8839:fluid: coke-oven-gas --> energy-source-fluid: ,,,True,fluid: coke-oven-gas --> energy-source-fluid: ,False,False,8.0467055292773961e-26,8.0467055131839796e-26
266,3647,logic-and: smart-farm-yotoi-tree-recipe-yotoi-super-3,logic-and,smart-farm-yotoi-tree-recipe-yotoi-super-3,False,,False,False,-7.7005892387660451e-26,7.7005892233648616e-26
267,3619,logic-and: smart-farm-kicalk-tree-recipe-kicalk-super-8,logic-and,smart-farm-kicalk-tree-recipe-kicalk-super-8,False,,False,False,-7.5844234607916487e-26,7.5844234456227975e-26
268,3666,recipe: agar,recipe,agar,False,,True,True,7.3836155243076436e-26,7.3836155095404086e-26
269,4299,recipe: latex,recipe,latex,False,,True,True,7.3635721720837558e-26,7.3635721573566069e-26
270,3774,recipe: biomass-molten-salt-01,recipe,biomass-molten-salt-01,False,,True,True,7.2965312837564634e-26,7.2965312691633967e-26
271,2190,__pr_graph_lp_or_to_or_and__: 8625:item: raw-coal --> energy-source-burner: chemical__biomass_2_1,,,True,item: raw-coal --> energy-source-burner: chemical__biomass_2_1,False,False,7.2266785580638082e-26,7.2266785436104462e-26
272,4395,recipe: nexelit-ore-1,recipe,nexelit-ore-1,False,,True,True,-7.0827677263196608e-26,7.0827677121541217e-26
273,2405,__pr_graph_lp_or_to_or_and__: 8840:fluid: kerosene --> energy-source-fluid: ,,,True,fluid: kerosene --> energy-source-fluid: ,False,False,7.0704941138147962e-26,7.0704940996738035e-26
274,2411,__pr_graph_lp_or_to_or_and__: 8846:fluid: carbolic-oil --> energy-source-fluid: ,,,True,fluid: carbolic-oil --> energy-source-fluid: ,False,False,6.8681768845671505e-26,6.868176870830793e-26
275,2265,__pr_graph_lp_or_to_or_and__: 8700:item: coke --> energy-source-burner: chemical_2_1,,,True,item: coke --> energy-source-burner: chemical_2_1,False,False,-6.6212682981263908e-26,6.62126828488385e-26
276,3888,recipe: clay,recipe,clay,False,,True,True,6.2931038461857143e-26,6.2931038335995023e-26
277,3618,logic-and: smart-farm-kicalk-tree-recipe-kicalk-super-5,logic-and,smart-farm-kicalk-tree-recipe-kicalk-super-5,False,,False,False,-6.2400426448745275e-26,6.2400426323944383e-26
278,3630,logic-and: smart-farm-rennea-flowers-recipe-rennea-super-1,logic-and,smart-farm-rennea-flowers-recipe-rennea-super-1,False,,False,False,-6.1473753224250558e-26,6.147375310130301e-26
279,3638,logic-and: smart-farm-tuuphra-tuber-recipe-tuuphra-super-2,logic-and,smart-farm-tuuphra-tuber-recipe-tuuphra-super-2,False,,False,False,-6.0579496736051628e-26,6.0579496614892599e-26
280,2395,__pr_graph_lp_or_to_or_and__: 8830:fluid: heavy-oil --> energy-source-fluid: ,,,True,fluid: heavy-oil --> energy-source-fluid: ,False,False,6.0385782799092139e-26,6.038578267832054e-26
281,3935,recipe: cottongut-food-01,recipe,cottongut-food-01,False,,True,True,5.8901744882209101e-26,5.890174476440558e-26
282,2267,__pr_graph_lp_or_to_or_and__: 8702:item: gunpowder --> energy-source-burner: chemical_2_1,,,True,item: gunpowder --> energy-source-burner: chemical_2_1,False,False,-5.8590803104081805e-26,5.8590802986900159e-26
283,3636,logic-and: smart-farm-rennea-flowers-recipe-rennea-super-8,logic-and,smart-farm-rennea-flowers-recipe-rennea-super-8,False,,False,False,-5.8419797226395213e-26,5.8419797109555586e-26
284,3634,logic-and: smart-farm-rennea-flowers-recipe-rennea-super-5,logic-and,smart-farm-rennea-flowers-recipe-rennea-super-5,False,,False,False,-5.6977306130235674e-26,5.6977306016281025e-26
285,2195,__pr_graph_lp_or_to_or_and__: 8630:item: treated-wood --> energy-source-burner: chemical__biomass_2_1,,,True,item: treated-wood --> energy-source-burner: chemical__biomass_2_1,False,False,5.6399923584855515e-26,5.6399923472055628e-26
286,2199,__pr_graph_lp_or_to_or_and__: 8634:item: cellulose --> energy-source-burner: chemical__biomass_2_1,,,True,item: cellulose --> energy-source-burner: chemical__biomass_2_1,False,False,5.5860494882289283e-26,5.5860494770568257e-26
287,3615,logic-and: smart-farm-kicalk-tree-recipe-kicalk-super-2,logic-and,smart-farm-kicalk-tree-recipe-kicalk-super-2,False,,False,False,-5.576260835062381e-26,5.5762608239098554e-26
288,2403,__pr_graph_lp_or_to_or_and__: 8838:fluid: hydrogen --> energy-source-fluid: ,,,True,fluid: hydrogen --> energy-source-fluid: ,False,False,5.3614882745185431e-26,5.3614882637955631e-26
289,2396,__pr_graph_lp_or_to_or_and__: 8831:fluid: light-oil --> energy-source-fluid: ,,,True,fluid: light-oil --> energy-source-fluid: ,False,False,5.3225904473701937e-26,5.3225904367250098e-26
290,4739,recipe: tar-quenching,recipe,tar-quenching,False,,True,True,5.1108953932401319e-26,5.1108953830183379e-26
291,3614,logic-and: smart-farm-kicalk-tree-recipe-kicalk-super-1,logic-and,smart-farm-kicalk-tree-recipe-kicalk-super-1,False,,False,False,-5.0387953450577276e-26,5.0387953349801336e-26
292,3639,logic-and: smart-farm-tuuphra-tuber-recipe-tuuphra-super-3,logic-and,smart-farm-tuuphra-tuber-recipe-tuuphra-super-3,False,,False,False,-4.6549351482067515e-26,4.6549351388968782e-26
293,2407,__pr_graph_lp_or_to_or_and__: 8842:fluid: tall-oil --> energy-source-fluid: ,,,True,fluid: tall-oil --> energy-source-fluid: ,False,False,4.5400727719846274e-26,4.5400727629044793e-26
294,3728,recipe: battery-mk00,recipe,battery-mk00,False,,True,True,-4.539055114396005e-26,4.5390551053178923e-26
295,4633,recipe: scrude-refining,recipe,scrude-refining,False,,True,True,4.4862350617100839e-26,4.4862350527376112e-26
296,4817,recipe: water-pyvoid-fluid,recipe,water-pyvoid-fluid,False,,True,True,-4.3534242887065878e-26,4.3534242799997368e-26
297,3611,logic-and: smart-farm-grod-flower-recipe-grod-super-3,logic-and,smart-farm-grod-flower-recipe-grod-super-3,False,,False,False,-4.2560352016979401e-26,4.2560351931858669e-26
298,2269,__pr_graph_lp_or_to_or_and__: 8704:item: crushed-coal --> energy-source-burner: chemical_2_1,,,True,item: crushed-coal --> energy-source-burner: chemical_2_1,False,False,-4.2175704664801199e-26,4.2175704580449762e-26
299,3824,recipe: boric-acid-pyvoid-fluid,recipe,boric-acid-pyvoid-fluid,False,,True,True,4.153674904478397e-26,4.1536748961710447e-26
300,3702,recipe: auog-food-01,recipe,auog-food-01,False,,True,True,4.0566465706118849e-26,4.056646562498589e-26
301,2406,__pr_graph_lp_or_to_or_and__: 8841:fluid: methane --> energy-source-fluid: ,,,True,fluid: methane --> energy-source-fluid: ,False,False,3.7987402374088283e-26,3.7987402298113454e-26
302,4798,recipe: vrauks-food-01,recipe,vrauks-food-01,False,,True,True,3.6866817038376734e-26,3.6866816964643076e-26
303,3632,logic-and: smart-farm-rennea-flowers-recipe-rennea-super-3,logic-and,smart-farm-rennea-flowers-recipe-rennea-super-3,False,,False,False,-3.6859810240956871e-26,3.6859810167237229e-26
304,3822,recipe: boric-acid,recipe,boric-acid,False,,True,True,-3.1653469706002417e-26,3.1653469642695457e-26
305,3637,logic-and: smart-farm-tuuphra-tuber-recipe-tuuphra-super-1,logic-and,smart-farm-tuuphra-tuber-recipe-tuuphra-super-1,False,,False,False,-3.1548401426817684e-26,3.1548401363720861e-26
306,3966,recipe: diborane,recipe,diborane,False,,True,True,3.1407697835790115e-26,3.1407697772974699e-26
307,3901,recipe: coal-molten-salt-01,recipe,coal-molten-salt-01,False,,True,True,3.0251672522619412e-26,3.0251672462116046e-26
308,3762,recipe: biomass-creamy-latex,recipe,biomass-creamy-latex,False,,True,True,2.9957543419985803e-26,2.9957543360070695e-26
309,4301,recipe: latex-slab,recipe,latex-slab,False,,True,True,2.8772855978750369e-26,2.877285592120464e-26
310,3617,logic-and: smart-farm-kicalk-tree-recipe-kicalk-super-4,logic-and,smart-farm-kicalk-tree-recipe-kicalk-super-4,False,,False,False,-2.7688045315597577e-26,2.7688045260221467e-26
311,4317,recipe: liquid-manure,recipe,liquid-manure,False,,True,True,-2.7379097118642941e-26,2.737909706388473e-26
312,3631,logic-and: smart-farm-rennea-flowers-recipe-rennea-super-2,logic-and,smart-farm-rennea-flowers-recipe-rennea-super-2,False,,False,False,-2.6686367188045313e-26,2.6686367134672561e-26
313,3825,recipe: boron-trioxide,recipe,boron-trioxide,False,,True,True,2.5619089055284324e-26,2.5619089004046129e-26
314,4381,recipe: muddy-sludge-void-electrolyzer,recipe,muddy-sludge-void-electrolyzer,False,,True,True,-2.5317201324946105e-26,2.5317201274311686e-26
315,2187,__pr_graph_lp_or_to_or_and__: 8622:item: coke --> energy-source-burner: chemical__biomass_2_1,,,True,item: coke --> energy-source-burner: chemical__biomass_2_1,False,False,2.5012127893442085e-26,2.5012127843417815e-26
316,3832,recipe: breed-fish-1,recipe,breed-fish-1,False,,True,True,-2.4804128654326229e-26,2.4804128604717957e-26
317,4735,recipe: tar-distilation,recipe,tar-distilation,False,,True,True,2.4336536957804124e-26,2.4336536909131036e-26
318,3884,recipe: chromium-01,recipe,chromium-01,False,,True,True,2.3998573601024633e-26,2.3998573553027471e-26
319,4251,recipe: hotair-aluminium-plate-3,recipe,hotair-aluminium-plate-3,False,,True,True,2.3945199156962285e-26,2.3945199109071873e-26
320,4247,recipe: heavy-oil-to-kerosene,recipe,heavy-oil-to-kerosene,False,,True,True,2.3541310909351819e-26,2.3541310862269184e-26
321,4562,recipe: ralesia-1,recipe,ralesia-1,False,,True,True,2.3243790445368513e-26,2.3243790398880917e-26
322,4160,recipe: fluidavan,recipe,fluidavan,False,,True,True,-2.1130629275710623e-26,2.1130629233449352e-26
323,2397,__pr_graph_lp_or_to_or_and__: 8832:fluid: coal-gas --> energy-source-fluid: ,,,True,fluid: coal-gas --> energy-source-fluid: ,False,False,2.09695134771495e-26,2.0969513435210461e-26
324,4289,recipe: jerky-to-phytoplankton,recipe,jerky-to-phytoplankton,False,,True,True,-1.9992120387542075e-26,1.9992120347557822e-26
325,4096,recipe: extract-sulfur,recipe,extract-sulfur,False,,True,True,-1.959685092897084e-26,1.9596850889777127e-26
326,4354,recipe: molten-aluminium-barrel,recipe,molten-aluminium-barrel,False,,True,True,1.8732607343596425e-26,1.8732607306131198e-26
327,3671,recipe: aluminium-plate-3,recipe,aluminium-plate-3,False,,True,True,1.8229721718832846e-26,1.8229721682373391e-26
328,3655,recipe: acetone-barrel,recipe,acetone-barrel,False,,True,True,1.747332514977874e-26,1.7473325114832079e-26
329,4668,recipe: soil,recipe,soil,False,,True,True,-1.7366600259990084e-26,1.7366600225256872e-26
330,4248,recipe: hot-air-barrel,recipe,hot-air-barrel,False,,True,True,1.7350769726504095e-26,1.7350769691802546e-26
331,3633,logic-and: smart-farm-rennea-flowers-recipe-rennea-super-4,logic-and,smart-farm-rennea-flowers-recipe-rennea-super-4,False,,False,False,-1.7275911797331759e-26,1.7275911762779925e-26
332,4325,recipe: log3,recipe,log3,False,,True,True,-1.702062952765973e-26,1.7020629493618461e-26
333,4591,recipe: retrovirus,recipe,retrovirus,False,,True,True,1.6487897784005176e-26,1.6487897751029371e-26
334,3931,recipe: cottongut,recipe,cottongut,False,,True,True,-1.5946659857242168e-26,1.5946659825348839e-26
335,2831,__pr_graph_lp_or_to_or_and__: 9984:entity-operate: assembling-machine-2 --> fuel-category-burn: chemical:noncoproduct-route,,,True,entity-operate: assembling-machine-2 --> fuel-category-burn: chemical,False,False,1.5841389795112437e-26,1.5841389763429647e-26
336,4345,recipe: methane-co2,recipe,methane-co2,False,,True,True,1.5423847996937126e-26,1.542384796608942e-26
337,4652,recipe: slacked-lime-void,recipe,slacked-lime-void,False,,True,True,1.5408450337937611e-26,1.5408450307120701e-26
338,2264,__pr_graph_lp_or_to_or_and__: 8699:item: coal --> energy-source-burner: chemical_2_1,,,True,item: coal --> energy-source-burner: chemical_2_1,False,False,-1.5043661874049468e-26,1.5043661843962137e-26
339,4673,recipe: soil-washing,recipe,soil-washing,False,,True,True,-1.4868471286023751e-26,1.48684712562868e-26
340,1436,__pr_graph_lp_or_to_or_and__: 2035:fluid: pressured-steam --> entity-operate-fluid: steam-turbine-mk01,,,True,fluid: pressured-steam --> entity-operate-fluid: steam-turbine-mk01,False,False,-1.4520350131901502e-26,1.4520350102860793e-26
341,4650,recipe: slacked-lime-barrel,recipe,slacked-lime-barrel,False,,True,True,1.4332065687882521e-26,1.4332065659218381e-26
342,2402,__pr_graph_lp_or_to_or_and__: 8837:fluid: acetylene --> energy-source-fluid: ,,,True,fluid: acetylene --> energy-source-fluid: ,False,False,-1.3743066788021898e-26,1.3743066760535755e-26
343,3690,recipe: aromatics-to-plastic,recipe,aromatics-to-plastic,False,,True,True,-1.3433831645702164e-26,1.3433831618834493e-26
344,828,__pr_graph_lp_or_to_or_and__: 10007:entity-operate: atomizer-mk01 --> fuel-category-burn: chemical:noncoproduct-route,,,True,entity-operate: atomizer-mk01 --> fuel-category-burn: chemical,False,False,1.316357484396788e-26,1.3163574817640721e-26
345,3679,recipe: anthracene-gasoline-cracking,recipe,anthracene-gasoline-cracking,False,,True,True,-1.2839596319648629e-26,1.2839596293969428e-26
346,2841,__pr_graph_lp_or_to_or_and__: 9995:entity-operate: bof-mk01 --> fuel-category-burn: chemical:noncoproduct-route,,,True,entity-operate: bof-mk01 --> fuel-category-burn: chemical,False,False,1.244239111902431e-26,1.244239109413952e-26
347,4253,recipe: hotair-flask,recipe,hotair-flask,False,,True,True,1.2412104247656906e-26,1.2412104222832689e-26
348,3880,recipe: chlorine,recipe,chlorine,False,,True,True,-1.2314184607580754e-26,1.2314184582952377e-26
349,4341,recipe: methanal,recipe,methanal,False,,True,True,1.1851987673729165e-26,1.1851987650025182e-26
350,4595,recipe: rich-clay,recipe,rich-clay,False,,True,True,-1.1775676773741519e-26,1.1775676750190159e-26
351,837,__pr_graph_lp_or_to_or_and__: 10018:entity-operate: car --> fuel-category-burn: chemical:noncoproduct-route,,,True,entity-operate: car --> fuel-category-burn: chemical,False,False,1.161659309063161e-26,1.1616593067398416e-26
352,4255,recipe: hotair-lens,recipe,hotair-lens,False,,True,True,1.1275655576477973e-26,1.1275655553926655e-26
353,4727,recipe: tailings-dust,recipe,tailings-dust,False,,True,True,-1.0995874572121327e-26,1.0995874550129571e-26
354,4453,recipe: polybutadiene,recipe,polybutadiene,False,,True,True,-1.0682464838134364e-26,1.0682464816769428e-26
355,4291,recipe: kerosene-barrel,recipe,kerosene-barrel,False,,True,True,1.0187022993045815e-26,1.0187022972671763e-26
356,4838,recipe: zogna-bacteria,recipe,zogna-bacteria,False,,True,True,-1.0109220768239575e-26,1.0109220748021127e-26
357,3681,recipe: anthracene-oil-creosote,recipe,anthracene-oil-creosote,False,,True,True,-9.7674623939249565e-27,9.7674623743900255e-27
358,835,__pr_graph_lp_or_to_or_and__: 10015:entity-operate: py-coal-powerplant-mk01 --> fuel-category-burn: chemical:noncoproduct-route,,,True,entity-operate: py-coal-powerplant-mk01 --> fuel-category-burn: chemical,False,False,9.7110163983004991e-27,9.7110163788784611e-27
359,4370,recipe: moondrop-sample,recipe,moondrop-sample,False,,True,True,-9.6129894647921437e-27,9.6129894455661588e-27
360,4807,recipe: warm-air-1,recipe,warm-air-1,False,,True,True,-9.4717530494734287e-27,9.4717530305299168e-27
361,4725,recipe: tailings-barrel,recipe,tailings-barrel,False,,True,True,-9.2253369187455985e-27,9.225336900294919e-27
362,1404,__pr_graph_lp_or_to_or_and__: 1906:fluid: molten-salt --> entity-operate-fluid: solar-tower-building,,,True,fluid: molten-salt --> entity-operate-fluid: solar-tower-building,False,False,-9.0864633146153132e-27,9.0864632964423814e-27
363,3660,recipe: acidgas-barrel,recipe,acidgas-barrel,False,,True,True,-9.0069555258168526e-27,9.0069555078029355e-27
364,3635,logic-and: smart-farm-rennea-flowers-recipe-rennea-super-7,logic-and,smart-farm-rennea-flowers-recipe-rennea-super-7,False,,False,False,8.9936802019958143e-27,8.9936801840084491e-27
365,840,__pr_graph_lp_or_to_or_and__: 10022:entity-operate: stone-furnace --> fuel-category-burn: chemical:noncoproduct-route,,,True,entity-operate: stone-furnace --> fuel-category-burn: chemical,False,False,8.7998541311166659e-27,8.7998541135169527e-27
366,3956,recipe: cyanic-acid-01,recipe,cyanic-acid-01,False,,True,True,8.7402128316221732e-27,8.7402128141417428e-27
367,3858,recipe: carbon-dioxide-barrel,recipe,carbon-dioxide-barrel,False,,True,True,8.5740957936483185e-27,8.5740957765001217e-27
368,4568,recipe: ralesia-sample,recipe,ralesia-sample,False,,True,True,-8.4139048505578239e-27,8.4139048337300096e-27
369,3857,recipe: carbon-black,recipe,carbon-black,False,,True,True,-8.2865354606809625e-27,8.2865354441078869e-27
370,4256,recipe: hotair-molten-glass,recipe,hotair-molten-glass,False,,True,True,8.1878505741938144e-27,8.1878505578181076e-27
371,1735,__pr_graph_lp_or_to_or_and__: 3001:item: auog --> fuel-category: auog__1,,,True,item: auog --> fuel-category: auog__1,False,False,7.9999990932918603e-27,7.9999990772918568e-27
372,2278,__pr_graph_lp_or_to_or_and__: 8713:item: auog --> energy-source-burner: auog_2_1,,,True,item: auog --> energy-source-burner: auog_2_1,False,False,7.9999960599321907e-27,7.9999960439321944e-27
373,4716,recipe: subcritical-water-barrel,recipe,subcritical-water-barrel,False,,True,True,-7.9819291323171481e-27,7.9819291163532848e-27
374,851,__pr_graph_lp_or_to_or_and__: 10036:entity-operate: fluid-drill-mk01 --> fuel-category-burn: chemical:noncoproduct-route,,,True,entity-operate: fluid-drill-mk01 --> fuel-category-burn: chemical,False,False,7.9297478348491685e-27,7.9297478189896677e-27
375,4095,recipe: extract-limestone-01,recipe,extract-limestone-01,False,,True,True,-7.8966778875331013e-27,7.8966778717397406e-27
376,2398,__pr_graph_lp_or_to_or_and__: 8833:fluid: syngas --> energy-source-fluid: ,,,True,fluid: syngas --> energy-source-fluid: ,False,False,7.8685493530831646e-27,7.8685493373460618e-27
377,2399,__pr_graph_lp_or_to_or_and__: 8834:fluid: tar --> energy-source-fluid: ,,,True,fluid: tar --> energy-source-fluid: ,False,False,7.8043338137065484e-27,7.8043337980978761e-27
378,4344,recipe: methane-barrel,recipe,methane-barrel,False,,True,True,7.7838807176415316e-27,7.7838807020737649e-27
379,4119,recipe: fill-anthracene-oil-canister,recipe,fill-anthracene-oil-canister,False,,True,True,-7.6778579536413929e-27,7.6778579382856728e-27
380,4742,recipe: tar-to-carbolic,recipe,tar-to-carbolic,False,,True,True,7.5998366189239395e-27,7.5998366037242623e-27
381,4504,recipe: py-limestone,recipe,py-limestone,False,,True,True,7.5635435374425956e-27,7.5635435223155043e-27
382,4151,recipe: flue-gas-3,recipe,flue-gas-3,False,,True,True,7.3854725302348319e-27,7.385472515463883e-27
383,4816,recipe: water-from-oxygen-and-hydrogen,recipe,water-from-oxygen-and-hydrogen,False,,True,True,7.1906992677300283e-27,7.1906992533486255e-27
384,3833,recipe: breed-fish-egg-1,recipe,breed-fish-egg-1,False,,True,True,-7.0893473756378413e-27,7.0893473614591424e-27
385,3879,recipe: chloride-void-iron-oxide,recipe,chloride-void-iron-oxide,False,,True,True,-7.083257142474168e-27,7.0832571283076488e-27
386,4252,recipe: hotair-empty-petri-dish,recipe,hotair-empty-petri-dish,False,,True,True,6.6593067322692513e-27,6.6593067189506334e-27
387,4261,recipe: hydrogen,recipe,hydrogen,False,,True,True,-6.6456005495340206e-27,6.6456005362428156e-27
388,4469,recipe: pressured-air-barrel,recipe,pressured-air-barrel,False,,True,True,-6.4953596990182891e-27,6.4953596860275655e-27
389,3673,recipe: ammonia-barrel,recipe,ammonia-barrel,False,,True,True,-6.3140728677350197e-27,6.3140728551068699e-27
390,4254,recipe: hotair-iron-plate-1,recipe,hotair-iron-plate-1,False,,True,True,-6.2720716970391395e-27,6.2720716844949926e-27
391,4306,recipe: lens,recipe,lens,False,,True,True,-6.1174782359480493e-27,6.1174782237130889e-27
392,4262,recipe: hydrogen-barrel,recipe,hydrogen-barrel,False,,True,True,6.0668741394764798e-27,6.0668741273427277e-27
393,2822,__pr_graph_lp_or_to_or_and__: 9974:entity-operate: assembling-machine-1 --> fuel-category-burn: chemical:noncoproduct-route,,,True,entity-operate: assembling-machine-1 --> fuel-category-burn: chemical,False,False,5.8378886580089126e-27,5.837888646333132e-27
394,3854,recipe: carbolic-oil-barrel,recipe,carbolic-oil-barrel,False,,True,True,-5.782478328174101e-27,5.7824783166091407e-27
395,4472,recipe: pressured-water,recipe,pressured-water,False,,True,True,-5.7431119094730454e-27,5.7431118979868183e-27
396,3967,recipe: diborane-barrel,recipe,diborane-barrel,False,,True,True,-5.5609551740950412e-27,5.5609551629731277e-27
397,4144,recipe: flask,recipe,flask,False,,True,True,-5.5480872677795334e-27,5.5480872566833553e-27
398,4627,recipe: sb-oxide-01,recipe,sb-oxide-01,False,,True,True,-5.4601128340765016e-27,5.4601128231562724e-27
399,2627,__pr_graph_lp_or_to_or_and__: 9716:entity-operate: boiler --> fuel-category-burn: chemical:noncoproduct-route,,,True,entity-operate: boiler --> fuel-category-burn: chemical,False,False,5.3678770324252444e-27,5.367877021689487e-27
400,3823,recipe: boric-acid-barrel,recipe,boric-acid-barrel,False,,True,True,5.3318801621594994e-27,5.3318801514957359e-27
401,4387,recipe: naphthalene-oil-barrel,recipe,naphthalene-oil-barrel,False,,True,True,5.2579048287040541e-27,5.2579048181882412e-27
402,2316,__pr_graph_lp_or_to_or_and__: 8751:item: gunpowder --> energy-source-burner: chemical__jerry__biomass__nuke_2_1,,,True,item: gunpowder --> energy-source-burner: chemical__jerry__biomass__nuke_2_1,False,False,5.2312368853153224e-27,5.2312368748528451e-27
403,3699,recipe: auog,recipe,auog,False,,True,True,-5.0866779101566794e-27,5.0866778999833203e-27
404,4819,recipe: water-saline-barrel,recipe,water-saline-barrel,False,,True,True,-5.0478490367146164e-27,5.047849026618915e-27
405,3852,recipe: caravan,recipe,caravan,False,,True,True,-5.0300393746314292e-27,5.0300393645713471e-27
406,4634,recipe: seaweed-1,recipe,seaweed-1,False,,True,True,-5.0297614458417811e-27,5.029761435782255e-27
407,3658,recipe: acetylene-barrel,recipe,acetylene-barrel,False,,True,True,5.0270735836801799e-27,5.0270735736260298e-27
408,2188,__pr_graph_lp_or_to_or_and__: 8623:item: coal-dust --> energy-source-burner: chemical__biomass_2_1,,,True,item: coal-dust --> energy-source-burner: chemical__biomass_2_1,False,False,-4.9940670130615068e-27,4.9940670030733699e-27
409,4152,recipe: flue-gas-barrel,recipe,flue-gas-barrel,False,,True,True,-4.934191790614133e-27,4.9341917807457467e-27
410,4360,recipe: molten-iron-barrel,recipe,molten-iron-barrel,False,,True,True,4.9110704343168689e-27,4.9110704244947254e-27
411,4388,recipe: naphthalene-oil-creosote,recipe,naphthalene-oil-creosote,False,,True,True,4.8562394574881179e-27,4.856239447775636e-27
412,2332,__pr_graph_lp_or_to_or_and__: 8767:item: condensates-canister --> energy-source-burner: chemical__jerry__biomass__nuke_2_1,,,True,item: condensates-canister --> energy-source-burner: chemical__jerry__biomass__nuke_2_1,False,False,4.8328105346865257e-27,4.8328105250209015e-27
413,2333,__pr_graph_lp_or_to_or_and__: 8768:item: anthracene-oil-canister --> energy-source-burner: chemical__jerry__biomass__nuke_2_1,,,True,item: anthracene-oil-canister --> energy-source-burner: chemical__jerry__biomass__nuke_2_1,False,False,4.779349053827694e-27,4.7793490442689928e-27
414,3677,recipe: animal-sample-01,recipe,animal-sample-01,False,,True,True,-4.7541939524602659e-27,4.7541939429518747e-27
415,3807,recipe: blood-to-iron,recipe,blood-to-iron,False,,True,True,-4.5773051799236719e-27,4.5773051707690591e-27
416,4357,recipe: molten-glass-barrel,recipe,molten-glass-barrel,False,,True,True,-4.5727742286013427e-27,4.5727742194557915e-27
417,4814,recipe: waste-water-void,recipe,waste-water-void,False,,True,True,4.5655262861130685e-27,4.5655262769820129e-27
418,3991,recipe: earth-mouse-sample,recipe,earth-mouse-sample,False,,True,True,4.5453787402533204e-27,4.5453787311625605e-27
419,2273,__pr_graph_lp_or_to_or_and__: 8708:item: treated-wood --> energy-source-burner: biomass_2_1,,,True,item: treated-wood --> energy-source-burner: biomass_2_1,False,False,4.5125749726093437e-27,4.512574963584191e-27
420,4829,recipe: workers-food,recipe,workers-food,False,,True,True,-4.5097533149186085e-27,4.5097533058990993e-27
421,843,__pr_graph_lp_or_to_or_and__: 10026:entity-operate: py-burner --> fuel-category-burn: chemical:noncoproduct-route,,,True,entity-operate: py-burner --> fuel-category-burn: chemical,False,False,4.5087635436921776e-27,4.5087635346746479e-27
422,4426,recipe: pcb1,recipe,pcb1,False,,True,True,4.496268176409019e-27,4.4962681674164801e-27
423,3987,recipe: earth-flower-sample,recipe,earth-flower-sample,False,,True,True,4.4711621109804039e-27,4.4711621020380767e-27
424,4490,recipe: py-coal-powerplant-mk01,recipe,py-coal-powerplant-mk01,False,,True,True,-4.3778648401208626e-27,4.37786483136513e-27
425,4812,recipe: waste-water-barrel,recipe,waste-water-barrel,False,,True,True,4.3763106524531502e-27,4.3763106437005265e-27
426,4484,recipe: py-biomass-powerplant-mk01,recipe,py-biomass-powerplant-mk01,False,,True,True,-4.2266563273032935e-27,4.2266563188499781e-27
427,4783,recipe: vacuum-tube,recipe,vacuum-tube,False,,True,True,4.1377684925433278e-27,4.137768484267788e-27
428,2337,__pr_graph_lp_or_to_or_and__: 8772:item: middle-oil-canister --> energy-source-burner: chemical__jerry__biomass__nuke_2_1,,,True,item: middle-oil-canister --> energy-source-burner: chemical__jerry__biomass__nuke_2_1,False,False,4.094662939752177e-27,4.0946629315628485e-27
429,2331,__pr_graph_lp_or_to_or_and__: 8766:item: scrude-canister --> energy-source-burner: chemical__jerry__biomass__nuke_2_1,,,True,item: scrude-canister --> energy-source-burner: chemical__jerry__biomass__nuke_2_1,False,False,4.0313011846602291e-27,4.0313011765976242e-27
430,4502,recipe: py-iron-oxide,recipe,py-iron-oxide,False,,True,True,-3.9944352058302856e-27,3.9944351978414125e-27
431,4763,recipe: treated-wood,recipe,treated-wood,False,,True,True,3.973503072393867e-27,3.9735030644468586e-27
432,2342,__pr_graph_lp_or_to_or_and__: 8777:item: carbon-black --> energy-source-burner: chemical__jerry__biomass__nuke_2_1,,,True,item: carbon-black --> energy-source-burner: chemical__jerry__biomass__nuke_2_1,False,False,3.9385138487730482e-27,3.9385138408960178e-27
433,2318,__pr_graph_lp_or_to_or_and__: 8753:item: crushed-coal --> energy-source-burner: chemical__jerry__biomass__nuke_2_1,,,True,item: crushed-coal --> energy-source-burner: chemical__jerry__biomass__nuke_2_1,False,False,3.9085377841695785e-27,3.9085377763525009e-27
434,2277,__pr_graph_lp_or_to_or_and__: 8712:item: cellulose --> energy-source-burner: biomass_2_1,,,True,item: cellulose --> energy-source-burner: biomass_2_1,False,False,3.8959241310248006e-27,3.8959241232329498e-27
435,4283,recipe: iron-plate-1,recipe,iron-plate-1,False,,True,True,3.8653571526123582e-27,3.8653571448816418e-27
436,4231,recipe: gun-powder,recipe,gun-powder,False,,True,True,3.7717132030722326e-27,3.7717131955288039e-27
437,2341,__pr_graph_lp_or_to_or_and__: 8776:item: raw-fiber --> energy-source-burner: chemical__jerry__biomass__nuke_2_1,,,True,item: raw-fiber --> energy-source-burner: chemical__jerry__biomass__nuke_2_1,False,False,3.7267856011364042e-27,3.7267855936828309e-27
438,3964,recipe: depolymerized-organics-barrel,recipe,depolymerized-organics-barrel,False,,True,True,3.6987678192269516e-27,3.6987678118294137e-27
439,2339,__pr_graph_lp_or_to_or_and__: 8774:item: log --> energy-source-burner: chemical__jerry__biomass__nuke_2_1,,,True,item: log --> energy-source-burner: chemical__jerry__biomass__nuke_2_1,False,False,3.6033649938019326e-27,3.6033649865952001e-27
440,2313,__pr_graph_lp_or_to_or_and__: 8748:item: coal --> energy-source-burner: chemical__jerry__biomass__nuke_2_1,,,True,item: coal --> energy-source-burner: chemical__jerry__biomass__nuke_2_1,False,False,3.5944098197894958e-27,3.5944098126006741e-27
441,2270,__pr_graph_lp_or_to_or_and__: 8705:item: kerogen --> energy-source-burner: chemical_2_1,,,True,item: kerogen --> energy-source-burner: chemical_2_1,False,False,3.5855479072681066e-27,3.5855479000970085e-27
442,4779,recipe: vacuum-barrel,recipe,vacuum-barrel,False,,True,True,3.5706266230208424e-27,3.5706266158795872e-27
443,2322,__pr_graph_lp_or_to_or_and__: 8757:item: coal-gas-canister --> energy-source-burner: chemical__jerry__biomass__nuke_2_1,,,True,item: coal-gas-canister --> energy-source-burner: chemical__jerry__biomass__nuke_2_1,False,False,3.5343074181577565e-27,3.5343074110891396e-27
444,3657,recipe: acetylene,recipe,acetylene,False,,True,True,-3.5317956006434599e-27,3.5317955935798667e-27
445,3620,logic-and: smart-farm-ore-bioreserve-recipe-bioreserve-super-1,logic-and,smart-farm-ore-bioreserve-recipe-bioreserve-super-1,False,,False,False,-3.5187434245003504e-27,3.5187434174628615e-27
446,3881,recipe: chlorine-barrel,recipe,chlorine-barrel,False,,True,True,-3.4724264338640005e-27,3.4724264269191456e-27
447,4359,recipe: molten-iron-05,recipe,molten-iron-05,False,,True,True,-3.4681426125227023e-27,3.4681426055864146e-27
448,4131,recipe: fill-pitch-canister,recipe,fill-pitch-canister,False,,True,True,3.455325530449955e-27,3.4553255235393016e-27
449,4125,recipe: fill-heavy-oil-canister,recipe,fill-heavy-oil-canister,False,,True,True,3.4078600284821007e-27,3.4078600216663787e-27
450,4061,recipe: empty-petri-dish,recipe,empty-petri-dish,False,,True,True,-3.3423023582123703e-27,3.3423023515277636e-27
451,2276,__pr_graph_lp_or_to_or_and__: 8711:item: biomass --> energy-source-burner: biomass_2_1,,,True,item: biomass --> energy-source-burner: biomass_2_1,False,False,3.3336263032312438e-27,3.333626296563989e-27
452,2272,__pr_graph_lp_or_to_or_and__: 8707:item: log --> energy-source-burner: biomass_2_1,,,True,item: log --> energy-source-burner: biomass_2_1,False,False,3.3298236445179404e-27,3.3298236378582914e-27
453,3821,recipe: borax-washing,recipe,borax-washing,False,,True,True,-3.2591893543482506e-27,3.2591893478298697e-27
454,4311,recipe: light-oil-barrel,recipe,light-oil-barrel,False,,True,True,-3.2440301437865895e-27,3.2440301372985272e-27
455,4631,recipe: scrude-barrel,recipe,scrude-barrel,False,,True,True,3.2279685751232872e-27,3.227968568667348e-27
456,2340,__pr_graph_lp_or_to_or_and__: 8775:item: treated-wood --> energy-source-burner: chemical__jerry__biomass__nuke_2_1,,,True,item: treated-wood --> energy-source-burner: chemical__jerry__biomass__nuke_2_1,False,False,3.1705291880007044e-27,3.1705291816596442e-27
457,4734,recipe: tar-barrel,recipe,tar-barrel,False,,True,True,3.1323122908965164e-27,3.1323122846318898e-27
458,4243,recipe: heavy-oil-barrel,recipe,heavy-oil-barrel,False,,True,True,-3.1177494014970899e-27,3.1177493952615892e-27
459,3921,recipe: cool-steam-250-to-150,recipe,cool-steam-250-to-150,False,,True,True,-3.0997588790548919e-27,3.0997588728553725e-27
460,3855,recipe: carbolic-oil-creosote,recipe,carbolic-oil-creosote,False,,True,True,-3.0839006070202556e-27,3.0839006008524524e-27
461,3915,recipe: condensates-barrel,recipe,condensates-barrel,False,,True,True,3.0738985321600469e-27,3.073898526012248e-27
462,4324,recipe: log2,recipe,log2,False,,True,True,-2.9681082012486114e-27,2.9681081953123933e-27
463,2317,__pr_graph_lp_or_to_or_and__: 8752:item: raw-coal --> energy-source-burner: chemical__jerry__biomass__nuke_2_1,,,True,item: raw-coal --> energy-source-burner: chemical__jerry__biomass__nuke_2_1,False,False,2.8805298174336492e-27,2.8805298116725879e-27
464,4162,recipe: formic-acid-barrel,recipe,formic-acid-barrel,False,,True,True,2.8609995489411781e-27,2.8609995432191774e-27
465,4601,recipe: saline-water,recipe,saline-water,False,,True,True,-2.8474416835429864e-27,2.8474416778481012e-27
466,2335,__pr_graph_lp_or_to_or_and__: 8770:item: naphthalene-oil-canister --> energy-source-burner: chemical__jerry__biomass__nuke_2_1,,,True,item: naphthalene-oil-canister --> energy-source-burner: chemical__jerry__biomass__nuke_2_1,False,False,2.8453859524848739e-27,2.8453859467941001e-27
467,848,__pr_graph_lp_or_to_or_and__: 10032:entity-operate: burner-mining-drill --> fuel-category-burn: chemical:noncoproduct-route,,,True,entity-operate: burner-mining-drill --> fuel-category-burn: chemical,False,False,2.8350582801720104e-27,2.8350582745018921e-27
468,2319,__pr_graph_lp_or_to_or_and__: 8754:item: kerogen --> energy-source-burner: chemical__jerry__biomass__nuke_2_1,,,True,item: kerogen --> energy-source-burner: chemical__jerry__biomass__nuke_2_1,False,False,2.8266737201623752e-27,2.8266737145090262e-27
469,0,__pr_graph_lp_explicit_zero_free_source__: 11729:entity-operate: locomotive --> fuel-category-burn: chemical,,,True,explicit-zero:entity-operate: locomotive --> fuel-category-burn: chemical,False,False,2.7694945898471116e-27,2.7694945843081208e-27
470,4606,recipe: sand-casting,recipe,sand-casting,False,,True,True,2.7340504758408837e-27,2.7340504703727812e-27
471,2336,__pr_graph_lp_or_to_or_and__: 8771:item: pitch-canister --> energy-source-burner: chemical__jerry__biomass__nuke_2_1,,,True,item: pitch-canister --> energy-source-burner: chemical__jerry__biomass__nuke_2_1,False,False,2.6865687018988243e-27,2.6865686965256852e-27
472,2334,__pr_graph_lp_or_to_or_and__: 8769:item: carbolic-oil-canister --> energy-source-burner: chemical__jerry__biomass__nuke_2_1,,,True,item: carbolic-oil-canister --> energy-source-burner: chemical__jerry__biomass__nuke_2_1,False,False,2.5657853562547972e-27,2.5657853511232248e-27
473,2330,__pr_graph_lp_or_to_or_and__: 8765:item: tall-oil-canister --> energy-source-burner: chemical__jerry__biomass__nuke_2_1,,,True,item: tall-oil-canister --> energy-source-burner: chemical__jerry__biomass__nuke_2_1,False,False,2.5646577078794261e-27,2.564657702750109e-27
474,3993,recipe: earth-shroom-sample,recipe,earth-shroom-sample,False,,True,True,2.5036711388980245e-27,2.5036711338906808e-27
475,4130,recipe: fill-naphthalene-oil-canister,recipe,fill-naphthalene-oil-canister,False,,True,True,2.4874796474377495e-27,2.4874796424627886e-27
476,4121,recipe: fill-carbolic-oil-canister,recipe,fill-carbolic-oil-canister,False,,True,True,-2.4357786021297425e-27,2.4357785972581837e-27
477,2314,__pr_graph_lp_or_to_or_and__: 8749:item: coke --> energy-source-burner: chemical__jerry__biomass__nuke_2_1,,,True,item: coke --> energy-source-burner: chemical__jerry__biomass__nuke_2_1,False,False,2.4343378064982485e-27,2.4343378016295714e-27
478,2323,__pr_graph_lp_or_to_or_and__: 8758:item: syngas-canister --> energy-source-burner: chemical__jerry__biomass__nuke_2_1,,,True,item: syngas-canister --> energy-source-burner: chemical__jerry__biomass__nuke_2_1,False,False,2.4186841330375323e-27,2.4186841282001625e-27
479,4342,recipe: methanal-barrel,recipe,methanal-barrel,False,,True,True,-2.4043753806107597e-27,2.4043753758020074e-27
480,4664,recipe: sodium-alginate,recipe,sodium-alginate,False,,True,True,-2.3870104924009729e-27,2.3870104876269506e-27
481,3805,recipe: blood-barrel,recipe,blood-barrel,False,,True,True,-2.2869680926864156e-27,2.2869680881124781e-27
482,4572,recipe: rc-mk01,recipe,rc-mk01,False,,True,True,-2.1868305846763889e-27,2.1868305803027263e-27
483,4240,recipe: he-01,recipe,he-01,False,,True,True,-2.1765000246988078e-27,2.1765000203458063e-27
484,2326,__pr_graph_lp_or_to_or_and__: 8761:item: gasoline-canister --> energy-source-burner: chemical__jerry__biomass__nuke_2_1,,,True,item: gasoline-canister --> energy-source-burner: chemical__jerry__biomass__nuke_2_1,False,False,2.1547596738694871e-27,2.1547596695599665e-27
485,4133,recipe: fill-syngas-canister,recipe,fill-syngas-canister,False,,True,True,-2.1319206184075181e-27,2.1319206141436756e-27
486,4177,recipe: gasoline-barrel,recipe,gasoline-barrel,False,,True,True,2.1305975516525966e-27,2.1305975473914001e-27
487,4356,recipe: molten-glass,recipe,molten-glass,False,,True,True,-2.0966541691379855e-27,2.096654164944676e-27
488,4123,recipe: fill-condensates-canister,recipe,fill-condensates-canister,False,,True,True,2.090296440784014e-27,2.0902964366034197e-27
489,4723,recipe: syngas-barrel,recipe,syngas-barrel,False,,True,True,2.0900678186678971e-27,2.0900678144877602e-27
490,2275,__pr_graph_lp_or_to_or_and__: 8710:item: carbon-black --> energy-source-burner: biomass_2_1,,,True,item: carbon-black --> energy-source-burner: biomass_2_1,False,False,2.0533454752896711e-27,2.0533454711829789e-27
491,3985,recipe: earth-bear-sample,recipe,earth-bear-sample,False,,True,True,1.9860527606878617e-27,1.9860527567157551e-27
492,4187,recipe: geo-he-00,recipe,geo-he-00,False,,True,True,-1.9798206250500181e-27,1.9798206210903757e-27
493,4337,recipe: melamine,recipe,melamine,False,,True,True,-1.9728707545761961e-27,1.9728707506304535e-27
494,4454,recipe: polybutadiene-barrel,recipe,polybutadiene-barrel,False,,True,True,1.9647716504721282e-27,1.9647716465425838e-27
495,3706,recipe: auog-paddock-mk01,recipe,auog-paddock-mk01,False,,True,True,1.9113741059322118e-27,1.9113741021094625e-27
496,2325,__pr_graph_lp_or_to_or_and__: 8760:item: aromatics-canister --> energy-source-burner: chemical__jerry__biomass__nuke_2_1,,,True,item: aromatics-canister --> energy-source-burner: chemical__jerry__biomass__nuke_2_1,False,False,1.8933924341151991e-27,1.893392430328413e-27
497,2328,__pr_graph_lp_or_to_or_and__: 8763:item: kerosene-canister --> energy-source-burner: chemical__jerry__biomass__nuke_2_1,,,True,item: kerosene-canister --> energy-source-burner: chemical__jerry__biomass__nuke_2_1,False,False,1.8830792970259039e-27,1.8830792932597442e-27
498,4362,recipe: molten-salt,recipe,molten-salt,False,,True,True,-1.8829089255811096e-27,1.8829089218152907e-27
499,2338,__pr_graph_lp_or_to_or_and__: 8773:item: wood --> energy-source-burner: chemical__jerry__biomass__nuke_2_1,,,True,item: wood --> energy-source-burner: chemical__jerry__biomass__nuke_2_1,False,False,1.8402230637908066e-27,1.8402230601103592e-27
500,2274,__pr_graph_lp_or_to_or_and__: 8709:item: raw-fiber --> energy-source-burner: biomass_2_1,,,True,item: raw-fiber --> energy-source-burner: biomass_2_1,False,False,1.839637172806404e-27,1.8396371691271286e-27
501,4823,recipe: wood-seedling,recipe,wood-seedling,False,,True,True,-1.8080596760860609e-27,1.8080596724699403e-27
502,3900,recipe: coal-gas-void,recipe,coal-gas-void,False,,True,True,1.7884674037804371e-27,1.7884674002035012e-27
503,4599,recipe: rubber-01,recipe,rubber-01,False,,True,True,1.7825529438979671e-27,1.78255294033286e-27
504,4339,recipe: melamine-resin,recipe,melamine-resin,False,,True,True,-1.7291666115102362e-27,1.7291666080519019e-27
505,2329,__pr_graph_lp_or_to_or_and__: 8764:item: methane-canister --> energy-source-burner: chemical__jerry__biomass__nuke_2_1,,,True,item: methane-canister --> energy-source-burner: chemical__jerry__biomass__nuke_2_1,False,False,1.7082573059559115e-27,1.7082573025393958e-27
506,4134,recipe: fill-tall-oil-canister,recipe,fill-tall-oil-canister,False,,True,True,1.6941461538179556e-27,1.6941461504296624e-27
507,3680,recipe: anthracene-oil-barrel,recipe,anthracene-oil-barrel,False,,True,True,1.6790236062060419e-27,1.6790236028479937e-27
508,3800,recipe: black-liquor,recipe,black-liquor,False,,True,True,-1.6261307652560055e-27,1.6261307620037429e-27
509,3911,recipe: concrete,recipe,concrete,False,,True,True,-1.5996315514411932e-27,1.5996315482419291e-27
510,3892,recipe: clean-nexelit,recipe,clean-nexelit,False,,True,True,-1.595107097791876e-27,1.5951070946016608e-27
511,3995,recipe: electric-boiler-water-to-steam,recipe,electric-boiler-water-to-steam,False,,True,True,-1.5706760535930975e-27,1.5706760504517443e-27
512,2271,__pr_graph_lp_or_to_or_and__: 8706:item: wood --> energy-source-burner: biomass_2_1,,,True,item: wood --> energy-source-burner: biomass_2_1,False,False,1.5666817145068145e-27,1.5666817113734502e-27
513,4791,recipe: vrauks,recipe,vrauks,False,,True,True,1.5249845811946697e-27,1.5249845781446997e-27
514,4379,recipe: muddy-sludge-barrel,recipe,muddy-sludge-barrel,False,,True,True,-1.5033385154481669e-27,1.5033385124414889e-27
515,4364,recipe: moondrop-1,recipe,moondrop-1,False,,True,True,-1.4895360780018835e-27,1.4895360750228105e-27
516,4225,recipe: gravel-saline-water,recipe,gravel-saline-water,False,,True,True,-1.4839486100662484e-27,1.4839486070983502e-27
517,4653,recipe: slaughterhouse-mk01,recipe,slaughterhouse-mk01,False,,True,True,-1.4609918812383889e-27,1.4609918783164042e-27
518,2324,__pr_graph_lp_or_to_or_and__: 8759:item: tar-canister --> energy-source-burner: chemical__jerry__biomass__nuke_2_1,,,True,item: tar-canister --> energy-source-burner: chemical__jerry__biomass__nuke_2_1,False,False,1.458219911473126e-27,1.4582199085566853e-27
519,2315,__pr_graph_lp_or_to_or_and__: 8750:item: coal-dust --> energy-source-burner: chemical__jerry__biomass__nuke_2_1,,,True,item: coal-dust --> energy-source-burner: chemical__jerry__biomass__nuke_2_1,False,False,1.4572298840498143e-27,1.4572298811353536e-27
520,4128,recipe: fill-methane-canister,recipe,fill-methane-canister,False,,True,True,1.4564536957841584e-27,1.4564536928712502e-27
521,4318,recipe: liquid-manure-barrel,recipe,liquid-manure-barrel,False,,True,True,1.4166351262644229e-27,1.4166351234311518e-27
522,4290,recipe: kerogen-extraction,recipe,kerogen-extraction,False,,True,True,-1.3568153705772767e-27,1.3568153678636451e-27
523,4310,recipe: light-oil-aromatics,recipe,light-oil-aromatics,False,,True,True,-1.3513629650813987e-27,1.351362962378672e-27
524,4818,recipe: water-saline,recipe,water-saline,False,,True,True,-1.3406254947590512e-27,1.3406254920777994e-27
525,4132,recipe: fill-scrude-canister,recipe,fill-scrude-canister,False,,True,True,1.3356618820442848e-27,1.3356618793729603e-27
526,4667,recipe: sodium-hydroxide-void,recipe,sodium-hydroxide-void,False,,True,True,-1.3347240632586355e-27,1.3347240605891866e-27
527,2327,__pr_graph_lp_or_to_or_and__: 8762:item: acetylene-canister --> energy-source-burner: chemical__jerry__biomass__nuke_2_1,,,True,item: acetylene-canister --> energy-source-burner: chemical__jerry__biomass__nuke_2_1,False,False,1.3166459899395533e-27,1.3166459873062605e-27
528,2320,__pr_graph_lp_or_to_or_and__: 8755:item: heavy-oil-canister --> energy-source-burner: chemical__jerry__biomass__nuke_2_1,,,True,item: heavy-oil-canister --> energy-source-burner: chemical__jerry__biomass__nuke_2_1,False,False,1.3107058253996831e-27,1.3107058227782706e-27
529,4565,recipe: ralesia-plantation-mk01,recipe,ralesia-plantation-mk01,False,,True,True,1.2713867449328647e-27,1.2713867423900905e-27
530,4494,recipe: py-deposit-basic,recipe,py-deposit-basic,False,,True,True,-1.259291847161827e-27,1.2592918446432424e-27
531,4676,recipe: solid-separator,recipe,solid-separator,False,,True,True,-1.2265294813912856e-27,1.2265294789382259e-27
532,3748,recipe: biomass-blood,recipe,biomass-blood,False,,True,True,-1.1773515104949455e-27,1.1773515081402417e-27
533,4833,recipe: yaw-drive-mk01,recipe,yaw-drive-mk01,False,,True,True,-1.172299070069969e-27,1.1722990677253702e-27
534,4434,recipe: phytoplankton,recipe,phytoplankton,False,,True,True,-1.1681493017592022e-27,1.1681492994229029e-27
535,4729,recipe: tailings-pond,recipe,tailings-pond,False,,True,True,-1.1680398875388705e-27,1.16803988520279e-27
536,4690,recipe: steam-turbine-mk01,recipe,steam-turbine-mk01,False,,True,True,-1.1323069264801715e-27,1.132306924215557e-27
537,3801,recipe: black-liquor-barrel,recipe,black-liquor-barrel,False,,True,True,1.0582203711361902e-27,1.0582203690197488e-27
538,3972,recipe: dino-dig-site,recipe,dino-dig-site,False,,True,True,-1.0563933960219505e-27,1.056393393909163e-27
539,3874,recipe: chipshooter-mk01,recipe,chipshooter-mk01,False,,True,True,-1.0472370161447849e-27,1.0472370140503103e-27
540,3718,recipe: automated-screener-mk01,recipe,automated-screener-mk01,False,,True,True,-1.0339825753522957e-27,1.03398257328433e-27
541,4740,recipe: tar-refining,recipe,tar-refining,False,,True,True,1.0331317098007376e-27,1.0331317077344735e-27
542,4466,recipe: prandium-lab-mk01,recipe,prandium-lab-mk01,False,,True,True,-1.0326310247234597e-27,1.0326310226581971e-27
543,4550,recipe: pyphoon-bay,recipe,pyphoon-bay,False,,True,True,1.0071137954730114e-27,1.0071137934587833e-27
544,4715,recipe: subcritical-water-01,recipe,subcritical-water-01,False,,True,True,-9.8816253148566637e-28,9.8816252950934066e-28
545,4181,recipe: gearbox-mk01,recipe,gearbox-mk01,False,,True,True,-9.6852376104364595e-28,9.6852375910659785e-28
546,4839,recipe: zogna-bacteria-barrel,recipe,zogna-bacteria-barrel,False,,True,True,9.6046995464413971e-28,9.6046995272319924e-28
547,4127,recipe: fill-light-oil-canister,recipe,fill-light-oil-canister,False,,True,True,-9.4070596411742364e-28,9.4070596223601118e-28
548,2344,__pr_graph_lp_or_to_or_and__: 8779:item: cellulose --> energy-source-burner: chemical__jerry__biomass__nuke_2_1,,,True,item: cellulose --> energy-source-burner: chemical__jerry__biomass__nuke_2_1,False,False,9.4027126737015285e-28,9.4027126548960977e-28
549,3896,recipe: coal-gas-barrel,recipe,coal-gas-barrel,False,,True,True,9.38994196047566e-28,9.3899419416957709e-28
550,4118,recipe: fill-acetylene-canister,recipe,fill-acetylene-canister,False,,True,True,9.3874990180572573e-28,9.3874989992822542e-28
551,4741,recipe: tar-refining-tops,recipe,tar-refining-tops,False,,True,True,-9.3338543954728737e-28,9.3338543768051585e-28
552,4546,recipe: py-warehouse-basic,recipe,py-warehouse-basic,False,,True,True,-9.3178396456609521e-28,9.3178396270252663e-28
553,4492,recipe: py-construction-robot-mk01,recipe,py-construction-robot-mk01,False,,True,True,-8.5960460899298177e-28,8.5960460727377196e-28
554,2202,__pr_graph_lp_or_to_or_and__: 8637:item: coal-dust --> energy-source-burner: chemical__biomass__jerry_2_1,,,True,item: coal-dust --> energy-source-burner: chemical__biomass__jerry_2_1,False,False,8.2842582529429383e-28,8.2842582363744175e-28
555,4385,recipe: nacelle-mk01,recipe,nacelle-mk01,False,,True,True,-8.283280653652617e-28,8.2832806370860513e-28
556,4732,recipe: tall-oil-barrel,recipe,tall-oil-barrel,False,,True,True,-8.2621287378061151e-28,8.262128721281853e-28
557,4126,recipe: fill-kerosene-canister,recipe,fill-kerosene-canister,False,,True,True,8.2427701280120548e-28,8.2427701115265088e-28
558,4721,recipe: sulfur-void-tar,recipe,sulfur-void-tar,False,,True,True,-8.2309316356206761e-28,8.2309316191588082e-28
559,4445,recipe: pitch-refining,recipe,pitch-refining,False,,True,True,7.8923082887070758e-28,7.8923082729224544e-28
560,2321,__pr_graph_lp_or_to_or_and__: 8756:item: light-oil-canister --> energy-source-burner: chemical__jerry__biomass__nuke_2_1,,,True,item: light-oil-canister --> energy-source-burner: chemical__jerry__biomass__nuke_2_1,False,False,7.831588297266075e-28,7.8315882816028935e-28
561,4577,recipe: refined-concrete,recipe,refined-concrete,False,,True,True,-7.6174937810825375e-28,7.6174937658475453e-28
562,4683,recipe: spore-collector-mk01,recipe,spore-collector-mk01,False,,True,True,-7.5697742342235438e-28,7.5697742190839906e-28
563,4113,recipe: fertilizer-4,recipe,fertilizer-4,False,,True,True,7.5300072286371999e-28,7.5300072135771812e-28
564,4508,recipe: py-oil-powerplant-mk01,recipe,py-oil-powerplant-mk01,False,,True,True,7.4524581275182925e-28,7.4524581126133717e-28
565,3868,recipe: centrifuge-mk01,recipe,centrifuge-mk01,False,,True,True,-7.4254218361751724e-28,7.4254218213243243e-28
566,3704,recipe: auog-maturing-1,recipe,auog-maturing-1,False,,True,True,7.2292041324818027e-28,7.2292041180233899e-28
567,4815,recipe: water-barrel,recipe,water-barrel,False,,True,True,-7.2046773356060239e-28,7.204677321196665e-28
568,4446,recipe: plankton-farm,recipe,plankton-farm,False,,True,True,-7.1499181243454342e-28,7.1499181100455936e-28
569,4443,recipe: pitch-barrel,recipe,pitch-barrel,False,,True,True,7.0731498003575918e-28,7.0731497862112878e-28
570,4662,recipe: smelter-mk01,recipe,smelter-mk01,False,,True,True,-6.904082190815123e-28,6.9040821770069548e-28
571,4245,recipe: heavy-oil-refinery-mk01,recipe,heavy-oil-refinery-mk01,False,,True,True,-6.7791546723633968e-28,6.779154658805083e-28
572,4141,recipe: fish-oil-barrel,recipe,fish-oil-barrel,False,,True,True,-6.6215527339331735e-28,6.6215527206900636e-28
573,4552,recipe: quenching-tower,recipe,quenching-tower,False,,True,True,-6.6042803884326851e-28,6.6042803752241202e-28
574,4171,recipe: fwf-mk01,recipe,fwf-mk01,False,,True,True,-6.5795556056422333e-28,6.5795555924831179e-28
575,4122,recipe: fill-coal-gas-canister,recipe,fill-coal-gas-canister,False,,True,True,6.5606985819738256e-28,6.5606985688524247e-28
576,3959,recipe: data-array,recipe,data-array,False,,True,True,-6.524131511755047e-28,6.5241314987067799e-28
577,4088,recipe: engine-unit-2,recipe,engine-unit-2,False,,True,True,-6.4147821835518901e-28,6.4147821707223215e-28
578,2621,__pr_graph_lp_or_to_or_and__: 9709:fluid-temperature: steam: 500 --> fluid-temperature-range: steam: nil: nil:noncoproduct-route,,,True,fluid-temperature: steam: 500 --> fluid-temperature-range: steam: nil: nil,False,False,-6.3922190869883083e-28,6.3922190742038665e-28
579,4496,recipe: py-electric-boiler,recipe,py-electric-boiler,False,,True,True,-6.3123538432390029e-28,6.3123538306142912e-28
580,4700,recipe: stone-brick-2,recipe,stone-brick-2,False,,True,True,6.2873279996250742e-28,6.2873279870504145e-28
581,4378,recipe: muddy-sludge,recipe,muddy-sludge,False,,True,True,-6.2544030188387649e-28,6.2544030063299551e-28
582,4450,recipe: plasmids,recipe,plasmids,False,,True,True,6.1673818002687743e-28,6.1673817879340072e-28
583,4482,recipe: py-asphalt,recipe,py-asphalt,False,,True,True,6.1525418443514588e-28,6.1525418320463714e-28
584,2207,__pr_graph_lp_or_to_or_and__: 8642:item: wood --> energy-source-burner: chemical__biomass__jerry_2_1,,,True,item: wood --> energy-source-burner: chemical__biomass__jerry_2_1,False,False,6.0532632296972132e-28,6.0532632175906832e-28
585,4416,recipe: outpost,recipe,outpost,False,,True,True,-5.9624172412145159e-28,5.9624172292896776e-28
586,4520,recipe: py-sinkhole,recipe,py-sinkhole,False,,True,True,-5.8284764561103747e-28,5.828476444453418e-28
587,4190,recipe: geothermal-water-barrel,recipe,geothermal-water-barrel,False,,True,True,5.7721980629157645e-28,5.7721980513713647e-28
588,2225,__pr_graph_lp_or_to_or_and__: 8660:item: scrude-canister --> energy-source-burner: chemical__biomass__jerry_2_1,,,True,item: scrude-canister --> energy-source-burner: chemical__biomass__jerry_2_1,False,False,5.7719969643922652e-28,5.771996952848268e-28
589,3947,recipe: creamy-latex-barrel,recipe,creamy-latex-barrel,False,,True,True,5.6612442148848748e-28,5.6612442035623833e-28
590,4424,recipe: pcb-factory-mk01,recipe,pcb-factory-mk01,False,,True,True,-5.5370822633179666e-28,5.5370822522437986e-28
591,3951,recipe: creosote-barrel,recipe,creosote-barrel,False,,True,True,5.49511469900645e-28,5.4951146880162172e-28
592,4156,recipe: fluid-drill-mk02,recipe,fluid-drill-mk02,False,,True,True,-5.4909627444325382e-28,5.4909627334506092e-28
593,4773,recipe: urea-from-liquid-manure,recipe,urea-from-liquid-manure,False,,True,True,5.4822937013559805e-28,5.4822936903913899e-28
594,4403,recipe: oil-boiler-mk01,recipe,oil-boiler-mk01,False,,True,True,-5.4631613042320659e-28,5.4631612933057395e-28
595,4756,recipe: tower-mk01,recipe,tower-mk01,False,,True,True,-5.4132155152028459e-28,5.4132155043764113e-28
596,4092,recipe: evaporator,recipe,evaporator,False,,True,True,-5.3783446481060819e-28,5.3783446373493893e-28
597,2612,__pr_graph_lp_or_to_or_and__: 9698:fluid-temperature: steam: 150 --> fluid-temperature-range: steam: nil: nil:noncoproduct-route,,,True,fluid-temperature: steam: 150 --> fluid-temperature-range: steam: nil: nil,False,False,-5.3292349386120117e-28,5.3292349279535383e-28
598,2696,__pr_graph_lp_or_to_or_and__: 9809:fluid-temperature: pressured-steam: 1000 --> fluid: pressured-steam:noncoproduct-route,,,True,fluid-temperature: pressured-steam: 1000 --> fluid: pressured-steam,False,False,5.2733542329684752e-28,5.2733542224217639e-28
599,2209,__pr_graph_lp_or_to_or_and__: 8644:item: treated-wood --> energy-source-burner: chemical__biomass__jerry_2_1,,,True,item: treated-wood --> energy-source-burner: chemical__biomass__jerry_2_1,False,False,5.2385000644227607e-28,5.2385000539457574e-28
600,2213,__pr_graph_lp_or_to_or_and__: 8648:item: cellulose --> energy-source-burner: chemical__biomass__jerry_2_1,,,True,item: cellulose --> energy-source-burner: chemical__biomass__jerry_2_1,False,False,5.1242557292789948e-28,5.1242557190304799e-28
601,4638,recipe: secondary-crusher-mk01,recipe,secondary-crusher-mk01,False,,True,True,-5.0945895406273729e-28,5.0945895304381906e-28
602,3722,recipe: ball-mill-mk01,recipe,ball-mill-mk01,False,,True,True,-5.0111045700941591e-28,5.0111045600719469e-28
603,3684,recipe: antimony-drill-mk01,recipe,antimony-drill-mk01,False,,True,True,-4.9889386365236275e-28,4.9889386265457475e-28
604,2616,__pr_graph_lp_or_to_or_and__: 9703:fluid-temperature: steam: 250 --> fluid-temperature-range: steam: nil: nil:noncoproduct-route,,,True,fluid-temperature: steam: 250 --> fluid-temperature-range: steam: nil: nil,False,False,-4.960484496673904e-28,4.9604844867529324e-28
605,4581,recipe: reformer-mk01,recipe,reformer-mk01,False,,True,True,-4.8671744196360305e-28,4.8671744099016787e-28
606,2211,__pr_graph_lp_or_to_or_and__: 8646:item: carbon-black --> energy-source-burner: chemical__biomass__jerry_2_1,,,True,item: carbon-black --> energy-source-burner: chemical__biomass__jerry_2_1,False,False,4.8540238797535748e-28,4.8540238700455243e-28
607,4391,recipe: nco-py-crane-mk1,recipe,nco-py-crane-mk1,False,,True,True,-4.8485605460648276e-28,4.8485605363677032e-28
608,4435,recipe: phytoplankton-barrel,recipe,phytoplankton-barrel,False,,True,True,-4.8040323725375139e-28,4.8040323629294466e-28
609,2707,__pr_graph_lp_or_to_or_and__: 9823:fluid-temperature: molten-aluminium: 10 --> fluid-temperature-range: molten-aluminium: nil: nil:noncoproduct-route,,,True,fluid-temperature: molten-aluminium: 10 --> fluid-temperature-range: molten-aluminium: nil: nil,False,False,-4.7912841644046012e-28,4.79128415482203e-28
610,2210,__pr_graph_lp_or_to_or_and__: 8645:item: raw-fiber --> energy-source-burner: chemical__biomass__jerry_2_1,,,True,item: raw-fiber --> energy-source-burner: chemical__biomass__jerry_2_1,False,False,4.7426124436823889e-28,4.7426124341971615e-28
611,2205,__pr_graph_lp_or_to_or_and__: 8640:item: crushed-coal --> energy-source-burner: chemical__biomass__jerry_2_1,,,True,item: crushed-coal --> energy-source-burner: chemical__biomass__jerry_2_1,False,False,4.5381752880900621e-28,4.5381752790137089e-28
612,2230,__pr_graph_lp_or_to_or_and__: 8665:item: pitch-canister --> energy-source-burner: chemical__biomass__jerry_2_1,,,True,item: pitch-canister --> energy-source-burner: chemical__biomass__jerry_2_1,False,False,4.4452882438103756e-28,4.4452882349197965e-28
613,4100,recipe: fawogae-plantation-mk01,recipe,fawogae-plantation-mk01,False,,True,True,4.4244565812460363e-28,4.4244565723971203e-28
614,2231,__pr_graph_lp_or_to_or_and__: 8666:item: middle-oil-canister --> energy-source-burner: chemical__biomass__jerry_2_1,,,True,item: middle-oil-canister --> energy-source-burner: chemical__biomass__jerry_2_1,False,False,4.4034560778539175e-28,4.4034560690470028e-28
615,2697,__pr_graph_lp_or_to_or_and__: 9810:fluid-temperature: pressured-steam: 1000 --> fluid-temperature-range: pressured-steam: nil: nil:noncoproduct-route,,,True,fluid-temperature: pressured-steam: 1000 --> fluid-temperature-range: pressured-steam: nil: nil,False,False,4.3674537397345832e-28,4.3674537309996733e-28
616,2204,__pr_graph_lp_or_to_or_and__: 8639:item: raw-coal --> energy-source-burner: chemical__biomass__jerry_2_1,,,True,item: raw-coal --> energy-source-burner: chemical__biomass__jerry_2_1,False,False,4.3629404132345579e-28,4.3629404045086746e-28
617,3886,recipe: classifier,recipe,classifier,False,,True,True,-4.3479460214337883e-28,4.3479460127378932e-28
618,3946,recipe: creamy-latex,recipe,creamy-latex,False,,True,True,-4.345719681993512e-28,4.3457196733020697e-28
619,4770,recipe: upgrader-mk01,recipe,upgrader-mk01,False,,True,True,-4.2686149471151163e-28,4.2686149385778841e-28
620,2218,__pr_graph_lp_or_to_or_and__: 8653:item: tar-canister --> energy-source-burner: chemical__biomass__jerry_2_1,,,True,item: tar-canister --> energy-source-burner: chemical__biomass__jerry_2_1,False,False,4.2601408295610351e-28,4.2601408210407512e-28
621,4351,recipe: mixer-mk01,recipe,mixer-mk01,False,,True,True,-4.2534451510696743e-28,4.253445142562781e-28
622,4548,recipe: py-ze,recipe,py-ze,False,,True,True,-4.1827716484390059e-28,4.1827716400734603e-28
623,4575,recipe: rectisol,recipe,rectisol,False,,True,True,-4.1361087886074006e-28,4.1361087803351801e-28
624,3736,recipe: bio-reactor-mk01,recipe,bio-reactor-mk01,False,,True,True,-4.1214426209681124e-28,4.1214426127252246e-28
625,4522,recipe: py-storehouse-basic,recipe,py-storehouse-basic,False,,True,True,-4.1090716010997325e-28,4.1090715928815865e-28
626,2229,__pr_graph_lp_or_to_or_and__: 8664:item: naphthalene-oil-canister --> energy-source-burner: chemical__biomass__jerry_2_1,,,True,item: naphthalene-oil-canister --> energy-source-burner: chemical__biomass__jerry_2_1,False,False,4.0028390237928282e-28,4.0028390157871477e-28
627,4589,recipe: retorter,recipe,retorter,False,,True,True,-3.9497813155688016e-28,3.9497813076692364e-28
628,4367,recipe: moondrop-greenhouse-mk01,recipe,moondrop-greenhouse-mk01,False,,True,True,-3.8124704663539071e-28,3.8124704587289637e-28
629,2343,__pr_graph_lp_or_to_or_and__: 8778:item: biomass --> energy-source-burner: chemical__jerry__biomass__nuke_2_1,,,True,item: biomass --> energy-source-burner: chemical__jerry__biomass__nuke_2_1,False,False,3.7698341215328458e-28,3.7698341139931753e-28
630,2217,__pr_graph_lp_or_to_or_and__: 8652:item: syngas-canister --> energy-source-burner: chemical__biomass__jerry_2_1,,,True,item: syngas-canister --> energy-source-burner: chemical__biomass__jerry_2_1,False,False,3.7673634583761513e-28,3.767363450841422e-28
631,2226,__pr_graph_lp_or_to_or_and__: 8661:item: condensates-canister --> energy-source-burner: chemical__biomass__jerry_2_1,,,True,item: condensates-canister --> energy-source-burner: chemical__biomass__jerry_2_1,False,False,3.6871958092680096e-28,3.6871958018936157e-28
632,3943,recipe: cottongut-science-red-seeds,recipe,cottongut-science-red-seeds,False,,True,True,3.6536190788272754e-28,3.6536190715200348e-28
633,2203,__pr_graph_lp_or_to_or_and__: 8638:item: gunpowder --> energy-source-burner: chemical__biomass__jerry_2_1,,,True,item: gunpowder --> energy-source-burner: chemical__biomass__jerry_2_1,False,False,3.6522920292906299e-28,3.6522920219860435e-28
634,4164,recipe: formica,recipe,formica,False,,True,True,-3.6291521620210141e-28,3.6291521547627078e-28
635,4259,recipe: hydroclassifier-mk01,recipe,hydroclassifier-mk01,False,,True,True,-3.5861723907946528e-28,3.586172383622306e-28
636,4150,recipe: flue-gas-1,recipe,flue-gas-1,False,,True,True,-3.5703364758093182e-28,3.570336468668643e-28
637,4808,recipe: warm-stone-brick-1,recipe,warm-stone-brick-1,False,,True,True,-3.5502719017574681e-28,3.5502718946569219e-28
638,4003,recipe: electronics-factory-mk01,recipe,electronics-factory-mk01,False,,True,True,-3.5290852275863914e-28,3.5290852205282188e-28
639,3889,recipe: clay-pit-mk01,recipe,clay-pit-mk01,False,,True,True,-3.5066105110765035e-28,3.5066105040632805e-28
640,3949,recipe: creature-chamber-mk01,recipe,creature-chamber-mk01,False,,True,True,-3.5061339836392455e-28,3.5061339766269753e-28
641,4629,recipe: scrubber-mk01,recipe,scrubber-mk01,False,,True,True,-3.4651327646754901e-28,3.4651327577452226e-28
642,4428,recipe: personal-roboport-equipment,recipe,personal-roboport-equipment,False,,True,True,-3.4186397964607255e-28,3.4186397896234436e-28
643,2228,__pr_graph_lp_or_to_or_and__: 8663:item: carbolic-oil-canister --> energy-source-burner: chemical__biomass__jerry_2_1,,,True,item: carbolic-oil-canister --> energy-source-burner: chemical__biomass__jerry_2_1,False,False,3.2238419102995683e-28,3.2238419038518824e-28
644,4605,recipe: sand-brick,recipe,sand-brick,False,,True,True,3.1815082396610829e-28,3.1815082332980646e-28
645,4473,recipe: pressured-water-barrel,recipe,pressured-water-barrel,False,,True,True,-3.1782320198040481e-28,3.178232013447582e-28
646,4745,recipe: tidal-mk01,recipe,tidal-mk01,False,,True,True,-3.0732403084143663e-28,3.0732403022678838e-28
647,4642,recipe: shaft-mk01,recipe,shaft-mk01,False,,True,True,-3.0020942035419896e-28,3.0020941975377992e-28
648,4612,recipe: sap-extractor-mk01,recipe,sap-extractor-mk01,False,,True,True,2.9759401791256297e-28,2.9759401731737475e-28
649,4486,recipe: py-burner,recipe,py-burner,False,,True,True,-2.9142588171301121e-28,2.9142588113015925e-28
650,4585,recipe: research-center-mk01,recipe,research-center-mk01,False,,True,True,-2.8972143791649684e-28,2.8972143733705378e-28
651,3827,recipe: botanical-nursery,recipe,botanical-nursery,False,,True,True,-2.8908137417600011e-28,2.8908137359783719e-28
652,3872,recipe: chemical-plant-mk01,recipe,chemical-plant-mk01,False,,True,True,-2.8388886126565994e-28,2.8388886069788205e-28
653,2221,__pr_graph_lp_or_to_or_and__: 8656:item: acetylene-canister --> energy-source-burner: chemical__biomass__jerry_2_1,,,True,item: acetylene-canister --> energy-source-burner: chemical__biomass__jerry_2_1,False,False,2.8307887371547712e-28,2.8307887314931922e-28
654,2216,__pr_graph_lp_or_to_or_and__: 8651:item: coal-gas-canister --> energy-source-burner: chemical__biomass__jerry_2_1,,,True,item: coal-gas-canister --> energy-source-burner: chemical__biomass__jerry_2_1,False,False,2.8302059566873088e-28,2.8302059510268952e-28
655,2640,__pr_graph_lp_or_to_or_and__: 9734:fluid-temperature: carbon-dioxide: 15 --> fluid-temperature-range: carbon-dioxide: nil: nil:noncoproduct-route,,,True,fluid-temperature: carbon-dioxide: 15 --> fluid-temperature-range: carbon-dioxide: nil: nil,False,False,-2.8265221532356576e-28,2.8265221475826116e-28
656,2655,__pr_graph_lp_or_to_or_and__: 9754:fluid-temperature: muddy-sludge: 10 --> fluid-temperature-range: muddy-sludge: nil: nil:noncoproduct-route,,,True,fluid-temperature: muddy-sludge: 10 --> fluid-temperature-range: muddy-sludge: nil: nil,False,False,2.8230546997782025e-28,2.8230546941320912e-28
657,3708,recipe: auog-pooping-1,recipe,auog-pooping-1,False,,True,True,2.7413950961690012e-28,2.7413950906862096e-28
658,4297,recipe: landfill,recipe,landfill,False,,True,True,2.7309855346000831e-28,2.7309855291381105e-28
659,4542,recipe: py-tank-9000,recipe,py-tank-9000,False,,True,True,-2.7198881068615555e-28,2.7198881014217776e-28
660,4349,recipe: middle-oil-barrel,recipe,middle-oil-barrel,False,,True,True,2.7177412186386088e-28,2.7177412132031245e-28
661,4608,recipe: sand-classification,recipe,sand-classification,False,,True,True,2.7148224174357701e-28,2.7148224120061238e-28
662,2223,__pr_graph_lp_or_to_or_and__: 8658:item: methane-canister --> energy-source-burner: chemical__biomass__jerry_2_1,,,True,item: methane-canister --> energy-source-burner: chemical__biomass__jerry_2_1,False,False,2.7104091311450544e-28,2.7104091257242347e-28
663,3730,recipe: battery-mk01,recipe,battery-mk01,False,,True,True,2.6901362334760533e-28,2.6901362280957792e-28
664,4722,recipe: syngas,recipe,syngas,False,,True,True,-2.6830963541910191e-28,2.6830963488248249e-28
665,4287,recipe: jaw-crusher,recipe,jaw-crusher,False,,True,True,-2.6711607741766249e-28,2.6711607688343016e-28
666,4593,recipe: rhe,recipe,rhe,False,,True,True,-2.6576148777863032e-28,2.6576148724710719e-28
667,3725,recipe: barrel-machine-mk01,recipe,barrel-machine-mk01,False,,True,True,-2.6502497079007282e-28,2.6502497026002273e-28
668,4736,recipe: tar-processing-unit,recipe,tar-processing-unit,False,,True,True,-2.6206286550973441e-28,2.6206286498560851e-28
669,3609,logic-and: smart-farm-grod-flower-recipe-grod-super-1,logic-and,smart-farm-grod-flower-recipe-grod-super-1,False,,False,False,2.6091322539814162e-28,2.6091322487631502e-28
670,2219,__pr_graph_lp_or_to_or_and__: 8654:item: aromatics-canister --> energy-source-burner: chemical__biomass__jerry_2_1,,,True,item: aromatics-canister --> energy-source-burner: chemical__biomass__jerry_2_1,False,False,2.5670271809549324e-28,2.5670271758208766e-28
671,4458,recipe: portable-gasoline-generator,recipe,portable-gasoline-generator,False,,True,True,-2.5387646539124339e-28,2.5387646488349032e-28
672,4514,recipe: py-roboport-mk01,recipe,py-roboport-mk01,False,,True,True,-2.5272251067223169e-28,2.5272251016678652e-28
673,3909,recipe: compost-plant-mk01,recipe,compost-plant-mk01,False,,True,True,-2.5168714576144806e-28,2.5168714525807363e-28
674,4417,recipe: outpost-fluid,recipe,outpost-fluid,False,,True,True,-2.5007204302472368e-28,2.5007204252457945e-28
675,2222,__pr_graph_lp_or_to_or_and__: 8657:item: kerosene-canister --> energy-source-burner: chemical__biomass__jerry_2_1,,,True,item: kerosene-canister --> energy-source-burner: chemical__biomass__jerry_2_1,False,False,2.4465703301540261e-28,2.4465703252608838e-28
676,3860,recipe: cargo-wagon,recipe,cargo-wagon,False,,True,True,-2.4219213429395747e-28,2.4219213380957308e-28
677,4185,recipe: genlab-mk01,recipe,genlab-mk01,False,,True,True,-2.412906204584575e-28,2.4129061997587609e-28
678,3944,recipe: cracker-mk01,recipe,cracker-mk01,False,,True,True,-2.4119899211471042e-28,2.4119899163231228e-28
679,4602,recipe: salt-mine,recipe,salt-mine,False,,True,True,-2.4115736574989293e-28,2.4115736526757806e-28
680,3662,recipe: advanced-foundry-mk01,recipe,advanced-foundry-mk01,False,,True,True,-2.4081547562332889e-28,2.4081547514169781e-28
681,4810,recipe: washer,recipe,washer,False,,True,True,-2.2734478116405703e-28,2.2734478070936733e-28
682,2631,__pr_graph_lp_or_to_or_and__: 9722:fluid-temperature: heavy-oil: 25 --> fluid-temperature-range: heavy-oil: nil: nil:noncoproduct-route,,,True,fluid-temperature: heavy-oil: 25 --> fluid-temperature-range: heavy-oil: nil: nil,False,False,-2.2124262687189197e-28,2.2124262642940657e-28
683,4512,recipe: py-recharge-station-mk01,recipe,py-recharge-station-mk01,False,,True,True,-2.1473439310794999e-28,2.1473439267848106e-28
684,4124,recipe: fill-gasoline-canister,recipe,fill-gasoline-canister,False,,True,True,2.1431286927154718e-28,2.1431286884292133e-28
685,3983,recipe: eaf-mk01,recipe,eaf-mk01,False,,True,True,-2.1256748314215023e-28,2.1256748271701516e-28
686,3830,recipe: brake-mk01,recipe,brake-mk01,False,,True,True,-2.1255315577582697e-28,2.1255315535072055e-28
687,2691,__pr_graph_lp_or_to_or_and__: 9802:fluid-temperature: waste-water: 10 --> fluid-temperature-range: waste-water: nil: nil:noncoproduct-route,,,True,fluid-temperature: waste-water: 10 --> fluid-temperature-range: waste-water: nil: nil,False,False,-2.103930104138888e-28,2.1039300999310263e-28
688,3742,recipe: biofactory-mk01,recipe,biofactory-mk01,False,,True,True,-2.0826039168482903e-28,2.0826039126830811e-28
689,4168,recipe: full-render-cottongut,recipe,full-render-cottongut,False,,True,True,2.0817699763241066e-28,2.0817699721605655e-28
690,4347,recipe: micro-mine-mk01,recipe,micro-mine-mk01,False,,True,True,-2.0763112460157127e-28,2.0763112418630891e-28
691,3688,recipe: aromatics-barrel,recipe,aromatics-barrel,False,,True,True,-2.0572026807333338e-28,2.0572026766189273e-28
692,3652,recipe: Moss-2,recipe,Moss-2,False,,True,True,-2.0470400371182965e-28,2.0470400330242154e-28
693,2637,__pr_graph_lp_or_to_or_and__: 9730:fluid-temperature: acidgas: 15 --> fluid-temperature-range: acidgas: nil: nil:noncoproduct-route,,,True,fluid-temperature: acidgas: 15 --> fluid-temperature-range: acidgas: nil: nil,False,False,2.0379656028004629e-28,2.0379655987245305e-28
694,2713,__pr_graph_lp_or_to_or_and__: 9831:fluid-temperature: chlorine: 15 --> fluid-temperature-range: chlorine: nil: nil:noncoproduct-route,,,True,fluid-temperature: chlorine: 15 --> fluid-temperature-range: chlorine: nil: nil,False,False,2.03578389586249e-28,2.0357838917909211e-28
695,4195,recipe: glassworks-mk01,recipe,glassworks-mk01,False,,True,True,-1.9865310634871745e-28,1.9865310595141111e-28
696,3895,recipe: coal-gas,recipe,coal-gas,False,,True,True,1.9738700989547986e-28,1.9738700950070572e-28
697,2753,__pr_graph_lp_or_to_or_and__: 9883:fluid-temperature: acetone: 15 --> fluid-temperature-range: acetone: nil: nil:noncoproduct-route,,,True,fluid-temperature: acetone: 15 --> fluid-temperature-range: acetone: nil: nil,False,False,-1.964334594571393e-28,1.9643345906427227e-28
698,4264,recipe: impact-crusher-mk01,recipe,impact-crusher-mk01,False,,True,True,-1.9427230184995958e-28,1.9427230146141485e-28
699,4158,recipe: fluid-wagon,recipe,fluid-wagon,False,,True,True,-1.942505465671545e-28,1.9425054617865329e-28
700,4175,recipe: gasifier,recipe,gasifier,False,,True,True,-1.9205843132146962e-28,1.9205843093735263e-28
701,2816,__pr_graph_lp_or_to_or_and__: 9966:fluid-temperature: molten-salt: 1000 --> fluid-temperature-range: molten-salt: nil: nil:noncoproduct-route,,,True,fluid-temperature: molten-salt: 1000 --> fluid-temperature-range: molten-salt: nil: nil,False,False,-1.9095222110459514e-28,1.9095222072269059e-28
702,2777,__pr_graph_lp_or_to_or_and__: 9915:fluid-temperature: naphthalene-oil: 10 --> fluid-temperature-range: naphthalene-oil: nil: nil:noncoproduct-route,,,True,fluid-temperature: naphthalene-oil: 10 --> fluid-temperature-range: naphthalene-oil: nil: nil,False,False,-1.9092411610847202e-28,1.9092411572662368e-28
703,2201,__pr_graph_lp_or_to_or_and__: 8636:item: coke --> energy-source-burner: chemical__biomass__jerry_2_1,,,True,item: coke --> energy-source-burner: chemical__biomass__jerry_2_1,False,False,1.9044162756175235e-28,1.9044162718086898e-28
704,2735,__pr_graph_lp_or_to_or_and__: 9859:fluid-temperature: methane: 15 --> fluid-temperature-range: methane: nil: nil:noncoproduct-route,,,True,fluid-temperature: methane: 15 --> fluid-temperature-range: methane: nil: nil,False,False,-1.8972330956489847e-28,1.8972330918545173e-28
705,4333,recipe: mechanical-parts-01,recipe,mechanical-parts-01,False,,True,True,-1.8957998085901849e-28,1.895799804798584e-28
706,4241,recipe: heavy-armor,recipe,heavy-armor,False,,True,True,-1.8755670754945048e-28,1.8755670717433696e-28
707,4135,recipe: fill-tar-canister,recipe,fill-tar-canister,False,,True,True,1.857573488729337e-28,1.8575734850141889e-28
708,3957,recipe: cyanic-acid-barrel,recipe,cyanic-acid-barrel,False,,True,True,1.856920620934533e-28,1.8569206172206907e-28
709,4518,recipe: py-shed-basic,recipe,py-shed-basic,False,,True,True,-1.8227803693729379e-28,1.8227803657273761e-28
710,2206,__pr_graph_lp_or_to_or_and__: 8641:item: kerogen --> energy-source-burner: chemical__biomass__jerry_2_1,,,True,item: kerogen --> energy-source-burner: chemical__biomass__jerry_2_1,False,False,1.7974703174811881e-28,1.7974703138862463e-28
711,3862,recipe: casting-unit-mk01,recipe,casting-unit-mk01,False,,True,True,-1.7825455783367083e-28,1.782545574771616e-28
712,4235,recipe: guts-to-chlorine,recipe,guts-to-chlorine,False,,True,True,-1.7557175825665889e-28,1.7557175790551526e-28
713,4500,recipe: py-heat-exchanger,recipe,py-heat-exchanger,False,,True,True,-1.7469667491489593e-28,1.7469667456550247e-28
714,4383,recipe: multiblade-turbine-mk01,recipe,multiblade-turbine-mk01,False,,True,True,-1.7190389327487344e-28,1.7190389293106555e-28
715,3989,recipe: earth-generic-sample,recipe,earth-generic-sample,False,,True,True,1.7109619705856853e-28,1.7109619671637604e-28
716,2732,__pr_graph_lp_or_to_or_and__: 9855:fluid-temperature: kerosene: 10 --> fluid-temperature-range: kerosene: nil: nil:noncoproduct-route,,,True,fluid-temperature: kerosene: 10 --> fluid-temperature-range: kerosene: nil: nil,False,False,-1.7082380001353587e-28,1.7082379967188816e-28
717,2676,__pr_graph_lp_or_to_or_and__: 9782:fluid-temperature: boric-acid: 10 --> fluid-temperature-range: boric-acid: nil: nil:noncoproduct-route,,,True,fluid-temperature: boric-acid: 10 --> fluid-temperature-range: boric-acid: nil: nil,False,False,-1.6936105341599366e-28,1.6936105307727146e-28
718,4672,recipe: soil-separation-2,recipe,soil-separation-2,False,,True,True,1.6819995819237348e-28,1.6819995785597347e-28
719,4785,recipe: vane-mk01,recipe,vane-mk01,False,,True,True,-1.6754919299745904e-28,1.6754919266236056e-28
720,3932,recipe: cottongut-codex,recipe,cottongut-codex,False,,True,True,-1.6688124438543356e-28,1.6688124405167097e-28
721,4776,recipe: utility-box-mk01,recipe,utility-box-mk01,False,,True,True,-1.6043053925134338e-28,1.6043053893048219e-28
722,2215,__pr_graph_lp_or_to_or_and__: 8650:item: light-oil-canister --> energy-source-burner: chemical__biomass__jerry_2_1,,,True,item: light-oil-canister --> energy-source-burner: chemical__biomass__jerry_2_1,False,False,1.5423101754317304e-28,1.542310172347109e-28
723,3705,recipe: auog-maturing-2,recipe,auog-maturing-2,False,,True,True,1.5399981489773948e-28,1.5399981458973975e-28
724,4232,recipe: gun-turret,recipe,gun-turret,False,,True,True,-1.5276871224378961e-28,1.5276871193825208e-28
725,2212,__pr_graph_lp_or_to_or_and__: 8647:item: biomass --> energy-source-burner: chemical__biomass__jerry_2_1,,,True,item: biomass --> energy-source-burner: chemical__biomass__jerry_2_1,False,False,1.5232364372674987e-28,1.523236434221025e-28
726,3716,recipe: automated-factory-mk01,recipe,automated-factory-mk01,False,,True,True,-1.5194714872873388e-28,1.5194714842483948e-28
727,2795,__pr_graph_lp_or_to_or_and__: 9939:fluid-temperature: creamy-latex: 10 --> fluid-temperature-range: creamy-latex: nil: nil:noncoproduct-route,,,True,fluid-temperature: creamy-latex: 10 --> fluid-temperature-range: creamy-latex: nil: nil,False,False,-1.5012845105303897e-28,1.5012845075278199e-28
728,2765,__pr_graph_lp_or_to_or_and__: 9899:fluid-temperature: hot-air: 15 --> fluid-temperature-range: hot-air: nil: nil:noncoproduct-route,,,True,fluid-temperature: hot-air: 15 --> fluid-temperature-range: hot-air: nil: nil,False,False,-1.4968257384122265e-28,1.4968257354185741e-28
729,4498,recipe: py-gas-vent,recipe,py-gas-vent,False,,True,True,-1.4941588154456044e-28,1.4941588124572858e-28
730,2208,__pr_graph_lp_or_to_or_and__: 8643:item: log --> energy-source-burner: chemical__biomass__jerry_2_1,,,True,item: log --> energy-source-burner: chemical__biomass__jerry_2_1,False,False,1.4889224529718833e-28,1.4889224499940376e-28
731,4406,recipe: olefin-plant,recipe,olefin-plant,False,,True,True,-1.4827629254918935e-28,1.4827629225263669e-28
732,4538,recipe: py-tank-7000,recipe,py-tank-7000,False,,True,True,-1.4805299603186839e-28,1.480529957357623e-28
733,4167,recipe: full-render-auogs,recipe,full-render-auogs,False,,True,True,1.4632380164502092e-28,1.4632380135237323e-28
734,4109,recipe: fbreactor-mk01,recipe,fbreactor-mk01,False,,True,True,-1.4470329946237645e-28,1.4470329917296975e-28
735,4669,recipe: soil-extractor-mk01,recipe,soil-extractor-mk01,False,,True,True,-1.3962101212055871e-28,1.396210118413166e-28
736,4257,recipe: hpf,recipe,hpf,False,,True,True,-1.3893844555798187e-28,1.389384452801049e-28
737,2670,__pr_graph_lp_or_to_or_and__: 9774:fluid-temperature: slacked-lime: 10 --> fluid-temperature-range: slacked-lime: nil: nil:noncoproduct-route,,,True,fluid-temperature: slacked-lime: 10 --> fluid-temperature-range: slacked-lime: nil: nil,False,False,-1.3819149394657345e-28,1.3819149367019037e-28
738,4173,recipe: gas-refinery-mk01,recipe,gas-refinery-mk01,False,,True,True,-1.3485378441465739e-28,1.3485378414494974e-28
739,3922,recipe: cooling-tower-mk01,recipe,cooling-tower-mk01,False,,True,True,-1.3158716164297369e-28,1.3158716137979928e-28
740,3709,recipe: auog-pooping-2,recipe,auog-pooping-2,False,,True,True,1.3119712209174304e-28,1.3119712182934871e-28
741,4087,recipe: engine-unit,recipe,engine-unit,False,,True,True,-1.3065042727975356e-28,1.3065042701845263e-28
742,3976,recipe: distilator,recipe,distilator,False,,True,True,-1.3012343831928912e-28,1.3012343805904216e-28
743,4393,recipe: nco-py-short-crane-mk1,recipe,nco-py-short-crane-mk1,False,,True,True,-1.2942607926422388e-28,1.2942607900537163e-28
744,4635,recipe: seaweed-crop-mk01,recipe,seaweed-crop-mk01,False,,True,True,-1.2814051616608701e-28,1.2814051590980591e-28
745,4154,recipe: fluid-drill-mk01,recipe,fluid-drill-mk01,False,,True,True,-1.2790905145194409e-28,1.2790905119612591e-28
746,2664,__pr_graph_lp_or_to_or_and__: 9766:fluid-temperature: water-saline: 25 --> fluid-temperature-range: water-saline: nil: nil:noncoproduct-route,,,True,fluid-temperature: water-saline: 25 --> fluid-temperature-range: water-saline: nil: nil,False,False,1.2646984976393436e-28,1.2646984951099459e-28
747,3651,recipe: Moss-1,recipe,Moss-1,False,,True,True,-1.2641288269812381e-28,1.2641288244529798e-28
748,4468,recipe: pressured-air,recipe,pressured-air,False,,True,True,-1.2548105551071289e-28,1.2548105525975069e-28
749,3782,recipe: biomass-phytoplankton,recipe,biomass-phytoplankton,False,,True,True,-1.2530606371285964e-28,1.2530606346224743e-28
750,3998,recipe: electrolyzer-mk01,recipe,electrolyzer-mk01,False,,True,True,-1.2504875568018304e-28,1.2504875543008546e-28
751,4266,recipe: incubator-mk01,recipe,incubator-mk01,False,,True,True,-1.2490713038173212e-28,1.2490713013191777e-28
752,4792,recipe: vrauks-1,recipe,vrauks-1,False,,True,True,1.2317877856987223e-28,1.2317877832351459e-28
753,2646,__pr_graph_lp_or_to_or_and__: 9742:fluid-temperature: creosote: 10 --> fluid-temperature-range: creosote: nil: nil:noncoproduct-route,,,True,fluid-temperature: creosote: 10 --> fluid-temperature-range: creosote: nil: nil,False,False,-1.2213852046351211e-28,1.2213852021923501e-28
754,4597,recipe: rotor-mk01,recipe,rotor-mk01,False,,True,True,-1.2181622333237456e-28,1.2181622308874203e-28
755,2649,__pr_graph_lp_or_to_or_and__: 9746:fluid-temperature: syngas: 15 --> fluid-temperature-range: syngas: nil: nil:noncoproduct-route,,,True,fluid-temperature: syngas: 15 --> fluid-temperature-range: syngas: nil: nil,False,False,1.2127790225147086e-28,1.2127790200891497e-28
756,4831,recipe: wpu-mk01,recipe,wpu-mk01,False,,True,True,-1.2055581995321914e-28,1.2055581971210742e-28
757,4718,recipe: submachine-gun,recipe,submachine-gun,False,,True,True,-1.2018169910608315e-28,1.2018169886571968e-28
758,4530,recipe: py-tank-3000,recipe,py-tank-3000,False,,True,True,-1.1979555755189344e-28,1.1979555731230225e-28
759,2224,__pr_graph_lp_or_to_or_and__: 8659:item: tall-oil-canister --> energy-source-burner: chemical__biomass__jerry_2_1,,,True,item: tall-oil-canister --> energy-source-burner: chemical__biomass__jerry_2_1,False,False,1.1918439749009283e-28,1.1918439725172396e-28
760,3808,recipe: bof-mk01,recipe,bof-mk01,False,,True,True,-1.1910747970176484e-28,1.1910747946354982e-28
761,4780,recipe: vacuum-pump-mk01,recipe,vacuum-pump-mk01,False,,True,True,-1.1754602203045302e-28,1.175460217953609e-28
762,4320,recipe: locomotive,recipe,locomotive,False,,True,True,-1.1680969865580951e-28,1.1680969842219006e-28
763,2227,__pr_graph_lp_or_to_or_and__: 8662:item: anthracene-oil-canister --> energy-source-burner: chemical__biomass__jerry_2_1,,,True,item: anthracene-oil-canister --> energy-source-burner: chemical__biomass__jerry_2_1,False,False,1.1603228374549753e-28,1.1603228351343289e-28
764,4139,recipe: fish-farm-mk01,recipe,fish-farm-mk01,False,,True,True,-1.1518882368978803e-28,1.1518882345941031e-28
765,2220,__pr_graph_lp_or_to_or_and__: 8655:item: gasoline-canister --> energy-source-burner: chemical__biomass__jerry_2_1,,,True,item: gasoline-canister --> energy-source-burner: chemical__biomass__jerry_2_1,False,False,1.1429692780453759e-28,1.1429692757594366e-28
766,3818,recipe: borax-mine,recipe,borax-mine,False,,True,True,-1.1241542105209409e-28,1.1241542082726317e-28
767,4804,recipe: vrauks-paddock-mk01,recipe,vrauks-paddock-mk01,False,,True,True,-1.1187895858308548e-28,1.1187895835932749e-28
768,4064,recipe: empty-pitch-barrel,recipe,empty-pitch-barrel,False,,True,True,-1.1133125677289701e-28,1.1133125655023443e-28
769,3898,recipe: coal-gas-from-wood,recipe,coal-gas-from-wood,False,,True,True,1.1083790010145709e-28,1.1083789987978122e-28
770,2729,__pr_graph_lp_or_to_or_and__: 9851:fluid-temperature: molten-iron: 10 --> fluid-temperature-range: molten-iron: nil: nil:noncoproduct-route,,,True,fluid-temperature: molten-iron: 10 --> fluid-temperature-range: molten-iron: nil: nil,False,False,-1.0895229906769277e-28,1.089522988497881e-28
771,4528,recipe: py-tank-1500,recipe,py-tank-1500,False,,True,True,-1.051007290589958e-28,1.0510072884879428e-28
772,3757,recipe: biomass-cooking,recipe,biomass-cooking,False,,True,True,1.0394798295188182e-28,1.0394798274398578e-28
773,3870,recipe: ceramic,recipe,ceramic,False,,True,True,-1.0359824844481472e-28,1.0359824823761817e-28
774,4793,recipe: vrauks-2,recipe,vrauks-2,False,,True,True,1.0282765124268213e-28,1.0282765103702676e-28
775,2710,__pr_graph_lp_or_to_or_and__: 9827:fluid-temperature: hydrogen: 15 --> fluid-temperature-range: hydrogen: nil: nil:noncoproduct-route,,,True,fluid-temperature: hydrogen: 15 --> fluid-temperature-range: hydrogen: nil: nil,False,False,-1.0222818710428236e-28,1.0222818689982592e-28
776,3675,recipe: anemometer-mk01,recipe,anemometer-mk01,False,,True,True,-9.8495584259452376e-29,9.8495584062461145e-29
777,4563,recipe: ralesia-codex,recipe,ralesia-codex,False,,True,True,-9.6393454945597146e-29,9.639345475281018e-29
778,2652,__pr_graph_lp_or_to_or_and__: 9750:fluid-temperature: tar: 10 --> fluid-temperature-range: tar: nil: nil:noncoproduct-route,,,True,fluid-temperature: tar: 10 --> fluid-temperature-range: tar: nil: nil,False,False,-9.5078147042984874e-29,9.5078146852828527e-29
779,4610,recipe: sand-void-glass,recipe,sand-void-glass,False,,True,True,9.4603039244833218e-29,9.4603039055627086e-29
780,3695,recipe: assembling-machine-2,recipe,assembling-machine-2,False,,True,True,-9.3706606876161612e-29,9.3706606688748346e-29
781,4478,recipe: pulp-mill-mk01,recipe,pulp-mill-mk01,False,,True,True,-9.2756922589905107e-29,9.2756922404391205e-29
782,2694,__pr_graph_lp_or_to_or_and__: 9806:fluid-temperature: pressured-air: 15 --> fluid-temperature-range: pressured-air: nil: nil:noncoproduct-route,,,True,fluid-temperature: pressured-air: 15 --> fluid-temperature-range: pressured-air: nil: nil,False,False,9.0549148227543572e-29,9.0549148046445218e-29
783,2756,__pr_graph_lp_or_to_or_and__: 9887:fluid-temperature: blood: 10 --> fluid-temperature-range: blood: nil: nil:noncoproduct-route,,,True,fluid-temperature: blood: 10 --> fluid-temperature-range: blood: nil: nil,False,False,9.0342865700322549e-29,9.0342865519636759e-29
784,4094,recipe: ex-used-auog,recipe,ex-used-auog,False,,True,True,8.989057340044709e-29,8.989057322066589e-29
785,3897,recipe: coal-gas-from-coke,recipe,coal-gas-from-coke,False,,True,True,8.9525851560411397e-29,8.9525851381359645e-29
786,2750,__pr_graph_lp_or_to_or_and__: 9879:fluid-temperature: tall-oil: 10 --> fluid-temperature-range: tall-oil: nil: nil:noncoproduct-route,,,True,fluid-temperature: tall-oil: 10 --> fluid-temperature-range: tall-oil: nil: nil,False,False,-8.8005972355289822e-29,8.8005972179277822e-29
787,4120,recipe: fill-aromatics-canister,recipe,fill-aromatics-canister,False,,True,True,-8.64964761554079e-29,8.6496475982414891e-29
788,4687,recipe: steam-engine,recipe,steam-engine,False,,True,True,-8.2350951502620945e-29,8.2350951337918994e-29
789,3978,recipe: distilled-raw-coal,recipe,distilled-raw-coal,False,,True,True,8.1984192856941925e-29,8.1984192692973492e-29
790,2798,__pr_graph_lp_or_to_or_and__: 9943:fluid-temperature: formic-acid: 15 --> fluid-temperature-range: formic-acid: nil: nil:noncoproduct-route,,,True,fluid-temperature: formic-acid: 15 --> fluid-temperature-range: formic-acid: nil: nil,False,False,-8.1546670508832931e-29,8.1546670345739536e-29
791,3919,recipe: controler-mk01,recipe,controler-mk01,False,,True,True,-8.0702620369308872e-29,8.0702620207903582e-29
792,4308,recipe: light-armor,recipe,light-armor,False,,True,True,-8.01937409998287e-29,8.0193740839441167e-29
793,4695,recipe: steel-furnace,recipe,steel-furnace,False,,True,True,-7.9908075390323642e-29,7.9908075230507446e-29
794,3100,entity-mine: geothermal-crack,entity-mine,geothermal-crack,False,,True,False,7.9811484356930319e-29,7.9811484197307301e-29
795,2214,__pr_graph_lp_or_to_or_and__: 8649:item: heavy-oil-canister --> energy-source-burner: chemical__biomass__jerry_2_1,,,True,item: heavy-oil-canister --> energy-source-burner: chemical__biomass__jerry_2_1,False,False,7.7170372285651405e-29,7.717037213131061e-29
796,4772,recipe: urea-decomposition,recipe,urea-decomposition,False,,True,True,7.5876793402009033e-29,7.5876793250255404e-29
797,4644,recipe: shotgun,recipe,shotgun,False,,True,True,-7.3726235742388459e-29,7.3726235594935943e-29
798,2789,__pr_graph_lp_or_to_or_and__: 9931:fluid-temperature: fish-oil: 10 --> fluid-temperature-range: fish-oil: nil: nil:noncoproduct-route,,,True,fluid-temperature: fish-oil: 10 --> fluid-temperature-range: fish-oil: nil: nil,False,False,7.2745562444049331e-29,7.2745562298558162e-29
799,3772,recipe: biomass-manure,recipe,biomass-manure,False,,True,True,7.2124506051127983e-29,7.2124505906878925e-29
800,4441,recipe: pipe-to-ground,recipe,pipe-to-ground,False,,True,True,-6.9305181833616918e-29,6.9305181695006516e-29
801,4075,recipe: empty-syngas-barrel,recipe,empty-syngas-barrel,False,,True,True,6.8736240287259311e-29,6.8736240149786786e-29
802,4148,recipe: flotation-cell-mk01,recipe,flotation-cell-mk01,False,,True,True,-6.7768996661333382e-29,6.7768996525795344e-29
803,2771,__pr_graph_lp_or_to_or_and__: 9907:fluid-temperature: anthracene-oil: 10 --> fluid-temperature-range: anthracene-oil: nil: nil:noncoproduct-route,,,True,fluid-temperature: anthracene-oil: 10 --> fluid-temperature-range: anthracene-oil: nil: nil,False,False,6.6137656856808148e-29,6.6137656724532792e-29
804,2759,__pr_graph_lp_or_to_or_and__: 9891:fluid-temperature: scrude: 10 --> fluid-temperature-range: scrude: nil: nil:noncoproduct-route,,,True,fluid-temperature: scrude: 10 --> fluid-temperature-range: scrude: nil: nil,False,False,-6.5747044358291172e-29,6.5747044226797046e-29
805,2738,__pr_graph_lp_or_to_or_and__: 9863:fluid-temperature: methanal: 10 --> fluid-temperature-range: methanal: nil: nil:noncoproduct-route,,,True,fluid-temperature: methanal: 10 --> fluid-temperature-range: methanal: nil: nil,False,False,6.4186374391396424e-29,6.418637426302364e-29
806,2673,__pr_graph_lp_or_to_or_and__: 9778:fluid-temperature: diborane: 15 --> fluid-temperature-range: diborane: nil: nil:noncoproduct-route,,,True,fluid-temperature: diborane: 15 --> fluid-temperature-range: diborane: nil: nil,False,False,6.4052844234522621e-29,6.4052844106416891e-29
807,2768,__pr_graph_lp_or_to_or_and__: 9903:fluid-temperature: condensates: 10 --> fluid-temperature-range: condensates: nil: nil:noncoproduct-route,,,True,fluid-temperature: condensates: 10 --> fluid-temperature-range: condensates: nil: nil,False,False,-6.3984585861742794e-29,6.3984585733773583e-29
808,2780,__pr_graph_lp_or_to_or_and__: 9919:fluid-temperature: pitch: 10 --> fluid-temperature-range: pitch: nil: nil:noncoproduct-route,,,True,fluid-temperature: pitch: 10 --> fluid-temperature-range: pitch: nil: nil,False,False,-6.3353801093562183e-29,6.3353800966854545e-29
809,4293,recipe: lab,recipe,lab,False,,True,True,-6.2744367065138618e-29,6.2744366939649841e-29
810,2200,__pr_graph_lp_or_to_or_and__: 8635:item: coal --> energy-source-burner: chemical__biomass__jerry_2_1,,,True,item: coal --> energy-source-burner: chemical__biomass__jerry_2_1,False,False,-6.1021293028515692e-29,6.1021292906473066e-29
811,4420,recipe: oxygen-barrel,recipe,oxygen-barrel,False,,True,True,-6.0506312020291505e-29,6.0506311899278844e-29
812,4800,recipe: vrauks-mk02,recipe,vrauks-mk02,False,,True,True,5.9713532272308727e-29,5.971353215288163e-29
813,4146,recipe: flora-collector-mk01,recipe,flora-collector-mk01,False,,True,True,-5.9241367767244787e-29,5.924136764876202e-29
814,4778,recipe: vacuum,recipe,vacuum,False,,True,True,5.881294696157792e-29,5.8812946843951985e-29
815,4540,recipe: py-tank-8000,recipe,py-tank-8000,False,,True,True,-5.5738012608095486e-29,5.5738012496619424e-29
816,2774,__pr_graph_lp_or_to_or_and__: 9911:fluid-temperature: carbolic-oil: 10 --> fluid-temperature-range: carbolic-oil: nil: nil:noncoproduct-route,,,True,fluid-temperature: carbolic-oil: 10 --> fluid-temperature-range: carbolic-oil: nil: nil,False,False,5.5469021265463537e-29,5.5469021154525462e-29
817,2661,__pr_graph_lp_or_to_or_and__: 9762:fluid-temperature: flue-gas: 15 --> fluid-temperature-range: flue-gas: nil: nil:noncoproduct-route,,,True,fluid-temperature: flue-gas: 15 --> fluid-temperature-range: flue-gas: nil: nil,False,False,5.444093092202698e-29,5.444093081314508e-29
818,4097,recipe: fawogae-1,recipe,fawogae-1,False,,True,True,-5.3903942838152386e-29,5.3903942730344464e-29
819,3878,recipe: chitin-void,recipe,chitin-void,False,,True,True,5.3618276644834259e-29,5.3618276537597674e-29
820,4294,recipe: lab-instrument,recipe,lab-instrument,False,,True,True,-5.3139733178873078e-29,5.3139733072593581e-29
821,4692,recipe: steel-chest,recipe,steel-chest,False,,True,True,-5.3044675863604644e-29,5.3044675757515263e-29
822,2804,__pr_graph_lp_or_to_or_and__: 9951:fluid-temperature: depolymerized-organics: 10 --> fluid-temperature-range: depolymerized-organics: nil: nil:noncoproduct-route,,,True,fluid-temperature: depolymerized-organics: 10 --> fluid-temperature-range: depolymerized-organics: nil: nil,False,False,-5.274412172693969e-29,5.274412162145141e-29
823,4129,recipe: fill-middle-oil-canister,recipe,fill-middle-oil-canister,False,,True,True,5.2685236878642646e-29,5.2685236773272142e-29
824,2741,__pr_graph_lp_or_to_or_and__: 9867:fluid-temperature: ammonia: 15 --> fluid-temperature-range: ammonia: nil: nil:noncoproduct-route,,,True,fluid-temperature: ammonia: 15 --> fluid-temperature-range: ammonia: nil: nil,False,False,4.840441053803282e-29,4.840441044122397e-29
825,2704,__pr_graph_lp_or_to_or_and__: 9819:fluid-temperature: acetylene: 15 --> fluid-temperature-range: acetylene: nil: nil:noncoproduct-route,,,True,fluid-temperature: acetylene: 15 --> fluid-temperature-range: acetylene: nil: nil,False,False,-4.6409126510575194e-29,4.6409126417756911e-29
826,4758,recipe: train-stop,recipe,train-stop,False,,True,True,-4.2855815341021786e-29,4.2855815255310127e-29
827,4327,recipe: long-handed-inserter,recipe,long-handed-inserter,False,,True,True,-4.2834722699539385e-29,4.2834722613869916e-29
828,2417,__pr_graph_lp_or_to_or_and__: 9030:item: meat --> logic-or: workers-food-or-meat,,,True,item: meat --> logic-or: workers-food-or-meat,False,False,4.2584323501526635e-29,4.2584323416357962e-29
829,4010,recipe: empty-acidgas-barrel,recipe,empty-acidgas-barrel,False,,True,True,4.2541014159117602e-29,4.2541014074035546e-29
830,1433,__pr_graph_lp_or_to_or_and__: 2029:fluid: steam --> entity-operate-fluid: steam-turbine,,,True,fluid: steam --> entity-operate-fluid: steam-turbine,False,False,4.1463689422764084e-29,4.1463689339836681e-29
831,2847,cost-unit: ,cost-unit,,False,,False,False,4.0625896222470937e-29,4.0625896141219117e-29
832,4054,recipe: empty-molten-aluminium-barrel,recipe,empty-molten-aluminium-barrel,False,,True,True,-3.9480250191241709e-29,3.9480250112281186e-29
833,4753,recipe: titanium-plate-1,recipe,titanium-plate-1,False,,True,True,3.8433632100228398e-29,3.8433632023361112e-29
834,2415,__pr_graph_lp_or_to_or_and__: 9028:item: dried-meat --> logic-or: workers-food-or-meat,,,True,item: dried-meat --> logic-or: workers-food-or-meat,False,False,3.7499807130704414e-29,3.7499807055704779e-29
835,3788,recipe: biomass-saps,recipe,biomass-saps,False,,True,True,3.7183611530448184e-29,3.7183611456080938e-29
836,4713,recipe: storage-tank,recipe,storage-tank,False,,True,True,-3.7152122340905096e-29,3.7152122266600831e-29
837,2820,__pr_graph_lp_or_to_or_and__: 9971:fluid-temperature: hot-molten-salt: 1000 --> fluid-temperature-range: hot-molten-salt: nil: nil:noncoproduct-route,,,True,fluid-temperature: hot-molten-salt: 1000 --> fluid-temperature-range: hot-molten-salt: nil: nil,False,False,3.6971419746586981e-29,3.6971419672644121e-29
838,4313,recipe: lime,recipe,lime,False,,True,True,3.6814326733056184e-29,3.6814326659427506e-29
839,4524,recipe: py-tank-1000,recipe,py-tank-1000,False,,True,True,-3.6725352539151214e-29,3.6725352465700485e-29
840,2602,__pr_graph_lp_or_to_or_and__: 9684:fluid-temperature: water: 15 --> fluid-temperature-range: water: nil: nil:noncoproduct-route,,,True,fluid-temperature: water: 15 --> fluid-temperature-range: water: nil: nil,False,False,3.6346800753668044e-29,3.634680068097442e-29
841,4111,recipe: fenxsb-alloy-2,recipe,fenxsb-alloy-2,False,,True,True,-3.6308158127785473e-29,3.6308158055169133e-29
842,4554,recipe: radar,recipe,radar,False,,True,True,-3.5835579306197393e-29,3.5835579234526212e-29
843,4373,recipe: moss-farm-mk01,recipe,moss-farm-mk01,False,,True,True,-3.5160213366477087e-29,3.5160213296156639e-29
844,3692,recipe: ash-separation,recipe,ash-separation,False,,True,True,-3.4361199321300547e-29,3.4361199252578129e-29
845,4042,recipe: empty-hydrogen-barrel,recipe,empty-hydrogen-barrel,False,,True,True,-3.3627665538348258e-29,3.3627665471092905e-29
846,4032,recipe: empty-fish-oil-barrel,recipe,empty-fish-oil-barrel,False,,True,True,3.3237936468285886e-29,3.3237936401809991e-29
847,4076,recipe: empty-syngas-canister,recipe,empty-syngas-canister,False,,True,True,3.3053488854097128e-29,3.3053488787990133e-29
848,4787,recipe: vawt-turbine-mk01,recipe,vawt-turbine-mk01,False,,True,True,-3.2599442613735997e-29,3.2599442548537094e-29
849,2786,__pr_graph_lp_or_to_or_and__: 9927:fluid-temperature: zogna-bacteria: 10 --> fluid-temperature-range: zogna-bacteria: nil: nil:noncoproduct-route,,,True,fluid-temperature: zogna-bacteria: 10 --> fluid-temperature-range: zogna-bacteria: nil: nil,False,False,-3.2458833501145721e-29,3.2458833436228036e-29
850,4023,recipe: empty-coal-gas-barrel,recipe,empty-coal-gas-barrel,False,,True,True,3.1878794547167743e-29,3.1878794483410137e-29
851,3653,recipe: accumulator,recipe,accumulator,False,,True,True,-3.1622489374154545e-29,3.1622489310909545e-29
852,3996,recipe: electric-mining-drill,recipe,electric-mining-drill,False,,True,True,-3.0661286745396606e-29,3.0661286684074014e-29
853,2658,__pr_graph_lp_or_to_or_and__: 9758:fluid-temperature: tailings: 10 --> fluid-temperature-range: tailings: nil: nil:noncoproduct-route,,,True,fluid-temperature: tailings: 10 --> fluid-temperature-range: tailings: nil: nil,False,False,3.0648647845280308e-29,3.0648647783982995e-29
854,4227,recipe: grenade,recipe,grenade,False,,True,True,-3.0482411175914063e-29,3.0482411114949223e-29
855,4039,recipe: empty-heavy-oil-barrel,recipe,empty-heavy-oil-barrel,False,,True,True,-3.0058331530249543e-29,3.0058331470132863e-29
856,4188,recipe: geothermal-plant-mk01,recipe,geothermal-plant-mk01,False,,True,True,-2.9861708016972449e-29,2.9861707957249013e-29
857,4532,recipe: py-tank-4000,recipe,py-tank-4000,False,,True,True,-2.9308246667059801e-29,2.930824660844329e-29
858,4069,recipe: empty-pressured-air-barrel,recipe,empty-pressured-air-barrel,False,,True,True,-2.9108453303977367e-29,2.9108453245760445e-29
859,4506,recipe: py-local-radar,recipe,py-local-radar,False,,True,True,-2.9047711442416767e-29,2.9047711384321326e-29
860,3700,recipe: auog-codex,recipe,auog-codex,False,,True,True,-2.8775854983742806e-29,2.877585492619108e-29
861,3767,recipe: biomass-fertilizer,recipe,biomass-fertilizer,False,,True,True,2.8619148156607125e-29,2.8619148099368813e-29
862,3747,recipe: biomass-auog-pup,recipe,biomass-auog-pup,False,,True,True,2.8295226047192331e-29,2.8295225990601862e-29
863,4476,recipe: programmable-speaker,recipe,programmable-speaker,False,,True,True,-2.7412912764181582e-29,2.741291270935574e-29
864,3837,recipe: burner-mining-drill,recipe,burner-mining-drill,False,,True,True,-2.6961525747964984e-29,2.6961525694041914e-29
865,3771,recipe: biomass-log,recipe,biomass-log,False,,True,True,2.684467062104143e-29,2.6844670567352075e-29
866,4024,recipe: empty-coal-gas-canister,recipe,empty-coal-gas-canister,False,,True,True,2.6658665174893522e-29,2.6658665121576178e-29
867,4437,recipe: piercing-rounds-magazine,recipe,piercing-rounds-magazine,False,,True,True,-2.6451642668654714e-29,2.6451642615751415e-29
868,4073,recipe: empty-slacked-lime-barrel,recipe,empty-slacked-lime-barrel,False,,True,True,2.64410169386255e-29,2.644101688574345e-29
869,2679,__pr_graph_lp_or_to_or_and__: 9786:fluid-temperature: molten-glass: 10 --> fluid-temperature-range: molten-glass: nil: nil:noncoproduct-route,,,True,fluid-temperature: molten-glass: 10 --> fluid-temperature-range: molten-glass: nil: nil,False,False,2.6287504916506994e-29,2.6287504863931969e-29
870,4748,recipe: tin-plate-1,recipe,tin-plate-1,False,,True,True,-2.6218327897633421e-29,2.6218327845196748e-29
871,4041,recipe: empty-hot-air-barrel,recipe,empty-hot-air-barrel,False,,True,True,2.5471299897090914e-29,2.54712998461483e-29
872,4365,recipe: moondrop-codex,recipe,moondrop-codex,False,,True,True,-2.5347865731600062e-29,2.5347865680904318e-29
873,4401,recipe: offshore-pump,recipe,offshore-pump,False,,True,True,-2.5121519467261809e-29,2.5121519417018755e-29
874,3877,recipe: chitin-to-geothermal-water,recipe,chitin-to-geothermal-water,False,,True,True,-2.4667295166755422e-29,2.4667295117420818e-29
875,3791,recipe: biomass-tree-mk01,recipe,biomass-tree-mk01,False,,True,True,2.4606690390528968e-29,2.4606690341315573e-29
876,3775,recipe: biomass-moondrop,recipe,biomass-moondrop,False,,True,True,2.4468058997432216e-29,2.4468058948496082e-29
877,4014,recipe: empty-aromatics-barrel,recipe,empty-aromatics-barrel,False,,True,True,2.4077056490595498e-29,2.407705644244137e-29
878,4560,recipe: rail-signal,recipe,rail-signal,False,,True,True,-2.3945448407465999e-29,2.3945448359575088e-29
879,4448,recipe: planter-box,recipe,planter-box,False,,True,True,2.3655314105723749e-29,2.3655314058413108e-29
880,3810,recipe: boiler,recipe,boiler,False,,True,True,-2.355795705275637e-29,2.3557957005640442e-29
881,4768,recipe: underground-belt,recipe,underground-belt,False,,True,True,-2.3492354977598198e-29,2.3492354930613473e-29
882,4136,recipe: firearm-magazine,recipe,firearm-magazine,False,,True,True,-2.3072543850802125e-29,2.3072543804657025e-29
883,4108,recipe: fawogae-to-iron,recipe,fawogae-to-iron,False,,True,True,-2.3026774995532274e-29,2.3026774949478709e-29
884,4030,recipe: empty-depolymerized-organics-barrel,recipe,empty-depolymerized-organics-barrel,False,,True,True,-2.2674056881527135e-29,2.2674056836179007e-29
885,2792,__pr_graph_lp_or_to_or_and__: 9935:fluid-temperature: liquid-manure: 10 --> fluid-temperature-range: liquid-manure: nil: nil:noncoproduct-route,,,True,fluid-temperature: liquid-manure: 10 --> fluid-temperature-range: liquid-manure: nil: nil,False,False,-2.2573277234348144e-29,2.2573277189201575e-29
886,3843,recipe: caged-cottongut-1,recipe,caged-cottongut-1,False,,True,True,-2.2296607585253743e-29,2.2296607540660513e-29
887,3834,recipe: bricks-to-stone,recipe,bricks-to-stone,False,,True,True,-2.224861117606002e-29,2.2248611131562785e-29
888,4066,recipe: empty-planter-box,recipe,empty-planter-box,False,,True,True,-2.1985788634437745e-29,2.1985788590466154e-29
889,4611,recipe: sap-01,recipe,sap-01,False,,True,True,-2.1814641445187404e-29,2.1814641401558108e-29
890,4801,recipe: vrauks-mk02-breeder,recipe,vrauks-mk02-breeder,False,,True,True,2.1813880712435694e-29,2.1813880668807919e-29
891,4794,recipe: vrauks-cocoon-1,recipe,vrauks-cocoon-1,False,,True,True,2.154501243571923e-29,2.1545012392629193e-29
892,4179,recipe: gate,recipe,gate,False,,True,True,-2.1291722439684981e-29,2.1291722397101524e-29
893,3753,recipe: biomass-caged-vrauks,recipe,biomass-caged-vrauks,False,,True,True,2.1227221706122845e-29,2.1227221663668389e-29
894,4016,recipe: empty-black-liquor-barrel,recipe,empty-black-liquor-barrel,False,,True,True,2.0885988444139327e-29,2.0885988402367338e-29
895,3779,recipe: biomass-native-flora,recipe,biomass-native-flora,False,,True,True,2.0500622159302028e-29,2.0500622118300772e-29
896,4086,recipe: empty-zogna-bacteria-barrel,recipe,empty-zogna-bacteria-barrel,False,,True,True,2.0387092899686378e-29,2.038709285891218e-29
897,4510,recipe: py-overflow-valve,recipe,py-overflow-valve,False,,True,True,-2.0020681107126966e-29,2.0020681067085591e-29
898,4802,recipe: vrauks-mk02-cocoon,recipe,vrauks-mk02-cocoon,False,,True,True,1.9779574276629395e-29,1.9779574237070235e-29
899,4761,recipe: transport-belt-2,recipe,transport-belt-2,False,,True,True,-1.9499204928450429e-29,1.9499204889452007e-29
900,2688,__pr_graph_lp_or_to_or_and__: 9798:fluid-temperature: pressured-water: 10 --> fluid-temperature-range: pressured-water: nil: nil:noncoproduct-route,,,True,fluid-temperature: pressured-water: 10 --> fluid-temperature-range: pressured-water: nil: nil,False,False,1.9078536838849423e-29,1.9078536800692337e-29
901,4706,recipe: stone-wall,recipe,stone-wall,False,,True,True,-1.8881669342421676e-29,1.8881669304658325e-29
902,4488,recipe: py-check-valve,recipe,py-check-valve,False,,True,True,-1.8867091758518077e-29,1.8867091720783881e-29
903,4536,recipe: py-tank-6500,recipe,py-tank-6500,False,,True,True,-1.8642503401288382e-29,1.8642503364003364e-29
904,4544,recipe: py-underflow-valve,recipe,py-underflow-valve,False,,True,True,-1.8506133765873715e-29,1.8506133728861437e-29
905,4795,recipe: vrauks-cocoon-2,recipe,vrauks-cocoon-2,False,,True,True,1.8085138339132693e-29,1.8085138302962405e-29
906,4557,recipe: rail-chain-signal,recipe,rail-chain-signal,False,,True,True,-1.8033460767733978e-29,1.8033460731667044e-29
907,4028,recipe: empty-creosote-barrel,recipe,empty-creosote-barrel,False,,True,True,1.7838042598372343e-29,1.7838042562696248e-29
908,3797,recipe: biomass-wood,recipe,biomass-wood,False,,True,True,-1.7476119582792073e-29,1.7476119547839824e-29
909,3799,recipe: biomass-wood-seeds,recipe,biomass-wood-seeds,False,,True,True,-1.7399815769579572e-29,1.7399815734779931e-29
910,4065,recipe: empty-pitch-canister,recipe,empty-pitch-canister,False,,True,True,1.7336690974635455e-29,1.7336690939962062e-29
911,4609,recipe: sand-pyvoid,recipe,sand-pyvoid,False,,True,True,1.7163126420232861e-29,1.7163126385906598e-29
912,2701,__pr_graph_lp_or_to_or_and__: 9815:fluid-temperature: gasoline: 10 --> fluid-temperature-range: gasoline: nil: nil:noncoproduct-route,,,True,fluid-temperature: gasoline: 10 --> fluid-temperature-range: gasoline: nil: nil,False,False,-1.7134437913797607e-29,1.7134437879528722e-29
913,4058,recipe: empty-naphthalene-oil-barrel,recipe,empty-naphthalene-oil-barrel,False,,True,True,1.6941864339577974e-29,1.6941864305694235e-29
914,4018,recipe: empty-boric-acid-barrel,recipe,empty-boric-acid-barrel,False,,True,True,1.6853302189520769e-29,1.6853302155814155e-29
915,3789,recipe: biomass-seaweed,recipe,biomass-seaweed,False,,True,True,1.6786670657405218e-29,1.6786670623831867e-29
916,2682,__pr_graph_lp_or_to_or_and__: 9790:fluid-temperature: vacuum: 15 --> fluid-temperature-range: vacuum: nil: nil:noncoproduct-route,,,True,fluid-temperature: vacuum: 15 --> fluid-temperature-range: vacuum: nil: nil,False,False,1.6651962392108216e-29,1.6651962358804281e-29
917,416,__pr_graph_lp_or_cost_row__: item: clay,,,True,node-cost:item: clay,False,False,1.609035019145475e-29,1.609035015927404e-29
918,1403,__pr_graph_lp_or_to_or_and__: 1903:fluid: water --> entity-operate-fluid: oil-boiler-mk01,,,True,fluid: water --> entity-operate-fluid: oil-boiler-mk01,False,False,1.6090161360408562e-29,1.609016132822823e-29
919,2606,__pr_graph_lp_or_to_or_and__: 9689:fluid-temperature: water: 100 --> fluid-temperature-range: water: nil: nil:noncoproduct-route,,,True,fluid-temperature: water: 100 --> fluid-temperature-range: water: nil: nil,False,False,1.6062113040325194e-29,1.606211300820096e-29
920,3711,recipe: auog-pup-breeding-2,recipe,auog-pup-breeding-2,False,,True,True,1.6061026360443157e-29,1.6061026328321094e-29
921,3794,recipe: biomass-vrauks,recipe,biomass-vrauks,False,,True,True,1.6009999312625497e-29,1.6009999280605488e-29
922,2801,__pr_graph_lp_or_to_or_and__: 9947:fluid-temperature: subcritical-water: 10 --> fluid-temperature-range: subcritical-water: nil: nil:noncoproduct-route,,,True,fluid-temperature: subcritical-water: 10 --> fluid-temperature-range: subcritical-water: nil: nil,False,False,1.5577424073476118e-29,1.5577424042321259e-29
923,4046,recipe: empty-light-oil-barrel,recipe,empty-light-oil-barrel,False,,True,True,1.538091552065655e-29,1.538091548989471e-29
924,4040,recipe: empty-heavy-oil-canister,recipe,empty-heavy-oil-canister,False,,True,True,-1.5359844285750918e-29,1.5359844255031221e-29
925,4038,recipe: empty-geothermal-water-barrel,recipe,empty-geothermal-water-barrel,False,,True,True,-1.5165610557837746e-29,1.5165610527506515e-29
926,4556,recipe: rail,recipe,rail,False,,True,True,-1.5132073295636586e-29,1.5132073265372429e-29
927,3776,recipe: biomass-moondrop-seeds,recipe,biomass-moondrop-seeds,False,,True,True,1.4997340748763272e-29,1.4997340718768582e-29
928,4169,recipe: full-render-fish,recipe,full-render-fish,False,,True,True,1.4995818947337885e-29,1.4995818917346238e-29
929,4056,recipe: empty-molten-iron-barrel,recipe,empty-molten-iron-barrel,False,,True,True,1.4815736760117215e-29,1.4815736730485733e-29
930,2724,__pr_graph_lp_or_to_or_and__: 9845:fluid-temperature: coke-oven-gas: 250 --> fluid-temperature-range: coke-oven-gas: nil: nil:noncoproduct-route,,,True,fluid-temperature: coke-oven-gas: 250 --> fluid-temperature-range: coke-oven-gas: nil: nil,False,False,1.4795059537867552e-29,1.4795059508277425e-29
931,3891,recipe: clay-pyvoid,recipe,clay-pyvoid,False,,True,True,-1.4622766643311116e-29,1.4622766614065574e-29
932,2719,__pr_graph_lp_or_to_or_and__: 9839:fluid-temperature: coke-oven-gas: 100 --> fluid-temperature-range: coke-oven-gas: nil: nil:noncoproduct-route,,,True,fluid-temperature: coke-oven-gas: 100 --> fluid-temperature-range: coke-oven-gas: nil: nil,False,False,1.4583615775026602e-29,1.4583615745859362e-29
933,4825,recipe: wood-seeds,recipe,wood-seeds,False,,True,True,-1.442491124850338e-29,1.4424911219653548e-29
934,4674,recipe: solder-0,recipe,solder-0,False,,True,True,-1.4175228514490115e-29,1.417522848613965e-29
935,4059,recipe: empty-naphthalene-oil-canister,recipe,empty-naphthalene-oil-canister,False,,True,True,1.4017382753938123e-29,1.4017382725903348e-29
936,717,__pr_graph_lp_or_cost_row__: item: sand,,,True,node-cost:item: sand,False,False,-1.3742950138112042e-29,1.3742950110626133e-29
937,4081,recipe: empty-tar-canister,recipe,empty-tar-canister,False,,True,True,1.3482920199137888e-29,1.348292017217204e-29
938,3686,recipe: arithmetic-combinator,recipe,arithmetic-combinator,False,,True,True,-1.3415186962157986e-29,1.3415186935327604e-29
939,3738,recipe: bio-sample,recipe,bio-sample,False,,True,True,1.3376252864455248e-29,1.3376252837702734e-29
940,4229,recipe: ground-sample01,recipe,ground-sample01,False,,True,True,1.336123175852135e-29,1.336123173179888e-29
941,4275,recipe: iron-chest,recipe,iron-chest,False,,True,True,-1.3361129441439183e-29,1.3361129414716917e-29
942,3720,recipe: automation-science-pack,recipe,automation-science-pack,False,,True,True,-1.3134574772145216e-29,1.3134574745876057e-29
943,4271,recipe: inserter,recipe,inserter,False,,True,True,-1.2912794334084636e-29,1.2912794308259039e-29
944,4708,recipe: stopper,recipe,stopper,False,,True,True,-1.2844377466170967e-29,1.2844377440482204e-29
945,3894,recipe: coal-fawogae,recipe,coal-fawogae,False,,True,True,-1.2837240651767693e-29,1.2837240626093203e-29
946,3786,recipe: biomass-sap-seeds,recipe,biomass-sap-seeds,False,,True,True,1.2785325858861556e-29,1.2785325833290897e-29
947,4681,recipe: splitter,recipe,splitter,False,,True,True,-1.2735109460924101e-29,1.2735109435453873e-29
948,3961,recipe: decider-combinator,recipe,decider-combinator,False,,True,True,-1.2716321685036124e-29,1.2716321659603473e-29
949,2762,__pr_graph_lp_or_to_or_and__: 9895:fluid-temperature: polybutadiene: 10 --> fluid-temperature-range: polybutadiene: nil: nil:noncoproduct-route,,,True,fluid-temperature: polybutadiene: 10 --> fluid-temperature-range: polybutadiene: nil: nil,False,False,-1.2399061242857005e-29,1.2399061218058875e-29
950,4015,recipe: empty-aromatics-canister,recipe,empty-aromatics-canister,False,,True,True,1.234256933318359e-29,1.2342569308498443e-29
951,4074,recipe: empty-subcritical-water-barrel,recipe,empty-subcritical-water-barrel,False,,True,True,1.2305249579705493e-29,1.2305249555094987e-29
952,3803,recipe: blade-mk01,recipe,blade-mk01,False,,True,True,-1.2261363379753681e-29,1.2261363355230947e-29
953,4583,recipe: repair-pack,recipe,repair-pack,False,,True,True,-1.2174771891200667e-29,1.2174771866851117e-29
954,3981,recipe: duralumin-1,recipe,duralumin-1,False,,True,True,-1.2153718574177964e-29,1.215371854987052e-29
955,3697,recipe: atomizer-mk01,recipe,atomizer-mk01,False,,True,True,-1.2118489016722242e-29,1.2118488992485256e-29
956,1819,__pr_graph_lp_or_to_or_and__: 3752:item-craft: nexelit-ore --> item: nexelit-ore,,,True,item-craft: nexelit-ore --> item: nexelit-ore,False,False,1.2117584113548801e-29,1.2117584089313625e-29
957,4077,recipe: empty-tailings-barrel,recipe,empty-tailings-barrel,False,,True,True,-1.1964429994386825e-29,1.1964429970457958e-29
958,4060,recipe: empty-oxygen-barrel,recipe,empty-oxygen-barrel,False,,True,True,-1.1738010868654596e-29,1.1738010845178567e-29
959,4430,recipe: petri-dish,recipe,petri-dish,False,,True,True,-1.1703900150820364e-29,1.1703900127412556e-29
960,2416,__pr_graph_lp_or_to_or_and__: 9029:item: guts --> logic-or: workers-food-or-meat,,,True,item: guts --> logic-or: workers-food-or-meat,False,False,1.1633679536588429e-29,1.1633679513321063e-29
961,4646,recipe: shotgun-shell,recipe,shotgun-shell,False,,True,True,-1.1443968418946845e-29,1.1443968396058902e-29
962,3777,recipe: biomass-moss,recipe,biomass-moss,False,,True,True,1.1262367212333006e-29,1.1262367189808265e-29
963,3763,recipe: biomass-dried-meat,recipe,biomass-dried-meat,False,,True,True,1.1153441190390652e-29,1.1153441168083762e-29
964,2815,__pr_graph_lp_or_to_or_and__: 9965:fluid-temperature: molten-salt: 1000 --> fluid: molten-salt:noncoproduct-route,,,True,fluid-temperature: molten-salt: 1000 --> fluid: molten-salt,False,False,1.1124053316687453e-29,1.112405329443934e-29
965,3793,recipe: biomass-used-auog,recipe,biomass-used-auog,False,,True,True,1.0881579873869895e-29,1.088157985210673e-29
966,4071,recipe: empty-scrude-barrel,recipe,empty-scrude-barrel,False,,True,True,1.0858981801371481e-29,1.0858981779653511e-29
967,3710,recipe: auog-pup-breeding-1,recipe,auog-pup-breeding-1,False,,True,True,1.0743336820211987e-29,1.0743336798725307e-29
968,1653,__pr_graph_lp_or_to_or_and__: 2856:fluid-craft-temperature: condensates: 10 --> fluid-craft-temperature: condensates,,,True,fluid-craft-temperature: condensates: 10 --> fluid-craft-temperature: condensates,False,False,1.0729069498974053e-29,1.0729069477515908e-29
969,2807,__pr_graph_lp_or_to_or_and__: 9955:fluid-temperature: geothermal-water: 10 --> fluid-temperature-range: geothermal-water: nil: nil:noncoproduct-route,,,True,fluid-temperature: geothermal-water: 10 --> fluid-temperature-range: geothermal-water: nil: nil,False,False,-1.0722629168078091e-29,1.0722629146632827e-29
970,4480,recipe: pump,recipe,pump,False,,True,True,-1.0544480982830603e-29,1.0544480961741634e-29
971,4749,recipe: tin-plate-2,recipe,tin-plate-2,False,,True,True,1.0386241258922011e-29,1.0386241238149523e-29
972,3760,recipe: biomass-cottongut-mk01,recipe,biomass-cottongut-mk01,False,,True,True,1.0333779903220692e-29,1.0333779882553126e-29
973,4106,recipe: fawogae-substrate,recipe,fawogae-substrate,False,,True,True,-1.0180117350180946e-29,1.0180117329820706e-29
974,4697,recipe: steel-plate,recipe,steel-plate,False,,True,True,1.0169364591479942e-29,1.0169364571141206e-29
975,4049,recipe: empty-methanal-barrel,recipe,empty-methanal-barrel,False,,True,True,-1.0168825158536524e-29,1.0168825138198867e-29
976,3734,recipe: bio-container,recipe,bio-container,False,,True,True,-1.0156980180659817e-29,1.0156980160345851e-29
977,3765,recipe: biomass-fawogae-spore,recipe,biomass-fawogae-spore,False,,True,True,9.8409525528568032e-30,9.8409525331748922e-30
978,4008,recipe: empty-acetylene-barrel,recipe,empty-acetylene-barrel,False,,True,True,9.8210950367538019e-30,9.8210950171116065e-30
979,4043,recipe: empty-jerry-can,recipe,empty-jerry-can,False,,True,True,-9.8060276018871376e-30,9.8060275822750757e-30
980,4322,recipe: log-wood,recipe,log-wood,False,,True,True,9.736788721852847e-30,9.7367887023792642e-30
981,4027,recipe: empty-creamy-latex-barrel,recipe,empty-creamy-latex-barrel,False,,True,True,-9.6625073902218238e-30,9.6625073708968026e-30
982,1401,__pr_graph_lp_or_to_or_and__: 1897:fluid: water --> entity-operate-fluid: heat-exchanger,,,True,fluid: water --> entity-operate-fluid: heat-exchanger,False,False,9.5979520995367557e-30,9.5979520803408459e-30
983,2634,__pr_graph_lp_or_to_or_and__: 9726:fluid-temperature: light-oil: 25 --> fluid-temperature-range: light-oil: nil: nil:noncoproduct-route,,,True,fluid-temperature: light-oil: 25 --> fluid-temperature-range: light-oil: nil: nil,False,False,9.2794873995040744e-30,9.279487380945094e-30
984,4335,recipe: medium-electric-pole,recipe,medium-electric-pole,False,,True,True,-9.0331286913138897e-30,9.0331286732476268e-30
985,4053,recipe: empty-middle-oil-canister,recipe,empty-middle-oil-canister,False,,True,True,8.9827162241410895e-30,8.9827162061756515e-30
986,3754,recipe: biomass-cellulose,recipe,biomass-cellulose,False,,True,True,8.7790882496871818e-30,8.7790882321290003e-30
987,4534,recipe: py-tank-5000,recipe,py-tank-5000,False,,True,True,-8.7389631066999159e-30,8.7389630892219839e-30
988,4022,recipe: empty-chlorine-barrel,recipe,empty-chlorine-barrel,False,,True,True,8.6592123085177632e-30,8.6592122911993327e-30
989,4082,recipe: empty-vacuum-barrel,recipe,empty-vacuum-barrel,False,,True,True,-8.3354675027211915e-30,8.335467486050252e-30
990,3796,recipe: biomass-vrauks-mk02,recipe,biomass-vrauks-mk02,False,,True,True,8.2634995155438562e-30,8.2634994990168524e-30
991,1654,__pr_graph_lp_or_to_or_and__: 2857:fluid-craft-temperature: condensates: 10 --> fluid-create-temperature: condensates: 10,,,True,fluid-craft-temperature: condensates: 10 --> fluid-create-temperature: condensates: 10,False,False,8.2632588510893474e-30,8.2632588345628243e-30
992,4193,recipe: glass-2,recipe,glass-2,False,,True,True,-8.2095701965106088e-30,8.2095701800914629e-30
993,4760,recipe: transport-belt,recipe,transport-belt,False,,True,True,-8.1865231518451116e-30,8.1865231354720601e-30
994,4078,recipe: empty-tall-oil-barrel,recipe,empty-tall-oil-barrel,False,,True,True,-8.1736222850140889e-30,8.1736222686668395e-30
995,4640,recipe: selector-combinator,recipe,selector-combinator,False,,True,True,-8.128189009503168e-30,8.1281889932467844e-30
996,1525,__pr_graph_lp_or_to_or_and__: 2548:fluid-craft-temperature: light-oil: 25 --> fluid-create-temperature: light-oil: 25,,,True,fluid-craft-temperature: light-oil: 25 --> fluid-create-temperature: light-oil: 25,False,False,8.11941451592902e-30,8.1194144996901863e-30
997,743,__pr_graph_lp_or_cost_row__: item: small-parts-01,,,True,node-cost:item: small-parts-01,False,False,7.9347890243673284e-30,7.9347890084977453e-30
998,747,__pr_graph_lp_or_cost_row__: item: soil,,,True,node-cost:item: soil,False,False,-7.8333253334777637e-30,7.8333253178111081e-30
999,4711,recipe: storage-chest,recipe,storage-chest,False,,True,True,-7.829496726484005e-30,7.8294967108250061e-30
1000,4055,recipe: empty-molten-glass-barrel,recipe,empty-molten-glass-barrel,False,,True,True,7.7776166489172832e-30,7.7776166333620448e-30
1001,3724,recipe: barrel,recipe,barrel,False,,True,True,-7.7706622605351883e-30,7.7706622449938593e-30
1002,3792,recipe: biomass-urea,recipe,biomass-urea,False,,True,True,7.7277001739271474e-30,7.7277001584717418e-30
1003,4012,recipe: empty-anthracene-oil-barrel,recipe,empty-anthracene-oil-barrel,False,,True,True,7.7059234659853219e-30,7.70592345057347e-30
1004,2623,__pr_graph_lp_or_to_or_and__: 9711:fluid-temperature: steam: 500 --> fluid-temperature-range: steam: 250: nil:noncoproduct-route,,,True,fluid-temperature: steam: 500 --> fluid-temperature-range: steam: 250: nil,False,False,7.6604722476818438e-30,7.6604722323608942e-30
1005,2747,__pr_graph_lp_or_to_or_and__: 9875:fluid-temperature: black-liquor: 10 --> fluid-temperature-range: black-liquor: nil: nil:noncoproduct-route,,,True,fluid-temperature: black-liquor: 10 --> fluid-temperature-range: black-liquor: nil: nil,False,False,-7.518035229738736e-30,7.5180352147026606e-30
1006,4090,recipe: equipment-chassi,recipe,equipment-chassi,False,,True,True,-7.5032111885201254e-30,7.5032111735136987e-30
1007,4052,recipe: empty-middle-oil-barrel,recipe,empty-middle-oil-barrel,False,,True,True,7.484909501782009e-30,7.4849094868121855e-30
1008,3937,recipe: cottongut-mature-basic-01,recipe,cottongut-mature-basic-01,False,,True,True,-7.4364700112184652e-30,7.4364699963455205e-30
1009,4277,recipe: iron-gear-wheel,recipe,iron-gear-wheel,False,,True,True,-7.384988968937183e-30,7.3849889541672001e-30
1010,4165,recipe: formica-2,recipe,formica-2,False,,True,True,-7.0032440575318434e-30,7.0032440435253509e-30
1011,2643,__pr_graph_lp_or_to_or_and__: 9738:fluid-temperature: coal-gas: 15 --> fluid-temperature-range: coal-gas: nil: nil:noncoproduct-route,,,True,fluid-temperature: coal-gas: 15 --> fluid-temperature-range: coal-gas: nil: nil,False,False,-6.9688868095876672e-30,6.9688867956498889e-30
1012,3693,recipe: assembling-machine-1,recipe,assembling-machine-1,False,,True,True,-6.9422154836823981e-30,6.942215469797963e-30
1013,3751,recipe: biomass-brain,recipe,biomass-brain,False,,True,True,6.8995085279786599e-30,6.8995085141796381e-30
1014,2810,__pr_graph_lp_or_to_or_and__: 9959:fluid-temperature: geothermal-water: 3000 --> fluid-temperature-range: geothermal-water: nil: nil:noncoproduct-route,,,True,fluid-temperature: geothermal-water: 3000 --> fluid-temperature-range: geothermal-water: nil: nil,False,False,-6.8619399495688333e-30,6.8619399358449491e-30
1015,3974,recipe: display-panel,recipe,display-panel,False,,True,True,-6.838587501421582e-30,6.8385874877444031e-30
1016,2685,__pr_graph_lp_or_to_or_and__: 9794:fluid-temperature: phytoplankton: 10 --> fluid-temperature-range: phytoplankton: nil: nil:noncoproduct-route,,,True,fluid-temperature: phytoplankton: 10 --> fluid-temperature-range: phytoplankton: nil: nil,False,False,6.8163729074223721e-30,6.8163728937896227e-30
1017,3839,recipe: cage,recipe,cage,False,,True,True,-6.8144666106720542e-30,6.8144665970431164e-30
1018,3798,recipe: biomass-wood-seedling,recipe,biomass-wood-seedling,False,,True,True,6.4752328610203627e-30,6.475232848069893e-30
1019,3778,recipe: biomass-mukmoux-fat,recipe,biomass-mukmoux-fat,False,,True,True,6.4612270866887826e-30,6.4612270737663249e-30
1020,4658,recipe: small-lamp,recipe,small-lamp,False,,True,True,-6.4257521860934596e-30,6.425752173241951e-30
1021,4685,recipe: starch,recipe,starch,False,,True,True,6.4009771407442773e-30,6.4009771279423186e-30
1022,3668,recipe: alien-sample01,recipe,alien-sample01,False,,True,True,-6.3615290341773835e-30,6.3615290214543221e-30
1023,4029,recipe: empty-cyanic-acid-barrel,recipe,empty-cyanic-acid-barrel,False,,True,True,6.3557710481458706e-30,6.355771035434325e-30
1024,3766,recipe: biomass-fawogae-substrate,recipe,biomass-fawogae-substrate,False,,True,True,6.3233609036121033e-30,6.3233608909653776e-30
1025,4462,recipe: powdered-ralesia-seeds,recipe,powdered-ralesia-seeds,False,,True,True,-6.1719105510264036e-30,6.1719105386825784e-30
1026,3787,recipe: biomass-sap-tree,recipe,biomass-sap-tree,False,,True,True,6.0658673852160491e-30,6.0658673730843104e-30
1027,1554,__pr_graph_lp_or_to_or_and__: 2635:fluid-craft-temperature: water-saline: 25 --> fluid-craft-temperature: water-saline,,,True,fluid-craft-temperature: water-saline: 25 --> fluid-craft-temperature: water-saline,False,False,-6.0033458892336332e-30,6.003345877226938e-30
1028,4019,recipe: empty-carbolic-oil-barrel,recipe,empty-carbolic-oil-barrel,False,,True,True,-5.9442690616107975e-30,5.9442690497222556e-30
1029,4616,recipe: sap-tree,recipe,sap-tree,False,,True,True,5.9312582971596297e-30,5.9312582852971092e-30
1030,3770,recipe: biomass-guts,recipe,biomass-guts,False,,True,True,5.913355971919785e-30,5.9133559600930698e-30
1031,4098,recipe: fawogae-codex,recipe,fawogae-codex,False,,True,True,-5.8698131360939636e-30,5.8698131243543335e-30
1032,3768,recipe: biomass-fish,recipe,biomass-fish,False,,True,True,5.8660540839738413e-30,5.8660540722417298e-30
1033,4656,recipe: small-electric-pole-2,recipe,small-electric-pole-2,False,,True,True,-5.7682937329894705e-30,5.7682937214528794e-30
1034,3749,recipe: biomass-bonemeal,recipe,biomass-bonemeal,False,,True,True,5.6606649643112974e-30,5.660664952989964e-30
1035,3744,recipe: biomass-agar,recipe,biomass-agar,False,,True,True,5.5186219395135566e-30,5.5186219284763092e-30
1036,3790,recipe: biomass-skin,recipe,biomass-skin,False,,True,True,5.4055063474695003e-30,5.4055063366584841e-30
1037,3773,recipe: biomass-meat,recipe,biomass-meat,False,,True,True,5.3308338484402427e-30,5.3308338377785719e-30
1038,3750,recipe: biomass-bones,recipe,biomass-bones,False,,True,True,5.3284192816040376e-30,5.3284192709471957e-30
1039,3795,recipe: biomass-vrauks-food-01,recipe,biomass-vrauks-food-01,False,,True,True,5.286666329816943e-30,5.2866663192436073e-30
1040,4284,recipe: iron-plate-pyvoid,recipe,iron-plate-pyvoid,False,,True,True,-5.2850938103114892e-30,5.2850937997412987e-30
1041,3940,recipe: cottongut-pup-mk01-raising,recipe,cottongut-pup-mk01-raising,False,,True,True,-5.1856897675490556e-30,5.1856897571776729e-30
1042,1508,__pr_graph_lp_or_to_or_and__: 2514:fluid-craft-temperature: water: 15 --> fluid-create-temperature: water: 15,,,True,fluid-craft-temperature: water: 15 --> fluid-create-temperature: water: 15,False,False,-5.1522174832248537e-30,5.152217472920416e-30
1043,3758,recipe: biomass-cottongut,recipe,biomass-cottongut,False,,True,True,5.1404698757824605e-30,5.1404698655015177e-30
1044,4013,recipe: empty-anthracene-oil-canister,recipe,empty-anthracene-oil-canister,False,,True,True,5.1034412544091192e-30,5.1034412442022336e-30
1045,4072,recipe: empty-scrude-canister,recipe,empty-scrude-canister,False,,True,True,5.1021146562497967e-30,5.1021146460455644e-30
1046,1188,__pr_graph_lp_or_to_or_and__: 10471:entity-operate: data-array --> recipe-category: data-array__0__0:noncoproduct-route,,,True,entity-operate: data-array --> recipe-category: data-array__0__0,False,False,-5.0468630884362195e-30,5.0468630783424901e-30
1047,3784,recipe: biomass-ralesia-seeds,recipe,biomass-ralesia-seeds,False,,True,True,5.0105060960272512e-30,5.0105060860062359e-30
1048,4063,recipe: empty-phytoplankton-barrel,recipe,empty-phytoplankton-barrel,False,,True,True,-4.9341999550560715e-30,4.9341999451876688e-30
1049,4835,recipe: zinc-plate-1,recipe,zinc-plate-1,False,,True,True,-4.8385346591372716e-30,4.8385346494601994e-30
1050,3042,entity-mine: big-rock,entity-mine,big-rock,False,,True,False,-4.7340935893977861e-30,4.7340935799295963e-30
1051,3761,recipe: biomass-cottongut-pup,recipe,biomass-cottongut-pup,False,,True,True,4.716604478328029e-30,4.7166044688948171e-30
1052,760,__pr_graph_lp_or_cost_row__: item: steel-plate,,,True,node-cost:item: steel-plate,False,False,4.6945134558714514e-30,4.6945134464824217e-30
1053,3670,recipe: aluminium-plate-1,recipe,aluminium-plate-1,False,,True,True,4.5089313576969262e-30,4.5089313486790605e-30
1054,4330,recipe: manure-pyvoid,recipe,manure-pyvoid,False,,True,True,4.49292646165419e-30,4.4929264526683342e-30
1055,1510,__pr_graph_lp_or_to_or_and__: 2520:fluid-craft-temperature: water: 100 --> fluid-create-temperature: water: 100,,,True,fluid-craft-temperature: water: 100 --> fluid-create-temperature: water: 100,False,False,4.4814829641719496e-30,4.4814829552089812e-30
1056,4268,recipe: inductor1,recipe,inductor1,False,,True,True,-4.4643297113527155e-30,4.4643297024240536e-30
1057,762,__pr_graph_lp_or_cost_row__: item: stone-brick,,,True,node-cost:item: stone-brick,False,False,4.4336183631936805e-30,4.4336183543264411e-30
1058,3691,recipe: ash-pyvoid,recipe,ash-pyvoid,False,,True,True,-4.3691949391836877e-30,4.3691949304452949e-30
1059,4789,recipe: vitreloy,recipe,vitreloy,False,,True,True,-4.3671960996861432e-30,4.3671960909517482e-30
1060,4422,recipe: pbsb-alloy,recipe,pbsb-alloy,False,,True,True,4.3632328726276908e-30,4.3632328639012223e-30
1061,3850,recipe: car,recipe,car,False,,True,True,-4.360166050873456e-30,4.360166042153121e-30
1062,4439,recipe: pipe,recipe,pipe,False,,True,True,-4.2613650638401104e-30,4.2613650553173774e-30
1063,351,__pr_graph_lp_or_cost_row__: item: ash,,,True,node-cost:item: ash,False,False,4.1950017157301349e-30,4.1950017073401287e-30
1064,1551,__pr_graph_lp_or_to_or_and__: 2626:fluid-craft-temperature: flue-gas: 15 --> fluid-craft-temperature: flue-gas,,,True,fluid-craft-temperature: flue-gas: 15 --> fluid-craft-temperature: flue-gas,False,False,4.1205644353722779e-30,4.1205644271311464e-30
1065,3107,entity-mine: huge-rock,entity-mine,huge-rock,False,,True,False,4.0397818241435959e-30,4.0397818160640298e-30
1066,4208,recipe: grade-1-tin,recipe,grade-1-tin,False,,True,True,-4.0376156820894921e-30,4.0376156740142581e-30
1067,4192,recipe: glass-1,recipe,glass-1,False,,True,True,-3.9847288211704548e-30,3.9847288132009951e-30
1068,4021,recipe: empty-carbon-dioxide-barrel,recipe,empty-carbon-dioxide-barrel,False,,True,True,-3.9093004571300836e-30,3.9093004493114806e-30
1069,1507,__pr_graph_lp_or_to_or_and__: 2513:fluid-craft-temperature: water: 100 --> fluid-craft-temperature: water,,,True,fluid-craft-temperature: water: 100 --> fluid-craft-temperature: water,False,False,3.8896132027722173e-30,3.8896131949929887e-30
1070,4238,recipe: hazard-concrete,recipe,hazard-concrete,False,,True,True,-3.8835711018736253e-30,3.8835710941064809e-30
1071,1400,__pr_graph_lp_or_to_or_and__: 1895:fluid: water --> entity-operate-fluid: boiler,,,True,fluid: water --> entity-operate-fluid: boiler,False,False,3.8742878938974449e-30,3.874287886148867e-30
1072,3732,recipe: belt,recipe,belt,False,,True,True,-3.7555361761174704e-30,3.7555361686063957e-30
1073,633,__pr_graph_lp_or_cost_row__: item: pipe,,,True,node-cost:item: pipe,False,False,3.7339708402519844e-30,3.7339708327840403e-30
1074,4009,recipe: empty-acetylene-canister,recipe,empty-acetylene-canister,False,,True,True,3.6948450547227731e-30,3.694845047333081e-30
1075,1552,__pr_graph_lp_or_to_or_and__: 2627:fluid-craft-temperature: flue-gas: 15 --> fluid-create-temperature: flue-gas: 15,,,True,fluid-craft-temperature: flue-gas: 15 --> fluid-create-temperature: flue-gas: 15,False,False,3.6884772230460066e-30,3.6884772156690502e-30
1076,3866,recipe: cellulose-00,recipe,cellulose-00,False,,True,True,3.6722031613532376e-30,3.6722031540088291e-30
1077,1566,__pr_graph_lp_or_to_or_and__: 2666:fluid-craft-temperature: boric-acid: 10 --> fluid-craft-temperature: boric-acid,,,True,fluid-craft-temperature: boric-acid: 10 --> fluid-craft-temperature: boric-acid,False,False,3.6143263876265393e-30,3.6143263803978844e-30
1078,4751,recipe: tinned-cable,recipe,tinned-cable,False,,True,True,-3.6030573832516438e-30,3.6030573760455267e-30
1079,4068,recipe: empty-polybutadiene-barrel,recipe,empty-polybutadiene-barrel,False,,True,True,3.4875744627059025e-30,3.4875744557307516e-30
1080,4440,recipe: pipe-pyvoid,recipe,pipe-pyvoid,False,,True,True,-3.473997734612825e-30,3.4739977276648271e-30
1081,3746,recipe: biomass-auog-food-01,recipe,biomass-auog-food-01,False,,True,True,3.4677409351137742e-30,3.4677409281782906e-30
1082,4671,recipe: soil-pyvoid,recipe,soil-pyvoid,False,,True,True,3.4516196065843104e-30,3.4516195996810693e-30
1083,4526,recipe: py-tank-10000,recipe,py-tank-10000,False,,True,True,-3.3937222162007282e-30,3.3937222094132819e-30
1084,3780,recipe: biomass-petri-dish,recipe,biomass-petri-dish,False,,True,True,3.380279393428654e-30,3.380279386668093e-30
1085,1524,__pr_graph_lp_or_to_or_and__: 2547:fluid-craft-temperature: light-oil: 25 --> fluid-craft-temperature: light-oil,,,True,fluid-craft-temperature: light-oil: 25 --> fluid-craft-temperature: light-oil,False,False,3.3671170832931979e-30,3.3671170765589617e-30
1086,1459,__pr_graph_lp_or_to_or_and__: 2121:item: pipe --> entity-build-item: pipe,,,True,item: pipe --> entity-build-item: pipe,False,False,-3.3222933244179429e-30,3.3222933177733541e-30
1087,4102,recipe: fawogae-pyvoid,recipe,fawogae-pyvoid,False,,True,True,-3.2805727508523098e-30,3.2805727442911621e-30
1088,3769,recipe: biomass-fish-egg,recipe,biomass-fish-egg,False,,True,True,3.2803106823244863e-30,3.2803106757638626e-30
1089,1696,__pr_graph_lp_or_to_or_and__: 2954:fluid-craft-temperature: molten-salt: 1000 --> fluid-craft-temperature: molten-salt,,,True,fluid-craft-temperature: molten-salt: 1000 --> fluid-craft-temperature: molten-salt,False,False,3.2758731670735509e-30,3.2758731605218024e-30
1090,3764,recipe: biomass-fawogae,recipe,biomass-fawogae,False,,True,True,-3.2696190708525427e-30,3.2696190643133029e-30
1091,3783,recipe: biomass-ralesia,recipe,biomass-ralesia,False,,True,True,3.2650532955301653e-30,3.265053289000057e-30
1092,4206,recipe: grade-1-ti,recipe,grade-1-ti,False,,True,True,3.1833193354205258e-30,3.1833193290538852e-30
1093,1699,__pr_graph_lp_or_to_or_and__: 2960:fluid-craft-temperature: hot-molten-salt: 1000 --> fluid-craft-temperature: hot-molten-salt,,,True,fluid-craft-temperature: hot-molten-salt: 1000 --> fluid-craft-temperature: hot-molten-salt,False,False,-3.1699043809667094e-30,3.1699043746268988e-30
1094,3755,recipe: biomass-chitin,recipe,biomass-chitin,False,,True,True,3.1618974820725352e-30,3.161897475748738e-30
1095,1092,__pr_graph_lp_or_to_or_and__: 10353:entity-operate: auog-paddock-mk01 --> recipe-category: auog__0__0:noncoproduct-route,,,True,entity-operate: auog-paddock-mk01 --> recipe-category: auog__0__0,False,False,-3.159727343588958e-30,3.1597273372695013e-30
1096,4084,recipe: empty-water-barrel,recipe,empty-water-barrel,False,,True,True,3.1582951985200305e-30,3.158295192203438e-30
1097,4464,recipe: power-switch,recipe,power-switch,False,,True,True,-3.1293660214185269e-30,3.129366015159793e-30
1098,3043,entity-mine: big-sand-rock,entity-mine,big-sand-rock,False,,True,False,-3.1271323222549139e-30,3.1271323160006473e-30
1099,3721,recipe: automation-science-pack-pyvoid,recipe,automation-science-pack-pyvoid,False,,True,True,3.111885861266917e-30,3.1118858550431434e-30
1100,1641,__pr_graph_lp_or_to_or_and__: 2829:fluid-craft-temperature: blood: 10 --> fluid-craft-temperature: blood,,,True,fluid-craft-temperature: blood: 10 --> fluid-craft-temperature: blood,False,False,-3.1089291508650653e-30,3.1089291446472052e-30
1101,4079,recipe: empty-tall-oil-canister,recipe,empty-tall-oil-canister,False,,True,True,-3.0580597380118324e-30,3.0580597318957111e-30
1102,994,__pr_graph_lp_or_to_or_and__: 10231:entity-operate: botanical-nursery --> recipe-category: nursery__1__0:noncoproduct-route,,,True,entity-operate: botanical-nursery --> recipe-category: nursery__1__0,False,False,-3.0524603742646111e-30,3.0524603681596887e-30
1103,2744,__pr_graph_lp_or_to_or_and__: 9871:fluid-temperature: cyanic-acid: 10 --> fluid-temperature-range: cyanic-acid: nil: nil:noncoproduct-route,,,True,fluid-temperature: cyanic-acid: 10 --> fluid-temperature-range: cyanic-acid: nil: nil,False,False,-3.0146984939802347e-30,3.0146984879508359e-30
1104,478,__pr_graph_lp_or_cost_row__: item: fawogae,,,True,node-cost:item: fawogae,False,False,3.0057727545443248e-30,3.0057727485327775e-30
1105,1624,__pr_graph_lp_or_to_or_and__: 2792:fluid-craft-temperature: methanal: 10 --> fluid-create-temperature: methanal: 10,,,True,fluid-craft-temperature: methanal: 10 --> fluid-create-temperature: methanal: 10,False,False,-2.9381236018717315e-30,2.9381235959954823e-30
1106,1522,__pr_graph_lp_or_to_or_and__: 2541:fluid-craft-temperature: heavy-oil: 25 --> fluid-create-temperature: heavy-oil: 25,,,True,fluid-craft-temperature: heavy-oil: 25 --> fluid-create-temperature: heavy-oil: 25,False,False,2.8658805176207115e-30,2.8658805118889489e-30
1107,1506,__pr_graph_lp_or_to_or_and__: 2512:fluid-craft-temperature: water: 15 --> fluid-craft-temperature: water,,,True,fluid-craft-temperature: water: 15 --> fluid-craft-temperature: water,False,False,-2.7964392829516252e-30,2.7964392773587449e-30
1108,3835,recipe: burner-inserter,recipe,burner-inserter,False,,True,True,2.7512526994395003e-30,2.7512526939369932e-30
1109,2716,__pr_graph_lp_or_to_or_and__: 9835:fluid-temperature: oxygen: 15 --> fluid-temperature-range: oxygen: nil: nil:noncoproduct-route,,,True,fluid-temperature: oxygen: 15 --> fluid-temperature-range: oxygen: nil: nil,False,False,-2.7279226428916744e-30,2.7279226374358275e-30
1110,2618,__pr_graph_lp_or_to_or_and__: 9705:fluid-temperature: steam: 250 --> fluid-temperature-range: steam: 250: nil:noncoproduct-route,,,True,fluid-temperature: steam: 250 --> fluid-temperature-range: steam: 250: nil,False,False,2.7117775921319313e-30,2.7117775867083745e-30
1111,4702,recipe: stone-furnace,recipe,stone-furnace,False,,True,True,2.6869980850653585e-30,2.6869980796913607e-30
1112,4660,recipe: small-parts-01,recipe,small-parts-01,False,,True,True,-2.6724864681315023e-30,2.6724864627865279e-30
1113,3174,entity-mine: py-tank-7000,entity-mine,py-tank-7000,False,,True,False,-2.6551429893026368e-30,2.6551429839923494e-30
1114,793,__pr_graph_lp_or_cost_row__: item: urea,,,True,node-cost:item: urea,False,False,-2.6413325461591667e-30,2.6413325408764999e-30
1115,715,__pr_graph_lp_or_cost_row__: item: salt,,,True,node-cost:item: salt,False,False,2.6351627725479414e-30,2.6351627672776141e-30
1116,3740,recipe: bio-sample01,recipe,bio-sample01,False,,True,True,-2.6111443322002691e-30,2.611144326977979e-30
1117,1549,__pr_graph_lp_or_to_or_and__: 2621:fluid-craft-temperature: tailings: 10 --> fluid-create-temperature: tailings: 10,,,True,fluid-craft-temperature: tailings: 10 --> fluid-create-temperature: tailings: 10,False,False,-2.5981044494532043e-30,2.5981044442569938e-30
1118,374,__pr_graph_lp_or_cost_row__: item: biomass,,,True,node-cost:item: biomass,False,False,-2.5845975668595625e-30,2.5845975616903659e-30
1119,4705,recipe: stone-to-gravel,recipe,stone-to-gravel,False,,True,True,2.5763719341612712e-30,2.5763719290085258e-30
1120,362,__pr_graph_lp_or_cost_row__: item: automation-science-pack,,,True,node-cost:item: automation-science-pack,False,False,-2.5417337576637282e-30,2.5417337525802592e-30
1121,1584,__pr_graph_lp_or_to_or_and__: 2706:fluid-craft-temperature: pressured-air: 15 --> fluid-craft-temperature: pressured-air,,,True,fluid-craft-temperature: pressured-air: 15 --> fluid-craft-temperature: pressured-air,False,False,2.5297887835730878e-30,2.5297887785135088e-30
1122,2021,__pr_graph_lp_or_to_or_and__: 4371:item-craft: biomass --> item: biomass,,,True,item-craft: biomass --> item: biomass,False,False,-2.5223010381680331e-30,2.5223010331234294e-30
1123,2834,__pr_graph_lp_or_to_or_and__: 9987:entity-operate: assembling-machine-2 --> recipe-category: crafting__0__0:noncoproduct-route,,,True,entity-operate: assembling-machine-2 --> recipe-category: crafting__0__0,False,False,2.4829191584157441e-30,2.4829191534499043e-30
1124,4699,recipe: stone-brick,recipe,stone-brick,False,,True,True,2.4516926045626955e-30,2.4516925996593087e-30
1125,3756,recipe: biomass-cocoon,recipe,biomass-cocoon,False,,True,True,2.4322700533323675e-30,2.4322700484678261e-30
1126,1543,__pr_graph_lp_or_to_or_and__: 2599:fluid-craft-temperature: tar: 10 --> fluid-create-temperature: tar: 10,,,True,fluid-craft-temperature: tar: 10 --> fluid-create-temperature: tar: 10,False,False,-2.4320725871605241e-30,2.4320725822963775e-30
1127,4323,recipe: log1,recipe,log1,False,,True,True,2.4063927322637308e-30,2.4063927274509439e-30
1128,3135,entity-mine: ore-tin,entity-mine,ore-tin,False,,True,False,-2.3562416534359464e-30,2.3562416487234617e-30
1129,4698,recipe: steel-plate-pyvoid,recipe,steel-plate-pyvoid,False,,True,True,-2.3377990376037575e-30,2.3377990329281581e-30
1130,4726,recipe: tailings-classification,recipe,tailings-classification,False,,True,True,-2.3225961373509041e-30,2.3225961327057103e-30
1131,4080,recipe: empty-tar-barrel,recipe,empty-tar-barrel,False,,True,True,2.2532103524144668e-30,2.2532103479080447e-30
1132,4007,recipe: empty-acetone-barrel,recipe,empty-acetone-barrel,False,,True,True,2.2499897992331537e-30,2.2499897947331727e-30
1133,1567,__pr_graph_lp_or_to_or_and__: 2667:fluid-craft-temperature: boric-acid: 10 --> fluid-create-temperature: boric-acid: 10,,,True,fluid-craft-temperature: boric-acid: 10 --> fluid-create-temperature: boric-acid: 10,False,False,2.2420602177817548e-30,2.242060213297633e-30
1134,4375,recipe: moss-gen,recipe,moss-gen,False,,True,True,2.2400656826091984e-30,2.2400656781290658e-30
1135,3907,recipe: coke-coal,recipe,coke-coal,False,,True,True,-2.2369872856548534e-30,2.2369872811808773e-30
1136,3170,entity-mine: py-tank-3000,entity-mine,py-tank-3000,False,,True,False,-2.2201561469940694e-30,2.2201561425537557e-30
1137,4649,recipe: skin-to-lead,recipe,skin-to-lead,False,,True,True,2.2073884664857807e-30,2.2073884620710025e-30
1138,4026,recipe: empty-condensates-canister,recipe,empty-condensates-canister,False,,True,True,-2.1746649610759225e-30,2.1746649567265913e-30
1139,4655,recipe: small-electric-pole,recipe,small-electric-pole,False,,True,True,-2.1599004999541393e-30,2.1599004956343369e-30
1140,4005,recipe: electronics-mk01,recipe,electronics-mk01,False,,True,True,2.1428703692690519e-30,2.1428703649833098e-30
1141,4020,recipe: empty-carbolic-oil-canister,recipe,empty-carbolic-oil-canister,False,,True,True,-2.1269414003099391e-30,2.1269413960560549e-30
1142,4754,recipe: titanium-plate-2,recipe,titanium-plate-2,False,,True,True,2.1129494506680642e-30,2.1129494464421638e-30
1143,4002,recipe: electronic-circuit-pyvoid,recipe,electronic-circuit-pyvoid,False,,True,True,-2.1095108081991847e-30,2.1095108039801619e-30
1144,4604,recipe: salt-pyvoid,recipe,salt-pyvoid,False,,True,True,-2.1055964649356601e-30,2.1055964607244661e-30
1145,4036,recipe: empty-gasoline-barrel,recipe,empty-gasoline-barrel,False,,True,True,-2.0965470882802583e-30,2.0965470840871627e-30
1146,3917,recipe: constant-combinator,recipe,constant-combinator,False,,True,True,-2.030029528298269e-30,2.0300295242382088e-30
1147,640,__pr_graph_lp_or_cost_row__: item: plastic-bar,,,True,node-cost:item: plastic-bar,False,False,2.0220962602990846e-30,2.0220962562548909e-30
1148,4796,recipe: vrauks-codex,recipe,vrauks-codex,False,,True,True,-2.0172649411923284e-30,2.0172649371577974e-30
1149,4574,recipe: recipe-unknown,recipe,recipe-unknown,False,,True,True,-2.016381667568232e-30,2.0163816635354674e-30
1150,4661,recipe: small-parts-01-pyvoid,recipe,small-parts-01-pyvoid,False,,True,True,-1.9801469379440385e-30,1.9801469339837435e-30
1151,2725,__pr_graph_lp_or_to_or_and__: 9846:fluid-temperature: coke-oven-gas: 250 --> fluid-temperature-range: coke-oven-gas: 250: nil:noncoproduct-route,,,True,fluid-temperature: coke-oven-gas: 250 --> fluid-temperature-range: coke-oven-gas: 250: nil,False,False,1.9757818233114826e-30,1.9757818193599176e-30
1152,340,__pr_graph_lp_or_cost_row__: item: aluminium-plate,,,True,node-cost:item: aluminium-plate,False,False,1.952419478204317e-30,1.9524194742994769e-30
1153,3925,recipe: copper-cable,recipe,copper-cable,False,,True,True,-1.9408170189599666e-30,1.9408170150783313e-30
1154,3781,recipe: biomass-petri-dish-bacteria,recipe,biomass-petri-dish-bacteria,False,,True,True,1.9150359628608728e-30,1.9150359590307997e-30
1155,3166,entity-mine: py-storehouse-basic,entity-mine,py-storehouse-basic,False,,True,False,-1.9077067300224354e-30,1.907706726207021e-30
1156,3173,entity-mine: py-tank-6500,entity-mine,py-tank-6500,False,,True,False,-1.8932141010484257e-30,1.8932140972619963e-30
1157,3167,entity-mine: py-tank-1000,entity-mine,py-tank-1000,False,,True,False,-1.885028861098382e-30,1.885028857328323e-30
1158,1538,__pr_graph_lp_or_to_or_and__: 2590:fluid-create-temperature: syngas: 15 --> fluid-create: syngas,,,True,fluid-create-temperature: syngas: 15 --> fluid-create: syngas,False,False,-1.8813676839739485e-30,1.881367680211212e-30
1159,3176,entity-mine: py-tank-9000,entity-mine,py-tank-9000,False,,True,False,-1.8522569539736431e-30,1.8522569502691281e-30
1160,3817,recipe: bones-to-kerogen,recipe,bones-to-kerogen,False,,True,True,1.8386066673286563e-30,1.8386066636514417e-30
1161,4431,recipe: petri-dish-bacteria,recipe,petri-dish-bacteria,False,,True,True,1.8229668987392498e-30,1.822966895093315e-30
1162,4821,recipe: wood-fence,recipe,wood-fence,False,,True,True,-1.8200101287860348e-30,1.8200101251460135e-30
1163,4579,recipe: refined-hazard-concrete,recipe,refined-hazard-concrete,False,,True,True,-1.8059172932391653e-30,1.8059172896273297e-30
1164,1602,__pr_graph_lp_or_to_or_and__: 2747:fluid-craft-temperature: chlorine: 15 --> fluid-craft-temperature: chlorine,,,True,fluid-craft-temperature: chlorine: 15 --> fluid-craft-temperature: chlorine,False,False,1.7932517623812768e-30,1.7932517587947721e-30
1165,3554,fluid-temperature: pitch: 10,fluid-temperature,pitch: 10,False,,False,False,1.77639768573632e-30,1.7763976821835235e-30
1166,1432,__pr_graph_lp_or_to_or_and__: 2027:fluid: steam --> entity-operate-fluid: steam-engine,,,True,fluid: steam --> entity-operate-fluid: steam-engine,False,False,1.7722350332972395e-30,1.7722350297527681e-30
1167,1542,__pr_graph_lp_or_to_or_and__: 2598:fluid-craft-temperature: tar: 10 --> fluid-craft-temperature: tar,,,True,fluid-craft-temperature: tar: 10 --> fluid-craft-temperature: tar,False,False,-1.7565178354347606e-30,1.7565178319217239e-30
1168,4614,recipe: sap-seeds,recipe,sap-seeds,False,,True,True,1.7361846530915005e-30,1.7361846496191302e-30
1169,2420,__pr_graph_lp_or_to_or_and__: 9238:entity-operate: character --> recipe-category: crafting__0__0:noncoproduct-route,,,True,entity-operate: character --> recipe-category: crafting__0__0,False,False,1.7356192922190155e-30,1.7356192887477757e-30
1170,2824,__pr_graph_lp_or_to_or_and__: 9976:entity-operate: assembling-machine-1 --> recipe-category: crafting__0__0:noncoproduct-route,,,True,entity-operate: assembling-machine-1 --> recipe-category: crafting__0__0,False,False,1.6835008312989593e-30,1.6835008279319564e-30
1171,2783,__pr_graph_lp_or_to_or_and__: 9923:fluid-temperature: middle-oil: 10 --> fluid-temperature-range: middle-oil: nil: nil:noncoproduct-route,,,True,fluid-temperature: middle-oil: 10 --> fluid-temperature-range: middle-oil: nil: nil,False,False,-1.6761070867629882e-30,1.6761070834107729e-30
1172,3514,fluid-temperature: aromatics: 10,fluid-temperature,aromatics: 10,False,,False,False,-1.6450957814292163e-30,1.6450957781390239e-30
1173,4011,recipe: empty-ammonia-barrel,recipe,empty-ammonia-barrel,False,,True,True,1.6162712742656664e-30,1.6162712710331227e-30
1174,1533,__pr_graph_lp_or_to_or_and__: 2571:fluid-craft-temperature: coal-gas: 15 --> fluid-craft-temperature: coal-gas,,,True,fluid-craft-temperature: coal-gas: 15 --> fluid-craft-temperature: coal-gas,False,False,-1.6158528729378115e-30,1.6158528697061047e-30
1175,3934,recipe: cottongut-cub-1,recipe,cottongut-cub-1,False,,True,True,-1.6020754621896029e-30,1.6020754589854509e-30
1176,1662,__pr_graph_lp_or_to_or_and__: 2880:fluid-craft-temperature: naphthalene-oil: 10 --> fluid-craft-temperature: naphthalene-oil,,,True,fluid-craft-temperature: naphthalene-oil: 10 --> fluid-craft-temperature: naphthalene-oil,False,False,1.5793430154128077e-30,1.5793430122541208e-30
1177,3731,recipe: battery-mk01-pyvoid,recipe,battery-mk01-pyvoid,False,,True,True,-1.5780911658078239e-30,1.5780911626516405e-30
1178,1645,__pr_graph_lp_or_to_or_and__: 2838:fluid-craft-temperature: scrude: 10 --> fluid-create-temperature: scrude: 10,,,True,fluid-craft-temperature: scrude: 10 --> fluid-create-temperature: scrude: 10,False,False,1.5777074172422942e-30,1.5777074140868783e-30
1179,4057,recipe: empty-muddy-sludge-barrel,recipe,empty-muddy-sludge-barrel,False,,True,True,1.5700227840877727e-30,1.5700227809477261e-30
1180,3511,fluid-temperature: acidgas: 15,fluid-temperature,acidgas: 15,False,,False,False,-1.53230144490276e-30,1.5323014418381562e-30
1181,1179,__pr_graph_lp_or_to_or_and__: 10459:entity-operate: creature-chamber-mk01 --> recipe-category: creature-chamber__0__0:noncoproduct-route,,,True,entity-operate: creature-chamber-mk01 --> recipe-category: creature-chamber__0__0,False,False,-1.5271280709371453e-30,1.5271280678828883e-30
1182,3178,entity-mine: py-warehouse-basic,entity-mine,py-warehouse-basic,False,,True,False,-1.5248600578253455e-30,1.5248600547756246e-30
1183,3565,fluid-temperature: syngas: 15,fluid-temperature,syngas: 15,False,,False,False,-1.5232872386497342e-30,1.5232872356031588e-30
1184,3752,recipe: biomass-caged-auog,recipe,biomass-caged-auog,False,,True,True,1.5230427487526698e-30,1.5230427457065835e-30
1185,4031,recipe: empty-diborane-barrel,recipe,empty-diborane-barrel,False,,True,True,1.5146764576793705e-30,1.5146764546500167e-30
1186,4304,recipe: lead-plate-2,recipe,lead-plate-2,False,,True,True,1.4903183211547327e-30,1.4903183181740952e-30
1187,3867,recipe: cellulose-02,recipe,cellulose-02,False,,True,True,1.4816495400725257e-30,1.4816495371092258e-30
1188,4704,recipe: stone-pyvoid,recipe,stone-pyvoid,False,,True,True,1.4803783498706005e-30,1.4803783469098428e-30
1189,4210,recipe: grade-1-zinc,recipe,grade-1-zinc,False,,True,True,-1.4658168510947574e-30,1.4658168481631227e-30
1190,3902,recipe: coarse-classification,recipe,coarse-classification,False,,True,True,1.4450746145667421e-30,1.4450746116765921e-30
1191,1609,__pr_graph_lp_or_to_or_and__: 2763:fluid-craft-temperature: coke-oven-gas: 100 --> fluid-craft-temperature: coke-oven-gas,,,True,fluid-craft-temperature: coke-oven-gas: 100 --> fluid-craft-temperature: coke-oven-gas,False,False,1.4271628155340964e-30,1.4271628126797698e-30
1192,4397,recipe: nexelit-plate-2,recipe,nexelit-plate-2,False,,True,True,1.402036429475241e-30,1.4020364266711673e-30
1193,4315,recipe: limestone-pyvoid,recipe,limestone-pyvoid,False,,True,True,1.3961586429983836e-30,1.3961586402060656e-30
1194,460,__pr_graph_lp_or_cost_row__: item: duralumin,,,True,node-cost:item: duralumin,False,False,1.3937748939316914e-30,1.3937748911441407e-30
1195,4285,recipe: iron-stick,recipe,iron-stick,False,,True,True,-1.3909505430477247e-30,1.3909505402658228e-30
1196,883,__pr_graph_lp_or_to_or_and__: 10097:entity-operate: automated-factory-mk01 --> recipe-category: crafting__0__0:noncoproduct-route,,,True,entity-operate: automated-factory-mk01 --> recipe-category: crafting__0__0,False,False,1.3814855099299475e-30,1.3814855071669756e-30
1197,4222,recipe: graphite,recipe,graphite,False,,True,True,1.3699918663632783e-30,1.3699918636232937e-30
1198,4316,recipe: limestone-void,recipe,limestone-void,False,,True,True,-1.3600034350253e-30,1.3600034323052923e-30
1199,1190,__pr_graph_lp_or_to_or_and__: 10475:entity-operate: fish-farm-mk01 --> recipe-category: fish-farm__2__1:noncoproduct-route,,,True,entity-operate: fish-farm-mk01 --> recipe-category: fish-farm__2__1,False,False,-1.2916973418254482e-30,1.2916973392420527e-30
1200,4050,recipe: empty-methane-barrel,recipe,empty-methane-barrel,False,,True,True,1.2910517308038576e-30,1.2910517282217534e-30
1201,4170,recipe: full-render-vrauks,recipe,full-render-vrauks,False,,True,True,-1.2699177831884557e-30,1.2699177806486194e-30
1202,3672,recipe: aluminium-plate-pyvoid,recipe,aluminium-plate-pyvoid,False,,True,True,-1.2684781835820282e-30,1.268478181045071e-30
1203,570,__pr_graph_lp_or_cost_row__: item: limestone,,,True,node-cost:item: limestone,False,False,-1.2601188030294008e-30,1.2601188005091624e-30
1204,3165,entity-mine: py-sinkhole,entity-mine,py-sinkhole,False,,True,False,-1.2281606828623581e-30,1.2281606804060361e-30
1205,1206,__pr_graph_lp_or_to_or_and__: 10497:entity-operate: slaughterhouse-mk01 --> recipe-category: slaughterhouse__0__1:noncoproduct-route,,,True,entity-operate: slaughterhouse-mk01 --> recipe-category: slaughterhouse__0__1,False,False,-1.2181918753305039e-30,1.2181918728941193e-30
1206,3206,entity-mine: solid-separator,entity-mine,solid-separator,False,,True,False,-1.2122400360770446e-30,1.2122400336525637e-30
1207,3193,entity-mine: salt-mine,entity-mine,salt-mine,False,,True,False,-1.2083560620408623e-30,1.2083560596241496e-30
1208,4587,recipe: resistor1,recipe,resistor1,False,,True,True,1.199591854752979e-30,1.1995918523537945e-30
1209,3084,entity-mine: fawogae-plantation-mk01,entity-mine,fawogae-plantation-mk01,False,,True,False,-1.1894539623425837e-30,1.1894539599636751e-30
1210,1177,__pr_graph_lp_or_to_or_and__: 10457:entity-operate: creature-chamber-mk01 --> recipe-category: creature-chamber__1__0:noncoproduct-route,,,True,entity-operate: creature-chamber-mk01 --> recipe-category: creature-chamber__1__0,False,False,-1.1750616221628018e-30,1.1750616198126778e-30
1211,3171,entity-mine: py-tank-4000,entity-mine,py-tank-4000,False,,True,False,-1.1740709915515087e-30,1.174070989203366e-30
1212,3168,entity-mine: py-tank-10000,entity-mine,py-tank-10000,False,,True,False,-1.1697867570805294e-30,1.1697867547409551e-30
1213,1579,__pr_graph_lp_or_to_or_and__: 2694:fluid-craft-temperature: pressured-water: 10 --> fluid-create-temperature: pressured-water: 10,,,True,fluid-craft-temperature: pressured-water: 10 --> fluid-create-temperature: pressured-water: 10,False,False,1.1606396511079974e-30,1.1606396487867174e-30
1214,4767,recipe: uncaged-vrauks,recipe,uncaged-vrauks,False,,True,True,-1.1536128279261708e-30,1.1536128256189444e-30
1215,3172,entity-mine: py-tank-5000,entity-mine,py-tank-5000,False,,True,False,-1.1529353212886342e-30,1.1529353189827629e-30
1216,4569,recipe: ralesia-seeds,recipe,ralesia-seeds,False,,True,True,1.1455460667591237e-30,1.1455460644680308e-30
1217,1650,__pr_graph_lp_or_to_or_and__: 2850:fluid-craft-temperature: hot-air: 15 --> fluid-craft-temperature: hot-air,,,True,fluid-craft-temperature: hot-air: 15 --> fluid-craft-temperature: hot-air,False,False,-1.1312627037393616e-30,1.1312627014768355e-30
1218,887,__pr_graph_lp_or_to_or_and__: 10101:entity-operate: automated-factory-mk01 --> recipe-category: advanced-crafting__1__0:noncoproduct-route,,,True,entity-operate: automated-factory-mk01 --> recipe-category: advanced-crafting__1__0,False,False,1.1167900314737451e-30,1.1167900292401643e-30
1219,4000,recipe: electronic-circuit,recipe,electronic-circuit,False,,True,True,1.112038245089642e-30,1.1120382428655648e-30
1220,4048,recipe: empty-liquid-manure-barrel,recipe,empty-liquid-manure-barrel,False,,True,True,-1.1083654884801276e-30,1.1083654862633959e-30
1221,4047,recipe: empty-light-oil-canister,recipe,empty-light-oil-canister,False,,True,True,1.0975345554574573e-30,1.0975345532623875e-30
1222,367,__pr_graph_lp_or_cost_row__: item: battery-mk01,,,True,node-cost:item: battery-mk01,False,False,1.092583548420208e-30,1.0925835462350402e-30
1223,4236,recipe: hawt-turbine-mk01,recipe,hawt-turbine-mk01,False,,True,True,-1.0912636271491202e-30,1.0912636249665923e-30
1224,3188,entity-mine: rectisol,entity-mine,rectisol,False,,True,False,-1.0890679273010881e-30,1.0890679251229516e-30
1225,3169,entity-mine: py-tank-1500,entity-mine,py-tank-1500,False,,True,False,-1.0841264918055001e-30,1.0841264896372465e-30
1226,1515,__pr_graph_lp_or_to_or_and__: 2529:fluid-craft-temperature: steam: 250 --> fluid-craft-temperature: steam,,,True,fluid-craft-temperature: steam: 250 --> fluid-craft-temperature: steam,False,False,1.0787595445709512e-30,1.0787595424134316e-30
1227,3714,recipe: auog-recharge-0,recipe,auog-recharge-0,False,,True,True,1.0754882640449932e-30,1.075488261894016e-30
1228,3050,entity-mine: botanical-nursery,entity-mine,botanical-nursery,False,,True,False,-1.060752477113013e-30,1.0607524749915073e-30
1229,3982,recipe: duralumin-pyvoid,recipe,duralumin-pyvoid,False,,True,True,-1.0537916646684818e-30,1.0537916625608979e-30
1230,1663,__pr_graph_lp_or_to_or_and__: 2881:fluid-craft-temperature: naphthalene-oil: 10 --> fluid-create-temperature: naphthalene-oil: 10,,,True,fluid-craft-temperature: naphthalene-oil: 10 --> fluid-create-temperature: naphthalene-oil: 10,False,False,1.0465314012329526e-30,1.0465313991398891e-30
1231,3929,recipe: copper-plate-4,recipe,copper-plate-4,False,,True,True,1.0366614187983321e-30,1.0366614167250085e-30
1232,4070,recipe: empty-pressured-water-barrel,recipe,empty-pressured-water-barrel,False,,True,True,-1.0352693462768736e-30,1.0352693442063342e-30
1233,1563,__pr_graph_lp_or_to_or_and__: 2660:fluid-craft-temperature: diborane: 15 --> fluid-craft-temperature: diborane,,,True,fluid-craft-temperature: diborane: 15 --> fluid-craft-temperature: diborane,False,False,1.031640434231565e-30,1.0316404321682835e-30
1234,1656,__pr_graph_lp_or_to_or_and__: 2863:fluid-craft-temperature: anthracene-oil: 10 --> fluid-craft-temperature: anthracene-oil,,,True,fluid-craft-temperature: anthracene-oil: 10 --> fluid-craft-temperature: anthracene-oil,False,False,1.015470046955728e-30,1.0154700449247872e-30
1235,548,__pr_graph_lp_or_cost_row__: item: intermetallics,,,True,node-cost:item: intermetallics,False,False,1.0074324392814148e-30,1.0074324372665494e-30
1236,3244,entity-mine: washer,entity-mine,washer,False,,True,False,-1.0068294287818096e-30,1.0068294267681501e-30
1237,3056,entity-mine: casting-unit-mk01,entity-mine,casting-unit-mk01,False,,True,False,-1.0042254067097282e-30,1.0042254047012767e-30
1238,4764,recipe: tree,recipe,tree,False,,True,True,9.9597205763122505e-31,9.9597205563928033e-31
1239,3081,entity-mine: electrolyzer-mk01,entity-mine,electrolyzer-mk01,False,,True,False,-9.9405859501698393e-31,9.9405859302886616e-31
1240,4774,recipe: urea-pyvoid,recipe,urea-pyvoid,False,,True,True,9.8892950763156231e-31,9.8892950565370274e-31
1241,3161,entity-mine: py-overflow-valve,entity-mine,py-overflow-valve,False,,True,False,-9.6176289237483768e-31,9.6176289045131137e-31
1242,4114,recipe: fertilizer-pyvoid,recipe,fertilizer-pyvoid,False,,True,True,-9.4661827191409918e-31,9.466182700208621e-31
1243,3759,recipe: biomass-cottongut-food-01,recipe,biomass-cottongut-food-01,False,,True,True,9.4637115427764127e-31,9.4637115238489833e-31
1244,3058,entity-mine: chemical-plant-mk01,entity-mine,chemical-plant-mk01,False,,True,False,-9.2313319290978927e-31,9.2313319106352232e-31
1245,4827,recipe: wooden-chest,recipe,wooden-chest,False,,True,True,-9.2262286387926299e-31,9.2262286203401671e-31
1246,3175,entity-mine: py-tank-8000,entity-mine,py-tank-8000,False,,True,False,-9.1319178755622345e-31,9.1319178572983934e-31
1247,424,__pr_graph_lp_or_cost_row__: item: cocoon,,,True,node-cost:item: cocoon,False,False,-9.1118483695099684e-31,9.1118483512862658e-31
1248,3537,fluid-temperature: hot-air: 15,fluid-temperature,hot-air: 15,False,,False,False,-9.1104449045745112e-31,9.1104448863536165e-31
1249,3185,entity-mine: ralesia-plantation-mk01,entity-mine,ralesia-plantation-mk01,False,,True,False,-9.0466757492998453e-31,9.046675731206488e-31
1250,4273,recipe: intermetallics,recipe,intermetallics,False,,True,True,8.9958324457143741e-31,8.9958324277227037e-31
1251,3812,recipe: bolts,recipe,bolts,False,,True,True,-8.9752505516317508e-31,8.9752505336812436e-31
1252,1642,__pr_graph_lp_or_to_or_and__: 2830:fluid-craft-temperature: blood: 10 --> fluid-create-temperature: blood: 10,,,True,fluid-craft-temperature: blood: 10 --> fluid-create-temperature: blood: 10,False,False,-8.7901653885778719e-31,8.7901653709975352e-31
1253,2811,__pr_graph_lp_or_to_or_and__: 9960:fluid-temperature: geothermal-water: 3000 --> fluid-temperature-range: geothermal-water: 950: nil:noncoproduct-route,,,True,fluid-temperature: geothermal-water: 3000 --> fluid-temperature-range: geothermal-water: 950: nil,False,False,8.7723594518572577e-31,8.7723594343125332e-31
1254,553,__pr_graph_lp_or_cost_row__: item: iron-plate,,,True,node-cost:item: iron-plate,False,False,8.6212535664792624e-31,8.6212535492367508e-31
1255,4709,recipe: stopper-2,recipe,stopper-2,False,,True,True,-8.6068754515576587e-31,8.6068754343439035e-31
1256,789,__pr_graph_lp_or_cost_row__: item: treated-wood,,,True,node-cost:item: treated-wood,False,False,8.5536400064607432e-31,8.5536399893534586e-31
1257,576,__pr_graph_lp_or_cost_row__: item: manure,,,True,node-cost:item: manure,False,False,-8.499645290904346e-31,8.4996452739050507e-31
1258,1657,__pr_graph_lp_or_to_or_and__: 2864:fluid-craft-temperature: anthracene-oil: 10 --> fluid-create-temperature: anthracene-oil: 10,,,True,fluid-craft-temperature: anthracene-oil: 10 --> fluid-create-temperature: anthracene-oil: 10,False,False,8.4449197687996054e-31,8.4449197519097603e-31
1259,1521,__pr_graph_lp_or_to_or_and__: 2540:fluid-craft-temperature: heavy-oil: 25 --> fluid-craft-temperature: heavy-oil,,,True,fluid-craft-temperature: heavy-oil: 25 --> fluid-craft-temperature: heavy-oil,False,False,8.3718266283033522e-31,8.371826611559694e-31
1260,1547,__pr_graph_lp_or_to_or_and__: 2619:fluid-create-temperature: tailings: 10 --> fluid-create: tailings,,,True,fluid-create-temperature: tailings: 10 --> fluid-create: tailings,False,False,8.3586002859822446e-31,8.3586002692650394e-31
1261,1516,__pr_graph_lp_or_to_or_and__: 2530:fluid-craft-temperature: steam: 500 --> fluid-craft-temperature: steam,,,True,fluid-craft-temperature: steam: 500 --> fluid-craft-temperature: steam,False,False,8.2670598600396352e-31,8.2670598435055097e-31
1262,3196,entity-mine: scrubber-mk01,entity-mine,scrubber-mk01,False,,True,False,-8.2388011761684386e-31,8.238801159690831e-31
1263,3247,entity-mine: wpu-mk01,entity-mine,wpu-mk01,False,,True,False,-8.1900904685651313e-31,8.1900904521849454e-31
1264,3114,entity-mine: jaw-crusher,entity-mine,jaw-crusher,False,,True,False,-8.1779609607932441e-31,8.1779609444373165e-31
1265,1686,__pr_graph_lp_or_to_or_and__: 2933:fluid-craft-temperature: subcritical-water: 10 --> fluid-craft-temperature: subcritical-water,,,True,fluid-craft-temperature: subcritical-water: 10 --> fluid-craft-temperature: subcritical-water,False,False,8.1249397266781539e-31,8.1249397104282695e-31
1266,4619,recipe: sb-grade-01,recipe,sb-grade-01,False,,True,True,-8.1021627471508783e-31,8.1021627309465484e-31
1267,1595,__pr_graph_lp_or_to_or_and__: 2731:fluid-create-temperature: molten-aluminium: 10 --> fluid-create: molten-aluminium,,,True,fluid-create-temperature: molten-aluminium: 10 --> fluid-create: molten-aluminium,False,False,8.0864895621068696e-31,8.086489545933885e-31
1268,1689,__pr_graph_lp_or_to_or_and__: 2939:fluid-craft-temperature: depolymerized-organics: 10 --> fluid-craft-temperature: depolymerized-organics,,,True,fluid-craft-temperature: depolymerized-organics: 10 --> fluid-craft-temperature: depolymerized-organics,False,False,8.0615646225429848e-31,8.0615646064198514e-31
1269,1581,__pr_graph_lp_or_to_or_and__: 2699:fluid-craft-temperature: waste-water: 10 --> fluid-craft-temperature: waste-water,,,True,fluid-craft-temperature: waste-water: 10 --> fluid-craft-temperature: waste-water,False,False,-8.0226058354758717e-31,8.0226058194306557e-31
1270,3152,entity-mine: py-check-valve,entity-mine,py-check-valve,False,,True,False,-7.967536026236264e-31,7.9675360103011865e-31
1271,3076,entity-mine: distilator,entity-mine,distilator,False,,True,False,-7.9142002406530409e-31,7.9142002248246355e-31
1272,3148,entity-mine: pulp-mill-mk01,entity-mine,pulp-mill-mk01,False,,True,False,-7.8853069551588997e-31,7.8853069393882813e-31
1273,1629,__pr_graph_lp_or_to_or_and__: 2803:fluid-craft-temperature: cyanic-acid: 10 --> fluid-craft-temperature: cyanic-acid,,,True,fluid-craft-temperature: cyanic-acid: 10 --> fluid-craft-temperature: cyanic-acid,False,False,-7.8420192720994055e-31,7.8420192564153619e-31
1274,1644,__pr_graph_lp_or_to_or_and__: 2837:fluid-craft-temperature: scrude: 10 --> fluid-craft-temperature: scrude,,,True,fluid-craft-temperature: scrude: 10 --> fluid-craft-temperature: scrude,False,False,7.6356311571040051e-31,7.6356311418327386e-31
1275,3060,entity-mine: classifier,entity-mine,classifier,False,,True,False,-7.591447451767617e-31,7.5914474365847172e-31
1276,3548,fluid-temperature: molten-iron: 10,fluid-temperature,molten-iron: 10,False,,False,False,-7.5584111299493671e-31,7.5584111148325402e-31
1277,3155,entity-mine: py-deposit-basic,entity-mine,py-deposit-basic,False,,True,False,-7.5282335311021748e-31,7.5282335160457027e-31
1278,1675,__pr_graph_lp_or_to_or_and__: 2910:fluid-craft-temperature: fish-oil: 10 --> fluid-create-temperature: fish-oil: 10,,,True,fluid-craft-temperature: fish-oil: 10 --> fluid-create-temperature: fish-oil: 10,False,False,7.5256642468328566e-31,7.5256642317815239e-31
1279,4269,recipe: inductor1-2,recipe,inductor1-2,False,,True,True,-7.5048136668993805e-31,7.5048136518897486e-31
1280,3079,entity-mine: eaf-mk01,entity-mine,eaf-mk01,False,,True,False,-7.4982178916978284e-31,7.4982178767013879e-31
1281,1180,__pr_graph_lp_or_to_or_and__: 10461:entity-operate: vrauks-paddock-mk01 --> recipe-category: vrauks__0__0:noncoproduct-route,,,True,entity-operate: vrauks-paddock-mk01 --> recipe-category: vrauks__0__0,False,False,-7.4755093318800391e-31,7.4755093169290156e-31
1282,3226,entity-mine: tree-02-red,entity-mine,tree-02-red,False,,True,False,-7.4708646291473425e-31,7.4708646142056088e-31
1283,1664,__pr_graph_lp_or_to_or_and__: 2888:fluid-create-temperature: pitch: 10 --> fluid-create: pitch,,,True,fluid-create-temperature: pitch: 10 --> fluid-create: pitch,False,False,7.4401762816060515e-31,7.4401762667256946e-31
1284,3546,fluid-temperature: molten-aluminium: 10,fluid-temperature,molten-aluminium: 10,False,,False,False,7.4272703596006849e-31,7.42727034474614e-31
1285,513,__pr_graph_lp_or_cost_row__: item: glass,,,True,node-cost:item: glass,False,False,-7.4072333230614189e-31,7.4072333082469475e-31
1286,3844,recipe: caged-vrauks,recipe,caged-vrauks,False,,True,True,-7.3864894498833001e-31,7.3864894351103169e-31
1287,3813,recipe: bolts-pyvoid,recipe,bolts-pyvoid,False,,True,True,-7.3545290577402682e-31,7.3545290430312061e-31
1288,1618,__pr_graph_lp_or_to_or_and__: 2778:fluid-craft-temperature: kerosene: 10 --> fluid-create-temperature: kerosene: 10,,,True,fluid-craft-temperature: kerosene: 10 --> fluid-create-temperature: kerosene: 10,False,False,-7.3470241132563403e-31,7.3470240985622878e-31
1289,3536,fluid-temperature: heavy-oil: 25,fluid-temperature,heavy-oil: 25,False,,False,False,7.2542098990432218e-31,7.2542098845347976e-31
1290,1526,__pr_graph_lp_or_to_or_and__: 2555:fluid-create-temperature: acidgas: 15 --> fluid-create: acidgas,,,True,fluid-create-temperature: acidgas: 15 --> fluid-create: acidgas,False,False,-7.2431027394195937e-31,7.2431027249333836e-31
1291,3040,entity-mine: ball-mill-mk01,entity-mine,ball-mill-mk01,False,,True,False,-7.2323374436183849e-31,7.2323374291537057e-31
1292,4390,recipe: native-flora-pyvoid,recipe,native-flora-pyvoid,False,,True,True,7.2014045789570007e-31,7.2014045645541871e-31
1293,1534,__pr_graph_lp_or_to_or_and__: 2572:fluid-craft-temperature: coal-gas: 15 --> fluid-create-temperature: coal-gas: 15,,,True,fluid-craft-temperature: coal-gas: 15 --> fluid-create-temperature: coal-gas: 15,False,False,-7.1452185152711635e-31,7.1452185009807218e-31
1294,1548,__pr_graph_lp_or_to_or_and__: 2620:fluid-craft-temperature: tailings: 10 --> fluid-craft-temperature: tailings,,,True,fluid-craft-temperature: tailings: 10 --> fluid-craft-temperature: tailings,False,False,-7.1363363406629722e-31,7.1363363263902954e-31
1295,1578,__pr_graph_lp_or_to_or_and__: 2693:fluid-craft-temperature: pressured-water: 10 --> fluid-craft-temperature: pressured-water,,,True,fluid-craft-temperature: pressured-water: 10 --> fluid-craft-temperature: pressured-water,False,False,7.0711864282529234e-31,7.0711864141105464e-31
1296,485,__pr_graph_lp_or_cost_row__: item: fertilizer,,,True,node-cost:item: fertilizer,False,False,7.0426042589222673e-31,7.0426042448370545e-31
1297,1540,__pr_graph_lp_or_to_or_and__: 2592:fluid-craft-temperature: syngas: 15 --> fluid-create-temperature: syngas: 15,,,True,fluid-craft-temperature: syngas: 15 --> fluid-create-temperature: syngas: 15,False,False,7.0165653402057447e-31,7.0165653261726093e-31
1298,3913,recipe: concrete-wall,recipe,concrete-wall,False,,True,True,-7.0114596632228541e-31,7.0114596491999307e-31
1299,3124,entity-mine: nco-py-crane-mk1,entity-mine,nco-py-crane-mk1,False,,True,False,-7.0104186289888966e-31,7.010418614968055e-31
1300,4083,recipe: empty-waste-water-barrel,recipe,empty-waste-water-barrel,False,,True,True,-6.9554657966162472e-31,6.9554657827053112e-31
1301,1555,__pr_graph_lp_or_to_or_and__: 2636:fluid-craft-temperature: water-saline: 25 --> fluid-create-temperature: water-saline: 25,,,True,fluid-craft-temperature: water-saline: 25 --> fluid-create-temperature: water-saline: 25,False,False,-6.8717822061303734e-31,6.871782192386805e-31
1302,1594,__pr_graph_lp_or_to_or_and__: 2726:fluid-craft-temperature: acetylene: 15 --> fluid-create-temperature: acetylene: 15,,,True,fluid-craft-temperature: acetylene: 15 --> fluid-create-temperature: acetylene: 15,False,False,6.8213878120201543e-31,6.8213877983773743e-31
1303,428,__pr_graph_lp_or_cost_row__: item: concrete,,,True,node-cost:item: concrete,False,False,6.8129286982182299e-31,6.812928684592368e-31
1304,1558,__pr_graph_lp_or_to_or_and__: 2646:fluid-craft-temperature: aromatics: 10 --> fluid-create-temperature: aromatics: 10,,,True,fluid-craft-temperature: aromatics: 10 --> fluid-create-temperature: aromatics: 10,False,False,6.7955141991479383e-31,6.7955141855569057e-31
1305,4413,recipe: ore-tin-pyvoid,recipe,ore-tin-pyvoid,False,,True,True,-6.771798698679737e-31,6.7717986851361356e-31
1306,1692,__pr_graph_lp_or_to_or_and__: 2946:fluid-create-temperature: geothermal-water: 3000 --> fluid-create: geothermal-water,,,True,fluid-create-temperature: geothermal-water: 3000 --> fluid-create: geothermal-water,False,False,-6.763367730638017e-31,6.7633677171112777e-31
1307,3049,entity-mine: borax-mine,entity-mine,borax-mine,False,,True,False,-6.7614303759348102e-31,6.7614303624119454e-31
1308,2611,__pr_graph_lp_or_to_or_and__: 9697:fluid-temperature: steam: 150 --> fluid: steam:noncoproduct-route,,,True,fluid-temperature: steam: 150 --> fluid: steam,False,False,-6.7301855963629684e-31,6.7301855829025928e-31
1309,4115,recipe: fiber-01,recipe,fiber-01,False,,True,True,-6.5891536381998582e-31,6.5891536250215473e-31
1310,1603,__pr_graph_lp_or_to_or_and__: 2748:fluid-craft-temperature: chlorine: 15 --> fluid-create-temperature: chlorine: 15,,,True,fluid-craft-temperature: chlorine: 15 --> fluid-create-temperature: chlorine: 15,False,False,6.5445240390252912e-31,6.5445240259362396e-31
1311,2837,__pr_graph_lp_or_to_or_and__: 9990:entity-operate: assembling-machine-2 --> recipe-category: advanced-crafting__1__0:noncoproduct-route,,,True,entity-operate: assembling-machine-2 --> recipe-category: advanced-crafting__1__0,False,False,6.412269872592021e-31,6.4122698597674775e-31
1312,4456,recipe: poorman-wood-fence,recipe,poorman-wood-fence,False,,True,True,-6.3344170543592308e-31,6.3344170416903927e-31
1313,2827,__pr_graph_lp_or_to_or_and__: 9979:entity-operate: assembling-machine-1 --> recipe-category: advanced-crafting__1__0:noncoproduct-route,,,True,entity-operate: assembling-machine-1 --> recipe-category: advanced-crafting__1__0,False,False,6.3042785944953421e-31,6.3042785818867809e-31
1314,3236,entity-mine: tree-09,entity-mine,tree-09,False,,True,False,-6.2845393715678863e-31,6.2845393589988039e-31
1315,1517,__pr_graph_lp_or_to_or_and__: 2531:fluid-craft-temperature: steam: 150 --> fluid-create-temperature: steam: 150,,,True,fluid-craft-temperature: steam: 150 --> fluid-create-temperature: steam: 150,False,False,6.2318146394574474e-31,6.2318146269938145e-31
1316,3530,fluid-temperature: fish-oil: 10,fluid-temperature,fish-oil: 10,False,,False,False,-6.2317962403850952e-31,6.2317962279214992e-31
1317,4516,recipe: py-science-pack-1,recipe,py-science-pack-1,False,,True,True,6.2270340831252961e-31,6.2270340706712245e-31
1318,1597,__pr_graph_lp_or_to_or_and__: 2733:fluid-craft-temperature: molten-aluminium: 10 --> fluid-create-temperature: molten-aluminium: 10,,,True,fluid-craft-temperature: molten-aluminium: 10 --> fluid-create-temperature: molten-aluminium: 10,False,False,-6.1441924841844623e-31,6.1441924718960732e-31
1319,4034,recipe: empty-formic-acid-barrel,recipe,empty-formic-acid-barrel,False,,True,True,6.1194585192607297e-31,6.1194585070218091e-31
1320,4623,recipe: sb-grade-03,recipe,sb-grade-03,False,,True,True,-6.0983693825376893e-31,6.0983693703409468e-31
1321,408,__pr_graph_lp_or_cost_row__: item: ceramic,,,True,node-cost:item: ceramic,False,False,-6.0732519306228411e-31,6.0732519184763334e-31
1322,3164,entity-mine: py-shed-basic,entity-mine,py-shed-basic,False,,True,False,-6.0694229971831702e-31,6.0694229850443206e-31
1323,1565,__pr_graph_lp_or_to_or_and__: 2665:fluid-create-temperature: boric-acid: 10 --> fluid-create: boric-acid,,,True,fluid-create-temperature: boric-acid: 10 --> fluid-create: boric-acid,False,False,-6.061995674300835e-31,6.0619956621768401e-31
1324,3528,fluid-temperature: depolymerized-organics: 10,fluid-temperature,depolymerized-organics: 10,False,,False,False,5.9751080886062248e-31,5.975108076656005e-31
1325,4305,recipe: lead-plate-pyvoid,recipe,lead-plate-pyvoid,False,,True,True,5.9040568545634747e-31,5.904056842755357e-31
1326,1697,__pr_graph_lp_or_to_or_and__: 2955:fluid-craft-temperature: molten-salt: 1000 --> fluid-create-temperature: molten-salt: 1000,,,True,fluid-craft-temperature: molten-salt: 1000 --> fluid-create-temperature: molten-salt: 1000,False,False,5.8893861356258272e-31,5.889386123847051e-31
1327,3912,recipe: concrete-pyvoid,recipe,concrete-pyvoid,False,,True,True,-5.8819352391572721e-31,5.8819352273933978e-31
1328,761,__pr_graph_lp_or_cost_row__: item: stone,,,True,node-cost:item: stone,False,False,-5.8723318707090336e-31,5.8723318589643666e-31
1329,4452,recipe: plastic-bar-pyvoid,recipe,plastic-bar-pyvoid,False,,True,True,-5.8500125204132995e-31,5.850012508713271e-31
1330,4688,recipe: steam-engine-pyvoid,recipe,steam-engine-pyvoid,False,,True,True,-5.7559256477788536e-31,5.7559256362669984e-31
1331,4752,recipe: tinned-cable-pyvoid,recipe,tinned-cable-pyvoid,False,,True,True,-5.7444100661347195e-31,5.7444100546458955e-31
1332,4201,recipe: grade-1-iron-crush,recipe,grade-1-iron-crush,False,,True,True,5.6932357927079487e-31,5.6932357813214738e-31
1333,3116,entity-mine: locomotive,entity-mine,locomotive,False,,True,False,-5.6922072974534017e-31,5.6922072860689832e-31
1334,4836,recipe: zinc-plate-2,recipe,zinc-plate-2,False,,True,True,5.6901207575186881e-31,5.6901207461384429e-31
1335,1514,__pr_graph_lp_or_to_or_and__: 2528:fluid-craft-temperature: steam: 150 --> fluid-craft-temperature: steam,,,True,fluid-craft-temperature: steam: 150 --> fluid-craft-temperature: steam,False,False,5.6875522673753157e-31,5.687552256000208e-31
1336,4085,recipe: empty-water-saline-barrel,recipe,empty-water-saline-barrel,False,,True,True,-5.672744687940463e-31,5.67274467659497e-31
1337,1677,__pr_graph_lp_or_to_or_and__: 2915:fluid-craft-temperature: liquid-manure: 10 --> fluid-craft-temperature: liquid-manure,,,True,fluid-craft-temperature: liquid-manure: 10 --> fluid-craft-temperature: liquid-manure,False,False,-5.597164499155778e-31,5.5971644879614457e-31
1338,4303,recipe: lead-plate-1,recipe,lead-plate-1,False,,True,True,5.5938489010681167e-31,5.5938488898804151e-31
1339,1040,__pr_graph_lp_or_to_or_and__: 10287:entity-operate: py-heat-exchanger --> recipe-category: heat-exchanger__1__1:noncoproduct-route,,,True,entity-operate: py-heat-exchanger --> recipe-category: heat-exchanger__1__1,False,False,5.5599798905026823e-31,5.5599798793827195e-31
1340,3535,fluid-temperature: geothermal-water: 3000,fluid-temperature,geothermal-water: 3000,False,,False,False,-5.5521126157776736e-31,5.5521126046734448e-31
1341,4329,recipe: low-grade-smelting-iron,recipe,low-grade-smelting-iron,False,,True,True,5.5171817318451861e-31,5.517181720810819e-31
1342,1700,__pr_graph_lp_or_to_or_and__: 2961:fluid-craft-temperature: hot-molten-salt: 1000 --> fluid-create-temperature: hot-molten-salt: 1000,,,True,fluid-craft-temperature: hot-molten-salt: 1000 --> fluid-create-temperature: hot-molten-salt: 1000,False,False,5.5108458896127121e-31,5.5108458785910171e-31
1343,3517,fluid-temperature: boric-acid: 10,fluid-temperature,boric-acid: 10,False,,False,False,-5.5028028268011289e-31,5.5028028157955199e-31
1344,1673,__pr_graph_lp_or_to_or_and__: 2908:fluid-create-temperature: fish-oil: 10 --> fluid-create: fish-oil,,,True,fluid-create-temperature: fish-oil: 10 --> fluid-create: fish-oil,False,False,-5.5018029125250823e-31,5.5018029015214728e-31
1345,4766,recipe: uncaged-auog,recipe,uncaged-auog,False,,True,True,-5.4812225580887175e-31,5.4812225471262694e-31
1346,3095,entity-mine: gas-refinery-mk01,entity-mine,gas-refinery-mk01,False,,True,False,-5.4630252585191075e-31,5.4630252475930538e-31
1347,469,__pr_graph_lp_or_cost_row__: item: electronic-circuit,,,True,node-cost:item: electronic-circuit,False,False,5.4348689327988641e-31,5.4348689219291232e-31
1348,3077,entity-mine: dry-hairy-tree,entity-mine,dry-hairy-tree,False,,True,False,-5.4054878564567219e-31,5.4054878456457428e-31
1349,605,__pr_graph_lp_or_cost_row__: item: native-flora,,,True,node-cost:item: native-flora,False,False,-5.3987765888313337e-31,5.3987765780337773e-31
1350,3083,entity-mine: evaporator,entity-mine,evaporator,False,,True,False,-5.397130225060808e-31,5.3971302142665447e-31
1351,3785,recipe: biomass-raw-fiber,recipe,biomass-raw-fiber,False,,True,True,-5.3573963430587698e-31,5.357396332343974e-31
1352,4326,recipe: logistic-science-pack,recipe,logistic-science-pack,False,,True,True,-5.3453250367170702e-31,5.3453250260264171e-31
1353,1528,__pr_graph_lp_or_to_or_and__: 2557:fluid-craft-temperature: acidgas: 15 --> fluid-create-temperature: acidgas: 15,,,True,fluid-craft-temperature: acidgas: 15 --> fluid-create-temperature: acidgas: 15,False,False,5.3188330469964204e-31,5.3188330363587512e-31
1354,3229,entity-mine: tree-05,entity-mine,tree-05,False,,True,False,-5.2284116063808504e-31,5.228411595924024e-31
1355,1535,__pr_graph_lp_or_to_or_and__: 2581:fluid-create-temperature: creosote: 10 --> fluid-create: creosote,,,True,fluid-create-temperature: creosote: 10 --> fluid-create: creosote,False,False,-5.2198171915149949e-31,5.2198171810753573e-31
1356,3228,entity-mine: tree-04,entity-mine,tree-04,False,,True,False,-5.217352378928401e-31,5.2173523684936933e-31
1357,3399,entity-operate: py-oil-powerplant-mk01,entity-operate,py-oil-powerplant-mk01,False,,False,False,-5.2055972266872028e-31,5.2055972162760053e-31
1358,3926,recipe: copper-cable-pyvoid,recipe,copper-cable-pyvoid,False,,True,True,-5.1756453451379137e-31,5.1756453347866201e-31
1359,4230,recipe: ground-sample01-pyvoid,recipe,ground-sample01-pyvoid,False,,True,True,-5.1451986875884224e-31,5.1451986772980221e-31
1360,3205,entity-mine: soil-extractor-mk01,entity-mine,soil-extractor-mk01,False,,True,False,-5.0866517295809589e-31,5.086651719407652e-31
1361,4220,recipe: grade-3-ti,recipe,grade-3-ti,False,,True,True,-5.0799003747704723e-31,5.0799003646106687e-31
1362,4578,recipe: refined-concrete-pyvoid,recipe,refined-concrete-pyvoid,False,,True,True,-5.05590663045418e-31,5.0559066203423638e-31
1363,4044,recipe: empty-kerosene-barrel,recipe,empty-kerosene-barrel,False,,True,True,-5.0546629069021378e-31,5.054662896792809e-31
1364,3090,entity-mine: fluid-drill-mk01,entity-mine,fluid-drill-mk01,False,,True,False,-5.0131285485653205e-31,5.0131285385390607e-31
1365,3068,entity-mine: creature-chamber-mk01,entity-mine,creature-chamber-mk01,False,,True,False,-4.9874955811637963e-31,4.9874955711888021e-31
1366,1573,__pr_graph_lp_or_to_or_and__: 2681:fluid-craft-temperature: vacuum: 15 --> fluid-create-temperature: vacuum: 15,,,True,fluid-craft-temperature: vacuum: 15 --> fluid-create-temperature: vacuum: 15,False,False,-4.9579560668862598e-31,4.9579560569703443e-31
1367,1572,__pr_graph_lp_or_to_or_and__: 2680:fluid-craft-temperature: vacuum: 15 --> fluid-craft-temperature: vacuum,,,True,fluid-craft-temperature: vacuum: 15 --> fluid-craft-temperature: vacuum,False,False,-4.9470160126655491e-31,4.947016002771514e-31
1368,3085,entity-mine: fbreactor-mk01,entity-mine,fbreactor-mk01,False,,True,False,-4.9461016814568209e-31,4.9461016715646146e-31
1369,4194,recipe: glass-pyvoid,recipe,glass-pyvoid,False,,True,True,4.9394381626777627e-31,4.9394381527988835e-31
1370,3543,fluid-temperature: methanal: 10,fluid-temperature,methanal: 10,False,,False,False,4.8935422955884086e-31,4.8935422858013206e-31
1371,1639,__pr_graph_lp_or_to_or_and__: 2824:fluid-craft-temperature: acetone: 15 --> fluid-create-temperature: acetone: 15,,,True,fluid-craft-temperature: acetone: 15 --> fluid-create-temperature: acetone: 15,False,False,4.8409818748569185e-31,4.8409818651749515e-31
1372,3526,fluid-temperature: creosote: 10,fluid-temperature,creosote: 10,False,,False,False,-4.8254851024853741e-31,4.8254850928344012e-31
1373,3062,entity-mine: compost-plant-mk01,entity-mine,compost-plant-mk01,False,,True,False,-4.7628364457768491e-31,4.7628364362511734e-31
1374,3029,entity-mine: advanced-foundry-mk01,entity-mine,advanced-foundry-mk01,False,,True,False,-4.7422826505281625e-31,4.7422826410435947e-31
1375,3201,entity-mine: slaughterhouse-mk01,entity-mine,slaughterhouse-mk01,False,,True,False,-4.7325696381425735e-31,4.7325696286774312e-31
1376,3515,fluid-temperature: black-liquor: 10,fluid-temperature,black-liquor: 10,False,,False,False,-4.7200004949867675e-31,4.7200004855467636e-31
1377,1523,__pr_graph_lp_or_to_or_and__: 2546:fluid-create-temperature: light-oil: 25 --> fluid-create: light-oil,,,True,fluid-create-temperature: light-oil: 25 --> fluid-create: light-oil,False,False,-4.6986783882914936e-31,4.6986783788941339e-31
1378,3715,recipe: auog-recharge-00,recipe,auog-recharge-00,False,,True,True,4.6727596988217632e-31,4.672759689476241e-31
1379,1598,__pr_graph_lp_or_to_or_and__: 2737:fluid-create-temperature: hydrogen: 15 --> fluid-create: hydrogen,,,True,fluid-create-temperature: hydrogen: 15 --> fluid-create: hydrogen,False,False,4.6531756717111762e-31,4.653175662404822e-31
1380,697,__pr_graph_lp_or_cost_row__: item: ralesia-seeds,,,True,node-cost:item: ralesia-seeds,False,False,4.6494613024098872e-31,4.6494612931109617e-31
1381,3181,entity-mine: quenching-tower,entity-mine,quenching-tower,False,,True,False,-4.6444384240772994e-31,4.6444384147884194e-31
1382,1588,__pr_graph_lp_or_to_or_and__: 2713:fluid-craft-temperature: pressured-steam: 1000 --> fluid-create-temperature: pressured-steam: 1000,,,True,fluid-craft-temperature: pressured-steam: 1000 --> fluid-create-temperature: pressured-steam: 1000,False,False,4.6349441635478559e-31,4.6349441542779644e-31
1383,4414,recipe: ore-titanium-pyvoid,recipe,ore-titanium-pyvoid,False,,True,True,4.5928356686311222e-31,4.5928356594454479e-31
1384,3096,entity-mine: gasifier,entity-mine,gasifier,False,,True,False,-4.5837926799883301e-31,4.5837926708207422e-31
1385,2422,__pr_graph_lp_or_to_or_and__: 9240:entity-operate: character --> recipe-category: wpu-handcrafting__0__0:noncoproduct-route,,,True,entity-operate: character --> recipe-category: wpu-handcrafting__0__0,False,False,-4.5798244694281682e-31,4.5798244602685169e-31
1386,1681,__pr_graph_lp_or_to_or_and__: 2922:fluid-craft-temperature: creamy-latex: 10 --> fluid-create-temperature: creamy-latex: 10,,,True,fluid-craft-temperature: creamy-latex: 10 --> fluid-create-temperature: creamy-latex: 10,False,False,4.5767829237513087e-31,4.5767829145977399e-31
1387,3928,recipe: copper-plate,recipe,copper-plate,False,,True,True,-4.5631814527642608e-31,4.5631814436378955e-31
1388,1688,__pr_graph_lp_or_to_or_and__: 2938:fluid-create-temperature: depolymerized-organics: 10 --> fluid-create: depolymerized-organics,,,True,fluid-create-temperature: depolymerized-organics: 10 --> fluid-create: depolymerized-organics,False,False,4.5540552313996357e-31,4.5540552222915223e-31
1389,419,__pr_graph_lp_or_cost_row__: item: coal,,,True,node-cost:item: coal,False,False,-4.5393846541506671e-31,4.5393846450718952e-31
1390,1693,__pr_graph_lp_or_to_or_and__: 2947:fluid-craft-temperature: geothermal-water: 3000 --> fluid-craft-temperature: geothermal-water,,,True,fluid-craft-temperature: geothermal-water: 3000 --> fluid-craft-temperature: geothermal-water,False,False,4.5352788442563042e-31,4.5352788351857439e-31
1391,3234,entity-mine: tree-08-brown,entity-mine,tree-08-brown,False,,True,False,-4.5266308234426665e-31,4.5266308143894017e-31
1392,3128,entity-mine: olefin-plant,entity-mine,olefin-plant,False,,True,False,-4.5192073501330706e-31,4.5192073410946535e-31
1393,4750,recipe: tin-plate-pyvoid,recipe,tin-plate-pyvoid,False,,True,True,-4.5160550037229803e-31,4.5160549946908673e-31
1394,1593,__pr_graph_lp_or_to_or_and__: 2725:fluid-craft-temperature: acetylene: 15 --> fluid-craft-temperature: acetylene,,,True,fluid-craft-temperature: acetylene: 15 --> fluid-craft-temperature: acetylene,False,False,4.5017414916693213e-31,4.501741482665836e-31
1395,1649,__pr_graph_lp_or_to_or_and__: 2849:fluid-create-temperature: hot-air: 15 --> fluid-create: hot-air,,,True,fluid-create-temperature: hot-air: 15 --> fluid-create: hot-air,False,False,-4.496458404458636e-31,4.4964583954657164e-31
1396,3091,entity-mine: fluid-drill-mk02,entity-mine,fluid-drill-mk02,False,,True,False,-4.4808535756543333e-31,4.4808535666926233e-31
1397,1622,__pr_graph_lp_or_to_or_and__: 2790:fluid-create-temperature: methanal: 10 --> fluid-create: methanal,,,True,fluid-create-temperature: methanal: 10 --> fluid-create: methanal,False,False,4.4706648399209708e-31,4.4706648309796382e-31
1398,3109,entity-mine: impact-crusher-mk01,entity-mine,impact-crusher-mk01,False,,True,False,-4.4588749001899582e-31,4.458874891272206e-31
1399,983,__pr_graph_lp_or_to_or_and__: 10216:entity-operate: fawogae-plantation-mk01 --> recipe-category: fawogae__0__0:noncoproduct-route,,,True,entity-operate: fawogae-plantation-mk01 --> recipe-category: fawogae__0__0,False,False,4.4238019523265541e-31,4.4238019434789474e-31
1400,1611,__pr_graph_lp_or_to_or_and__: 2765:fluid-craft-temperature: coke-oven-gas: 100 --> fluid-create-temperature: coke-oven-gas: 100,,,True,fluid-craft-temperature: coke-oven-gas: 100 --> fluid-create-temperature: coke-oven-gas: 100,False,False,4.4216915073711891e-31,4.4216914985278039e-31
1401,1633,__pr_graph_lp_or_to_or_and__: 2811:fluid-craft-temperature: black-liquor: 10 --> fluid-create-temperature: black-liquor: 10,,,True,fluid-craft-temperature: black-liquor: 10 --> fluid-create-temperature: black-liquor: 10,False,False,4.418418461084327e-31,4.4184184522474876e-31
1402,3539,fluid-temperature: hydrogen: 15,fluid-temperature,hydrogen: 15,False,,False,False,4.4072088722332743e-31,4.4072088634188538e-31
1403,2667,__pr_graph_lp_or_to_or_and__: 9770:fluid-temperature: aromatics: 10 --> fluid-temperature-range: aromatics: nil: nil:noncoproduct-route,,,True,fluid-temperature: aromatics: 10 --> fluid-temperature-range: aromatics: nil: nil,False,False,4.3765450944575164e-31,4.3765450857044238e-31
1404,3121,entity-mine: moondrop-greenhouse-mk01,entity-mine,moondrop-greenhouse-mk01,False,,True,False,-4.3525546959583101e-31,4.3525546872531979e-31
1405,4828,recipe: wooden-chest-pyvoid,recipe,wooden-chest-pyvoid,False,,True,True,-4.308685098384482e-31,4.3086850897671096e-31
1406,1564,__pr_graph_lp_or_to_or_and__: 2661:fluid-craft-temperature: diborane: 15 --> fluid-create-temperature: diborane: 15,,,True,fluid-craft-temperature: diborane: 15 --> fluid-create-temperature: diborane: 15,False,False,4.2568988270184186e-31,4.2568988185046187e-31
1407,1556,__pr_graph_lp_or_to_or_and__: 2644:fluid-create-temperature: aromatics: 10 --> fluid-create: aromatics,,,True,fluid-create-temperature: aromatics: 10 --> fluid-create: aromatics,False,False,-4.2447543078521274e-31,4.2447542993626164e-31
1408,1545,__pr_graph_lp_or_to_or_and__: 2610:fluid-craft-temperature: muddy-sludge: 10 --> fluid-craft-temperature: muddy-sludge,,,True,fluid-craft-temperature: muddy-sludge: 10 --> fluid-craft-temperature: muddy-sludge,False,False,4.2178109713785114e-31,4.2178109629428873e-31
1409,825,__pr_graph_lp_or_to_or_and__: 10003:entity-operate: bof-mk01 --> recipe-category: bof__0__1:noncoproduct-route,,,True,entity-operate: bof-mk01 --> recipe-category: bof__0__1,False,False,4.201032507569384e-31,4.2010324991673166e-31
1410,3905,recipe: cocoon-pyvoid,recipe,cocoon-pyvoid,False,,True,True,4.1905108207517642e-31,4.19051081237074e-31
1411,1582,__pr_graph_lp_or_to_or_and__: 2700:fluid-craft-temperature: waste-water: 10 --> fluid-create-temperature: waste-water: 10,,,True,fluid-craft-temperature: waste-water: 10 --> fluid-create-temperature: waste-water: 10,False,False,-4.1886348182815677e-31,4.1886348099042954e-31
1412,3220,entity-mine: tar-processing-unit,entity-mine,tar-processing-unit,False,,True,False,-4.1555790583994655e-31,4.1555790500883048e-31
1413,3237,entity-mine: tree-09-brown,entity-mine,tree-09-brown,False,,True,False,-4.1373637876300159e-31,4.1373637793552855e-31
1414,3102,entity-mine: glassworks-mk01,entity-mine,glassworks-mk01,False,,True,False,-4.135395749174383e-31,4.1353957409035893e-31
1415,714,__pr_graph_lp_or_cost_row__: item: rubber,,,True,node-cost:item: rubber,False,False,4.0814893856003892e-31,4.0814893774374079e-31
1416,3089,entity-mine: flotation-cell-mk01,entity-mine,flotation-cell-mk01,False,,True,False,-4.0712087922426204e-31,4.0712087841002005e-31
1417,1592,__pr_graph_lp_or_to_or_and__: 2724:fluid-create-temperature: acetylene: 15 --> fluid-create: acetylene,,,True,fluid-create-temperature: acetylene: 15 --> fluid-create: acetylene,False,False,-4.0681798904138546e-31,4.0681798822774927e-31
1418,3233,entity-mine: tree-08,entity-mine,tree-08,False,,True,False,-4.0458125356610254e-31,4.0458125275693982e-31
1419,4212,recipe: grade-2-copper,recipe,grade-2-copper,False,,True,True,-4.044816048269339e-31,4.0448160401797042e-31
1420,4051,recipe: empty-methane-canister,recipe,empty-methane-canister,False,,True,True,4.033831201334815e-31,4.03383119326715e-31
1421,3566,fluid-temperature: tailings: 10,fluid-temperature,tailings: 10,False,,False,False,4.023061402937422e-31,4.0230613948912967e-31
1422,3283,entity-operate: character,entity-operate,character,False,,False,False,3.9872223645766717e-31,3.9872223566022246e-31
1423,3556,fluid-temperature: pressured-air: 15,fluid-temperature,pressured-air: 15,False,,False,False,3.9638663727205387e-31,3.9638663647928039e-31
1424,2605,__pr_graph_lp_or_to_or_and__: 9688:fluid-temperature: water: 100 --> fluid: water:noncoproduct-route,,,True,fluid-temperature: water: 100 --> fluid: water,False,False,-3.961404237932799e-31,3.961404230009988e-31
1425,3061,entity-mine: clay-pit-mk01,entity-mine,clay-pit-mk01,False,,True,False,-3.8448731780239542e-31,3.8448731703342054e-31
1426,3129,entity-mine: ore-aluminium,entity-mine,ore-aluminium,False,,True,False,3.7677327714524196e-31,3.7677327639169515e-31
1427,1912,__pr_graph_lp_or_to_or_and__: 4061:item-craft: aluminium-plate --> item: aluminium-plate,,,True,item-craft: aluminium-plate --> item: aluminium-plate,False,False,-3.7439318105418203e-31,3.7439318030539544e-31
1428,1680,__pr_graph_lp_or_to_or_and__: 2921:fluid-craft-temperature: creamy-latex: 10 --> fluid-craft-temperature: creamy-latex,,,True,fluid-craft-temperature: creamy-latex: 10 --> fluid-craft-temperature: creamy-latex,False,False,3.7384552615261231e-31,3.7384552540492105e-31
1429,3094,entity-mine: fwf-mk01,entity-mine,fwf-mk01,False,,True,False,-3.7227575218757825e-31,3.7227575144302651e-31
1430,1431,__pr_graph_lp_or_to_or_and__: 2024:item: steam-engine --> entity-build-item: steam-engine,,,True,item: steam-engine --> entity-build-item: steam-engine,False,False,-3.6976113538479949e-31,3.6976113464527701e-31
1431,4570,recipe: ralesia-seeds-pyvoid,recipe,ralesia-seeds-pyvoid,False,,True,True,-3.6936841305753306e-31,3.6936841231879601e-31
1432,812,__pr_graph_lp_or_cost_row__: item: wood,,,True,node-cost:item: wood,False,False,-3.6830144503955087e-31,3.6830144430294778e-31
1433,3125,entity-mine: nco-py-short-crane-mk1,entity-mine,nco-py-short-crane-mk1,False,,True,False,-3.6583469438677406e-31,3.6583469365510446e-31
1434,1631,__pr_graph_lp_or_to_or_and__: 2809:fluid-create-temperature: black-liquor: 10 --> fluid-create: black-liquor,,,True,fluid-create-temperature: black-liquor: 10 --> fluid-create: black-liquor,False,False,-3.643164134610684e-31,3.6431641273243537e-31
1435,435,__pr_graph_lp_or_cost_row__: item: copper-cable,,,True,node-cost:item: copper-cable,False,False,3.6396018284000908e-31,3.6396018211208848e-31
1436,4334,recipe: mechanical-parts-01-pyvoid,recipe,mechanical-parts-01-pyvoid,False,,True,True,-3.6263189354098273e-31,3.6263189281571873e-31
1437,3098,entity-mine: generator-1,entity-mine,generator-1,False,,True,False,-3.6249717692896025e-31,3.6249717620396569e-31
1438,3243,entity-mine: vrauks-paddock-mk01,entity-mine,vrauks-paddock-mk01,False,,True,False,-3.6228220735567201e-31,3.6228220663110738e-31
1439,619,__pr_graph_lp_or_cost_row__: item: ore-tin,,,True,node-cost:item: ore-tin,False,False,3.5713331790174438e-31,3.5713331718747755e-31
1440,1210,__pr_graph_lp_or_to_or_and__: 10502:entity-operate: py-oil-powerplant-mk01 --> recipe-category: oil-powerplant__1__1:noncoproduct-route,,,True,entity-operate: py-oil-powerplant-mk01 --> recipe-category: oil-powerplant__1__1,False,False,-3.5637970375028865e-31,3.5637970303752905e-31
1441,3106,entity-mine: hpf,entity-mine,hpf,False,,True,False,-3.5541970365577745e-31,3.5541970294493784e-31
1442,3133,entity-mine: ore-nickel,entity-mine,ore-nickel,False,,True,False,-3.4864600837371491e-31,3.4864600767642266e-31
1443,1600,__pr_graph_lp_or_to_or_and__: 2739:fluid-craft-temperature: hydrogen: 15 --> fluid-create-temperature: hydrogen: 15,,,True,fluid-craft-temperature: hydrogen: 15 --> fluid-create-temperature: hydrogen: 15,False,False,-3.4845746449391058e-31,3.4845746379699546e-31
1444,4199,recipe: grade-1-copper-crush,recipe,grade-1-copper-crush,False,,True,True,3.4812037044176797e-31,3.4812036974552701e-31
1445,2615,__pr_graph_lp_or_to_or_and__: 9702:fluid-temperature: steam: 250 --> fluid: steam:noncoproduct-route,,,True,fluid-temperature: steam: 250 --> fluid: steam,False,False,-3.4634308821885394e-31,3.4634308752616754e-31
1446,4600,recipe: rubber-pyvoid,recipe,rubber-pyvoid,False,,True,True,-3.4489177604255511e-31,3.4489177535277133e-31
1447,580,__pr_graph_lp_or_cost_row__: item: melamine,,,True,node-cost:item: melamine,False,False,3.4410547769671259e-31,3.4410547700850142e-31
1448,4399,recipe: nickel-plate-2,recipe,nickel-plate-2,False,,True,True,3.4367768815302463e-31,3.4367768746566904e-31
1449,774,__pr_graph_lp_or_cost_row__: item: tailings-dust,,,True,node-cost:item: tailings-dust,False,False,3.4358207029732367e-31,3.4358206961015931e-31
1450,3230,entity-mine: tree-06,entity-mine,tree-06,False,,True,False,-3.3848911270112932e-31,3.3848911202415091e-31
1451,3208,entity-mine: spore-collector-mk01,entity-mine,spore-collector-mk01,False,,True,False,-3.3779193856374932e-31,3.3779193788816524e-31
1452,3078,entity-mine: dry-tree,entity-mine,dry-tree,False,,True,False,-3.3670571630704104e-31,3.3670571563362941e-31
1453,3180,entity-mine: pyphoon-bay,entity-mine,pyphoon-bay,False,,True,False,-3.3446674855407129e-31,3.344667478851376e-31
1454,3055,entity-mine: cargo-wagon,entity-mine,cargo-wagon,False,,True,False,-3.3367826542393909e-31,3.3367826475658235e-31
1455,3110,entity-mine: incubator-mk01,entity-mine,incubator-mk01,False,,True,False,-3.334255609469607e-31,3.3342556028010939e-31
1456,3041,entity-mine: barrel-machine-mk01,entity-mine,barrel-machine-mk01,False,,True,False,-3.301950949870588e-31,3.3019509432666839e-31
1457,1202,__pr_graph_lp_or_to_or_and__: 10492:entity-operate: compost-plant-mk01 --> recipe-category: compost__0__0:noncoproduct-route,,,True,entity-operate: compost-plant-mk01 --> recipe-category: compost__0__0,False,False,-3.2939848622581006e-31,3.2939848556701288e-31
1458,3101,entity-mine: geothermal-plant-mk01,entity-mine,geothermal-plant-mk01,False,,True,False,-3.2187030345353655e-31,3.2187030280979575e-31
1459,3122,entity-mine: moss-farm-mk01,entity-mine,moss-farm-mk01,False,,True,False,-3.1897478341404697e-31,3.1897478277609721e-31
1460,998,__pr_graph_lp_or_to_or_and__: 10236:entity-operate: wpu-mk01 --> recipe-category: wpu__0__0:noncoproduct-route,,,True,entity-operate: wpu-mk01 --> recipe-category: wpu__0__0,False,False,3.1743210195543014e-31,3.1743210132056574e-31
1461,1557,__pr_graph_lp_or_to_or_and__: 2645:fluid-craft-temperature: aromatics: 10 --> fluid-craft-temperature: aromatics,,,True,fluid-craft-temperature: aromatics: 10 --> fluid-craft-temperature: aromatics,False,False,3.1660309829698115e-31,3.1660309766377475e-31
1462,620,__pr_graph_lp_or_cost_row__: item: ore-titanium,,,True,node-cost:item: ore-titanium,False,False,-3.1660260179030847e-31,3.1660260115710307e-31
1463,1616,__pr_graph_lp_or_to_or_and__: 2776:fluid-create-temperature: kerosene: 10 --> fluid-create: kerosene,,,True,fluid-create-temperature: kerosene: 10 --> fluid-create: kerosene,False,False,3.1289790124416392e-31,3.1289790061836794e-31
1464,581,__pr_graph_lp_or_cost_row__: item: melamine-resin,,,True,node-cost:item: melamine-resin,False,False,3.1148742169998098e-31,3.1148742107700594e-31
1465,4340,recipe: melamine-resin-pyvoid,recipe,melamine-resin-pyvoid,False,,True,True,-3.1107390705462461e-31,3.110739064324766e-31
1466,3520,fluid-temperature: chlorine: 15,fluid-temperature,chlorine: 15,False,,False,False,-3.0922242194191813e-31,3.092224213234731e-31
1467,2421,__pr_graph_lp_or_to_or_and__: 9239:entity-operate: character --> recipe-category: ee-testing-tool__0__0:noncoproduct-route,,,True,entity-operate: character --> recipe-category: ee-testing-tool__0__0,False,False,-3.0890610439448708e-31,3.0890610377667469e-31
1468,3979,recipe: dried-meat-01,recipe,dried-meat-01,False,,True,True,-3.0853932904243754e-31,3.0853932842535868e-31
1469,1938,__pr_graph_lp_or_to_or_and__: 4137:item-craft: zinc-plate --> item: zinc-plate,,,True,item-craft: zinc-plate --> item: zinc-plate,False,False,3.0839217593771405e-31,3.0839217532092951e-31
1470,756,__pr_graph_lp_or_cost_row__: item: steam-engine,,,True,node-cost:item: steam-engine,False,False,3.0742106040399556e-31,3.0742105978915326e-31
1471,1670,__pr_graph_lp_or_to_or_and__: 2902:fluid-create-temperature: zogna-bacteria: 10 --> fluid-create: zogna-bacteria,,,True,fluid-create-temperature: zogna-bacteria: 10 --> fluid-create: zogna-bacteria,False,False,-3.0616973776296774e-31,3.0616973715062807e-31
1472,3157,entity-mine: py-gas-vent,entity-mine,py-gas-vent,False,,True,False,-3.0595473444425969e-31,3.0595473383235005e-31
1473,564,__pr_graph_lp_or_cost_row__: item: lead-plate,,,True,node-cost:item: lead-plate,False,False,-3.0594706799570259e-31,3.0594706738380827e-31
1474,4219,recipe: grade-2-zinc-pyvoid,recipe,grade-2-zinc-pyvoid,False,,True,True,-3.0386697337833459e-31,3.0386697277060046e-31
1475,1537,__pr_graph_lp_or_to_or_and__: 2583:fluid-craft-temperature: creosote: 10 --> fluid-create-temperature: creosote: 10,,,True,fluid-craft-temperature: creosote: 10 --> fluid-create-temperature: creosote: 10,False,False,3.0326764312534637e-31,3.0326764251881088e-31
1476,3871,recipe: ceramic-pyvoid,recipe,ceramic-pyvoid,False,,True,True,3.0287853579558046e-31,3.0287853518982322e-31
1477,1636,__pr_graph_lp_or_to_or_and__: 2817:fluid-craft-temperature: tall-oil: 10 --> fluid-create-temperature: tall-oil: 10,,,True,fluid-craft-temperature: tall-oil: 10 --> fluid-create-temperature: tall-oil: 10,False,False,-3.0272748486253979e-31,3.0272748425708462e-31
1478,3158,entity-mine: py-heat-exchanger,entity-mine,py-heat-exchanger,False,,True,False,-3.0183610752904444e-31,3.0183610692537203e-31
1479,3231,entity-mine: tree-06-brown,entity-mine,tree-06-brown,False,,True,False,-3.0168179013701363e-31,3.0168178953364985e-31
1480,1661,__pr_graph_lp_or_to_or_and__: 2879:fluid-create-temperature: naphthalene-oil: 10 --> fluid-create: naphthalene-oil,,,True,fluid-create-temperature: naphthalene-oil: 10 --> fluid-create: naphthalene-oil,False,False,-2.9981251746533833e-31,2.9981251686571313e-31
1481,3151,entity-mine: py-burner,entity-mine,py-burner,False,,True,False,-2.9944457791834405e-31,2.994445773194547e-31
1482,1410,__pr_graph_lp_or_to_or_and__: 1931:item: wooden-chest --> entity-build-item: wooden-chest,,,True,item: wooden-chest --> entity-build-item: wooden-chest,False,False,-2.9917755014449637e-31,2.991775495461411e-31
1483,785,__pr_graph_lp_or_cost_row__: item: titanium-plate,,,True,node-cost:item: titanium-plate,False,False,2.9893921507019038e-31,2.9893921447231177e-31
1484,1694,__pr_graph_lp_or_to_or_and__: 2949:fluid-craft-temperature: geothermal-water: 3000 --> fluid-create-temperature: geothermal-water: 3000,,,True,fluid-craft-temperature: geothermal-water: 3000 --> fluid-create-temperature: geothermal-water: 3000,False,False,2.9571702235275481e-31,2.9571702176132059e-31
1485,1601,__pr_graph_lp_or_to_or_and__: 2746:fluid-create-temperature: chlorine: 15 --> fluid-create: chlorine,,,True,fluid-create-temperature: chlorine: 15 --> fluid-create: chlorine,False,False,-2.9461497518323445e-31,2.9461497459400434e-31
1486,3191,entity-mine: retorter,entity-mine,retorter,False,,True,False,-2.9404472033837008e-31,2.9404471975028046e-31
1487,1570,__pr_graph_lp_or_to_or_and__: 2673:fluid-craft-temperature: molten-glass: 10 --> fluid-create-temperature: molten-glass: 10,,,True,fluid-craft-temperature: molten-glass: 10 --> fluid-create-temperature: molten-glass: 10,False,False,2.9255610071200929e-31,2.925561001268969e-31
1488,4045,recipe: empty-kerosene-canister,recipe,empty-kerosene-canister,False,,True,True,-2.9191920195225884e-31,2.9191920136842027e-31
1489,3146,entity-mine: prandium-lab-mk01,entity-mine,prandium-lab-mk01,False,,True,False,-2.9156323061338798e-31,2.9156323003026136e-31
1490,3039,entity-mine: automated-screener-mk01,entity-mine,automated-screener-mk01,False,,True,False,-2.8842368012427798e-31,2.8842367954743044e-31
1491,3560,fluid-temperature: slacked-lime: 10,fluid-temperature,slacked-lime: 10,False,,False,False,-2.8814032646178299e-31,2.8814032588550215e-31
1492,1794,__pr_graph_lp_or_to_or_and__: 3188:item-craft: transport-belt --> item: transport-belt,,,True,item-craft: transport-belt --> item: transport-belt,False,False,2.8795315800761586e-31,2.8795315743170939e-31
1493,3238,entity-mine: tree-09-red,entity-mine,tree-09-red,False,,True,False,-2.8794642241117945e-31,2.8794642183528642e-31
1494,3187,entity-mine: rc-mk01,entity-mine,rc-mk01,False,,True,False,-2.869113127265068e-31,2.8691131215268401e-31
1495,4755,recipe: titanium-plate-pyvoid,recipe,titanium-plate-pyvoid,False,,True,True,-2.8576412400451463e-31,2.8576412343298621e-31
1496,1604,__pr_graph_lp_or_to_or_and__: 2753:fluid-create-temperature: oxygen: 15 --> fluid-create: oxygen,,,True,fluid-create-temperature: oxygen: 15 --> fluid-create: oxygen,False,False,2.8562207646593147e-31,2.8562207589468716e-31
1497,3048,entity-mine: borax,entity-mine,borax,False,,True,False,-2.8416533531262608e-31,2.8416533474429525e-31
1498,3030,entity-mine: aerial-blimp-mk01,entity-mine,aerial-blimp-mk01,False,,True,False,-2.8406828666123769e-31,2.8406828609310093e-31
1499,437,__pr_graph_lp_or_cost_row__: item: copper-plate,,,True,node-cost:item: copper-plate,False,False,2.8342381309882066e-31,2.8342381253197288e-31
1500,1546,__pr_graph_lp_or_to_or_and__: 2611:fluid-craft-temperature: muddy-sludge: 10 --> fluid-create-temperature: muddy-sludge: 10,,,True,fluid-craft-temperature: muddy-sludge: 10 --> fluid-create-temperature: muddy-sludge: 10,False,False,2.8339600194684312e-31,2.8339600138005096e-31
1501,832,__pr_graph_lp_or_to_or_and__: 10011:entity-operate: atomizer-mk01 --> recipe-category: atomizer__0__1:noncoproduct-route,,,True,entity-operate: atomizer-mk01 --> recipe-category: atomizer__0__1,False,False,2.8140487881629384e-31,2.814048782534839e-31
1502,4377,recipe: moss-pyvoid,recipe,moss-pyvoid,False,,True,True,2.7842713193408508e-31,2.7842713137723066e-31
1503,3108,entity-mine: hydroclassifier-mk01,entity-mine,hydroclassifier-mk01,False,,True,False,-2.7785142537715931e-31,2.7785142482145627e-31
1504,1569,__pr_graph_lp_or_to_or_and__: 2672:fluid-craft-temperature: molten-glass: 10 --> fluid-craft-temperature: molten-glass,,,True,fluid-craft-temperature: molten-glass: 10 --> fluid-craft-temperature: molten-glass,False,False,2.7515334410855341e-31,2.7515334355824656e-31
1505,3074,entity-mine: dino-dig-site,entity-mine,dino-dig-site,False,,True,False,-2.7212547129400036e-31,2.7212547074974926e-31
1506,1561,__pr_graph_lp_or_to_or_and__: 2655:fluid-craft-temperature: slacked-lime: 10 --> fluid-create-temperature: slacked-lime: 10,,,True,fluid-craft-temperature: slacked-lime: 10 --> fluid-create-temperature: slacked-lime: 10,False,False,2.711149677001451e-31,2.7111496715791498e-31
1507,4415,recipe: ore-zinc-pyvoid,recipe,ore-zinc-pyvoid,False,,True,True,-2.6796149216484063e-31,2.6796149162891749e-31
1508,4282,recipe: iron-plate,recipe,iron-plate,False,,True,True,2.6753430402009442e-31,2.6753430348502563e-31
1509,3221,entity-mine: tidal-mk01,entity-mine,tidal-mk01,False,,True,False,-2.6678050999810872e-31,2.6678050946454756e-31
1510,3072,entity-mine: dead-tree-desert,entity-mine,dead-tree-desert,False,,True,False,-2.6534814142815512e-31,2.653481408974587e-31
1511,3540,fluid-temperature: kerosene: 10,fluid-temperature,kerosene: 10,False,,False,False,2.650748751908055e-31,2.6507487466065558e-31
1512,4747,recipe: tier-0-chromite-sand,recipe,tier-0-chromite-sand,False,,True,True,-2.6271721076762381e-31,2.6271721024218921e-31
1513,578,__pr_graph_lp_or_cost_row__: item: mechanical-parts-01,,,True,node-cost:item: mechanical-parts-01,False,False,2.6160830514984034e-31,2.6160830462662357e-31
1514,1518,__pr_graph_lp_or_to_or_and__: 2534:fluid-craft-temperature: steam: 250 --> fluid-create-temperature: steam: 250,,,True,fluid-craft-temperature: steam: 250 --> fluid-create-temperature: steam: 250,False,False,2.609817751941547e-31,2.6098177467219099e-31
1515,3099,entity-mine: genlab-mk01,entity-mine,genlab-mk01,False,,True,False,-2.6027485518356146e-31,2.6027485466301157e-31
1516,1149,__pr_graph_lp_or_to_or_and__: 10423:entity-operate: fwf-mk01 --> recipe-category: fwf__1__0:noncoproduct-route,,,True,entity-operate: fwf-mk01 --> recipe-category: fwf__1__0,False,False,2.5911408068324173e-31,2.591140801650134e-31
1517,1665,__pr_graph_lp_or_to_or_and__: 2889:fluid-craft-temperature: pitch: 10 --> fluid-craft-temperature: pitch,,,True,fluid-craft-temperature: pitch: 10 --> fluid-craft-temperature: pitch,False,False,2.5739867717738035e-31,2.5739867666258283e-31
1518,4226,recipe: gravel-to-sand,recipe,gravel-to-sand,False,,True,True,2.5692863071193156e-31,2.5692863019807414e-31
1519,380,__pr_graph_lp_or_cost_row__: item: bolts,,,True,node-cost:item: bolts,False,False,2.5654285930853652e-31,2.5654285879545065e-31
1520,1144,__pr_graph_lp_or_to_or_and__: 10417:entity-operate: moss-farm-mk01 --> recipe-category: moss__2__0:noncoproduct-route,,,True,entity-operate: moss-farm-mk01 --> recipe-category: moss__2__0,False,False,-2.558546358382347e-31,2.5585463532652525e-31
1521,3044,entity-mine: bio-reactor-mk01,entity-mine,bio-reactor-mk01,False,,True,False,-2.5551970698731048e-31,2.555197064762709e-31
1522,3131,entity-mine: ore-chromium,entity-mine,ore-chromium,False,,True,False,-2.5347584565422009e-31,2.5347584514726822e-31
1523,1667,__pr_graph_lp_or_to_or_and__: 2895:fluid-create-temperature: middle-oil: 10 --> fluid-create: middle-oil,,,True,fluid-create-temperature: middle-oil: 10 --> fluid-create: middle-oil,False,False,-2.51568136477459e-31,2.5156813597432256e-31
1524,783,__pr_graph_lp_or_cost_row__: item: tin-plate,,,True,node-cost:item: tin-plate,False,False,2.5147960421653903e-31,2.5147960371357969e-31
1525,3071,entity-mine: dead-grey-trunk,entity-mine,dead-grey-trunk,False,,True,False,-2.4596675151907513e-31,2.4596675102714146e-31
1526,1617,__pr_graph_lp_or_to_or_and__: 2777:fluid-craft-temperature: kerosene: 10 --> fluid-craft-temperature: kerosene,,,True,fluid-craft-temperature: kerosene: 10 --> fluid-craft-temperature: kerosene,False,False,-2.4439141221963951e-31,2.4439141173085654e-31
1527,3534,fluid-temperature: geothermal-water: 10,fluid-temperature,geothermal-water: 10,False,,False,False,2.4336630867356179e-31,2.4336630818682905e-31
1528,3119,entity-mine: micro-mine-mk01,entity-mine,micro-mine-mk01,False,,True,False,-2.4180455548504155e-31,2.418045550014323e-31
1529,1599,__pr_graph_lp_or_to_or_and__: 2738:fluid-craft-temperature: hydrogen: 15 --> fluid-craft-temperature: hydrogen,,,True,fluid-craft-temperature: hydrogen: 15 --> fluid-craft-temperature: hydrogen,False,False,2.4021517763014736e-31,2.4021517714971687e-31
1530,3103,entity-mine: gun-turret,entity-mine,gun-turret,False,,True,False,-2.376337077149304e-31,2.3763370723966286e-31
1531,525,__pr_graph_lp_or_cost_row__: item: grade-2-zinc,,,True,node-cost:item: grade-2-zinc,False,False,2.3675198242692278e-31,2.3675198195341869e-31
1532,3189,entity-mine: reformer-mk01,entity-mine,reformer-mk01,False,,True,False,-2.3502410909599524e-31,2.3502410862594688e-31
1533,4460,recipe: powdered-aluminium,recipe,powdered-aluminium,False,,True,True,2.326712802466042e-31,2.3267127978126149e-31
1534,3036,entity-mine: atomizer-mk01,entity-mine,atomizer-mk01,False,,True,False,-2.3209595589260909e-31,2.3209595542841702e-31
1535,3093,entity-mine: fluidavan,entity-mine,fluidavan,False,,True,False,-2.3180531406849903e-31,2.3180531360488828e-31
1536,528,__pr_graph_lp_or_cost_row__: item: gravel,,,True,node-cost:item: gravel,False,False,-2.3168599749542158e-31,2.3168599703204944e-31
1537,3567,fluid-temperature: tall-oil: 10,fluid-temperature,tall-oil: 10,False,,False,False,2.3165936663342694e-31,2.3165936617010805e-31
1538,1575,__pr_graph_lp_or_to_or_and__: 2686:fluid-craft-temperature: phytoplankton: 10 --> fluid-craft-temperature: phytoplankton,,,True,fluid-craft-temperature: phytoplankton: 10 --> fluid-craft-temperature: phytoplankton,False,False,2.2556950929933763e-31,2.2556950884819847e-31
1539,475,__pr_graph_lp_or_cost_row__: item: engine-unit,,,True,node-cost:item: engine-unit,False,False,-2.2436124675184719e-31,2.2436124630312458e-31
1540,530,__pr_graph_lp_or_cost_row__: item: ground-sample01,,,True,node-cost:item: ground-sample01,False,False,2.2417783545911039e-31,2.2417783501075457e-31
1541,3086,entity-mine: fish,entity-mine,fish,False,,True,False,-2.2391102014501457e-31,2.2391101969719238e-31
1542,3138,entity-mine: outpost,entity-mine,outpost,False,,True,False,-2.2158120197120614e-31,2.2158120152804362e-31
1543,722,__pr_graph_lp_or_cost_row__: item: saps,,,True,node-cost:item: saps,False,False,-2.2124552805311983e-31,2.2124552761062866e-31
1544,4338,recipe: melamine-pyvoid,recipe,melamine-pyvoid,False,,True,True,-2.1980499049721926e-31,2.1980499005760916e-31
1545,1559,__pr_graph_lp_or_to_or_and__: 2653:fluid-create-temperature: slacked-lime: 10 --> fluid-create: slacked-lime,,,True,fluid-create-temperature: slacked-lime: 10 --> fluid-create: slacked-lime,False,False,-2.1863568657027708e-31,2.1863568613300557e-31
1546,3088,entity-mine: flora-collector-mk01,entity-mine,flora-collector-mk01,False,,True,False,-2.1830923947094833e-31,2.1830923903432974e-31
1547,3527,fluid-temperature: cyanic-acid: 10,fluid-temperature,cyanic-acid: 10,False,,False,False,-2.1687347569949532e-31,2.1687347526574825e-31
1548,3227,entity-mine: tree-03,entity-mine,tree-03,False,,True,False,-2.1597343943344702e-31,2.1597343900150001e-31
1549,2819,__pr_graph_lp_or_to_or_and__: 9970:fluid-temperature: hot-molten-salt: 1000 --> fluid-temperature-range: hot-molten-salt: 950: nil:noncoproduct-route,,,True,fluid-temperature: hot-molten-salt: 1000 --> fluid-temperature-range: hot-molten-salt: 950: nil,False,False,2.1569009414340365e-31,2.1569009371202333e-31
1550,4218,recipe: grade-2-zinc,recipe,grade-2-zinc,False,,True,True,-2.1558675193260356e-31,2.1558675150142993e-31
1551,4659,recipe: small-lamp-pyvoid,recipe,small-lamp-pyvoid,False,,True,True,-2.1543468809106318e-31,2.1543468766019368e-31
1552,703,__pr_graph_lp_or_cost_row__: item: refined-concrete,,,True,node-cost:item: refined-concrete,False,False,2.1526995419260331e-31,2.1526995376206329e-31
1553,3209,entity-mine: steam-engine,entity-mine,steam-engine,False,,True,False,-2.1380338750009418e-31,2.138033870724873e-31
1554,3070,entity-mine: dead-dry-hairy-tree,entity-mine,dead-dry-hairy-tree,False,,True,False,-2.1142297516717257e-31,2.1142297474432651e-31
1555,596,__pr_graph_lp_or_cost_row__: item: moss,,,True,node-cost:item: moss,False,False,-2.1079189290956606e-31,2.1079189248798213e-31
1556,4202,recipe: grade-1-lead,recipe,grade-1-lead,False,,True,True,-2.0927484149769507e-31,2.0927484107914526e-31
1557,4588,recipe: resistor1-pyvoid,recipe,resistor1-pyvoid,False,,True,True,2.092474091836932e-31,2.0924740876519826e-31
1558,1583,__pr_graph_lp_or_to_or_and__: 2705:fluid-create-temperature: pressured-air: 15 --> fluid-create: pressured-air,,,True,fluid-create-temperature: pressured-air: 15 --> fluid-create: pressured-air,False,False,2.092206582188471e-31,2.0922065780040568e-31
1559,3510,fluid-temperature: acetylene: 15,fluid-temperature,acetylene: 15,False,,False,False,-2.0910356343456213e-31,2.091035630163549e-31
1560,1746,__pr_graph_lp_or_to_or_and__: 3032:item-craft: wood --> item: wood,,,True,item-craft: wood --> item: wood,False,False,-2.085174759645038e-31,2.0851747554746871e-31
1561,3531,fluid-temperature: flue-gas: 15,fluid-temperature,flue-gas: 15,False,,False,False,2.0782065776786606e-31,2.078206573522246e-31
1562,3883,recipe: chromite-sand-pyvoid,recipe,chromite-sand-pyvoid,False,,True,True,-2.0755185204028953e-31,2.0755185162518569e-31
1563,1638,__pr_graph_lp_or_to_or_and__: 2823:fluid-craft-temperature: acetone: 15 --> fluid-craft-temperature: acetone,,,True,fluid-craft-temperature: acetone: 15 --> fluid-craft-temperature: acetone,False,False,2.0660555293334678e-31,2.0660555252013557e-31
1564,3038,entity-mine: automated-factory-mk01,entity-mine,automated-factory-mk01,False,,True,False,-2.061077976817191e-31,2.0610779726950338e-31
1565,2601,__pr_graph_lp_or_to_or_and__: 9683:fluid-temperature: water: 15 --> fluid: water:noncoproduct-route,,,True,fluid-temperature: water: 15 --> fluid: water,False,False,-2.0589396724961589e-31,2.0589396683782783e-31
1566,3513,fluid-temperature: anthracene-oil: 10,fluid-temperature,anthracene-oil: 10,False,,False,False,-2.0565981664054964e-31,2.0565981622922988e-31
1567,3087,entity-mine: fish-farm-mk01,entity-mine,fish-farm-mk01,False,,True,False,-2.0539529261692461e-31,2.0539529220613392e-31
1568,3815,recipe: bonemeal-pyvoid,recipe,bonemeal-pyvoid,False,,True,True,-2.0539330843183687e-31,2.0539330802105012e-31
1569,1585,__pr_graph_lp_or_to_or_and__: 2707:fluid-craft-temperature: pressured-air: 15 --> fluid-create-temperature: pressured-air: 15,,,True,fluid-craft-temperature: pressured-air: 15 --> fluid-create-temperature: pressured-air: 15,False,False,-2.0474326474876888e-31,2.0474326433928223e-31
1570,4204,recipe: grade-1-nickel,recipe,grade-1-nickel,False,,True,True,2.047331052229855e-31,2.0473310481351917e-31
1571,3065,entity-mine: cooling-tower-mk01,entity-mine,cooling-tower-mk01,False,,True,False,-2.0263494016488361e-31,2.026349397596136e-31
1572,3053,entity-mine: car,entity-mine,car,False,,True,False,-2.0192199541577529e-31,2.0192199501193119e-31
1573,1844,__pr_graph_lp_or_to_or_and__: 3841:item-craft: empty-fuel-canister --> item: empty-fuel-canister,,,True,item-craft: empty-fuel-canister --> item: empty-fuel-canister,False,False,2.0131872089901455e-31,2.0131872049637697e-31
1574,1668,__pr_graph_lp_or_to_or_and__: 2896:fluid-craft-temperature: middle-oil: 10 --> fluid-craft-temperature: middle-oil,,,True,fluid-craft-temperature: middle-oil: 10 --> fluid-craft-temperature: middle-oil,False,False,2.0029535452903487e-31,2.0029535412844406e-31
1575,1189,__pr_graph_lp_or_to_or_and__: 10473:entity-operate: prandium-lab-mk01 --> recipe-category: cottongut__0__0:noncoproduct-route,,,True,entity-operate: prandium-lab-mk01 --> recipe-category: cottongut__0__0,False,False,1.9984945421003288e-31,1.9984945381033387e-31
1576,4408,recipe: ore-aluminium-pyvoid,recipe,ore-aluminium-pyvoid,False,,True,True,1.9965987185921826e-31,1.9965987145989839e-31
1577,4274,recipe: intermetallics-pyvoid,recipe,intermetallics-pyvoid,False,,True,True,1.9891352030148136e-31,1.9891351990365421e-31
1578,1574,__pr_graph_lp_or_to_or_and__: 2685:fluid-create-temperature: phytoplankton: 10 --> fluid-create: phytoplankton,,,True,fluid-create-temperature: phytoplankton: 10 --> fluid-create: phytoplankton,False,False,1.9884836111750678e-31,1.9884836071980996e-31
1579,1747,__pr_graph_lp_or_to_or_and__: 3034:item-craft: coal --> item: coal,,,True,item-craft: coal --> item: coal,False,False,-1.9872907377278701e-31,1.9872907337532876e-31
1580,3192,entity-mine: rhe,entity-mine,rhe,False,,True,False,-1.9857814459418306e-31,1.9857814419702665e-31
1581,4286,recipe: iron-stick-pyvoid,recipe,iron-stick-pyvoid,False,,True,True,-1.9830220121062108e-31,1.9830220081401657e-31
1582,1539,__pr_graph_lp_or_to_or_and__: 2591:fluid-craft-temperature: syngas: 15 --> fluid-craft-temperature: syngas,,,True,fluid-craft-temperature: syngas: 15 --> fluid-craft-temperature: syngas,False,False,-1.9766223901159929e-31,1.9766223861627469e-31
1583,1606,__pr_graph_lp_or_to_or_and__: 2755:fluid-craft-temperature: oxygen: 15 --> fluid-create-temperature: oxygen: 15,,,True,fluid-craft-temperature: oxygen: 15 --> fluid-create-temperature: oxygen: 15,False,False,-1.9676850853073341e-31,1.9676850813719628e-31
1584,4025,recipe: empty-condensates-barrel,recipe,empty-condensates-barrel,False,,True,True,-1.9601829298897043e-31,1.9601829259693373e-31
1585,3198,entity-mine: seaweed-crop-mk01,entity-mine,seaweed-crop-mk01,False,,True,False,-1.9590303175058388e-31,1.959030313587777e-31
1586,621,__pr_graph_lp_or_cost_row__: item: ore-zinc,,,True,node-cost:item: ore-zinc,False,False,1.9545136756647751e-31,1.9545136717557466e-31
1587,3930,recipe: copper-plate-pyvoid,recipe,copper-plate-pyvoid,False,,True,True,-1.9131112272682595e-31,1.9131112234420359e-31
1588,3564,fluid-temperature: subcritical-water: 10,fluid-temperature,subcritical-water: 10,False,,False,False,-1.9127067548104144e-31,1.9127067509849997e-31
1589,4400,recipe: nickel-plate-pyvoid,recipe,nickel-plate-pyvoid,False,,True,True,-1.9104632962687913e-31,1.9104632924478635e-31
1590,3127,entity-mine: oil-boiler-mk01,entity-mine,oil-boiler-mk01,False,,True,False,-1.9036385720550363e-31,1.9036385682477581e-31
1591,4675,recipe: solder-pyvoid,recipe,solder-pyvoid,False,,True,True,-1.8985249826610952e-31,1.8985249788640441e-31
1592,3143,entity-mine: plankton-farm,entity-mine,plankton-farm,False,,True,False,-1.8852567100998433e-31,1.8852567063293288e-31
1593,3034,entity-mine: assembling-machine-1,entity-mine,assembling-machine-1,False,,True,False,-1.8770664058077523e-31,1.8770664020536183e-31
1594,1550,__pr_graph_lp_or_to_or_and__: 2625:fluid-create-temperature: flue-gas: 15 --> fluid-create: flue-gas,,,True,fluid-create-temperature: flue-gas: 15 --> fluid-create: flue-gas,False,False,1.8738406169694308e-31,1.8738406132217485e-31
1595,3140,entity-mine: pcb-factory-mk01,entity-mine,pcb-factory-mk01,False,,True,False,-1.866990815654256e-31,1.8669908119202732e-31
1596,3067,entity-mine: cracker-mk01,entity-mine,cracker-mk01,False,,True,False,-1.8598513128736616e-31,1.8598513091539577e-31
1597,3190,entity-mine: research-center-mk01,entity-mine,research-center-mk01,False,,True,False,-1.8447683995002985e-31,1.8447683958107607e-31
1598,4037,recipe: empty-gasoline-canister,recipe,empty-gasoline-canister,False,,True,True,-1.8422089593614243e-31,1.8422089556770054e-31
1599,3210,entity-mine: steam-turbine-mk01,entity-mine,steam-turbine-mk01,False,,True,False,-1.8382716867685121e-31,1.8382716830919676e-31
1600,3219,entity-mine: tailings-pond,entity-mine,tailings-pond,False,,True,False,-1.8338682817762003e-31,1.8338682781084627e-31
1601,3242,entity-mine: vawt-turbine-mk01,entity-mine,vawt-turbine-mk01,False,,True,False,-1.8243118126218577e-31,1.8243118089732329e-31
1602,520,__pr_graph_lp_or_cost_row__: item: grade-1-tin,,,True,node-cost:item: grade-1-tin,False,False,-1.8240710373109038e-31,1.8240710336627606e-31
1603,4215,recipe: grade-2-ti-crush,recipe,grade-2-ti-crush,False,,True,True,1.820130891801672e-31,1.8201308881614091e-31
1604,3541,fluid-temperature: light-oil: 25,fluid-temperature,light-oil: 25,False,,False,False,-1.8196362601052067e-31,1.819636256465933e-31
1605,554,__pr_graph_lp_or_cost_row__: item: iron-stick,,,True,node-cost:item: iron-stick,False,False,1.8187530126352003e-31,1.8187530089976931e-31
1606,1745,__pr_graph_lp_or_to_or_and__: 3027:item-craft: stone-brick --> item: stone-brick,,,True,item-craft: stone-brick --> item: stone-brick,False,False,-1.8121508254024531e-31,1.8121508217781503e-31
1607,708,__pr_graph_lp_or_cost_row__: item: resistor1,,,True,node-cost:item: resistor1,False,False,-1.8078121208543319e-31,1.8078121172387067e-31
1608,4197,recipe: grade-1-chromite,recipe,grade-1-chromite,False,,True,True,-1.8008629186679291e-31,1.8008629150662021e-31
1609,3197,entity-mine: seaweed,entity-mine,seaweed,False,,True,False,-1.7968770051539147e-31,1.7968770015601596e-31
1610,1666,__pr_graph_lp_or_to_or_and__: 2890:fluid-craft-temperature: pitch: 10 --> fluid-create-temperature: pitch: 10,,,True,fluid-craft-temperature: pitch: 10 --> fluid-create-temperature: pitch: 10,False,False,-1.7874854778532273e-31,1.7874854742782552e-31
1611,3045,entity-mine: biofactory-mk01,entity-mine,biofactory-mk01,False,,True,False,-1.7822332013174757e-31,1.7822331977530082e-31
1612,3032,entity-mine: antimony-drill-mk01,entity-mine,antimony-drill-mk01,False,,True,False,1.7790522430279777e-31,1.7790522394698722e-31
1613,1628,__pr_graph_lp_or_to_or_and__: 2802:fluid-create-temperature: cyanic-acid: 10 --> fluid-create: cyanic-acid,,,True,fluid-create-temperature: cyanic-acid: 10 --> fluid-create: cyanic-acid,False,False,-1.7750411315920009e-31,1.7750411280419176e-31
1614,3941,recipe: cottongut-pup-pyvoid,recipe,cottongut-pup-pyvoid,False,,True,True,-1.7691394127402921e-31,1.7691394092020122e-31
1615,1671,__pr_graph_lp_or_to_or_and__: 2903:fluid-craft-temperature: zogna-bacteria: 10 --> fluid-craft-temperature: zogna-bacteria,,,True,fluid-craft-temperature: zogna-bacteria: 10 --> fluid-craft-temperature: zogna-bacteria,False,False,1.7606580010061181e-31,1.7606579974848011e-31
1616,3741,recipe: bio-sample01-pyvoid,recipe,bio-sample01-pyvoid,False,,True,True,-1.7587232585351485e-31,1.7587232550177009e-31
1617,1541,__pr_graph_lp_or_to_or_and__: 2597:fluid-create-temperature: tar: 10 --> fluid-create: tar,,,True,fluid-create-temperature: tar: 10 --> fluid-create: tar,False,False,-1.7470863364695856e-31,1.747086332975412e-31
1618,3092,entity-mine: fluid-wagon,entity-mine,fluid-wagon,False,,True,False,-1.7279100668097795e-31,1.7279100633539583e-31
1619,436,__pr_graph_lp_or_cost_row__: item: copper-ore,,,True,node-cost:item: copper-ore,False,False,1.7247532542043863e-31,1.7247532507548788e-31
1620,876,__pr_graph_lp_or_to_or_and__: 10083:item-burn: condensates-canister --> item: empty-fuel-canister:noncoproduct-route,,,True,item-burn: condensates-canister --> item: empty-fuel-canister,False,False,1.7165272466075945e-31,1.7165272431745389e-31
1621,4033,recipe: empty-flue-gas-barrel,recipe,empty-flue-gas-barrel,False,,True,True,-1.7060330792786233e-31,1.7060330758665561e-31
1622,3240,entity-mine: upgrader-mk01,entity-mine,upgrader-mk01,False,,True,False,-1.697739953443091e-31,1.6977399500476101e-31
1623,1532,__pr_graph_lp_or_to_or_and__: 2570:fluid-create-temperature: coal-gas: 15 --> fluid-create: coal-gas,,,True,fluid-create-temperature: coal-gas: 15 --> fluid-create: coal-gas,False,False,-1.6931940581627821e-31,1.693194054776393e-31
1624,3953,recipe: crushed-coal,recipe,crushed-coal,False,,True,True,1.6740298056407393e-31,1.6740298022926786e-31
1625,699,__pr_graph_lp_or_cost_row__: item: raw-coal,,,True,node-cost:item: raw-coal,False,False,1.6528460536857106e-31,1.6528460503800175e-31
1626,3215,entity-mine: stone-wall,entity-mine,stone-wall,False,,True,False,-1.6449912353863418e-31,1.6449912320963583e-31
1627,871,__pr_graph_lp_or_to_or_and__: 10073:item-burn: acetylene-canister --> item: empty-fuel-canister:noncoproduct-route,,,True,item-burn: acetylene-canister --> item: empty-fuel-canister,False,False,1.6449031785837815e-31,1.6449031752939741e-31
1628,3217,entity-mine: storage-tank,entity-mine,storage-tank,False,,True,False,1.6429796866401616e-31,1.6429796833542012e-31
1629,749,__pr_graph_lp_or_cost_row__: item: solder,,,True,node-cost:item: solder,False,False,1.6363751112806753e-31,1.6363751080079241e-31
1630,3559,fluid-temperature: scrude: 10,fluid-temperature,scrude: 10,False,,False,False,-1.6127260175772217e-31,1.6127260143517687e-31
1631,3156,entity-mine: py-electric-boiler,entity-mine,py-electric-boiler,False,,True,False,-1.6112137831346266e-31,1.611213779912198e-31
1632,877,__pr_graph_lp_or_to_or_and__: 10085:item-burn: anthracene-oil-canister --> item: empty-fuel-canister:noncoproduct-route,,,True,item-burn: anthracene-oil-canister --> item: empty-fuel-canister,False,False,1.6076917318317452e-31,1.6076917286163608e-31
1633,1820,__pr_graph_lp_or_to_or_and__: 3755:item-craft: sand --> item: sand,,,True,item-craft: sand --> item: sand,False,False,1.5903620022021078e-31,1.5903619990213828e-31
1634,1196,__pr_graph_lp_or_to_or_and__: 10484:entity-operate: sap-extractor-mk01 --> recipe-category: sap-extractor__0__0:noncoproduct-route,,,True,entity-operate: sap-extractor-mk01 --> recipe-category: sap-extractor__0__0,False,False,1.5660426320708434e-31,1.5660426289387572e-31
1635,1613,__pr_graph_lp_or_to_or_and__: 2770:fluid-create-temperature: molten-iron: 10 --> fluid-create: molten-iron,,,True,fluid-create-temperature: molten-iron: 10 --> fluid-create: molten-iron,False,False,-1.5550991839310705e-31,1.5550991808208713e-31
1636,3864,recipe: cdna,recipe,cdna,False,,True,True,1.5508649614497853e-31,1.5508649583480545e-31
1637,816,__pr_graph_lp_or_cost_row__: item: wooden-chest,,,True,node-cost:item: wooden-chest,False,False,1.5497604215578908e-31,1.549760418458369e-31
1638,3105,entity-mine: heavy-oil-refinery-mk01,entity-mine,heavy-oil-refinery-mk01,False,,True,False,-1.5472259977683972e-31,1.5472259946739442e-31
1639,3545,fluid-temperature: middle-oil: 10,fluid-temperature,middle-oil: 10,False,,False,False,-1.5453675533876833e-31,1.5453675502969473e-31
1640,1679,__pr_graph_lp_or_to_or_and__: 2920:fluid-create-temperature: creamy-latex: 10 --> fluid-create: creamy-latex,,,True,fluid-create-temperature: creamy-latex: 10 --> fluid-create: creamy-latex,False,False,1.5140718991085392e-31,1.5140718960803945e-31
1641,1322,__pr_graph_lp_or_to_or_and__: 1689:item: moondrop --> entity-operate-py-module: moondrop-greenhouse-mk01,,,True,item: moondrop --> entity-operate-py-module: moondrop-greenhouse-mk01,False,False,1.5094339279992791e-31,1.5094339249804103e-31
1642,4809,recipe: warm-stone-brick-pyvoid,recipe,warm-stone-brick-pyvoid,False,,True,True,1.5050944025263081e-31,1.5050943995161184e-31
1643,1544,__pr_graph_lp_or_to_or_and__: 2609:fluid-create-temperature: muddy-sludge: 10 --> fluid-create: muddy-sludge,,,True,fluid-create-temperature: muddy-sludge: 10 --> fluid-create: muddy-sludge,False,False,-1.5016403707071117e-31,1.50164036770383e-31
1644,894,__pr_graph_lp_or_to_or_and__: 10109:entity-operate: advanced-foundry-mk01 --> recipe-category: advanced-foundry__0__0:noncoproduct-route,,,True,entity-operate: advanced-foundry-mk01 --> recipe-category: advanced-foundry__0__0,False,False,-1.4998508671115707e-31,1.499850864111868e-31
1645,1643,__pr_graph_lp_or_to_or_and__: 2836:fluid-create-temperature: scrude: 10 --> fluid-create: scrude,,,True,fluid-create-temperature: scrude: 10 --> fluid-create: scrude,False,False,-1.4967738635032641e-31,1.4967738605097155e-31
1646,3104,entity-mine: hawt-turbine-mk01,entity-mine,hawt-turbine-mk01,False,,True,False,-1.49102545604537e-31,1.4910254530633182e-31
1647,3037,entity-mine: auog-paddock-mk01,entity-mine,auog-paddock-mk01,False,,True,False,-1.4863083226593904e-31,1.4863083196867728e-31
1648,735,__pr_graph_lp_or_cost_row__: item: shaft-mk01,,,True,node-cost:item: shaft-mk01,False,False,1.4765227250121143e-31,1.476522722059068e-31
1649,3199,entity-mine: secondary-crusher-mk01,entity-mine,secondary-crusher-mk01,False,,True,False,-1.4554577292277822e-31,1.4554577263168657e-31
1650,1596,__pr_graph_lp_or_to_or_and__: 2732:fluid-craft-temperature: molten-aluminium: 10 --> fluid-craft-temperature: molten-aluminium,,,True,fluid-craft-temperature: molten-aluminium: 10 --> fluid-craft-temperature: molten-aluminium,False,False,-1.4538309570308819e-31,1.4538309541232192e-31
1651,4182,recipe: gearbox-mk01-pyvoid,recipe,gearbox-mk01-pyvoid,False,,True,True,-1.4537750405352784e-31,1.4537750376277275e-31
1652,376,__pr_graph_lp_or_cost_row__: item: blade-mk01,,,True,node-cost:item: blade-mk01,False,False,1.4446894409995478e-31,1.444689438110168e-31
1653,1751,__pr_graph_lp_or_to_or_and__: 3065:item-craft: iron-plate --> item: iron-plate,,,True,item-craft: iron-plate --> item: iron-plate,False,False,-1.4315615055946052e-31,1.4315615027314813e-31
1654,1135,__pr_graph_lp_or_to_or_and__: 10405:entity-operate: rhe --> recipe-category: rhe__1__1:noncoproduct-route,,,True,entity-operate: rhe --> recipe-category: rhe__1__1,False,False,1.427358932637048e-31,1.4273589297823294e-31
1655,1630,__pr_graph_lp_or_to_or_and__: 2804:fluid-craft-temperature: cyanic-acid: 10 --> fluid-create-temperature: cyanic-acid: 10,,,True,fluid-craft-temperature: cyanic-acid: 10 --> fluid-create-temperature: cyanic-acid: 10,False,False,-1.4223865270307361e-31,1.4223865241859623e-31
1656,868,__pr_graph_lp_or_to_or_and__: 10067:item-burn: tar-canister --> item: empty-fuel-canister:noncoproduct-route,,,True,item-burn: tar-canister --> item: empty-fuel-canister,False,False,1.4221880900835359e-31,1.4221880872391589e-31
1657,1571,__pr_graph_lp_or_to_or_and__: 2679:fluid-create-temperature: vacuum: 15 --> fluid-create: vacuum,,,True,fluid-create-temperature: vacuum: 15 --> fluid-create: vacuum,False,False,1.4165059172943115e-31,1.4165059144612987e-31
1658,1934,__pr_graph_lp_or_to_or_and__: 4127:item-craft: tin-plate --> item: tin-plate,,,True,item-craft: tin-plate --> item: tin-plate,False,False,-1.4097742144939816e-31,1.4097742116744322e-31
1659,1449,__pr_graph_lp_or_to_or_and__: 2077:item: electric-mining-drill --> entity-build-item: electric-mining-drill,,,True,item: electric-mining-drill --> entity-build-item: electric-mining-drill,False,False,1.4016910998454168e-31,1.4016910970420338e-31
1660,3204,entity-mine: smelter-mk01,entity-mine,smelter-mk01,False,,True,False,-1.3977755228324635e-31,1.3977755200369116e-31
1661,1008,__pr_graph_lp_or_to_or_and__: 10249:entity-operate: plankton-farm --> recipe-category: plankton__1__1:noncoproduct-route,,,True,entity-operate: plankton-farm --> recipe-category: plankton__1__1,False,False,1.3873371834511217e-31,1.3873371806764465e-31
1662,4006,recipe: electronics-mk01-pyvoid,recipe,electronics-mk01-pyvoid,False,,True,True,-1.3776268501051623e-31,1.3776268473499078e-31
1663,3569,fluid-temperature: vacuum: 15,fluid-temperature,vacuum: 15,False,,False,False,1.3620980402048077e-31,1.3620980374806108e-31
1664,957,__pr_graph_lp_or_to_or_and__: 10180:entity-operate: tar-processing-unit --> recipe-category: tar__2__3:noncoproduct-route,,,True,entity-operate: tar-processing-unit --> recipe-category: tar__2__3,False,False,1.3616075522086987e-31,1.3616075494854827e-31
1665,1463,__pr_graph_lp_or_to_or_and__: 2137:item: pump --> entity-build-item: pump,,,True,item: pump --> entity-build-item: pump,False,False,1.3584777137593612e-31,1.3584777110424048e-31
1666,830,__pr_graph_lp_or_to_or_and__: 10009:entity-operate: atomizer-mk01 --> recipe-category: atomizer__0__0:noncoproduct-route,,,True,entity-operate: atomizer-mk01 --> recipe-category: atomizer__0__0,False,False,-1.3532013955050663e-31,1.3532013927986626e-31
1667,1129,__pr_graph_lp_or_to_or_and__: 10398:entity-operate: reformer-mk01 --> recipe-category: reformer__2__3:noncoproduct-route,,,True,entity-operate: reformer-mk01 --> recipe-category: reformer__2__3,False,False,1.3490644279693432e-31,1.3490644252712135e-31
1668,396,__pr_graph_lp_or_cost_row__: item: capacitor1,,,True,node-cost:item: capacitor1,False,False,-1.3467148046444005e-31,1.34671480195097e-31
1669,3831,recipe: brake-mk01-pyvoid,recipe,brake-mk01-pyvoid,False,,True,True,-1.3455626401465591e-31,1.345562637455433e-31
1670,1605,__pr_graph_lp_or_to_or_and__: 2754:fluid-craft-temperature: oxygen: 15 --> fluid-craft-temperature: oxygen,,,True,fluid-craft-temperature: oxygen: 15 --> fluid-craft-temperature: oxygen,False,False,1.3404898620252317e-31,1.3404898593442511e-31
1671,357,__pr_graph_lp_or_cost_row__: item: auog-food-01,,,True,node-cost:item: auog-food-01,False,False,-1.3365426327125354e-31,1.3365426300394493e-31
1672,4648,recipe: skin-pyvoid,recipe,skin-pyvoid,False,,True,True,1.3338995982412139e-31,1.333899595573414e-31
1673,3150,entity-mine: py-biomass-powerplant-mk01,entity-mine,py-biomass-powerplant-mk01,False,,True,False,-1.3323020476438007e-31,1.3323020449791957e-31
1674,3232,entity-mine: tree-07,entity-mine,tree-07,False,,True,False,-1.3303439190815518e-31,1.3303439164208631e-31
1675,3224,entity-mine: tree-01,entity-mine,tree-01,False,,True,False,-1.3245618166034388e-31,1.3245618139543143e-31
1676,653,__pr_graph_lp_or_cost_row__: item: pump,,,True,node-cost:item: pump,False,False,-1.3227608553565293e-31,1.3227608527110068e-31
1677,4270,recipe: inductor1-pyvoid,recipe,inductor1-pyvoid,False,,True,True,-1.3215967760835735e-31,1.321596773440379e-31
1678,492,__pr_graph_lp_or_cost_row__: item: flask,,,True,node-cost:item: flask,False,False,-1.3191098803279825e-31,1.319109877689762e-31
1679,3568,fluid-temperature: tar: 10,fluid-temperature,tar: 10,False,,False,False,-1.3130148036921288e-31,1.3130148010660983e-31
1680,3145,entity-mine: power-switch,entity-mine,power-switch,False,,True,False,-1.3112919767139358e-31,1.311291974091351e-31
1681,864,__pr_graph_lp_or_to_or_and__: 10059:item-burn: heavy-oil-canister --> item: empty-fuel-canister:noncoproduct-route,,,True,item-burn: heavy-oil-canister --> item: empty-fuel-canister,False,False,1.3086480578006952e-31,1.3086480551833983e-31
1682,3553,fluid-temperature: phytoplankton: 10,fluid-temperature,phytoplankton: 10,False,,False,False,1.303439225832043e-31,1.3034392232251637e-31
1683,438,__pr_graph_lp_or_cost_row__: item: cottongut,,,True,node-cost:item: cottongut,False,False,1.3033681140292556e-31,1.3033681114225186e-31
1684,3177,entity-mine: py-underflow-valve,entity-mine,py-underflow-valve,False,,True,False,-1.2993384899739731e-31,1.2993384873752953e-31
1685,892,__pr_graph_lp_or_to_or_and__: 10107:entity-operate: advanced-foundry-mk01 --> recipe-category: smelting__0__0:noncoproduct-route,,,True,entity-operate: advanced-foundry-mk01 --> recipe-category: smelting__0__0,False,False,-1.2919108580058423e-31,1.2919108554220198e-31
1686,2620,__pr_graph_lp_or_to_or_and__: 9708:fluid-temperature: steam: 500 --> fluid: steam:noncoproduct-route,,,True,fluid-temperature: steam: 500 --> fluid: steam,False,False,-1.2742998120048822e-31,1.2742998094562818e-31
1687,1560,__pr_graph_lp_or_to_or_and__: 2654:fluid-craft-temperature: slacked-lime: 10 --> fluid-craft-temperature: slacked-lime,,,True,fluid-craft-temperature: slacked-lime: 10 --> fluid-craft-temperature: slacked-lime,False,False,1.2570646135323456e-31,1.2570646110182156e-31
1688,3942,recipe: cottongut-pyvoid,recipe,cottongut-pyvoid,False,,True,True,-1.2563769160018756e-31,1.2563769134891211e-31
1689,712,__pr_graph_lp_or_cost_row__: item: rich-clay,,,True,node-cost:item: rich-clay,False,False,1.2521929503562725e-31,1.2521929478518859e-31
1690,698,__pr_graph_lp_or_cost_row__: item: raw-borax,,,True,node-cost:item: raw-borax,False,False,-1.2463388244246724e-31,1.2463388219319941e-31
1691,4680,recipe: soot-separation,recipe,soot-separation,False,,True,True,-1.2445419978774196e-31,1.244541995388335e-31
1692,1342,__pr_graph_lp_or_to_or_and__: 1756:item: tree-mk01 --> entity-operate-py-module: fwf-mk01,,,True,item: tree-mk01 --> entity-operate-py-module: fwf-mk01,False,False,-1.2309860051257435e-31,1.2309860026637707e-31
1693,4371,recipe: moondrop-seeds,recipe,moondrop-seeds,False,,True,True,1.2303457978142203e-31,1.230345795353528e-31
1694,4089,recipe: engine-unit-pyvoid,recipe,engine-unit-pyvoid,False,,True,True,1.225979887485994e-31,1.2259798850340334e-31
1695,4281,recipe: iron-oxide-smelting,recipe,iron-oxide-smelting,False,,True,True,1.2222979220279524e-31,1.222297919583356e-31
1696,3186,entity-mine: raw-coal,entity-mine,raw-coal,False,,True,False,-1.2199899269698161e-31,1.2199899245298356e-31
1697,3120,entity-mine: mixer-mk01,entity-mine,mixer-mk01,False,,True,False,-1.2126332620817904e-31,1.2126332596565231e-31
1698,2281,__pr_graph_lp_or_to_or_and__: 8716:item: coal-gas-canister --> energy-source-burner: jerry__chemical__biomass_2_1,,,True,item: coal-gas-canister --> energy-source-burner: jerry__chemical__biomass_2_1,False,False,1.2058095344655245e-31,1.2058095320539048e-31
1699,4001,recipe: electronic-circuit-2,recipe,electronic-circuit-2,False,,True,True,1.2030838148451363e-31,1.203083812438968e-31
1700,3218,entity-mine: straight-rail,entity-mine,straight-rail,False,,True,False,-1.1986421519027646e-31,1.1986421495054797e-31
1701,4657,recipe: small-electric-pole-pyvoid,recipe,small-electric-pole-pyvoid,False,,True,True,-1.194761422535479e-31,1.1947614201459555e-31
1702,3195,entity-mine: sap-extractor-mk01,entity-mine,sap-extractor-mk01,False,,True,False,-1.1865964847191971e-31,1.1865964823460034e-31
1703,1672,__pr_graph_lp_or_to_or_and__: 2904:fluid-craft-temperature: zogna-bacteria: 10 --> fluid-create-temperature: zogna-bacteria: 10,,,True,fluid-craft-temperature: zogna-bacteria: 10 --> fluid-create-temperature: zogna-bacteria: 10,False,False,1.1818879426696273e-31,1.1818879403058507e-31
1704,880,__pr_graph_lp_or_to_or_and__: 10091:item-burn: pitch-canister --> item: empty-fuel-canister:noncoproduct-route,,,True,item-burn: pitch-canister --> item: empty-fuel-canister,False,False,1.1753315785880239e-31,1.1753315762373599e-31
1705,3551,fluid-temperature: naphthalene-oil: 10,fluid-temperature,naphthalene-oil: 10,False,,False,False,-1.174470953265346e-31,1.1744709509164035e-31
1706,3054,entity-mine: caravan,entity-mine,caravan,False,,True,False,-1.1728929669943326e-31,1.172892964648546e-31
1707,1028,__pr_graph_lp_or_to_or_and__: 10274:entity-operate: bio-reactor-mk01 --> recipe-category: bio-reactor__1__1:noncoproduct-route,,,True,entity-operate: bio-reactor-mk01 --> recipe-category: bio-reactor__1__1,False,False,-1.1698158685407166e-31,1.1698158662010842e-31
1708,1827,__pr_graph_lp_or_to_or_and__: 3778:item-craft: lime --> item: lime,,,True,item-craft: lime --> item: lime,False,False,-1.1693263881803993e-31,1.1693263858417458e-31
1709,3035,entity-mine: assembling-machine-2,entity-mine,assembling-machine-2,False,,True,False,-1.1667549403117692e-31,1.1667549379782587e-31
1710,2306,__pr_graph_lp_or_to_or_and__: 8741:item: treated-wood --> energy-source-burner: jerry__chemical__biomass_2_1,,,True,item: treated-wood --> energy-source-burner: jerry__chemical__biomass_2_1,False,False,1.1482409075773333e-31,1.1482409052808508e-31
1711,1527,__pr_graph_lp_or_to_or_and__: 2556:fluid-craft-temperature: acidgas: 15 --> fluid-craft-temperature: acidgas,,,True,fluid-craft-temperature: acidgas: 15 --> fluid-craft-temperature: acidgas,False,False,-1.1364827052187686e-31,1.1364827029458025e-31
1712,855,__pr_graph_lp_or_to_or_and__: 10041:entity-operate: py-biomass-powerplant-mk01 --> recipe-category: biomass-powerplant__1__1:noncoproduct-route,,,True,entity-operate: py-biomass-powerplant-mk01 --> recipe-category: biomass-powerplant__1__1,False,False,1.1317836404849428e-31,1.1317836382213748e-31
1713,467,__pr_graph_lp_or_cost_row__: item: electric-mining-drill,,,True,node-cost:item: electric-mining-drill,False,False,-1.1275361302054251e-31,1.1275361279503522e-31
1714,3550,fluid-temperature: muddy-sludge: 10,fluid-temperature,muddy-sludge: 10,False,,False,False,-1.1201514555786228e-31,1.1201514533383192e-31
1715,1923,__pr_graph_lp_or_to_or_and__: 4091:item-craft: raw-coal --> item: raw-coal,,,True,item-craft: raw-coal --> item: raw-coal,False,False,-1.1093707359075839e-31,1.1093707336888417e-31
1716,2286,__pr_graph_lp_or_to_or_and__: 8721:item: acetylene-canister --> energy-source-burner: jerry__chemical__biomass_2_1,,,True,item: acetylene-canister --> energy-source-burner: jerry__chemical__biomass_2_1,False,False,1.1093252436907371e-31,1.109325241472086e-31
1717,3906,recipe: coke-co2,recipe,coke-co2,False,,True,True,1.1072046187002002e-31,1.1072046164857902e-31
1718,1088,__pr_graph_lp_or_to_or_and__: 10348:entity-operate: moondrop-greenhouse-mk01 --> recipe-category: moon__1__0:noncoproduct-route,,,True,entity-operate: moondrop-greenhouse-mk01 --> recipe-category: moon__1__0,False,False,-1.1049532310282803e-31,1.104953228818373e-31
1719,3820,recipe: borax-pyvoid,recipe,borax-pyvoid,False,,True,True,-1.0990179779476536e-31,1.0990179757496169e-31
1720,807,__pr_graph_lp_or_cost_row__: item: warm-stone-brick,,,True,node-cost:item: warm-stone-brick,False,False,-1.0975857138839253e-31,1.0975857116887532e-31
1721,962,__pr_graph_lp_or_to_or_and__: 10186:entity-operate: hpf --> recipe-category: hpf__1__1:noncoproduct-route,,,True,entity-operate: hpf --> recipe-category: hpf__1__1,False,False,-1.0948686583393715e-31,1.0948686561496335e-31
1722,927,__pr_graph_lp_or_to_or_and__: 10147:entity-operate: distilator --> recipe-category: distilator__1__1:noncoproduct-route,,,True,entity-operate: distilator --> recipe-category: distilator__1__1,False,False,1.0873356347489392e-31,1.0873356325742671e-31
1723,4596,recipe: rich-clay-pyvoid,recipe,rich-clay-pyvoid,False,,True,True,-1.0864282434942284e-31,1.0864282413213713e-31
1724,3137,entity-mine: ore-zinc,entity-mine,ore-zinc,False,,True,False,-1.0859179110697083e-31,1.0859179088978717e-31
1725,1691,__pr_graph_lp_or_to_or_and__: 2945:fluid-create-temperature: geothermal-water: 10 --> fluid-create: geothermal-water,,,True,fluid-create-temperature: geothermal-water: 10 --> fluid-create: geothermal-water,False,False,1.0688593275985887e-31,1.0688593254608693e-31
1726,3997,recipe: electric-mining-drill-pyvoid,recipe,electric-mining-drill-pyvoid,False,,True,True,1.0673579381341121e-31,1.0673579359993955e-31
1727,426,__pr_graph_lp_or_cost_row__: item: coke,,,True,node-cost:item: coke,False,False,-1.0634565216600267e-31,1.0634565195331131e-31
1728,4777,recipe: utility-box-mk01-pyvoid,recipe,utility-box-mk01-pyvoid,False,,True,True,-1.0585870051668533e-31,1.0585870030496788e-31
1729,2294,__pr_graph_lp_or_to_or_and__: 8729:item: naphthalene-oil-canister --> energy-source-burner: jerry__chemical__biomass_2_1,,,True,item: naphthalene-oil-canister --> energy-source-burner: jerry__chemical__biomass_2_1,False,False,1.0564130320714591e-31,1.0564130299586323e-31
1730,556,__pr_graph_lp_or_cost_row__: item: kerogen,,,True,node-cost:item: kerogen,False,False,1.0550077443133439e-31,1.0550077422033278e-31
1731,2039,__pr_graph_lp_or_to_or_and__: 4468:item-craft: guts --> item: guts,,,True,item-craft: guts --> item: guts,False,False,-1.0496081929056633e-31,1.0496081908064464e-31
1732,3069,entity-mine: data-array,entity-mine,data-array,False,,True,False,-1.0474013184345351e-31,1.0474013163397319e-31
1733,2285,__pr_graph_lp_or_to_or_and__: 8720:item: gasoline-canister --> energy-source-burner: jerry__chemical__biomass_2_1,,,True,item: gasoline-canister --> energy-source-burner: jerry__chemical__biomass_2_1,False,False,1.043682385357359e-31,1.0436823832699936e-31
1734,3519,fluid-temperature: carbon-dioxide: 15,fluid-temperature,carbon-dioxide: 15,False,,False,False,1.0410625719767796e-31,1.0410625698946539e-31
1735,4209,recipe: grade-1-tin-pyvoid,recipe,grade-1-tin-pyvoid,False,,True,True,1.0363933492265719e-31,1.0363933471537846e-31
1736,1669,__pr_graph_lp_or_to_or_and__: 2897:fluid-craft-temperature: middle-oil: 10 --> fluid-create-temperature: middle-oil: 10,,,True,fluid-craft-temperature: middle-oil: 10 --> fluid-create-temperature: middle-oil: 10,False,False,1.0355491618289227e-31,1.0355491597578237e-31
1737,4710,recipe: stopper-pyvoid,recipe,stopper-pyvoid,False,,True,True,-1.0281117186127437e-31,1.0281117165565197e-31
1738,1590,__pr_graph_lp_or_to_or_and__: 2717:fluid-craft-temperature: gasoline: 10 --> fluid-craft-temperature: gasoline,,,True,fluid-craft-temperature: gasoline: 10 --> fluid-craft-temperature: gasoline,False,False,-1.0239254602601019e-31,1.0239254582122504e-31
1739,3733,recipe: belt-pyvoid,recipe,belt-pyvoid,False,,True,True,-1.0238436888582e-31,1.0238436868105119e-31
1740,372,__pr_graph_lp_or_cost_row__: item: bio-sample01,,,True,node-cost:item: bio-sample01,False,False,1.0231859225051754e-31,1.023185920458803e-31
1741,810,__pr_graph_lp_or_cost_row__: item: water-barrel,,,True,node-cost:item: water-barrel,False,False,-1.0222616508123717e-31,1.0222616487678477e-31
1742,3222,entity-mine: train-stop,entity-mine,train-stop,False,,True,False,-1.0110701504616354e-31,1.0110701484394945e-31
1743,3547,fluid-temperature: molten-glass: 10,fluid-temperature,molten-glass: 10,False,,False,False,-1.0077236392355951e-31,1.0077236372201472e-31
1744,1531,__pr_graph_lp_or_to_or_and__: 2563:fluid-craft-temperature: carbon-dioxide: 15 --> fluid-create-temperature: carbon-dioxide: 15,,,True,fluid-craft-temperature: carbon-dioxide: 15 --> fluid-create-temperature: carbon-dioxide: 15,False,False,-9.9904803748650762e-32,9.9904803548841103e-32
1745,3211,entity-mine: steel-chest,entity-mine,steel-chest,False,,True,False,-9.9890798669983598e-32,9.9890798470201943e-32
1746,3574,fluid-temperature: zogna-bacteria: 10,fluid-temperature,zogna-bacteria: 10,False,,False,False,-9.9815732264669716e-32,9.9815732065038197e-32
1747,1716,__pr_graph_lp_or_to_or_and__: 2981:item: kerosene-canister --> fuel-category: jerry__1,,,True,item: kerosene-canister --> fuel-category: jerry__1,False,False,9.9616478832113505e-32,9.9616478632880481e-32
1748,3213,entity-mine: stone,entity-mine,stone,False,,True,False,-9.9594745017545704e-32,9.9594744818356163e-32
1749,3064,entity-mine: constant-combinator,entity-mine,constant-combinator,False,,True,False,-9.9238339717361841e-32,9.9238339518885101e-32
1750,1655,__pr_graph_lp_or_to_or_and__: 2862:fluid-create-temperature: anthracene-oil: 10 --> fluid-create: anthracene-oil,,,True,fluid-create-temperature: anthracene-oil: 10 --> fluid-create: anthracene-oil,False,False,-9.9091814256402318e-32,9.9091814058218625e-32
1751,879,__pr_graph_lp_or_to_or_and__: 10089:item-burn: naphthalene-oil-canister --> item: empty-fuel-canister:noncoproduct-route,,,True,item-burn: naphthalene-oil-canister --> item: empty-fuel-canister,False,False,9.9011218033874273e-32,9.9011217835851773e-32
1752,798,__pr_graph_lp_or_cost_row__: item: vacuum-tube,,,True,node-cost:item: vacuum-tube,False,False,-9.8009037277419684e-32,9.8009037081401556e-32
1753,4759,recipe: train-stop-pyvoid,recipe,train-stop-pyvoid,False,,True,True,-9.762767215733542e-32,9.7627671962080014e-32
1754,4432,recipe: petri-dish-bacteria-pyvoid,recipe,petri-dish-bacteria-pyvoid,False,,True,True,-9.7548530372345442e-32,9.7548530177248316e-32
1755,486,__pr_graph_lp_or_cost_row__: item: fiberboard,,,True,node-cost:item: fiberboard,False,False,9.7416814269146721e-32,9.7416814074313029e-32
1756,874,__pr_graph_lp_or_to_or_and__: 10079:item-burn: tall-oil-canister --> item: empty-fuel-canister:noncoproduct-route,,,True,item-burn: tall-oil-canister --> item: empty-fuel-canister,False,False,9.7339621253660789e-32,9.7339621058981491e-32
1757,1612,__pr_graph_lp_or_to_or_and__: 2767:fluid-craft-temperature: coke-oven-gas: 250 --> fluid-create-temperature: coke-oven-gas: 250,,,True,fluid-craft-temperature: coke-oven-gas: 250 --> fluid-create-temperature: coke-oven-gas: 250,False,False,9.7027045415295996e-32,9.7027045221241842e-32
1758,1587,__pr_graph_lp_or_to_or_and__: 2712:fluid-craft-temperature: pressured-steam: 1000 --> fluid-craft-temperature: pressured-steam,,,True,fluid-craft-temperature: pressured-steam: 1000 --> fluid-craft-temperature: pressured-steam,False,False,9.6886910675002367e-32,9.6886910481228484e-32
1759,1709,__pr_graph_lp_or_to_or_and__: 2974:item: light-oil-canister --> fuel-category: jerry__1,,,True,item: light-oil-canister --> fuel-category: jerry__1,False,False,9.6812480800232587e-32,9.6812480606607569e-32
1760,2310,__pr_graph_lp_or_to_or_and__: 8745:item: cellulose --> energy-source-burner: jerry__chemical__biomass_2_1,,,True,item: cellulose --> energy-source-burner: jerry__chemical__biomass_2_1,False,False,9.6791034758412601e-32,9.6791034564830477e-32
1761,869,__pr_graph_lp_or_to_or_and__: 10069:item-burn: aromatics-canister --> item: empty-fuel-canister:noncoproduct-route,,,True,item-burn: aromatics-canister --> item: empty-fuel-canister,False,False,9.6783971270075624e-32,9.6783971076507622e-32
1762,1065,__pr_graph_lp_or_to_or_and__: 10319:entity-operate: electrolyzer-mk01 --> recipe-category: electrolyzer__1__1:noncoproduct-route,,,True,entity-operate: electrolyzer-mk01 --> recipe-category: electrolyzer__1__1,False,False,9.6142590909901357e-32,9.6142590717616112e-32
1763,1148,__pr_graph_lp_or_to_or_and__: 10422:entity-operate: fwf-mk01 --> recipe-category: fwf__0__0:noncoproduct-route,,,True,entity-operate: fwf-mk01 --> recipe-category: fwf__0__0,False,False,-9.6078285132200767e-32,9.6078284940044136e-32
1764,3052,entity-mine: burner-mining-drill,entity-mine,burner-mining-drill,False,,True,False,-9.592591646318666e-32,9.5925916271334767e-32
1765,1832,__pr_graph_lp_or_to_or_and__: 3791:item-craft: rich-clay --> item: rich-clay,,,True,item-craft: rich-clay --> item: rich-clay,False,False,-9.5789903878363993e-32,9.5789903686784127e-32
1766,1831,__pr_graph_lp_or_to_or_and__: 3789:item-craft: borax --> item: borax,,,True,item-craft: borax --> item: borax,False,False,-9.5068531811605453e-32,9.5068531621468333e-32
1767,3927,recipe: copper-ore-pyvoid,recipe,copper-ore-pyvoid,False,,True,True,-9.3745092200672946e-32,9.3745092013182704e-32
1768,4573,recipe: rc-mk01-pyvoid,recipe,rc-mk01-pyvoid,False,,True,True,-9.3329636666009224e-32,9.3329636479349897e-32
1769,2687,__pr_graph_lp_or_to_or_and__: 9797:fluid-temperature: pressured-water: 10 --> fluid: pressured-water:noncoproduct-route,,,True,fluid-temperature: pressured-water: 10 --> fluid: pressured-water,False,False,-9.2578220975885172e-32,9.2578220790728672e-32
1770,3239,entity-mine: underground-belt,entity-mine,underground-belt,False,,True,False,-9.2222871878992616e-32,9.2222871694546815e-32
1771,4104,recipe: fawogae-spore,recipe,fawogae-spore,False,,True,True,-9.2066677022267888e-32,9.2066676838134478e-32
1772,1651,__pr_graph_lp_or_to_or_and__: 2851:fluid-craft-temperature: hot-air: 15 --> fluid-create-temperature: hot-air: 15,,,True,fluid-craft-temperature: hot-air: 15 --> fluid-create-temperature: hot-air: 15,False,False,-9.1605039918315702e-32,9.1605039735105562e-32
1773,1835,__pr_graph_lp_or_to_or_and__: 3799:item-craft: alien-sample01 --> item: alien-sample01,,,True,item-craft: alien-sample01 --> item: alien-sample01,False,False,9.1399148179602157e-32,9.1399147996803802e-32
1774,4481,recipe: pump-pyvoid,recipe,pump-pyvoid,False,,True,True,9.134289017926265e-32,9.1342889996576815e-32
1775,4457,recipe: poorman-wood-fence-pyvoid,recipe,poorman-wood-fence-pyvoid,False,,True,True,-9.1232561013063984e-32,9.1232560830598809e-32
1776,1519,__pr_graph_lp_or_to_or_and__: 2536:fluid-craft-temperature: steam: 500 --> fluid-create-temperature: steam: 500,,,True,fluid-craft-temperature: steam: 500 --> fluid-create-temperature: steam: 500,False,False,9.1139872402384725e-32,9.1139872220104926e-32
1777,442,__pr_graph_lp_or_cost_row__: item: cottongut-pup,,,True,node-cost:item: cottongut-pup,False,False,9.0970079967922707e-32,9.0970079785982493e-32
1778,1684,__pr_graph_lp_or_to_or_and__: 2928:fluid-craft-temperature: formic-acid: 15 --> fluid-create-temperature: formic-acid: 15,,,True,fluid-craft-temperature: formic-acid: 15 --> fluid-create-temperature: formic-acid: 15,False,False,9.0910136304288509e-32,9.0910136122468183e-32
1779,1520,__pr_graph_lp_or_to_or_and__: 2539:fluid-create-temperature: heavy-oil: 25 --> fluid-create: heavy-oil,,,True,fluid-create-temperature: heavy-oil: 25 --> fluid-create: heavy-oil,False,False,9.0671347211460654e-32,9.0671347030117908e-32
1780,4551,recipe: pyphoon-bay-pyvoid,recipe,pyphoon-bay-pyvoid,False,,True,True,-9.0154301146931091e-32,9.0154300966622437e-32
1781,2303,__pr_graph_lp_or_to_or_and__: 8738:item: kerogen --> energy-source-burner: jerry__chemical__biomass_2_1,,,True,item: kerogen --> energy-source-burner: jerry__chemical__biomass_2_1,False,False,8.9966840951209186e-32,8.9966840771275445e-32
1782,1623,__pr_graph_lp_or_to_or_and__: 2791:fluid-craft-temperature: methanal: 10 --> fluid-craft-temperature: methanal,,,True,fluid-craft-temperature: methanal: 10 --> fluid-craft-temperature: methanal,False,False,-8.9884247702357829e-32,8.9884247522589278e-32
1783,2291,__pr_graph_lp_or_to_or_and__: 8726:item: condensates-canister --> energy-source-burner: jerry__chemical__biomass_2_1,,,True,item: condensates-canister --> energy-source-burner: jerry__chemical__biomass_2_1,False,False,8.9769231222641453e-32,8.9769231043102934e-32
1784,2423,__pr_graph_lp_or_to_or_and__: 9241:entity-operate: character --> resource-category: basic-solid__0__0:noncoproduct-route,,,True,entity-operate: character --> resource-category: basic-solid__0__0,False,False,8.9737655913767281e-32,8.9737655734291918e-32
1785,1829,__pr_graph_lp_or_to_or_and__: 3783:item-craft: flask --> item: flask,,,True,item-craft: flask --> item: flask,False,False,8.9600895328695152e-32,8.9600895149493306e-32
1786,546,__pr_graph_lp_or_cost_row__: item: inductor1,,,True,node-cost:item: inductor1,False,False,8.9331043866243728e-32,8.9331043687581589e-32
1787,3080,entity-mine: electric-mining-drill,entity-mine,electric-mining-drill,False,,True,False,-8.9164605584429141e-32,8.9164605406099877e-32
1788,2297,__pr_graph_lp_or_to_or_and__: 8732:item: coal --> energy-source-burner: jerry__chemical__biomass_2_1,,,True,item: coal --> energy-source-burner: jerry__chemical__biomass_2_1,False,False,8.913583740237551e-32,8.9135837224103786e-32
1789,2279,__pr_graph_lp_or_to_or_and__: 8714:item: heavy-oil-canister --> energy-source-burner: jerry__chemical__biomass_2_1,,,True,item: heavy-oil-canister --> energy-source-burner: jerry__chemical__biomass_2_1,False,False,8.9093923328434452e-32,8.9093923150246555e-32
1790,4625,recipe: sb-grade-04,recipe,sb-grade-04,False,,True,True,8.9023902380953813e-32,8.9023902202905957e-32
1791,795,__pr_graph_lp_or_cost_row__: item: utility-box-mk01,,,True,node-cost:item: utility-box-mk01,False,False,8.9011393700853281e-32,8.9011393522830441e-32
1792,4643,recipe: shaft-mk01-pyvoid,recipe,shaft-mk01-pyvoid,False,,True,True,-8.8784759428033741e-32,8.8784759250464166e-32
1793,2135,__pr_graph_lp_or_to_or_and__: 4832:item-craft: auog --> item: auog,,,True,item-craft: auog --> item: auog,False,False,-8.8338444642368974e-32,8.8338444465692026e-32
1794,865,__pr_graph_lp_or_to_or_and__: 10061:item-burn: light-oil-canister --> item: empty-fuel-canister:noncoproduct-route,,,True,item-burn: light-oil-canister --> item: empty-fuel-canister,False,False,8.8139230378103925e-32,8.8139230201825406e-32
1795,788,__pr_graph_lp_or_cost_row__: item: transport-belt,,,True,node-cost:item: transport-belt,False,False,-8.8016669971826235e-32,8.8016669795792845e-32
1796,1132,__pr_graph_lp_or_to_or_and__: 10401:entity-operate: reformer-mk01 --> recipe-category: reformer__2__1:noncoproduct-route,,,True,entity-operate: reformer-mk01 --> recipe-category: reformer__2__1,False,False,8.7975781981802289e-32,8.7975781805850666e-32
1797,2290,__pr_graph_lp_or_to_or_and__: 8725:item: scrude-canister --> energy-source-burner: jerry__chemical__biomass_2_1,,,True,item: scrude-canister --> energy-source-burner: jerry__chemical__biomass_2_1,False,False,8.7409253181345854e-32,8.7409253006527291e-32
1798,573,__pr_graph_lp_or_cost_row__: item: log,,,True,node-cost:item: log,False,False,-8.7080184711153711e-32,8.7080184536993288e-32
1799,3097,entity-mine: gate,entity-mine,gate,False,,True,False,-8.7067008261321512e-32,8.7067008087187439e-32
1800,4618,recipe: saps-pyvoid,recipe,saps-pyvoid,False,,True,True,8.6948365842221181e-32,8.6948365668324399e-32
1801,3552,fluid-temperature: oxygen: 15,fluid-temperature,oxygen: 15,False,,False,False,8.6307317497490431e-32,8.6307317324875739e-32
1802,2283,__pr_graph_lp_or_to_or_and__: 8718:item: tar-canister --> energy-source-burner: jerry__chemical__biomass_2_1,,,True,item: tar-canister --> energy-source-burner: jerry__chemical__biomass_2_1,False,False,8.6238547346274944e-32,8.6238547173797798e-32
1803,1748,__pr_graph_lp_or_to_or_and__: 3040:item-craft: stone --> item: stone,,,True,item-craft: stone --> item: stone,False,False,-8.6174305574483135e-32,8.617430540213447e-32
1804,1287,__pr_graph_lp_or_to_or_and__: 1568:item: fawogae --> entity-operate-py-module: fawogae-plantation-mk01,,,True,item: fawogae --> entity-operate-py-module: fawogae-plantation-mk01,False,False,-8.5995002103851084e-32,8.5995001931861031e-32
1805,1683,__pr_graph_lp_or_to_or_and__: 2927:fluid-craft-temperature: formic-acid: 15 --> fluid-craft-temperature: formic-acid,,,True,fluid-craft-temperature: formic-acid: 15 --> fluid-craft-temperature: formic-acid,False,False,8.5762765100917729e-32,8.5762764929392151e-32
1806,4728,recipe: tailings-dust-pyvoid,recipe,tailings-dust-pyvoid,False,,True,True,-8.5627690122256992e-32,8.5627689951001558e-32
1807,3136,entity-mine: ore-titanium,entity-mine,ore-titanium,False,,True,False,-8.5393889842194223e-32,8.5393889671406397e-32
1808,4410,recipe: ore-lead-pyvoid,recipe,ore-lead-pyvoid,False,,True,True,-8.518916214160306e-32,8.5189161971224686e-32
1809,1292,__pr_graph_lp_or_to_or_and__: 1577:item: ralesia --> entity-operate-py-module: ralesia-plantation-mk01,,,True,item: ralesia --> entity-operate-py-module: ralesia-plantation-mk01,False,False,8.4997362306535639e-32,8.499736213654086e-32
1810,926,__pr_graph_lp_or_to_or_and__: 10146:entity-operate: distilator --> recipe-category: distilator__0__2:noncoproduct-route,,,True,entity-operate: distilator --> recipe-category: distilator__0__2,False,False,-8.4599556266223059e-32,8.45995560970239e-32
1811,3573,fluid-temperature: water: 15,fluid-temperature,water: 15,False,,False,False,-8.4183658017225584e-32,8.4183657848858216e-32
1812,2305,__pr_graph_lp_or_to_or_and__: 8740:item: log --> energy-source-burner: jerry__chemical__biomass_2_1,,,True,item: log --> energy-source-burner: jerry__chemical__biomass_2_1,False,False,8.3859715206161209e-32,8.3859715038441723e-32
1813,944,__pr_graph_lp_or_to_or_and__: 10165:entity-operate: rectisol --> recipe-category: rectisol__3__0:noncoproduct-route,,,True,entity-operate: rectisol --> recipe-category: rectisol__3__0,False,False,-8.354086497800315e-32,8.3540864810921374e-32
1814,1713,__pr_graph_lp_or_to_or_and__: 2978:item: aromatics-canister --> fuel-category: jerry__1,,,True,item: aromatics-canister --> fuel-category: jerry__1,False,False,8.309049409102153e-32,8.3090493924840494e-32
1815,1352,__pr_graph_lp_or_to_or_and__: 1782:item: vrauks-mk02 --> entity-operate-py-module: vrauks-paddock-mk01,,,True,item: vrauks-mk02 --> entity-operate-py-module: vrauks-paddock-mk01,False,False,-8.2940663074958587e-32,8.294066290907721e-32
1816,738,__pr_graph_lp_or_cost_row__: item: skin,,,True,node-cost:item: skin,False,False,-8.2860860091349431e-32,8.286085992562766e-32
1817,2282,__pr_graph_lp_or_to_or_and__: 8717:item: syngas-canister --> energy-source-burner: jerry__chemical__biomass_2_1,,,True,item: syngas-canister --> energy-source-burner: jerry__chemical__biomass_2_1,False,False,8.2673831570125293e-32,8.2673831404777581e-32
1818,1097,__pr_graph_lp_or_to_or_and__: 10360:entity-operate: pulp-mill-mk01 --> recipe-category: pulp__1__0:noncoproduct-route,,,True,entity-operate: pulp-mill-mk01 --> recipe-category: pulp__1__0,False,False,-8.2486018404844348e-32,8.2486018239872261e-32
1819,2838,__pr_graph_lp_or_to_or_and__: 9991:entity-operate: assembling-machine-2 --> recipe-category: crafting-with-fluid__1__0:noncoproduct-route,,,True,entity-operate: assembling-machine-2 --> recipe-category: crafting-with-fluid__1__0,False,False,-8.1843123193226688e-32,8.184312302954039e-32
1820,1493,__pr_graph_lp_or_to_or_and__: 2393:item: transport-belt --> entity-build-item: transport-belt,,,True,item: transport-belt --> entity-build-item: transport-belt,False,False,8.1620033551481443e-32,8.1620033388241328e-32
1821,1181,__pr_graph_lp_or_to_or_and__: 10463:entity-operate: rc-mk01 --> recipe-category: rc__0__0:noncoproduct-route,,,True,entity-operate: rc-mk01 --> recipe-category: rc__0__0,False,False,-8.1337108451476435e-32,8.1337108288802171e-32
1822,878,__pr_graph_lp_or_to_or_and__: 10087:item-burn: carbolic-oil-canister --> item: empty-fuel-canister:noncoproduct-route,,,True,item-burn: carbolic-oil-canister --> item: empty-fuel-canister,False,False,8.1295602108667826e-32,8.1295601946076578e-32
1823,1756,__pr_graph_lp_or_to_or_and__: 3080:item-craft: electronic-circuit --> item: electronic-circuit,,,True,item-craft: electronic-circuit --> item: electronic-circuit,False,False,-8.1031265362659941e-32,8.1031265200597365e-32
1824,814,__pr_graph_lp_or_cost_row__: item: wood-seedling,,,True,node-cost:item: wood-seedling,False,False,-8.097554558152821e-32,8.097554541957707e-32
1825,995,__pr_graph_lp_or_to_or_and__: 10232:entity-operate: botanical-nursery --> recipe-category: nursery__2__0:noncoproduct-route,,,True,entity-operate: botanical-nursery --> recipe-category: nursery__2__0,False,False,-8.0574411645438689e-32,8.0574411484289815e-32
1826,3123,entity-mine: multiblade-turbine-mk01,entity-mine,multiblade-turbine-mk01,False,,True,False,-7.9846371119840454e-32,7.984637096014766e-32
1827,968,__pr_graph_lp_or_to_or_and__: 10195:entity-operate: evaporator --> recipe-category: evaporator__1__0:noncoproduct-route,,,True,entity-operate: evaporator --> recipe-category: evaporator__1__0,False,False,-7.9815610654676502e-32,7.9815610495045234e-32
1828,4603,recipe: salt-mine-pyvoid,recipe,salt-mine-pyvoid,False,,True,True,-7.9548632778447438e-32,7.9548632619350119e-32
1829,867,__pr_graph_lp_or_to_or_and__: 10065:item-burn: syngas-canister --> item: empty-fuel-canister:noncoproduct-route,,,True,item-burn: syngas-canister --> item: empty-fuel-canister,False,False,7.9071148831637431e-32,7.9071148673495086e-32
1830,2295,__pr_graph_lp_or_to_or_and__: 8730:item: pitch-canister --> energy-source-burner: jerry__chemical__biomass_2_1,,,True,item: pitch-canister --> energy-source-burner: jerry__chemical__biomass_2_1,False,False,7.8803243498824513e-32,7.8803243341217978e-32
1831,1660,__pr_graph_lp_or_to_or_and__: 2872:fluid-craft-temperature: carbolic-oil: 10 --> fluid-create-temperature: carbolic-oil: 10,,,True,fluid-craft-temperature: carbolic-oil: 10 --> fluid-create-temperature: carbolic-oil: 10,False,False,-7.8747357644195097e-32,7.8747357486700338e-32
1832,1194,__pr_graph_lp_or_to_or_and__: 10481:entity-operate: pyphoon-bay --> recipe-category: bay__0__0:noncoproduct-route,,,True,entity-operate: pyphoon-bay --> recipe-category: bay__0__0,False,False,-7.8747022950513288e-32,7.8747022793019197e-32
1833,4694,recipe: steel-from-barrels,recipe,steel-from-barrels,False,,True,True,7.8569354800637057e-32,7.8569354643498304e-32
1834,933,__pr_graph_lp_or_to_or_and__: 10153:entity-operate: distilator --> recipe-category: distilator__2__4:noncoproduct-route,,,True,entity-operate: distilator --> recipe-category: distilator__2__4,False,False,7.8061681791773857e-32,7.8061681635650444e-32
1835,1173,__pr_graph_lp_or_to_or_and__: 10452:entity-operate: incubator-mk01 --> recipe-category: incubator__0__0:noncoproduct-route,,,True,entity-operate: incubator-mk01 --> recipe-category: incubator__0__0,False,False,7.7901347186969656e-32,7.790134703116691e-32
1836,4234,recipe: guts-pyvoid,recipe,guts-pyvoid,False,,True,True,-7.7683971900630466e-32,7.7683971745262473e-32
1837,552,__pr_graph_lp_or_cost_row__: item: iron-oxide,,,True,node-cost:item: iron-oxide,False,False,7.7616890667443258e-32,7.7616890512209429e-32
1838,614,__pr_graph_lp_or_cost_row__: item: ore-aluminium,,,True,node-cost:item: ore-aluminium,False,False,-7.7485698786343813e-32,7.7485698631372366e-32
1839,610,__pr_graph_lp_or_cost_row__: item: nickel-plate,,,True,node-cost:item: nickel-plate,False,False,7.7373563912745591e-32,7.7373563757998417e-32
1840,1568,__pr_graph_lp_or_to_or_and__: 2671:fluid-create-temperature: molten-glass: 10 --> fluid-create: molten-glass,,,True,fluid-create-temperature: molten-glass: 10 --> fluid-create: molten-glass,False,False,7.6910507452488734e-32,7.6910507298667676e-32
1841,4353,recipe: molten-aluminium-01,recipe,molten-aluminium-01,False,,True,True,7.6801939185329834e-32,7.6801939031725911e-32
1842,4701,recipe: stone-brick-pyvoid,recipe,stone-brick-pyvoid,False,,True,True,7.6706759273557164e-32,7.6706759120143599e-32
1843,2300,__pr_graph_lp_or_to_or_and__: 8735:item: gunpowder --> energy-source-burner: jerry__chemical__biomass_2_1,,,True,item: gunpowder --> energy-source-burner: jerry__chemical__biomass_2_1,False,False,7.6634779783016555e-32,7.6634779629746952e-32
1844,4495,recipe: py-deposit-basic-pyvoid,recipe,py-deposit-basic-pyvoid,False,,True,True,-7.6510355855772987e-32,7.6510355702752223e-32
1845,1648,__pr_graph_lp_or_to_or_and__: 2845:fluid-craft-temperature: polybutadiene: 10 --> fluid-create-temperature: polybutadiene: 10,,,True,fluid-craft-temperature: polybutadiene: 10 --> fluid-create-temperature: polybutadiene: 10,False,False,7.6413446802974844e-32,7.6413446650147909e-32
1846,1719,__pr_graph_lp_or_to_or_and__: 2984:item: scrude-canister --> fuel-category: jerry__1,,,True,item: scrude-canister --> fuel-category: jerry__1,False,False,7.618210126719317e-32,7.6182101114828926e-32
1847,1865,__pr_graph_lp_or_to_or_and__: 3922:item-craft: jaw-crusher --> item: jaw-crusher,,,True,item-craft: jaw-crusher --> item: jaw-crusher,False,False,-7.6140447370006606e-32,7.6140447217725663e-32
1848,532,__pr_graph_lp_or_cost_row__: item: gunpowder,,,True,node-cost:item: gunpowder,False,False,7.5949426153757807e-32,7.5949426001858904e-32
1849,630,__pr_graph_lp_or_cost_row__: item: petri-dish-bacteria,,,True,node-cost:item: petri-dish-bacteria,False,False,7.5605044981671671e-32,7.5605044830461539e-32
1850,1269,__pr_graph_lp_or_to_or_and__: 1495:item: arithmetic-combinator --> entity-build-item: arithmetic-combinator,,,True,item: arithmetic-combinator --> entity-build-item: arithmetic-combinator,False,False,-7.5515843724713657e-32,7.5515843573681927e-32
1851,1833,__pr_graph_lp_or_to_or_and__: 3795:item-craft: ground-sample01 --> item: ground-sample01,,,True,item-craft: ground-sample01 --> item: ground-sample01,False,False,7.5441311825505483e-32,7.5441311674622817e-32
1852,390,__pr_graph_lp_or_cost_row__: item: burner-inserter,,,True,node-cost:item: burner-inserter,False,False,-7.4571895453293234e-32,7.4571895304149393e-32
1853,364,__pr_graph_lp_or_cost_row__: item: barrel,,,True,node-cost:item: barrel,False,False,-7.4556648308800226e-32,7.4556648159686885e-32
1854,2302,__pr_graph_lp_or_to_or_and__: 8737:item: crushed-coal --> energy-source-burner: jerry__chemical__biomass_2_1,,,True,item: crushed-coal --> energy-source-burner: jerry__chemical__biomass_2_1,False,False,7.4451835767499741e-32,7.4451835618596025e-32
1855,2304,__pr_graph_lp_or_to_or_and__: 8739:item: wood --> energy-source-burner: jerry__chemical__biomass_2_1,,,True,item: wood --> energy-source-burner: jerry__chemical__biomass_2_1,False,False,7.4370542108617472e-32,7.437054195987634e-32
1856,3676,recipe: anemometer-mk01-pyvoid,recipe,anemometer-mk01-pyvoid,False,,True,True,-7.373169611079803e-32,7.3731695963334598e-32
1857,956,__pr_graph_lp_or_to_or_and__: 10179:entity-operate: tar-processing-unit --> recipe-category: tar__2__4:noncoproduct-route,,,True,entity-operate: tar-processing-unit --> recipe-category: tar__2__4,False,False,7.3634106869777922e-32,7.3634106722509664e-32
1858,3994,recipe: earth-shroom-sample-pyvoid,recipe,earth-shroom-sample-pyvoid,False,,True,True,-7.290684039145189e-32,7.2906840245638169e-32
1859,3075,entity-mine: display-panel,entity-mine,display-panel,False,,True,False,-7.268661416168927e-32,7.2686614016315995e-32
1860,638,__pr_graph_lp_or_cost_row__: item: planter-box,,,True,node-cost:item: planter-box,False,False,-7.2588403558959477e-32,7.2588403413782624e-32
1861,4159,recipe: fluid-wagon-pyvoid,recipe,fluid-wagon-pyvoid,False,,True,True,-7.2245170342872738e-32,7.2245170198382358e-32
1862,1399,__pr_graph_lp_or_to_or_and__: 1891:item: boiler --> entity-build-item: boiler,,,True,item: boiler --> entity-build-item: boiler,False,False,-7.0634645026019888e-32,7.0634644884750556e-32
1863,977,__pr_graph_lp_or_to_or_and__: 10206:entity-operate: soil-extractor-mk01 --> recipe-category: soil-extraction__1__0:noncoproduct-route,,,True,entity-operate: soil-extractor-mk01 --> recipe-category: soil-extraction__1__0,False,False,7.0434656117895963e-32,7.0434655977026603e-32
1864,2301,__pr_graph_lp_or_to_or_and__: 8736:item: raw-coal --> energy-source-burner: jerry__chemical__biomass_2_1,,,True,item: raw-coal --> energy-source-burner: jerry__chemical__biomass_2_1,False,False,7.0381346742433361e-32,7.0381346601670621e-32
1865,2055,__pr_graph_lp_or_to_or_and__: 4510:item-craft: fish-egg --> item: fish-egg,,,True,item-craft: fish-egg --> item: fish-egg,False,False,-7.0287120104378625e-32,7.0287119963804337e-32
1866,815,__pr_graph_lp_or_cost_row__: item: wood-seeds,,,True,node-cost:item: wood-seeds,False,False,6.996463273114329e-32,6.9964632591213982e-32
1867,4806,recipe: vrauks-pyvoid,recipe,vrauks-pyvoid,False,,True,True,-6.9923163517817885e-32,6.9923163377971517e-32
1868,1722,__pr_graph_lp_or_to_or_and__: 2987:item: carbolic-oil-canister --> fuel-category: jerry__1,,,True,item: carbolic-oil-canister --> fuel-category: jerry__1,False,False,6.9923029889920514e-32,6.9923029750074409e-32
1869,866,__pr_graph_lp_or_to_or_and__: 10063:item-burn: coal-gas-canister --> item: empty-fuel-canister:noncoproduct-route,,,True,item-burn: coal-gas-canister --> item: empty-fuel-canister,False,False,6.9815532878430086e-32,6.9815532738798981e-32
1870,1659,__pr_graph_lp_or_to_or_and__: 2871:fluid-craft-temperature: carbolic-oil: 10 --> fluid-craft-temperature: carbolic-oil,,,True,fluid-craft-temperature: carbolic-oil: 10 --> fluid-craft-temperature: carbolic-oil,False,False,-6.9490783523337216e-32,6.9490783384355602e-32
1871,2288,__pr_graph_lp_or_to_or_and__: 8723:item: methane-canister --> energy-source-burner: jerry__chemical__biomass_2_1,,,True,item: methane-canister --> energy-source-burner: jerry__chemical__biomass_2_1,False,False,6.9460386056717316e-32,6.9460385917796505e-32
1872,4409,recipe: ore-chromium-pyvoid,recipe,ore-chromium-pyvoid,False,,True,True,-6.9360292144426179e-32,6.9360292005705557e-32
1873,1492,__pr_graph_lp_or_to_or_and__: 2389:item: train-stop --> entity-build-item: train-stop,,,True,item: train-stop --> entity-build-item: train-stop,False,False,-6.925880418908902e-32,6.9258804050571367e-32
1874,3202,entity-mine: small-electric-pole,entity-mine,small-electric-pole,False,,True,False,-6.8954654713645187e-32,6.8954654575735841e-32
1875,4442,recipe: pipe-to-ground-pyvoid,recipe,pipe-to-ground-pyvoid,False,,True,True,-6.8856947648914527e-32,6.8856947511200585e-32
1876,1872,__pr_graph_lp_or_to_or_and__: 3943:item-craft: calcium-carbide --> item: calcium-carbide,,,True,item-craft: calcium-carbide --> item: calcium-carbide,False,False,6.871086884717806e-32,6.8710868709756277e-32
1877,423,__pr_graph_lp_or_cost_row__: item: coarse,,,True,node-cost:item: coarse,False,False,-6.8636496002653052e-32,6.8636495865380015e-32
1878,3047,entity-mine: boiler,entity-mine,boiler,False,,True,False,-6.8596717500774331e-32,6.8596717363580851e-32
1879,3811,recipe: boiler-pyvoid,recipe,boiler-pyvoid,False,,True,True,-6.8460643192275774e-32,6.8460643055354441e-32
1880,893,__pr_graph_lp_or_to_or_and__: 10108:entity-operate: advanced-foundry-mk01 --> recipe-category: smelting__1__0:noncoproduct-route,,,True,entity-operate: advanced-foundry-mk01 --> recipe-category: smelting__1__0,False,False,-6.8414126386375367e-32,6.8414126249547068e-32
1881,4636,recipe: seaweed-crop-mk01-pyvoid,recipe,seaweed-crop-mk01-pyvoid,False,,True,True,-6.8215581414167019e-32,6.8215581277735812e-32
1882,777,__pr_graph_lp_or_cost_row__: item: tall-oil-canister,,,True,node-cost:item: tall-oil-canister,False,False,6.8214068117400622e-32,6.8214067980972448e-32
1883,4707,recipe: stone-wall-pyvoid,recipe,stone-wall-pyvoid,False,,True,True,-6.7785963175071725e-32,6.7785963039499755e-32
1884,4757,recipe: tower-mk01-pyvoid,recipe,tower-mk01-pyvoid,False,,True,True,-6.7674145748572353e-32,6.7674145613224021e-32
1885,1625,__pr_graph_lp_or_to_or_and__: 2796:fluid-create-temperature: ammonia: 15 --> fluid-create: ammonia,,,True,fluid-create-temperature: ammonia: 15 --> fluid-create: ammonia,False,False,-6.7641008168236676e-32,6.7641008032954621e-32
1886,1724,__pr_graph_lp_or_to_or_and__: 2989:item: pitch-canister --> fuel-category: jerry__1,,,True,item: pitch-canister --> fuel-category: jerry__1,False,False,6.7606304823908625e-32,6.7606304688695979e-32
1887,2126,__pr_graph_lp_or_to_or_and__: 4804:item-craft: fluid-wagon --> item: fluid-wagon,,,True,item-craft: fluid-wagon --> item: fluid-wagon,False,False,-6.754749789813727e-32,6.7547497763042235e-32
1888,2828,__pr_graph_lp_or_to_or_and__: 9980:entity-operate: assembling-machine-1 --> recipe-category: crafting-with-fluid__1__0:noncoproduct-route,,,True,entity-operate: assembling-machine-1 --> recipe-category: crafting-with-fluid__1__0,False,False,-6.7506935886949035e-32,6.7506935751935121e-32
1889,3846,recipe: calcium-carbide,recipe,calcium-carbide,False,,True,True,6.7199027747757919e-32,6.7199027613359821e-32
1890,4630,recipe: scrubber-mk01-pyvoid,recipe,scrubber-mk01-pyvoid,False,,True,True,-6.716819062260511e-32,6.7168190488268691e-32
1891,413,__pr_graph_lp_or_cost_row__: item: chromite-sand,,,True,node-cost:item: chromite-sand,False,False,6.6958173815164405e-32,6.6958173681248014e-32
1892,942,__pr_graph_lp_or_to_or_and__: 10163:entity-operate: rectisol --> recipe-category: rectisol__2__1:noncoproduct-route,,,True,entity-operate: rectisol --> recipe-category: rectisol__2__1,False,False,-6.685272881358936e-32,6.6852728679883865e-32
1893,2674,__pr_graph_lp_or_to_or_and__: 9779:fluid-temperature: diborane: 15 --> fluid-temperature-range: diborane: 15: 15:noncoproduct-route,,,True,fluid-temperature: diborane: 15 --> fluid-temperature-range: diborane: 15: 15,False,False,-6.6383936157275621e-32,6.6383936024507704e-32
1894,1818,__pr_graph_lp_or_to_or_and__: 3747:item-craft: soil --> item: soil,,,True,item-craft: soil --> item: soil,False,False,6.5975427021928895e-32,6.5975426889978001e-32
1895,1725,__pr_graph_lp_or_to_or_and__: 2990:item: middle-oil-canister --> fuel-category: jerry__1,,,True,item: middle-oil-canister --> fuel-category: jerry__1,False,False,6.5920190054251814e-32,6.5920189922411392e-32
1896,2677,__pr_graph_lp_or_to_or_and__: 9783:fluid-temperature: boric-acid: 10 --> fluid-temperature-range: boric-acid: 10: 10:noncoproduct-route,,,True,fluid-temperature: boric-acid: 10 --> fluid-temperature-range: boric-acid: 10: 10,False,False,6.5842712350986214e-32,6.5842712219300745e-32
1897,592,__pr_graph_lp_or_cost_row__: item: moondrop,,,True,node-cost:item: moondrop,False,False,-6.5838412102668821e-32,6.5838411970991957e-32
1898,110,__pr_graph_lp_or_cost_row__: entity: caravan,,,True,node-cost:entity: caravan,False,False,-6.5730022819110145e-32,6.5730022687650055e-32
1899,2474,__pr_graph_lp_or_to_or_and__: 9429:entity-build: chipshooter-mk01 --> entity: chipshooter-mk01:noncoproduct-route,,,True,entity-build: chipshooter-mk01 --> entity: chipshooter-mk01,False,False,-6.5664590398327035e-32,6.5664590266997813e-32
1900,2564,__pr_graph_lp_or_to_or_and__: 9609:entity-build: rail-signal --> entity: rail-signal:noncoproduct-route,,,True,entity-build: rail-signal --> entity: rail-signal,False,False,6.560168733557804e-32,6.5601687204374629e-32
1901,4826,recipe: wood-seeds-pyvoid,recipe,wood-seeds-pyvoid,False,,True,True,-6.5515193823210903e-32,6.5515193692180476e-32
1902,307,__pr_graph_lp_or_cost_row__: entity: tree-04,,,True,node-cost:entity: tree-04,False,False,-6.545135145176284e-32,6.5451351320860095e-32
1903,4331,recipe: meat-pyvoid,recipe,meat-pyvoid,False,,True,True,-6.5312493246457834e-32,6.5312493115832809e-32
1904,1317,__pr_graph_lp_or_to_or_and__: 1669:item: casting-unit-mk01 --> entity-build-item: casting-unit-mk01,,,True,item: casting-unit-mk01 --> entity-build-item: casting-unit-mk01,False,False,-6.5292644234386998e-32,6.5292644103801669e-32
1905,897,__pr_graph_lp_or_to_or_and__: 10112:entity-operate: advanced-foundry-mk01 --> recipe-category: advanced-foundry__2__1:noncoproduct-route,,,True,entity-operate: advanced-foundry-mk01 --> recipe-category: advanced-foundry__2__1,False,False,-6.4929071749228551e-32,6.4929071619370365e-32
1906,4189,recipe: geothermal-plant-mk01-pyvoid,recipe,geothermal-plant-mk01-pyvoid,False,,True,True,-6.478772486181682e-32,6.4787724732241334e-32
1907,2833,__pr_graph_lp_or_to_or_and__: 9986:entity-operate: assembling-machine-2 --> fuel-category-burn: biomass:noncoproduct-route,,,True,entity-operate: assembling-machine-2 --> fuel-category-burn: biomass,False,False,6.4588949305060863e-32,6.4588949175882931e-32
1908,1987,__pr_graph_lp_or_to_or_and__: 4270:item-craft: warm-stone-brick --> item: warm-stone-brick,,,True,item-craft: warm-stone-brick --> item: warm-stone-brick,False,False,6.4562889665824154e-32,6.4562889536698332e-32
1909,3051,entity-mine: burner-inserter,entity-mine,burner-inserter,False,,True,False,-6.4413118465962678e-32,6.4413118337136406e-32
1910,4176,recipe: gasifier-pyvoid,recipe,gasifier-pyvoid,False,,True,True,-6.4387567200388507e-32,6.4387567071613338e-32
1911,3162,entity-mine: py-recharge-station-mk01,entity-mine,py-recharge-station-mk01,False,,True,False,-6.4151034392311061e-32,6.4151034264008951e-32
1912,371,__pr_graph_lp_or_cost_row__: item: bio-sample,,,True,node-cost:item: bio-sample,False,False,-6.4078563020494073e-32,6.407856289233691e-32
1913,872,__pr_graph_lp_or_to_or_and__: 10075:item-burn: kerosene-canister --> item: empty-fuel-canister:noncoproduct-route,,,True,item-burn: kerosene-canister --> item: empty-fuel-canister,False,False,6.4069625230305675e-32,6.4069625102166389e-32
1914,2032,__pr_graph_lp_or_to_or_and__: 4449:item-craft: cocoon --> item: cocoon,,,True,item-craft: cocoon --> item: cocoon,False,False,6.3848267005729734e-32,6.384826687803316e-32
1915,2038,__pr_graph_lp_or_to_or_and__: 4466:item-craft: py-science-pack-1 --> item: py-science-pack-1,,,True,item-craft: py-science-pack-1 --> item: py-science-pack-1,False,False,-6.3668340337171276e-32,6.3668340209834562e-32
1916,1060,__pr_graph_lp_or_to_or_and__: 10313:entity-operate: hydroclassifier-mk01 --> recipe-category: hydroclassifier__2__1:noncoproduct-route,,,True,entity-operate: hydroclassifier-mk01 --> recipe-category: hydroclassifier__2__1,False,False,-6.3168502505282828e-32,6.3168502378945787e-32
1917,2854,entity-build: arithmetic-combinator,entity-build,arithmetic-combinator,False,,False,False,6.3069761573341406e-32,6.3069761447201849e-32
1918,966,__pr_graph_lp_or_to_or_and__: 10191:entity-operate: quenching-tower --> recipe-category: quenching-tower__2__2:noncoproduct-route,,,True,entity-operate: quenching-tower --> recipe-category: quenching-tower__2__2,False,False,-6.3029061474638698e-32,6.3029061348580538e-32
1919,2307,__pr_graph_lp_or_to_or_and__: 8742:item: raw-fiber --> energy-source-burner: jerry__chemical__biomass_2_1,,,True,item: raw-fiber --> energy-source-burner: jerry__chemical__biomass_2_1,False,False,6.2616688610522578e-32,6.2616688485289158e-32
1920,991,__pr_graph_lp_or_to_or_and__: 10226:entity-operate: jaw-crusher --> recipe-category: crusher__0__0:noncoproduct-route,,,True,entity-operate: jaw-crusher --> recipe-category: crusher__0__0,False,False,-6.2338153985406599e-32,6.233815386073025e-32
1921,1509,__pr_graph_lp_or_to_or_and__: 2515:fluid-create-offshore-temperature: water: 15 --> fluid-create-temperature: water: 15,,,True,fluid-create-offshore-temperature: water: 15 --> fluid-create-temperature: water: 15,False,False,6.2309989723061891e-32,6.2309989598441879e-32
1922,4419,recipe: outpost-pyvoid,recipe,outpost-pyvoid,False,,True,True,-6.1787418642816884e-32,6.1787418519242011e-32
1923,2136,__pr_graph_lp_or_to_or_and__: 4841:item-craft: fish --> item: fish,,,True,item-craft: fish --> item: fish,False,False,-6.1751023726259042e-32,6.175102360275696e-32
1924,2287,__pr_graph_lp_or_to_or_and__: 8722:item: kerosene-canister --> energy-source-burner: jerry__chemical__biomass_2_1,,,True,item: kerosene-canister --> energy-source-burner: jerry__chemical__biomass_2_1,False,False,6.1570037409189791e-32,6.1570037286049682e-32
1925,3518,fluid-temperature: carbolic-oil: 10,fluid-temperature,carbolic-oil: 10,False,,False,False,6.1511181871551205e-32,6.1511181748528805e-32
1926,724,__pr_graph_lp_or_cost_row__: item: sb-grade-02,,,True,node-cost:item: sb-grade-02,False,False,-6.1416827693955564e-32,6.1416827571121868e-32
1927,3555,fluid-temperature: polybutadiene: 10,fluid-temperature,polybutadiene: 10,False,,False,False,-6.1368784443753012e-32,6.1368784321015404e-32
1928,4719,recipe: submachine-gun-pyvoid,recipe,submachine-gun-pyvoid,False,,True,True,-6.117034911038762e-32,6.1170348988046886e-32
1929,116,__pr_graph_lp_or_cost_row__: entity: chipshooter-mk01,,,True,node-cost:entity: chipshooter-mk01,False,False,6.094174729608986e-32,6.0941747174206332e-32
1930,1791,__pr_graph_lp_or_to_or_and__: 3181:item-craft: refined-hazard-concrete --> item: refined-hazard-concrete,,,True,item-craft: refined-hazard-concrete --> item: refined-hazard-concrete,False,False,-6.0940222504958772e-32,6.0940222383078288e-32
1931,627,__pr_graph_lp_or_cost_row__: item: pcb1,,,True,node-cost:item: pcb1,False,False,6.0908609938438398e-32,6.0908609816621135e-32
1932,1721,__pr_graph_lp_or_to_or_and__: 2986:item: anthracene-oil-canister --> fuel-category: jerry__1,,,True,item: anthracene-oil-canister --> fuel-category: jerry__1,False,False,6.0739835011145674e-32,6.0739834889665971e-32
1933,3923,recipe: cooling-tower-mk01-pyvoid,recipe,cooling-tower-mk01-pyvoid,False,,True,True,-6.0647446963721716e-32,6.0647446842426787e-32
1934,395,__pr_graph_lp_or_cost_row__: item: calcium-carbide,,,True,node-cost:item: calcium-carbide,False,False,6.0558701087909674e-32,6.055870096679224e-32
1935,414,__pr_graph_lp_or_cost_row__: item: chromium,,,True,node-cost:item: chromium,False,False,6.0337527362610416e-32,6.0337527241935322e-32
1936,1710,__pr_graph_lp_or_to_or_and__: 2975:item: coal-gas-canister --> fuel-category: jerry__1,,,True,item: coal-gas-canister --> fuel-category: jerry__1,False,False,6.0140634673796975e-32,6.0140634553515668e-32
1937,4628,recipe: sb-oxide-pyvoid,recipe,sb-oxide-pyvoid,False,,True,True,-5.9863285993074637e-32,5.9863285873348024e-32
1938,804,__pr_graph_lp_or_cost_row__: item: vrauks-food-01,,,True,node-cost:item: vrauks-food-01,False,False,-5.9789828450825539e-32,5.9789828331245844e-32
1939,4288,recipe: jaw-crusher-pyvoid,recipe,jaw-crusher-pyvoid,False,,True,True,-5.9693098162086804e-32,5.9693098042700576e-32
1940,4641,recipe: selector-combinator-pyvoid,recipe,selector-combinator-pyvoid,False,,True,True,-5.9510519553244129e-32,5.9510519434223049e-32
1941,1801,__pr_graph_lp_or_to_or_and__: 3209:item-craft: barrel --> item: barrel,,,True,item-craft: barrel --> item: barrel,False,False,-5.9467664768394662e-32,5.9467664649459301e-32
1942,498,__pr_graph_lp_or_cost_row__: item: fluid-wagon,,,True,node-cost:item: fluid-wagon,False,False,5.9456671004336933e-32,5.9456670885423556e-32
1943,3904,recipe: cocoon-mk02-pyvoid,recipe,cocoon-mk02-pyvoid,False,,True,True,-5.9449172465472395e-32,5.9449172346574016e-32
1944,3082,entity-mine: electronics-factory-mk01,entity-mine,electronics-factory-mk01,False,,True,False,-5.9424853741246517e-32,5.9424853622396778e-32
1945,3571,fluid-temperature: water-saline: 25,fluid-temperature,water-saline: 25,False,,False,False,5.9163058989368286e-32,5.9163058871042129e-32
1946,1442,__pr_graph_lp_or_to_or_and__: 2049:item: burner-inserter --> entity-build-item: burner-inserter,,,True,item: burner-inserter --> entity-build-item: burner-inserter,False,False,5.9061201617707585e-32,5.9061201499585142e-32
1947,4427,recipe: pcb1-pyvoid,recipe,pcb1-pyvoid,False,,True,True,-5.882235948554149e-32,5.8822359367896736e-32
1948,1440,__pr_graph_lp_or_to_or_and__: 2041:item: inserter --> entity-build-item: inserter,,,True,item: inserter --> entity-build-item: inserter,False,False,5.858810883157786e-32,5.8588108714401611e-32
1949,2040,__pr_graph_lp_or_to_or_and__: 4474:item-craft: manure --> item: manure,,,True,item-craft: manure --> item: manure,False,False,-5.8392837319610091e-32,5.8392837202824377e-32
1950,4678,recipe: solidified-sarcorus-pyvoid,recipe,solidified-sarcorus-pyvoid,False,,True,True,-5.836146391134696e-32,5.8361463794623998e-32
1951,1922,__pr_graph_lp_or_to_or_and__: 4089:item-craft: processed-iron-ore --> item: processed-iron-ore,,,True,item-craft: processed-iron-ore --> item: processed-iron-ore,False,False,-5.8337334117129629e-32,5.8337334000454924e-32
1952,1690,__pr_graph_lp_or_to_or_and__: 2940:fluid-craft-temperature: depolymerized-organics: 10 --> fluid-create-temperature: depolymerized-organics: 10,,,True,fluid-craft-temperature: depolymerized-organics: 10 --> fluid-create-temperature: depolymerized-organics: 10,False,False,5.8234308773076261e-32,5.8234308656607613e-32
1953,2726,__pr_graph_lp_or_to_or_and__: 9847:fluid-temperature: coke-oven-gas: 250 --> fluid-temperature-range: coke-oven-gas: 100: nil:noncoproduct-route,,,True,fluid-temperature: coke-oven-gas: 250 --> fluid-temperature-range: coke-oven-gas: 100: nil,False,False,-5.7999173124050827e-32,5.7999173008052446e-32
1954,923,__pr_graph_lp_or_to_or_and__: 10143:entity-operate: distilator --> recipe-category: distilator__1__3:noncoproduct-route,,,True,entity-operate: distilator --> recipe-category: distilator__1__3,False,False,5.7783945825408131e-32,5.77839457098402e-32
1955,979,__pr_graph_lp_or_to_or_and__: 10210:entity-operate: washer --> recipe-category: washer__1__1:noncoproduct-route,,,True,entity-operate: washer --> recipe-category: washer__1__1,False,False,5.7704094291933662e-32,5.7704094176525435e-32
1956,3521,fluid-temperature: coal-gas: 15,fluid-temperature,coal-gas: 15,False,,False,False,5.7607207652188196e-32,5.7607207536973743e-32
1957,4677,recipe: solid-separator-pyvoid,recipe,solid-separator-pyvoid,False,,True,True,-5.7453401992815064e-32,5.7453401877908228e-32
1958,3182,entity-mine: radar,entity-mine,radar,False,,True,False,-5.7113601429532165e-32,5.7113601315304926e-32
1959,1504,__pr_graph_lp_or_to_or_and__: 2510:fluid-create-temperature: water: 15 --> fluid-create: water,,,True,fluid-create-temperature: water: 15 --> fluid-create: water,False,False,-5.6734550146732364e-32,5.6734550033263228e-32
1960,4832,recipe: wpu-mk01-pyvoid,recipe,wpu-mk01-pyvoid,False,,True,True,-5.6464153283449164e-32,5.646415317052082e-32
1961,629,__pr_graph_lp_or_cost_row__: item: petri-dish,,,True,node-cost:item: petri-dish,False,False,-5.6266289990956697e-32,5.6266289878424089e-32
1962,4384,recipe: multiblade-turbine-mk01-pyvoid,recipe,multiblade-turbine-mk01-pyvoid,False,,True,True,-5.6161359397308533e-32,5.616135928498578e-32
1963,4515,recipe: py-roboport-mk01-pyvoid,recipe,py-roboport-mk01-pyvoid,False,,True,True,-5.61485315267811e-32,5.6148531414484008e-32
1964,1379,__pr_graph_lp_or_to_or_and__: 1838:item: cottongut-mk01 --> entity-operate-py-module: prandium-lab-mk01,,,True,item: cottongut-mk01 --> entity-operate-py-module: prandium-lab-mk01,False,False,5.6105047282056662e-32,5.6105047169846538e-32
1965,870,__pr_graph_lp_or_to_or_and__: 10071:item-burn: gasoline-canister --> item: empty-fuel-canister:noncoproduct-route,,,True,item-burn: gasoline-canister --> item: empty-fuel-canister,False,False,5.5877010549772081e-32,5.5877010438018025e-32
1966,4214,recipe: grade-2-crush-tin,recipe,grade-2-crush-tin,False,,True,True,5.5711153143891109e-32,5.5711153032468767e-32
1967,4348,recipe: micro-mine-mk01-pyvoid,recipe,micro-mine-mk01-pyvoid,False,,True,True,-5.5589106223653552e-32,5.5589106112475309e-32
1968,3980,recipe: dried-meat-pyvoid,recipe,dried-meat-pyvoid,False,,True,True,-5.5420123504657017e-32,5.5420123393816739e-32
1969,935,__pr_graph_lp_or_to_or_and__: 10155:entity-operate: distilator --> recipe-category: distilator__2__0:noncoproduct-route,,,True,entity-operate: distilator --> recipe-category: distilator__2__0,False,False,-5.5281811976598236e-32,5.5281811866034583e-32
1970,1058,__pr_graph_lp_or_to_or_and__: 10311:entity-operate: hydroclassifier-mk01 --> recipe-category: hydroclassifier__2__3:noncoproduct-route,,,True,entity-operate: hydroclassifier-mk01 --> recipe-category: hydroclassifier__2__3,False,False,-5.5109789902484923e-32,5.5109789792265311e-32
1971,4686,recipe: starch-pyvoid,recipe,starch-pyvoid,False,,True,True,-5.5108802977353507e-32,5.5108802867135865e-32
1972,3707,recipe: auog-paddock-mk01-pyvoid,recipe,auog-paddock-mk01-pyvoid,False,,True,True,-5.505099747204001e-32,5.5050997361937986e-32
1973,978,__pr_graph_lp_or_to_or_and__: 10208:entity-operate: solid-separator --> recipe-category: solid-separator__0__0:noncoproduct-route,,,True,entity-operate: solid-separator --> recipe-category: solid-separator__0__0,False,False,5.4911199781629899e-32,5.4911199671807467e-32
1974,4620,recipe: sb-grade-01-pyvoid,recipe,sb-grade-01-pyvoid,False,,True,True,-5.4860053697823907e-32,5.486005358810377e-32
1975,111,__pr_graph_lp_or_cost_row__: entity: cargo-wagon,,,True,node-cost:entity: cargo-wagon,False,False,-5.4810097351903632e-32,5.4810097242283403e-32
1976,3849,recipe: capacitor1-pyvoid,recipe,capacitor1-pyvoid,False,,True,True,5.4664593713952072e-32,5.4664593604622853e-32
1977,1452,__pr_graph_lp_or_to_or_and__: 2090:item: salt-mine --> entity-build-item: salt-mine,,,True,item: salt-mine --> entity-build-item: salt-mine,False,False,-5.4492419223767427e-32,5.4492419114782555e-32
1978,3245,entity-mine: wood-fence,entity-mine,wood-fence,False,,True,False,-5.447523933187097e-32,5.4475239222920463e-32
1979,1199,__pr_graph_lp_or_to_or_and__: 10488:entity-operate: research-center-mk01 --> recipe-category: research__1__0:noncoproduct-route,,,True,entity-operate: research-center-mk01 --> recipe-category: research__1__0,False,False,-5.4439289948932769e-32,5.4439289840054155e-32
1980,2731,__pr_graph_lp_or_to_or_and__: 9854:fluid-temperature: kerosene: 10 --> fluid: kerosene:noncoproduct-route,,,True,fluid-temperature: kerosene: 10 --> fluid: kerosene,False,False,5.4379928909886386e-32,5.43799288011265e-32
1981,1000,__pr_graph_lp_or_to_or_and__: 10239:entity-operate: glassworks-mk01 --> recipe-category: glassworks__1__0:noncoproduct-route,,,True,entity-operate: glassworks-mk01 --> recipe-category: glassworks__1__0,False,False,5.4362561034892048e-32,5.4362560926166887e-32
1982,4475,recipe: processed-iron-ore-pyvoid,recipe,processed-iron-ore-pyvoid,False,,True,True,-5.433997973925888e-32,5.4339979630578889e-32
1983,2793,__pr_graph_lp_or_to_or_and__: 9936:fluid-temperature: liquid-manure: 10 --> fluid-temperature-range: liquid-manure: 10: 10:noncoproduct-route,,,True,fluid-temperature: liquid-manure: 10 --> fluid-temperature-range: liquid-manure: 10: 10,False,False,5.4272920265018292e-32,5.4272920156472422e-32
1984,3703,recipe: auog-food-01-pyvoid,recipe,auog-food-01-pyvoid,False,,True,True,5.4080726915504701e-32,5.4080726807343213e-32
1985,2081,__pr_graph_lp_or_to_or_and__: 4585:item-craft: sb-grade-01 --> item: sb-grade-01,,,True,item-craft: sb-grade-01 --> item: sb-grade-01,False,False,5.3994735315229204e-32,5.3994735207239703e-32
1986,1720,__pr_graph_lp_or_to_or_and__: 2985:item: condensates-canister --> fuel-category: jerry__1,,,True,item: condensates-canister --> fuel-category: jerry__1,False,False,5.3950602498805776e-32,5.3950602390904535e-32
1987,2309,__pr_graph_lp_or_to_or_and__: 8744:item: biomass --> energy-source-burner: jerry__chemical__biomass_2_1,,,True,item: biomass --> energy-source-burner: jerry__chemical__biomass_2_1,False,False,5.3897548359457357e-32,5.3897548251662232e-32
1988,675,__pr_graph_lp_or_cost_row__: item: py-tank-1000,,,True,node-cost:item: py-tank-1000,False,False,-5.3791064153854648e-32,5.3791064046272487e-32
1989,4617,recipe: sap-tree-pyvoid,recipe,sap-tree-pyvoid,False,,True,True,-5.3750656352648674e-32,5.3750656245147329e-32
1990,1610,__pr_graph_lp_or_to_or_and__: 2764:fluid-craft-temperature: coke-oven-gas: 250 --> fluid-craft-temperature: coke-oven-gas,,,True,fluid-craft-temperature: coke-oven-gas: 250 --> fluid-craft-temperature: coke-oven-gas,False,False,5.3683211987080494e-32,5.3683211879714035e-32
1991,1026,__pr_graph_lp_or_to_or_and__: 10271:entity-operate: genlab-mk01 --> recipe-category: genlab__0__0:noncoproduct-route,,,True,entity-operate: genlab-mk01 --> recipe-category: genlab__0__0,False,False,5.3622474089363149e-32,5.3622473982118165e-32
1992,4822,recipe: wood-fence-pyvoid,recipe,wood-fence-pyvoid,False,,True,True,-5.3441181295513809e-32,5.3441181188631411e-32
1993,1409,__pr_graph_lp_or_to_or_and__: 1927:item: py-construction-robot-mk01 --> entity-build-item: py-construction-robot-mk01,,,True,item: py-construction-robot-mk01 --> entity-build-item: py-construction-robot-mk01,False,False,-5.3253983565833785e-32,5.3253983459325785e-32
1994,2821,__pr_graph_lp_or_to_or_and__: 9972:fluid-temperature: hot-molten-salt: 1000 --> fluid-temperature-range: hot-molten-salt: 1000: 1000:noncoproduct-route,,,True,fluid-temperature: hot-molten-salt: 1000 --> fluid-temperature-range: hot-molten-salt: 1000: 1000,False,False,5.3049903517227521e-32,5.3049903411127683e-32
1995,2998,entity-build: small-electric-pole,entity-build,small-electric-pole,False,,False,False,-5.2975274429781056e-32,5.2975274323830478e-32
1996,4004,recipe: electronics-factory-mk01-pyvoid,recipe,electronics-factory-mk01-pyvoid,False,,True,True,-5.2804251000391499e-32,5.2804250894782969e-32
1997,2296,__pr_graph_lp_or_to_or_and__: 8731:item: middle-oil-canister --> energy-source-burner: jerry__chemical__biomass_2_1,,,True,item: middle-oil-canister --> energy-source-burner: jerry__chemical__biomass_2_1,False,False,5.2480332060629497e-32,5.2480331955668804e-32
1998,3525,fluid-temperature: creamy-latex: 10,fluid-temperature,creamy-latex: 10,False,,False,False,5.2081021054634469e-32,5.2081020950472396e-32
1999,2953,entity-build: py-construction-robot-mk01,entity-build,py-construction-robot-mk01,False,,False,False,5.201252992149282e-32,5.2012529817467724e-32
2000,1967,__pr_graph_lp_or_to_or_and__: 4208:item-craft: formica --> item: formica,,,True,item-craft: formica --> item: formica,False,False,5.1983544265112e-32,5.1983544161144882e-32
2001,741,__pr_graph_lp_or_cost_row__: item: small-electric-pole,,,True,node-cost:item: small-electric-pole,False,False,5.1927277680486392e-32,5.1927277576631805e-32
2002,2596,__pr_graph_lp_or_to_or_and__: 9673:entity-build: py-underflow-valve --> entity: py-underflow-valve:noncoproduct-route,,,True,entity-build: py-underflow-valve --> entity: py-underflow-valve,False,False,5.1918317949188419e-32,5.1918317845351754e-32
2003,1927,__pr_graph_lp_or_to_or_and__: 4108:item-craft: lead-plate --> item: lead-plate,,,True,item-craft: lead-plate --> item: lead-plate,False,False,-5.1731949885540976e-32,5.1731949782077045e-32
2004,2587,__pr_graph_lp_or_to_or_and__: 9655:entity-build: outpost-fluid --> entity: outpost-fluid:noncoproduct-route,,,True,entity-build: outpost-fluid --> entity: outpost-fluid,False,False,5.1592671300551359e-32,5.159267119736598e-32
2005,2068,__pr_graph_lp_or_to_or_and__: 4552:item-craft: cottongut-pup --> item: cottongut-pup,,,True,item-craft: cottongut-pup --> item: cottongut-pup,False,False,-5.1558164960896315e-32,5.155816485777995e-32
2006,472,__pr_graph_lp_or_cost_row__: item: empty-fuel-canister,,,True,node-cost:item: empty-fuel-canister,False,False,-5.1409981887472477e-32,5.1409981784652487e-32
2007,3163,entity-mine: py-roboport-mk01,entity-mine,py-roboport-mk01,False,,True,False,-5.1236305198253632e-32,5.1236305095780989e-32
2008,3936,recipe: cottongut-food-01-pyvoid,recipe,cottongut-food-01-pyvoid,False,,True,True,-5.1191039006622956e-32,5.119103890424085e-32
2009,4205,recipe: grade-1-nickel-pyvoid,recipe,grade-1-nickel-pyvoid,False,,True,True,-5.1089648998336369e-32,5.1089648896157035e-32
2010,784,__pr_graph_lp_or_cost_row__: item: tinned-cable,,,True,node-cost:item: tinned-cable,False,False,5.106514883318613e-32,5.1065148731055798e-32
2011,1155,__pr_graph_lp_or_to_or_and__: 10432:entity-operate: seaweed-crop-mk01 --> recipe-category: seaweed__1__0:noncoproduct-route,,,True,entity-operate: seaweed-crop-mk01 --> recipe-category: seaweed__1__0,False,False,-5.0963727165590908e-32,5.0963727063663424e-32
2012,1685,__pr_graph_lp_or_to_or_and__: 2932:fluid-create-temperature: subcritical-water: 10 --> fluid-create: subcritical-water,,,True,fluid-create-temperature: subcritical-water: 10 --> fluid-create: subcritical-water,False,False,-5.0903348431461632e-32,5.0903348329654901e-32
2013,1678,__pr_graph_lp_or_to_or_and__: 2916:fluid-craft-temperature: liquid-manure: 10 --> fluid-create-temperature: liquid-manure: 10,,,True,fluid-craft-temperature: liquid-manure: 10 --> fluid-create-temperature: liquid-manure: 10,False,False,-5.0794359930525597e-32,5.0794359828936844e-32
2014,4302,recipe: latex-slab-pyvoid,recipe,latex-slab-pyvoid,False,,True,True,-5.0752020955009156e-32,5.0752020853505083e-32
2015,560,__pr_graph_lp_or_cost_row__: item: lab-instrument,,,True,node-cost:item: lab-instrument,False,False,-5.0690677715571185e-32,5.0690677614189803e-32
2016,796,__pr_graph_lp_or_cost_row__: item: vacuum-barrel,,,True,node-cost:item: vacuum-barrel,False,False,5.0639871954741409e-32,5.0639871853461632e-32
2017,1183,__pr_graph_lp_or_to_or_and__: 10465:entity-operate: rc-mk01 --> recipe-category: rc__3__0:noncoproduct-route,,,True,entity-operate: rc-mk01 --> recipe-category: rc__3__0,False,False,5.0636740513668695e-32,5.063674041239518e-32
2018,4507,recipe: py-local-radar-pyvoid,recipe,py-local-radar-pyvoid,False,,True,True,-5.0457097219291081e-32,5.0457097118376857e-32
2019,1712,__pr_graph_lp_or_to_or_and__: 2977:item: tar-canister --> fuel-category: jerry__1,,,True,item: tar-canister --> fuel-category: jerry__1,False,False,5.0419918622439256e-32,5.0419918521599388e-32
2020,3246,entity-mine: wooden-chest,entity-mine,wooden-chest,False,,True,False,-5.0327505033260167e-32,5.0327504932605128e-32
2021,4746,recipe: tidal-mk01-pyvoid,recipe,tidal-mk01-pyvoid,False,,True,True,-5.0033191899669925e-32,5.0033191799603508e-32
2022,398,__pr_graph_lp_or_cost_row__: item: caravan,,,True,node-cost:item: caravan,False,False,-4.9871453651432158e-32,4.9871453551689222e-32
2023,281,__pr_graph_lp_or_cost_row__: entity: solid-separator,,,True,node-cost:entity: solid-separator,False,False,-4.9835089885955142e-32,4.9835089786284931e-32
2024,2803,__pr_graph_lp_or_to_or_and__: 9950:fluid-temperature: depolymerized-organics: 10 --> fluid: depolymerized-organics:noncoproduct-route,,,True,fluid-temperature: depolymerized-organics: 10 --> fluid: depolymerized-organics,False,False,-4.9813331932687432e-32,4.9813331833060738e-32
2025,4307,recipe: lens-pyvoid,recipe,lens-pyvoid,False,,True,True,-4.9786329550449333e-32,4.9786329450876644e-32
2026,1186,__pr_graph_lp_or_to_or_and__: 10468:entity-operate: rc-mk01 --> recipe-category: rc__1__1:noncoproduct-route,,,True,entity-operate: rc-mk01 --> recipe-category: rc__1__1,False,False,4.975259165760691e-32,4.9752591558101691e-32
2027,3914,recipe: concrete-wall-pyvoid,recipe,concrete-wall-pyvoid,False,,True,True,-4.9750484839971805e-32,4.9750484740470801e-32
2028,1184,__pr_graph_lp_or_to_or_and__: 10466:entity-operate: rc-mk01 --> recipe-category: rc__2__1:noncoproduct-route,,,True,entity-operate: rc-mk01 --> recipe-category: rc__2__1,False,False,4.9690352540168058e-32,4.9690352440787325e-32
2029,1454,__pr_graph_lp_or_to_or_and__: 2099:item: fluid-drill-mk01 --> entity-build-item: fluid-drill-mk01,,,True,item: fluid-drill-mk01 --> entity-build-item: fluid-drill-mk01,False,False,-4.9686878093603933e-32,4.9686877994230152e-32
2030,875,__pr_graph_lp_or_to_or_and__: 10081:item-burn: scrude-canister --> item: empty-fuel-canister:noncoproduct-route,,,True,item-burn: scrude-canister --> item: empty-fuel-canister,False,False,4.9634591564643953e-32,4.9634591465374744e-32
2031,3010,entity-build: stone-wall,entity-build,stone-wall,False,,False,False,4.9597911934540637e-32,4.9597911835344788e-32
2032,276,__pr_graph_lp_or_cost_row__: entity: small-electric-pole,,,True,node-cost:entity: small-electric-pole,False,False,-4.959730997865226e-32,4.9597309879457615e-32
2033,2873,entity-build: cargo-wagon,entity-build,cargo-wagon,False,,False,False,-4.9484833401216771e-32,4.9484833302247078e-32
2034,4280,recipe: iron-oxide-pyvoid,recipe,iron-oxide-pyvoid,False,,True,True,-4.9441238096764865e-32,4.9441237997882359e-32
2035,3144,entity-mine: poorman-wood-fence,entity-mine,poorman-wood-fence,False,,True,False,-4.9404327385163562e-32,4.9404327286354877e-32
2036,4670,recipe: soil-extractor-mk01-pyvoid,recipe,soil-extractor-mk01-pyvoid,False,,True,True,-4.9201307770209163e-32,4.920130767180652e-32
2037,4679,recipe: soot-pyvoid,recipe,soot-pyvoid,False,,True,True,-4.9171090602048418e-32,4.9171090503706206e-32
2038,142,__pr_graph_lp_or_cost_row__: entity: electronics-factory-mk01,,,True,node-cost:entity: electronics-factory-mk01,False,False,-4.9152998991340987e-32,4.9152998893034957e-32
2039,4576,recipe: rectisol-pyvoid,recipe,rectisol-pyvoid,False,,True,True,-4.9122092876119202e-32,4.9122092777874988e-32
2040,2010,__pr_graph_lp_or_to_or_and__: 4338:item-craft: fish-farm-mk01 --> item: fish-farm-mk01,,,True,item-craft: fish-farm-mk01 --> item: fish-farm-mk01,False,False,-4.895205122163733e-32,4.8952051123733199e-32
2041,559,__pr_graph_lp_or_cost_row__: item: lab,,,True,node-cost:item: lab,False,False,-4.8731772005302967e-32,4.8731771907839391e-32
2042,3743,recipe: biofactory-mk01-pyvoid,recipe,biofactory-mk01-pyvoid,False,,True,True,-4.8609943117172949e-32,4.8609943019953035e-32
2043,4224,recipe: gravel-pyvoid,recipe,gravel-pyvoid,False,,True,True,4.8591551487654662e-32,4.8591551390471532e-32
2044,899,__pr_graph_lp_or_to_or_and__: 10115:entity-operate: steel-furnace --> recipe-category: smelting__0__0:noncoproduct-route,,,True,entity-operate: steel-furnace --> recipe-category: smelting__0__0,False,False,-4.859017641283878e-32,4.8590176315658398e-32
2045,1941,__pr_graph_lp_or_to_or_and__: 4145:item-craft: sodium-hydroxide --> item: sodium-hydroxide,,,True,item-craft: sodium-hydroxide --> item: sodium-hydroxide,False,False,4.8502744938924811e-32,4.850274484191929e-32
2046,4221,recipe: grade-3-ti-pyvoid,recipe,grade-3-ti-pyvoid,False,,True,True,-4.8483657173009834e-32,4.8483657076042493e-32
2047,2511,__pr_graph_lp_or_to_or_and__: 9503:entity-build: cargo-wagon --> entity: cargo-wagon:noncoproduct-route,,,True,entity-build: cargo-wagon --> entity: cargo-wagon,False,False,4.8453377024763226e-32,4.8453376927856442e-32
2048,1270,__pr_graph_lp_or_to_or_and__: 1499:item: assembling-machine-1 --> entity-build-item: assembling-machine-1,,,True,item: assembling-machine-1 --> entity-build-item: assembling-machine-1,False,False,4.8416116344592256e-32,4.8416116247759992e-32
2049,1094,__pr_graph_lp_or_to_or_and__: 10356:entity-operate: electronics-factory-mk01 --> recipe-category: electronic__1__0:noncoproduct-route,,,True,entity-operate: electronics-factory-mk01 --> recipe-category: electronic__1__0,False,False,4.8337439311277411e-32,4.8337439214602503e-32
2050,4368,recipe: moondrop-greenhouse-mk01-pyvoid,recipe,moondrop-greenhouse-mk01-pyvoid,False,,True,True,-4.8324446838137421e-32,4.8324446741488498e-32
2051,930,__pr_graph_lp_or_to_or_and__: 10150:entity-operate: distilator --> recipe-category: distilator__2__2:noncoproduct-route,,,True,entity-operate: distilator --> recipe-category: distilator__2__2,False,False,-4.8316935367639196e-32,4.8316935271005298e-32
2052,2308,__pr_graph_lp_or_to_or_and__: 8743:item: carbon-black --> energy-source-burner: jerry__chemical__biomass_2_1,,,True,item: carbon-black --> energy-source-burner: jerry__chemical__biomass_2_1,False,False,4.8270696684210155e-32,4.8270696587668732e-32
2053,2823,__pr_graph_lp_or_to_or_and__: 9975:entity-operate: assembling-machine-1 --> fuel-category-burn: biomass:noncoproduct-route,,,True,entity-operate: assembling-machine-1 --> fuel-category-burn: biomass,False,False,4.8193701939341701e-32,4.8193701842954268e-32
2054,4590,recipe: retorter-pyvoid,recipe,retorter-pyvoid,False,,True,True,-4.8132109687687495e-32,4.8132109591423244e-32
2055,1888,__pr_graph_lp_or_to_or_and__: 3990:item-craft: py-tank-1000 --> item: py-tank-1000,,,True,item-craft: py-tank-1000 --> item: py-tank-1000,False,False,4.8055902464141731e-32,4.8055902368029899e-32
2056,2471,__pr_graph_lp_or_to_or_and__: 9423:entity-build: electronics-factory-mk01 --> entity: electronics-factory-mk01:noncoproduct-route,,,True,entity-build: electronics-factory-mk01 --> entity: electronics-factory-mk01,False,False,4.800995275371572e-32,4.8009952657695788e-32
2057,4467,recipe: prandium-lab-mk01-pyvoid,recipe,prandium-lab-mk01-pyvoid,False,,True,True,-4.7847785569983553e-32,4.784778547428795e-32
2058,1093,__pr_graph_lp_or_to_or_and__: 10355:entity-operate: electronics-factory-mk01 --> recipe-category: electronic__0__0:noncoproduct-route,,,True,entity-operate: electronics-factory-mk01 --> recipe-category: electronic__0__0,False,False,-4.778855042166512e-32,4.7788550326087993e-32
2059,4213,recipe: grade-2-copper-pyvoid,recipe,grade-2-copper-pyvoid,False,,True,True,4.7665245721018982e-32,4.7665245625688461e-32
2060,2987,entity-build: reformer-mk01,entity-build,reformer-mk01,False,,False,False,-4.7612734447658535e-32,4.7612734352433035e-32
2061,993,__pr_graph_lp_or_to_or_and__: 10230:entity-operate: botanical-nursery --> recipe-category: nursery__0__0:noncoproduct-route,,,True,entity-operate: botanical-nursery --> recipe-category: nursery__0__0,False,False,-4.7571871183720671e-32,4.7571871088576901e-32
2062,4196,recipe: glassworks-mk01-pyvoid,recipe,glassworks-mk01-pyvoid,False,,True,True,-4.7567156527546886e-32,4.7567156432412541e-32
2063,1067,__pr_graph_lp_or_to_or_and__: 10321:entity-operate: electrolyzer-mk01 --> recipe-category: electrolyzer__1__2:noncoproduct-route,,,True,entity-operate: electrolyzer-mk01 --> recipe-category: electrolyzer__1__2,False,False,4.7544859228280111e-32,4.7544859133190362e-32
2064,4260,recipe: hydroclassifier-mk01-pyvoid,recipe,hydroclassifier-mk01-pyvoid,False,,True,True,-4.7499882447287915e-32,4.7499882352288123e-32
2065,1909,__pr_graph_lp_or_to_or_and__: 4053:item-craft: glass --> item: glass,,,True,item-craft: glass --> item: glass,False,False,4.7472540626349904e-32,4.7472540531404795e-32
2066,3160,entity-mine: py-oil-powerplant-mk01,entity-mine,py-oil-powerplant-mk01,False,,True,False,-4.7446279255849608e-32,4.744627916095702e-32
2067,3203,entity-mine: small-lamp,entity-mine,small-lamp,False,,True,False,-4.7421166464684288e-32,4.7421166369841928e-32
2068,3115,entity-mine: lab,entity-mine,lab,False,,True,False,-4.7373826432105476e-32,4.7373826337357797e-32
2069,2498,__pr_graph_lp_or_to_or_and__: 9477:entity-build: research-center-mk01 --> entity: research-center-mk01:noncoproduct-route,,,True,entity-build: research-center-mk01 --> entity: research-center-mk01,False,False,-4.7274237612235597e-32,4.7274237517687094e-32
2070,970,__pr_graph_lp_or_to_or_and__: 10197:entity-operate: evaporator --> recipe-category: evaporator__2__2:noncoproduct-route,,,True,entity-operate: evaporator --> recipe-category: evaporator__2__2,False,False,-4.7217426797219983e-32,4.72174267027851e-32
2071,4239,recipe: hazard-concrete-pyvoid,recipe,hazard-concrete-pyvoid,False,,True,True,-4.7208483914781574e-32,4.720848382036458e-32
2072,1420,__pr_graph_lp_or_to_or_and__: 1971:item: small-electric-pole --> entity-build-item: small-electric-pole,,,True,item: small-electric-pole --> entity-build-item: small-electric-pole,False,False,-4.695306347851365e-32,4.6953063384607495e-32
2073,1948,__pr_graph_lp_or_to_or_and__: 4162:item-craft: hydroclassifier-mk01 --> item: hydroclassifier-mk01,,,True,item-craft: hydroclassifier-mk01 --> item: hydroclassifier-mk01,False,False,-4.6909571676817524e-32,4.6909571582998353e-32
2074,391,__pr_graph_lp_or_cost_row__: item: burner-mining-drill,,,True,node-cost:item: burner-mining-drill,False,False,-4.6905807235367126e-32,4.6905807141555482e-32
2075,1711,__pr_graph_lp_or_to_or_and__: 2976:item: syngas-canister --> fuel-category: jerry__1,,,True,item: syngas-canister --> fuel-category: jerry__1,False,False,4.6855202846289605e-32,4.6855202752579171e-32
2076,2524,__pr_graph_lp_or_to_or_and__: 9529:entity-build: small-electric-pole --> entity: small-electric-pole:noncoproduct-route,,,True,entity-build: small-electric-pole --> entity: small-electric-pole,False,False,4.6832537899502727e-32,4.6832537805837622e-32
2077,3992,recipe: earth-mouse-sample-pyvoid,recipe,earth-mouse-sample-pyvoid,False,,True,True,-4.6792569476205729e-32,4.6792569382620564e-32
2078,1416,__pr_graph_lp_or_to_or_and__: 1955:item: py-deposit-basic --> entity-build-item: py-deposit-basic,,,True,item: py-deposit-basic --> entity-build-item: py-deposit-basic,False,False,-4.6718764694333682e-32,4.6718764600896124e-32
2079,1351,__pr_graph_lp_or_to_or_and__: 1781:item: vrauks --> entity-operate-py-module: vrauks-paddock-mk01,,,True,item: vrauks --> entity-operate-py-module: vrauks-paddock-mk01,False,False,-4.6695017040428921e-32,4.6695016947038859e-32
2080,2007,__pr_graph_lp_or_to_or_and__: 4329:item-craft: data-array --> item: data-array,,,True,item-craft: data-array --> item: data-array,False,False,4.6615078305450814e-32,4.6615078212220632e-32
2081,1112,__pr_graph_lp_or_to_or_and__: 10378:entity-operate: fbreactor-mk01 --> recipe-category: fbreactor__2__1:noncoproduct-route,,,True,entity-operate: fbreactor-mk01 --> recipe-category: fbreactor__2__1,False,False,-4.6597912464265836e-32,4.6597912371069985e-32
2082,2764,__pr_graph_lp_or_to_or_and__: 9898:fluid-temperature: hot-air: 15 --> fluid: hot-air:noncoproduct-route,,,True,fluid-temperature: hot-air: 15 --> fluid: hot-air,False,False,-4.6474800015937652e-32,4.6474799922988025e-32
2083,2299,__pr_graph_lp_or_to_or_and__: 8734:item: coal-dust --> energy-source-burner: jerry__chemical__biomass_2_1,,,True,item: coal-dust --> energy-source-burner: jerry__chemical__biomass_2_1,False,False,4.6400634250820671e-32,4.6400634158019373e-32
2084,161,__pr_graph_lp_or_cost_row__: entity: geothermal-plant-mk01,,,True,node-cost:entity: geothermal-plant-mk01,False,False,4.6263376959757295e-32,4.6263376867230515e-32
2085,3149,entity-mine: pump,entity-mine,pump,False,,True,False,-4.6213604304073985e-32,4.6213604211646747e-32
2086,4117,recipe: fiberboard-pyvoid,recipe,fiberboard-pyvoid,False,,True,True,-4.6197886120671418e-32,4.6197886028275616e-32
2087,2702,__pr_graph_lp_or_to_or_and__: 9816:fluid-temperature: gasoline: 10 --> fluid-temperature-range: gasoline: 10: 10:noncoproduct-route,,,True,fluid-temperature: gasoline: 10 --> fluid-temperature-range: gasoline: 10: 10,False,False,4.605302475002827e-32,4.6053024657922191e-32
2088,1200,__pr_graph_lp_or_to_or_and__: 10489:entity-operate: research-center-mk01 --> recipe-category: research__2__0:noncoproduct-route,,,True,entity-operate: research-center-mk01 --> recipe-category: research__2__0,False,False,-4.5992721761775769e-32,4.5992721669790295e-32
2089,191,__pr_graph_lp_or_cost_row__: entity: niobium,,,True,node-cost:entity: niobium,False,False,-4.5973765716350246e-32,4.5973765624402685e-32
2090,1328,__pr_graph_lp_or_to_or_and__: 1712:item: heavy-oil-refinery-mk01 --> entity-build-item: heavy-oil-refinery-mk01,,,True,item: heavy-oil-refinery-mk01 --> entity-build-item: heavy-oil-refinery-mk01,False,False,4.5956122432104394e-32,4.5956122340192122e-32
2091,2119,__pr_graph_lp_or_to_or_and__: 4785:item-craft: py-limestone --> item: py-limestone,,,True,item-craft: py-limestone --> item: py-limestone,False,False,-4.5861891169822873e-32,4.5861891078099065e-32
2092,3235,entity-mine: tree-08-red,entity-mine,tree-08-red,False,,True,False,-4.5763129359465036e-32,4.576312926793875e-32
2093,2137,__pr_graph_lp_or_to_or_and__: 4844:item-craft: vrauks --> item: vrauks,,,True,item-craft: vrauks --> item: vrauks,False,False,-4.5746755903201896e-32,4.5746755811708355e-32
2094,4684,recipe: spore-collector-mk01-pyvoid,recipe,spore-collector-mk01-pyvoid,False,,True,True,-4.5534975926555489e-32,4.5534975835485507e-32
2095,2289,__pr_graph_lp_or_to_or_and__: 8724:item: tall-oil-canister --> energy-source-burner: jerry__chemical__biomass_2_1,,,True,item: tall-oil-canister --> energy-source-burner: jerry__chemical__biomass_2_1,False,False,4.5475748600315464e-32,4.5475748509363941e-32
2096,137,__pr_graph_lp_or_cost_row__: entity: dry-hairy-tree,,,True,node-cost:entity: dry-hairy-tree,False,False,4.5392462807690125e-32,4.539246271690517e-32
2097,1361,__pr_graph_lp_or_to_or_and__: 1799:item: atomizer-mk01 --> entity-build-item: atomizer-mk01,,,True,item: atomizer-mk01 --> entity-build-item: atomizer-mk01,False,False,4.536786748602936e-32,4.5367867395293598e-32
2098,4463,recipe: powdered-ralesia-seeds-pyvoid,recipe,powdered-ralesia-seeds-pyvoid,False,,True,True,-4.5347121831312763e-32,4.5347121740618493e-32
2099,3863,recipe: casting-unit-mk01-pyvoid,recipe,casting-unit-mk01-pyvoid,False,,True,True,-4.5217665051192395e-32,4.5217664960757037e-32
2100,881,__pr_graph_lp_or_to_or_and__: 10093:item-burn: middle-oil-canister --> item: empty-fuel-canister:noncoproduct-route,,,True,item-burn: middle-oil-canister --> item: empty-fuel-canister,False,False,-4.519065692523208e-32,4.5190656834850738e-32
2101,1723,__pr_graph_lp_or_to_or_and__: 2988:item: naphthalene-oil-canister --> fuel-category: jerry__1,,,True,item: naphthalene-oil-canister --> fuel-category: jerry__1,False,False,4.5185877814772017e-32,4.5185877724400232e-32
2102,2284,__pr_graph_lp_or_to_or_and__: 8719:item: aromatics-canister --> energy-source-burner: jerry__chemical__biomass_2_1,,,True,item: aromatics-canister --> energy-source-burner: jerry__chemical__biomass_2_1,False,False,4.5028946048479401e-32,4.502894595842148e-32
2103,1553,__pr_graph_lp_or_to_or_and__: 2634:fluid-create-temperature: water-saline: 25 --> fluid-create: water-saline,,,True,fluid-create-temperature: water-saline: 25 --> fluid-create: water-saline,False,False,4.4951727325483877e-32,4.4951727235580394e-32
2104,389,__pr_graph_lp_or_cost_row__: item: brake-mk01,,,True,node-cost:item: brake-mk01,False,False,4.4907665945659994e-32,4.4907665855844634e-32
2105,961,__pr_graph_lp_or_to_or_and__: 10185:entity-operate: hpf --> recipe-category: hpf__0__0:noncoproduct-route,,,True,entity-operate: hpf --> recipe-category: hpf__0__0,False,False,4.4884477071733954e-32,4.4884476981964973e-32
2106,1815,__pr_graph_lp_or_to_or_and__: 3728:item-craft: coke --> item: coke,,,True,item-craft: coke --> item: coke,False,False,4.4869643774627129e-32,4.4869643684887816e-32
2107,4584,recipe: repair-pack-pyvoid,recipe,repair-pack-pyvoid,False,,True,True,-4.4848581075927995e-32,4.4848580986230803e-32
2108,4543,recipe: py-tank-9000-pyvoid,recipe,py-tank-9000-pyvoid,False,,True,True,-4.4728475011319663e-32,4.4728474921862685e-32
2109,4174,recipe: gas-refinery-mk01-pyvoid,recipe,gas-refinery-mk01-pyvoid,False,,True,True,-4.4575848920164214e-32,4.4575848831012489e-32
2110,2881,entity-build: concrete-wall,entity-build,concrete-wall,False,,False,False,-4.456659275601286e-32,4.4566592666879647e-32
2111,4531,recipe: py-tank-3000-pyvoid,recipe,py-tank-3000-pyvoid,False,,True,True,-4.4430617264451551e-32,4.4430617175590289e-32
2112,4017,recipe: empty-blood-barrel,recipe,empty-blood-barrel,False,,True,True,-4.4402662979792829e-32,4.4402662890987476e-32
2113,842,__pr_graph_lp_or_to_or_and__: 10024:entity-operate: stone-furnace --> recipe-category: smelting__0__0:noncoproduct-route,,,True,entity-operate: stone-furnace --> recipe-category: smelting__0__0,False,False,-4.4352116814298484e-32,4.4352116725594222e-32
2114,1682,__pr_graph_lp_or_to_or_and__: 2926:fluid-create-temperature: formic-acid: 15 --> fluid-create: formic-acid,,,True,fluid-create-temperature: formic-acid: 15 --> fluid-create: formic-acid,False,False,-4.4325883792920464e-32,4.4325883704268669e-32
2115,1115,__pr_graph_lp_or_to_or_and__: 10381:entity-operate: fbreactor-mk01 --> recipe-category: fbreactor__0__0:noncoproduct-route,,,True,entity-operate: fbreactor-mk01 --> recipe-category: fbreactor__0__0,False,False,-4.4301683653344503e-32,4.4301683564741107e-32
2116,4549,recipe: py-ze-pyvoid,recipe,py-ze-pyvoid,False,,True,True,-4.4293319126362785e-32,4.4293319037776117e-32
2117,2110,__pr_graph_lp_or_to_or_and__: 4649:item-craft: antimony-drill-mk01 --> item: antimony-drill-mk01,,,True,item-craft: antimony-drill-mk01 --> item: antimony-drill-mk01,False,False,-4.4277251517880551e-32,4.427725142932602e-32
2118,3184,entity-mine: rail-signal,entity-mine,rail-signal,False,,True,False,-4.4265913929705049e-32,4.4265913841173196e-32
2119,1921,__pr_graph_lp_or_to_or_and__: 4086:item-craft: grade-2-copper --> item: grade-2-copper,,,True,item-craft: grade-2-copper --> item: grade-2-copper,False,False,4.4245649709587242e-32,4.4245649621095918e-32
2120,3945,recipe: cracker-mk01-pyvoid,recipe,cracker-mk01-pyvoid,False,,True,True,-4.41154521009996e-32,4.411545201276867e-32
2121,2468,__pr_graph_lp_or_to_or_and__: 9417:entity-build: clay-pit-mk01 --> entity: clay-pit-mk01:noncoproduct-route,,,True,entity-build: clay-pit-mk01 --> entity: clay-pit-mk01,False,False,-4.4078186474315586e-32,4.4078186386159188e-32
2122,996,__pr_graph_lp_or_to_or_and__: 10233:entity-operate: botanical-nursery --> recipe-category: nursery__0__1:noncoproduct-route,,,True,entity-operate: botanical-nursery --> recipe-category: nursery__0__1,False,False,-4.4064106380330653e-32,4.4064106292202413e-32
2123,2362,__pr_graph_lp_or_to_or_and__: 8797:item: syngas-canister --> energy-source-burner: jerry__nuke_2_1,,,True,item: syngas-canister --> energy-source-burner: jerry__nuke_2_1,False,False,-4.4057471033901507e-32,4.405747094578654e-32
2124,2255,__pr_graph_lp_or_to_or_and__: 8690:item: methane-canister --> energy-source-burner: chemical__biomass__jerry__nuke_2_1,,,True,item: methane-canister --> energy-source-burner: chemical__biomass__jerry__nuke_2_1,False,False,-4.4011442486265393e-32,4.4011442398242479e-32
2125,1813,__pr_graph_lp_or_to_or_and__: 3718:item-craft: chromium --> item: chromium,,,True,item-craft: chromium --> item: chromium,False,False,4.3962945756406143e-32,4.3962945668480226e-32
2126,1714,__pr_graph_lp_or_to_or_and__: 2979:item: gasoline-canister --> fuel-category: jerry__1,,,True,item: gasoline-canister --> fuel-category: jerry__1,False,False,4.3882599904125201e-32,4.3882599816359973e-32
2127,1305,__pr_graph_lp_or_to_or_and__: 1620:item: mixer-mk01 --> entity-build-item: mixer-mk01,,,True,item: mixer-mk01 --> entity-build-item: mixer-mk01,False,False,4.3854962420026821e-32,4.3854962332316868e-32
2128,4666,recipe: sodium-hydroxide-pyvoid,recipe,sodium-hydroxide-pyvoid,False,,True,True,4.3810399628829473e-32,4.3810399541208645e-32
2129,4216,recipe: grade-2-ti-pyvoid,recipe,grade-2-ti-pyvoid,False,,True,True,-4.3631529071561008e-32,4.3631528984297922e-32
2130,972,__pr_graph_lp_or_to_or_and__: 10199:entity-operate: evaporator --> recipe-category: evaporator__2__0:noncoproduct-route,,,True,entity-operate: evaporator --> recipe-category: evaporator__2__0,False,False,-4.3569208815943996e-32,4.3569208728805554e-32
2131,1498,__pr_graph_lp_or_to_or_and__: 2485:item: py-overflow-valve --> entity-build-item: py-overflow-valve,,,True,item: py-overflow-valve --> entity-build-item: py-overflow-valve,False,False,4.3463549461611175e-32,4.3463549374684049e-32
2132,4411,recipe: ore-nickel-pyvoid,recipe,ore-nickel-pyvoid,False,,True,True,-4.3436156631317345e-32,4.3436156544445007e-32
2133,2360,__pr_graph_lp_or_to_or_and__: 8795:item: light-oil-canister --> energy-source-burner: jerry__nuke_2_1,,,True,item: light-oil-canister --> energy-source-burner: jerry__nuke_2_1,False,False,-4.3366233107225731e-32,4.3366233020493239e-32
2134,1444,__pr_graph_lp_or_to_or_and__: 2057:item: nco-py-short-crane-mk1 --> entity-build-item: nco-py-short-crane-mk1,,,True,item: nco-py-short-crane-mk1 --> entity-build-item: nco-py-short-crane-mk1,False,False,4.3358545184420943e-32,4.3358545097703826e-32
2135,824,__pr_graph_lp_or_to_or_and__: 10002:entity-operate: bof-mk01 --> recipe-category: bof__4__1:noncoproduct-route,,,True,entity-operate: bof-mk01 --> recipe-category: bof__4__1,False,False,-4.335585959891056e-32,4.3355859512198814e-32
2136,2256,__pr_graph_lp_or_to_or_and__: 8691:item: tall-oil-canister --> energy-source-burner: chemical__biomass__jerry__nuke_2_1,,,True,item: tall-oil-canister --> energy-source-burner: chemical__biomass__jerry__nuke_2_1,False,False,-4.3329070034892232e-32,4.3329069948234068e-32
2137,3118,entity-mine: medium-electric-pole,entity-mine,medium-electric-pole,False,,True,False,-4.3272650842988132e-32,4.3272650756442806e-32
2138,1057,__pr_graph_lp_or_to_or_and__: 10310:entity-operate: hydroclassifier-mk01 --> recipe-category: hydroclassifier__1__2:noncoproduct-route,,,True,entity-operate: hydroclassifier-mk01 --> recipe-category: hydroclassifier__1__2,False,False,-4.3218101881004886e-32,4.3218101794568658e-32
2139,3847,recipe: calcium-carbide-pyvoid,recipe,calcium-carbide-pyvoid,False,,True,True,-4.3106027689561619e-32,4.3106027603349539e-32
2140,522,__pr_graph_lp_or_cost_row__: item: grade-2-copper,,,True,node-cost:item: grade-2-copper,False,False,-4.2984808948397121e-32,4.2984808862427477e-32
2141,112,__pr_graph_lp_or_cost_row__: entity: casting-unit-mk01,,,True,node-cost:entity: casting-unit-mk01,False,False,4.282722323091542e-32,4.2827223145260947e-32
2142,3885,recipe: chromium-pyvoid,recipe,chromium-pyvoid,False,,True,True,-4.2752983674191167e-32,4.2752983588685172e-32
2143,2958,entity-build: py-local-radar,entity-build,py-local-radar,False,,False,False,-4.2751227950648875e-32,4.2751227865146394e-32
2144,1846,__pr_graph_lp_or_to_or_and__: 3864:item-craft: gunpowder --> item: gunpowder,,,True,item-craft: gunpowder --> item: gunpowder,False,False,4.2702631439436259e-32,4.2702631354030971e-32
2145,3033,entity-mine: arithmetic-combinator,entity-mine,arithmetic-combinator,False,,True,False,-4.2670192029363463e-32,4.2670191944023051e-32
2146,3809,recipe: bof-mk01-pyvoid,recipe,bof-mk01-pyvoid,False,,True,True,-4.2638342558169109e-32,4.2638342472892395e-32
2147,1066,__pr_graph_lp_or_to_or_and__: 10320:entity-operate: electrolyzer-mk01 --> recipe-category: electrolyzer__2__1:noncoproduct-route,,,True,entity-operate: electrolyzer-mk01 --> recipe-category: electrolyzer__2__1,False,False,4.2483334534244847e-32,4.2483334449278155e-32
2148,434,__pr_graph_lp_or_cost_row__: item: cooling-tower-mk01,,,True,node-cost:item: cooling-tower-mk01,False,False,4.2479352499640654e-32,4.2479352414681921e-32
2149,551,__pr_graph_lp_or_cost_row__: item: iron-ore,,,True,node-cost:item: iron-ore,False,False,-4.2425398474158063e-32,4.2425398389307241e-32
2150,242,__pr_graph_lp_or_cost_row__: entity: py-tank-5000,,,True,node-cost:entity: py-tank-5000,False,False,-4.2410586846954915e-32,4.2410586762133717e-32
2151,4803,recipe: vrauks-mk02-pyvoid,recipe,vrauks-mk02-pyvoid,False,,True,True,-4.2401282552249936e-32,4.2401282467447344e-32
2152,1908,__pr_graph_lp_or_to_or_and__: 4049:item-craft: py-gas-vent --> item: py-gas-vent,,,True,item-craft: py-gas-vent --> item: py-gas-vent,False,False,-4.2382868173065931e-32,4.2382868088300172e-32
2153,1876,__pr_graph_lp_or_to_or_and__: 3954:item-craft: automated-screener-mk01 --> item: automated-screener-mk01,,,True,item-craft: automated-screener-mk01 --> item: automated-screener-mk01,False,False,4.2358129426833442e-32,4.2358129342117155e-32
2154,1061,__pr_graph_lp_or_to_or_and__: 10314:entity-operate: hydroclassifier-mk01 --> recipe-category: hydroclassifier__2__2:noncoproduct-route,,,True,entity-operate: hydroclassifier-mk01 --> recipe-category: hydroclassifier__2__2,False,False,-4.2337041254172721e-32,4.2337041169498616e-32
2155,4645,recipe: shotgun-pyvoid,recipe,shotgun-pyvoid,False,,True,True,-4.2326750523912251e-32,4.2326750439258727e-32
2156,4621,recipe: sb-grade-02,recipe,sb-grade-02,False,,True,True,4.2200819543377315e-32,4.2200819458975652e-32
2157,2248,__pr_graph_lp_or_to_or_and__: 8683:item: coal-gas-canister --> energy-source-burner: chemical__biomass__jerry__nuke_2_1,,,True,item: coal-gas-canister --> energy-source-burner: chemical__biomass__jerry__nuke_2_1,False,False,-4.2134255194269862e-32,4.2134255110001328e-32
2158,1333,__pr_graph_lp_or_to_or_and__: 1732:item: gas-refinery-mk01 --> entity-build-item: gas-refinery-mk01,,,True,item: gas-refinery-mk01 --> entity-build-item: gas-refinery-mk01,False,False,-4.2085533071841642e-32,4.2085532987670548e-32
2159,4503,recipe: py-iron-oxide-pyvoid,recipe,py-iron-oxide-pyvoid,False,,True,True,-4.2060615244505985e-32,4.2060615160384729e-32
2160,1886,__pr_graph_lp_or_to_or_and__: 3984:item-craft: py-warehouse-basic --> item: py-warehouse-basic,,,True,item-craft: py-warehouse-basic --> item: py-warehouse-basic,False,False,-4.2028944165093209e-32,4.2028944081035297e-32
2161,4691,recipe: steam-turbine-mk01-pyvoid,recipe,steam-turbine-mk01-pyvoid,False,,True,True,-4.2026580183802937e-32,4.2026580099749749e-32
2162,2434,__pr_graph_lp_or_to_or_and__: 9349:entity-build: cooling-tower-mk01 --> entity: cooling-tower-mk01:noncoproduct-route,,,True,entity-build: cooling-tower-mk01 --> entity: cooling-tower-mk01,False,False,4.1947067046765442e-32,4.1947066962871285e-32
2163,2240,__pr_graph_lp_or_to_or_and__: 8675:item: log --> energy-source-burner: chemical__biomass__jerry__nuke_2_1,,,True,item: log --> energy-source-burner: chemical__biomass__jerry__nuke_2_1,False,False,-4.1870085192616998e-32,4.1870085108876803e-32
2164,3028,entity-mine: accumulator,entity-mine,accumulator,False,,True,False,-4.184942648311343e-32,4.1849426399414551e-32
2165,3046,entity-mine: bof-mk01,entity-mine,bof-mk01,False,,True,False,-4.1702171591051987e-32,4.1702171507647617e-32
2166,1674,__pr_graph_lp_or_to_or_and__: 2909:fluid-craft-temperature: fish-oil: 10 --> fluid-craft-temperature: fish-oil,,,True,fluid-craft-temperature: fish-oil: 10 --> fluid-craft-temperature: fish-oil,False,False,4.1678579292602744e-32,4.1678579209245558e-32
2167,836,__pr_graph_lp_or_to_or_and__: 10016:entity-operate: py-coal-powerplant-mk01 --> recipe-category: coal-powerplant__1__1:noncoproduct-route,,,True,entity-operate: py-coal-powerplant-mk01 --> recipe-category: coal-powerplant__1__1,False,False,4.1652864242973764e-32,4.165286415966801e-32
2168,4762,recipe: transport-belt-pyvoid,recipe,transport-belt-pyvoid,False,,True,True,4.161649110979244e-32,4.1616491026559433e-32
2169,495,__pr_graph_lp_or_cost_row__: item: flue-gas-barrel,,,True,node-cost:item: flue-gas-barrel,False,False,-4.1576494890829395e-32,4.1576494807676382e-32
2170,1063,__pr_graph_lp_or_to_or_and__: 10317:entity-operate: electrolyzer-mk01 --> recipe-category: electrolyzer__1__0:noncoproduct-route,,,True,entity-operate: electrolyzer-mk01 --> recipe-category: electrolyzer__1__0,False,False,4.1566939694044707e-32,4.1566939610910804e-32
2171,2024,__pr_graph_lp_or_to_or_and__: 4432:item-craft: wood-seeds --> item: wood-seeds,,,True,item-craft: wood-seeds --> item: wood-seeds,False,False,4.1491906427835786e-32,4.1491906344851947e-32
2172,1529,__pr_graph_lp_or_to_or_and__: 2561:fluid-create-temperature: carbon-dioxide: 15 --> fluid-create: carbon-dioxide,,,True,fluid-create-temperature: carbon-dioxide: 15 --> fluid-create: carbon-dioxide,False,False,4.1458318503598365e-32,4.1458318420681702e-32
2173,4545,recipe: py-underflow-valve-pyvoid,recipe,py-underflow-valve-pyvoid,False,,True,True,-4.1412290363933965e-32,4.141229028110936e-32
2174,1077,__pr_graph_lp_or_to_or_and__: 10334:entity-operate: eaf-mk01 --> recipe-category: eaf__1__1:noncoproduct-route,,,True,entity-operate: eaf-mk01 --> recipe-category: eaf__1__1,False,False,4.1332768140801962e-32,4.1332768058136399e-32
2175,4483,recipe: py-asphalt-pyvoid,recipe,py-asphalt-pyvoid,False,,True,True,-4.1241579229786686e-32,4.1241579147303505e-32
2176,359,__pr_graph_lp_or_cost_row__: item: auog-pup,,,True,node-cost:item: auog-pup,False,False,-4.1166499410434227e-32,4.1166499328101204e-32
2177,4834,recipe: yaw-drive-mk01-pyvoid,recipe,yaw-drive-mk01-pyvoid,False,,True,True,-4.1145315977459974e-32,4.1145315895169318e-32
2178,827,__pr_graph_lp_or_to_or_and__: 10005:entity-operate: bof-mk01 --> recipe-category: bof__0__0:noncoproduct-route,,,True,entity-operate: bof-mk01 --> recipe-category: bof__0__0,False,False,-4.1119639070476262e-32,4.1119638988236956e-32
2179,4459,recipe: portable-gasoline-generator-pyvoid,recipe,portable-gasoline-generator-pyvoid,False,,True,True,-4.1104837668216574e-32,4.1104837586006876e-32
2180,2983,entity-build: rail-signal,entity-build,rail-signal,False,,False,False,-4.1103881039807934e-32,4.1103880957600147e-32
2181,3001,entity-build: soil-extractor-mk01,entity-build,soil-extractor-mk01,False,,False,False,4.0989641143867774e-32,4.0989641061888469e-32
2182,898,__pr_graph_lp_or_to_or_and__: 10113:entity-operate: advanced-foundry-mk01 --> recipe-category: advanced-foundry__1__1:noncoproduct-route,,,True,entity-operate: advanced-foundry-mk01 --> recipe-category: advanced-foundry__1__1,False,False,-4.0983157174840913e-32,4.0983157092874576e-32
2183,4309,recipe: light-armor-pyvoid,recipe,light-armor-pyvoid,False,,True,True,-4.0943957900467433e-32,4.0943957818579492e-32
2184,335,__pr_graph_lp_or_cost_row__: item: acidgas-barrel,,,True,node-cost:item: acidgas-barrel,False,False,-4.0891869228645229e-32,4.0891869146861465e-32
2185,1863,__pr_graph_lp_or_to_or_and__: 3916:item-craft: borax-mine --> item: borax-mine,,,True,item-craft: borax-mine --> item: borax-mine,False,False,4.0876574163224548e-32,4.0876574081471373e-32
2186,1738,__pr_graph_lp_or_to_or_and__: 3009:item-craft: shotgun-shell --> item: shotgun-shell,,,True,item-craft: shotgun-shell --> item: shotgun-shell,False,False,-4.0735290870461823e-32,4.0735290788991217e-32
2187,3717,recipe: automated-factory-mk01-pyvoid,recipe,automated-factory-mk01-pyvoid,False,,True,True,-4.0711610825217675e-32,4.0711610743794429e-32
2188,4586,recipe: research-center-mk01-pyvoid,recipe,research-center-mk01-pyvoid,False,,True,True,-4.0613228672580387e-32,4.0613228591353902e-32
2189,2432,__pr_graph_lp_or_to_or_and__: 9345:entity-build: quenching-tower --> entity: quenching-tower:noncoproduct-route,,,True,entity-build: quenching-tower --> entity: quenching-tower,False,False,4.0554301974058961e-32,4.0554301892950333e-32
2190,4184,recipe: generator-1-pyvoid,recipe,generator-1-pyvoid,False,,True,True,-4.0542105939387574e-32,4.0542105858303338e-32
2191,765,__pr_graph_lp_or_cost_row__: item: stopper,,,True,node-cost:item: stopper,False,False,4.0443808362686768e-32,4.0443808281799125e-32
2192,4580,recipe: refined-hazard-concrete-pyvoid,recipe,refined-hazard-concrete-pyvoid,False,,True,True,-4.0442553065471831e-32,4.04425529845867e-32
2193,456,__pr_graph_lp_or_cost_row__: item: dino-dig-site,,,True,node-cost:item: dino-dig-site,False,False,-4.0407172137689201e-32,4.040717205687483e-32
2194,329,__pr_graph_lp_or_cost_row__: entity: wpu-mk01,,,True,node-cost:entity: wpu-mk01,False,False,-4.0368686692145703e-32,4.0368686611408304e-32
2195,3735,recipe: bio-container-pyvoid,recipe,bio-container-pyvoid,False,,True,True,-4.032565177503665e-32,4.0325651694385322e-32
2196,1717,__pr_graph_lp_or_to_or_and__: 2982:item: methane-canister --> fuel-category: jerry__1,,,True,item: methane-canister --> fuel-category: jerry__1,False,False,-4.026863267273298e-32,4.0268632592195688e-32
2197,695,__pr_graph_lp_or_cost_row__: item: ralesia-codex,,,True,node-cost:item: ralesia-codex,False,False,-4.0231087674349983e-32,4.0231087593887781e-32
2198,3214,entity-mine: stone-furnace,entity-mine,stone-furnace,False,,True,False,4.0190685688057082e-32,4.0190685607675685e-32
2199,1785,__pr_graph_lp_or_to_or_and__: 3166:item-craft: train-stop --> item: train-stop,,,True,item-craft: train-stop --> item: train-stop,False,False,4.0186021543422652e-32,4.0186021463050582e-32
2200,4824,recipe: wood-seedling-pyvoid,recipe,wood-seedling-pyvoid,False,,True,True,4.0168370297679721e-32,4.0168370217342957e-32
2201,175,__pr_graph_lp_or_cost_row__: entity: jaw-crusher,,,True,node-cost:entity: jaw-crusher,False,False,4.0137792719875441e-32,4.013779263959983e-32
2202,771,__pr_graph_lp_or_cost_row__: item: syngas-barrel,,,True,node-cost:item: syngas-barrel,False,False,-4.0130769527070188e-32,4.0130769446808623e-32
2203,4276,recipe: iron-chest-pyvoid,recipe,iron-chest-pyvoid,False,,True,True,-4.0022453251455393e-32,4.002245317141046e-32
2204,2844,__pr_graph_lp_or_to_or_and__: 9998:entity-operate: bof-mk01 --> recipe-category: bof__1__0:noncoproduct-route,,,True,entity-operate: bof-mk01 --> recipe-category: bof__1__0,False,False,-3.9990509961075958e-32,3.9990509881094916e-32
2205,1850,__pr_graph_lp_or_to_or_and__: 3877:item-craft: rectisol --> item: rectisol,,,True,item-craft: rectisol --> item: rectisol,False,False,-3.9988485021744597e-32,3.99884849417676e-32
2206,1647,__pr_graph_lp_or_to_or_and__: 2844:fluid-craft-temperature: polybutadiene: 10 --> fluid-craft-temperature: polybutadiene,,,True,fluid-craft-temperature: polybutadiene: 10 --> fluid-craft-temperature: polybutadiene,False,False,3.9980993216844631e-32,3.9980993136882622e-32
2207,425,__pr_graph_lp_or_cost_row__: item: cocoon-mk02,,,True,node-cost:item: cocoon-mk02,False,False,3.9954677000765853e-32,3.9954676920856474e-32
2208,2041,__pr_graph_lp_or_to_or_and__: 4477:item-craft: brain --> item: brain,,,True,item-craft: brain --> item: brain,False,False,-3.9948669225140655e-32,3.9948669145243291e-32
2209,1104,__pr_graph_lp_or_to_or_and__: 10369:entity-operate: pcb-factory-mk01 --> recipe-category: pcb__1__0:noncoproduct-route,,,True,entity-operate: pcb-factory-mk01 --> recipe-category: pcb__1__0,False,False,3.9851537828793853e-32,3.9851537749090755e-32
2210,3223,entity-mine: transport-belt,entity-mine,transport-belt,False,,True,False,-3.9781335468433674e-32,3.9781335388870979e-32
2211,625,__pr_graph_lp_or_cost_row__: item: pbsb-alloy,,,True,node-cost:item: pbsb-alloy,False,False,3.9627096204242496e-32,3.9627096124988279e-32
2212,2254,__pr_graph_lp_or_to_or_and__: 8689:item: kerosene-canister --> energy-source-burner: chemical__biomass__jerry__nuke_2_1,,,True,item: kerosene-canister --> energy-source-burner: chemical__biomass__jerry__nuke_2_1,False,False,-3.956073287009622e-32,3.9560732790974732e-32
2213,1838,__pr_graph_lp_or_to_or_and__: 3805:item-craft: lens --> item: lens,,,True,item-craft: lens --> item: lens,False,False,-3.9541945968857349e-32,3.9541945889773434e-32
2214,2250,__pr_graph_lp_or_to_or_and__: 8685:item: tar-canister --> energy-source-burner: chemical__biomass__jerry__nuke_2_1,,,True,item: tar-canister --> energy-source-burner: chemical__biomass__jerry__nuke_2_1,False,False,-3.9513912981930868e-32,3.9513912902903015e-32
2215,4654,recipe: slaughterhouse-mk01-pyvoid,recipe,slaughterhouse-mk01-pyvoid,False,,True,True,-3.948935563241081e-32,3.9489355553432074e-32
2216,2253,__pr_graph_lp_or_to_or_and__: 8688:item: acetylene-canister --> energy-source-burner: chemical__biomass__jerry__nuke_2_1,,,True,item: acetylene-canister --> energy-source-burner: chemical__biomass__jerry__nuke_2_1,False,False,-3.9411412768815104e-32,3.9411412689992257e-32
2217,1769,__pr_graph_lp_or_to_or_and__: 3120:item-craft: radar --> item: radar,,,True,item-craft: radar --> item: radar,False,False,-3.9336005668094206e-32,3.9336005589422168e-32
2218,2642,__pr_graph_lp_or_to_or_and__: 9737:fluid-temperature: coal-gas: 15 --> fluid: coal-gas:noncoproduct-route,,,True,fluid-temperature: coal-gas: 15 --> fluid: coal-gas,False,False,-3.9278211444785356e-32,3.9278211366228909e-32
2219,2942,entity-build: plankton-farm,entity-build,plankton-farm,False,,False,False,3.9137708680990891e-32,3.9137708602715448e-32
2220,89,__pr_graph_lp_or_cost_row__: entity: auog-paddock-mk01,,,True,node-cost:entity: auog-paddock-mk01,False,False,3.9037672260242582e-32,3.9037672182167213e-32
2221,1483,__pr_graph_lp_or_to_or_and__: 2353:item: py-tank-5000 --> entity-build-item: py-tank-5000,,,True,item: py-tank-5000 --> entity-build-item: py-tank-5000,False,False,-3.9026161917255334e-32,3.9026161839202988e-32
2222,124,__pr_graph_lp_or_cost_row__: entity: cooling-tower-mk01,,,True,node-cost:entity: cooling-tower-mk01,False,False,-3.891701194400249e-32,3.8917011866168445e-32
2223,1646,__pr_graph_lp_or_to_or_and__: 2843:fluid-create-temperature: polybutadiene: 10 --> fluid-create: polybutadiene,,,True,fluid-create-temperature: polybutadiene: 10 --> fluid-create: polybutadiene,False,False,-3.8892329456739294e-32,3.8892329378954612e-32
2224,992,__pr_graph_lp_or_to_or_and__: 10228:entity-operate: ball-mill-mk01 --> recipe-category: ball-mill__0__0:noncoproduct-route,,,True,entity-operate: ball-mill-mk01 --> recipe-category: ball-mill__0__0,False,False,3.8816721460795956e-32,3.8816721383162489e-32
2225,4091,recipe: equipment-chassi-pyvoid,recipe,equipment-chassi-pyvoid,False,,True,True,-3.8795532866286789e-32,3.87955327886957e-32
2226,1632,__pr_graph_lp_or_to_or_and__: 2810:fluid-craft-temperature: black-liquor: 10 --> fluid-craft-temperature: black-liquor,,,True,fluid-craft-temperature: black-liquor: 10 --> fluid-craft-temperature: black-liquor,False,False,-3.8774400907573786e-32,3.877440083002496e-32
2227,3132,entity-mine: ore-lead,entity-mine,ore-lead,False,,True,False,-3.8766112985342237e-32,3.8766112907809986e-32
2228,746,__pr_graph_lp_or_cost_row__: item: sodium-hydroxide,,,True,node-cost:item: sodium-hydroxide,False,False,-3.8717839680373007e-32,3.8717839602937303e-32
2229,4566,recipe: ralesia-plantation-mk01-pyvoid,recipe,ralesia-plantation-mk01-pyvoid,False,,True,True,-3.8673764648094238e-32,3.8673764570746685e-32
2230,80,__pr_graph_lp_or_cost_row__: entity: advanced-foundry-mk01,,,True,node-cost:entity: advanced-foundry-mk01,False,False,-3.865701786842451e-32,3.8657017791110451e-32
2231,1408,__pr_graph_lp_or_to_or_and__: 1923:item: constant-combinator --> entity-build-item: constant-combinator,,,True,item: constant-combinator --> entity-build-item: constant-combinator,False,False,3.8598328397307699e-32,3.8598328320111021e-32
2232,1958,__pr_graph_lp_or_to_or_and__: 4189:item-craft: urea --> item: urea,,,True,item-craft: urea --> item: urea,False,False,3.8591985670192904e-32,3.8591985593008908e-32
2233,3112,entity-mine: iron-chest,entity-mine,iron-chest,False,,True,False,-3.8549440365915626e-32,3.854944028881672e-32
2234,615,__pr_graph_lp_or_cost_row__: item: ore-chromium,,,True,node-cost:item: ore-chromium,False,False,3.8544323269457737e-32,3.8544323192369068e-32
2235,383,__pr_graph_lp_or_cost_row__: item: borax,,,True,node-cost:item: borax,False,False,3.8415004449200273e-32,3.8415004372370242e-32
2236,1959,__pr_graph_lp_or_to_or_and__: 4191:item-craft: ceramic --> item: ceramic,,,True,item-craft: ceramic --> item: ceramic,False,False,-3.841227471445049e-32,3.8412274637625916e-32
2237,4639,recipe: secondary-crusher-mk01-pyvoid,recipe,secondary-crusher-mk01-pyvoid,False,,True,True,-3.8310880445856066e-32,3.8310880369234281e-32
2238,4769,recipe: underground-belt-pyvoid,recipe,underground-belt-pyvoid,False,,True,True,-3.8302067855248645e-32,3.8302067778644486e-32
2239,2574,__pr_graph_lp_or_to_or_and__: 9629:entity-build: storage-tank --> entity: storage-tank:noncoproduct-route,,,True,entity-build: storage-tank --> entity: storage-tank,False,False,-3.8289567839116807e-32,3.8289567762537647e-32
2240,4242,recipe: heavy-armor-pyvoid,recipe,heavy-armor-pyvoid,False,,True,True,-3.8251975066554339e-32,3.8251974990050367e-32
2241,4665,recipe: sodium-alginate-pyvoid,recipe,sodium-alginate-pyvoid,False,,True,True,-3.8203159079640885e-32,3.8203159003234545e-32
2242,1473,__pr_graph_lp_or_to_or_and__: 2313:item: hawt-turbine-mk01 --> entity-build-item: hawt-turbine-mk01,,,True,item: hawt-turbine-mk01 --> entity-build-item: hawt-turbine-mk01,False,False,3.8182230288947627e-32,3.8182230212583145e-32
2243,3179,entity-mine: py-ze,entity-mine,py-ze,False,,True,False,-3.809261178499622e-32,3.8092611708810972e-32
2244,2949,entity-build: py-biomass-powerplant-mk01,entity-build,py-biomass-powerplant-mk01,False,,False,False,-3.7830419367067476e-32,3.7830419291406615e-32
2245,4336,recipe: medium-electric-pole-pyvoid,recipe,medium-electric-pole-pyvoid,False,,True,True,-3.773530126084492e-32,3.7735301185374296e-32
2246,971,__pr_graph_lp_or_to_or_and__: 10198:entity-operate: evaporator --> recipe-category: evaporator__2__1:noncoproduct-route,,,True,entity-operate: evaporator --> recipe-category: evaporator__2__1,False,False,-3.7704390252048827e-32,3.7704390176640025e-32
2247,1021,__pr_graph_lp_or_to_or_and__: 10264:entity-operate: automated-screener-mk01 --> recipe-category: screener__0__0:noncoproduct-route,,,True,entity-operate: automated-screener-mk01 --> recipe-category: screener__0__0,False,False,3.7672631324814934e-32,3.767263124946965e-32
2248,503,__pr_graph_lp_or_cost_row__: item: gas-refinery-mk01,,,True,node-cost:item: gas-refinery-mk01,False,False,3.759909392045156e-32,3.7599093845253352e-32
2249,1634,__pr_graph_lp_or_to_or_and__: 2815:fluid-create-temperature: tall-oil: 10 --> fluid-create: tall-oil,,,True,fluid-create-temperature: tall-oil: 10 --> fluid-create: tall-oil,False,False,3.7566565464384449e-32,3.7566565389251298e-32
2250,1182,__pr_graph_lp_or_to_or_and__: 10464:entity-operate: rc-mk01 --> recipe-category: rc__2__0:noncoproduct-route,,,True,entity-operate: rc-mk01 --> recipe-category: rc__2__0,False,False,3.7563274520576698e-32,3.7563274445450126e-32
2251,2430,__pr_graph_lp_or_to_or_and__: 9341:entity-build: tar-processing-unit --> entity: tar-processing-unit:noncoproduct-route,,,True,entity-build: tar-processing-unit --> entity: tar-processing-unit,False,False,3.756090907196151e-32,3.7560908996839667e-32
2252,489,__pr_graph_lp_or_cost_row__: item: fish-egg,,,True,node-cost:item: fish-egg,False,False,-3.7476101408527893e-32,3.7476101333575667e-32
2253,4743,recipe: ti-rejects-pyvoid,recipe,ti-rejects-pyvoid,False,,True,True,-3.7419792699760049e-32,3.7419792624920442e-32
2254,2899,entity-build: flora-collector-mk01,entity-build,flora-collector-mk01,False,,False,False,-3.7339005822777564e-32,3.7339005748099528e-32
2255,2376,__pr_graph_lp_or_to_or_and__: 8811:item: middle-oil-canister --> energy-source-burner: jerry__nuke_2_1,,,True,item: middle-oil-canister --> energy-source-burner: jerry__nuke_2_1,False,False,-3.7303328850399198e-32,3.7303328775792518e-32
2256,818,__pr_graph_lp_or_cost_row__: item: wpu-mk01,,,True,node-cost:item: wpu-mk01,False,False,3.7281586688858995e-32,3.7281586614295799e-32
2257,1211,__pr_graph_lp_or_to_or_and__: 10504:entity-operate: py-electric-boiler --> recipe-category: electric-boiler__1__1:noncoproduct-route,,,True,entity-operate: py-electric-boiler --> recipe-category: electric-boiler__1__1,False,False,3.7242006820145726e-32,3.7242006745661688e-32
2258,4487,recipe: py-burner-pyvoid,recipe,py-burner-pyvoid,False,,True,True,-3.7225879845187189e-32,3.7225879770735408e-32
2259,1919,__pr_graph_lp_or_to_or_and__: 4082:item-craft: grade-1-chromite --> item: grade-1-chromite,,,True,item-craft: grade-1-chromite --> item: grade-1-chromite,False,False,3.7164806725827086e-32,3.7164806651497448e-32
2260,1154,__pr_graph_lp_or_to_or_and__: 10430:entity-operate: micro-mine-mk01 --> recipe-category: micro-mine__0__0:noncoproduct-route,,,True,entity-operate: micro-mine-mk01 --> recipe-category: micro-mine__0__0,False,False,-3.7006977392548059e-32,3.7006977318534079e-32
2261,941,__pr_graph_lp_or_to_or_and__: 10162:entity-operate: rectisol --> recipe-category: rectisol__1__4:noncoproduct-route,,,True,entity-operate: rectisol --> recipe-category: rectisol__1__4,False,False,-3.6981808940637405e-32,3.6981808866673763e-32
2262,1621,__pr_graph_lp_or_to_or_and__: 2785:fluid-craft-temperature: methane: 15 --> fluid-create-temperature: methane: 15,,,True,fluid-craft-temperature: methane: 15 --> fluid-create-temperature: methane: 15,False,False,3.6845808648450376e-32,3.6845808574758739e-32
2263,4433,recipe: petri-dish-pyvoid,recipe,petri-dish-pyvoid,False,,True,True,3.6839574886202228e-32,3.6839574812523055e-32
2264,1925,__pr_graph_lp_or_to_or_and__: 4102:item-craft: ore-lead --> item: ore-lead,,,True,item-craft: ore-lead --> item: ore-lead,False,False,-3.6808458719558718e-32,3.6808458645941776e-32
2265,1187,__pr_graph_lp_or_to_or_and__: 10469:entity-operate: rc-mk01 --> recipe-category: rc__0__1:noncoproduct-route,,,True,entity-operate: rc-mk01 --> recipe-category: rc__0__1,False,False,3.680448611954496e-32,3.6804486045935966e-32
2266,4211,recipe: grade-1-zinc-pyvoid,recipe,grade-1-zinc-pyvoid,False,,True,True,-3.6727152643143035e-32,3.672715256968871e-32
2267,2767,__pr_graph_lp_or_to_or_and__: 9902:fluid-temperature: condensates: 10 --> fluid: condensates:noncoproduct-route,,,True,fluid-temperature: condensates: 10 --> fluid: condensates,False,False,3.6707972580664319e-32,3.6707972507248349e-32
2268,4582,recipe: reformer-mk01-pyvoid,recipe,reformer-mk01-pyvoid,False,,True,True,-3.6692418156770792e-32,3.6692418083385936e-32
2269,2856,entity-build: assembling-machine-2,entity-build,assembling-machine-2,False,,False,False,-3.6685588627492423e-32,3.6685588554121224e-32
2270,9,__pr_graph_lp_explicit_zero_free_source__: 2198:room-autoplace: planet: nauvis --> entity: copper-ore,,,True,explicit-zero:room-autoplace: planet: nauvis --> entity: copper-ore,False,False,-3.6681128128146486e-32,3.6681128054784209e-32
2271,1502,__pr_graph_lp_or_to_or_and__: 2501:item: wood-fence --> entity-build-item: wood-fence,,,True,item: wood-fence --> entity-build-item: wood-fence,False,False,-3.6674192666559162e-32,3.6674192593210756e-32
2272,1790,__pr_graph_lp_or_to_or_and__: 3179:item-craft: hazard-concrete --> item: hazard-concrete,,,True,item-craft: hazard-concrete --> item: hazard-concrete,False,False,-3.6640557156193382e-32,3.6640557082912244e-32
2273,2232,__pr_graph_lp_or_to_or_and__: 8667:item: coal --> energy-source-burner: chemical__biomass__jerry__nuke_2_1,,,True,item: coal --> energy-source-burner: chemical__biomass__jerry__nuke_2_1,False,False,-3.6616622925830292e-32,3.6616622852597022e-32
2274,2298,__pr_graph_lp_or_to_or_and__: 8733:item: coke --> energy-source-burner: jerry__chemical__biomass_2_1,,,True,item: coke --> energy-source-burner: jerry__chemical__biomass_2_1,False,False,3.6542620810120803e-32,3.654262073703554e-32
2275,1107,__pr_graph_lp_or_to_or_and__: 10373:entity-operate: fbreactor-mk01 --> recipe-category: fbreactor__3__0:noncoproduct-route,,,True,entity-operate: fbreactor-mk01 --> recipe-category: fbreactor__3__0,False,False,-3.6494229889813517e-32,3.6494229816825036e-32
2276,2418,__pr_graph_lp_or_to_or_and__: 9031:item: workers-food --> logic-or: workers-food,,,True,item: workers-food --> logic-or: workers-food,False,False,3.6487944480840395e-32,3.6487944407864482e-32
2277,657,__pr_graph_lp_or_cost_row__: item: py-check-valve,,,True,node-cost:item: py-check-valve,False,False,-3.6452855486257788e-32,3.6452855413352055e-32
2278,4781,recipe: vacuum-pump-mk01-pyvoid,recipe,vacuum-pump-mk01-pyvoid,False,,True,True,-3.6398803399850545e-32,3.6398803327052915e-32
2279,179,__pr_graph_lp_or_cost_row__: entity: long-handed-inserter,,,True,node-cost:entity: long-handed-inserter,False,False,-3.6381253287566145e-32,3.6381253214803619e-32
2280,446,__pr_graph_lp_or_cost_row__: item: creature-chamber-mk01,,,True,node-cost:item: creature-chamber-mk01,False,False,3.6351264858035979e-32,3.6351264785333429e-32
2281,1165,__pr_graph_lp_or_to_or_and__: 10443:entity-operate: biofactory-mk01 --> recipe-category: biofactory__1__0:noncoproduct-route,,,True,entity-operate: biofactory-mk01 --> recipe-category: biofactory__1__0,False,False,-3.6322844624296489e-32,3.6322844551650779e-32
2282,1864,__pr_graph_lp_or_to_or_and__: 3919:item-craft: ralesia-plantation-mk01 --> item: ralesia-plantation-mk01,,,True,item-craft: ralesia-plantation-mk01 --> item: ralesia-plantation-mk01,False,False,3.6313939595850349e-32,3.6313939523222445e-32
2283,1453,__pr_graph_lp_or_to_or_and__: 2095:item: flora-collector-mk01 --> entity-build-item: flora-collector-mk01,,,True,item: flora-collector-mk01 --> entity-build-item: flora-collector-mk01,False,False,3.6209035769567667e-32,3.6209035697149575e-32
2284,533,__pr_graph_lp_or_cost_row__: item: guts,,,True,node-cost:item: guts,False,False,3.6188172015577743e-32,3.6188171943201378e-32
2285,965,__pr_graph_lp_or_to_or_and__: 10190:entity-operate: quenching-tower --> recipe-category: quenching-tower__2__1:noncoproduct-route,,,True,entity-operate: quenching-tower --> recipe-category: quenching-tower__2__1,False,False,-3.6142812857816428e-32,3.6142812785530781e-32
2286,2957,entity-build: py-heat-exchanger,entity-build,py-heat-exchanger,False,,False,False,3.6142280930600886e-32,3.61422808583163e-32
2287,910,__pr_graph_lp_or_to_or_and__: 10128:entity-operate: heavy-oil-refinery-mk01 --> recipe-category: oil-processing__1__1:noncoproduct-route,,,True,entity-operate: heavy-oil-refinery-mk01 --> recipe-category: oil-processing__1__1,False,False,-3.6109084914462616e-32,3.6109084842244423e-32
2288,1204,__pr_graph_lp_or_to_or_and__: 10495:entity-operate: slaughterhouse-mk01 --> recipe-category: slaughterhouse__0__0:noncoproduct-route,,,True,entity-operate: slaughterhouse-mk01 --> recipe-category: slaughterhouse__0__0,False,False,-3.6102317935735877e-32,3.6102317863531221e-32
2289,2001,__pr_graph_lp_or_to_or_and__: 4311:item-craft: micro-mine-mk01 --> item: micro-mine-mk01,,,True,item-craft: micro-mine-mk01 --> item: micro-mine-mk01,False,False,3.6087755644803816e-32,3.6087755572628286e-32
2290,2916,entity-build: hpf,entity-build,hpf,False,,False,False,-3.5973228918443636e-32,3.5973228846497158e-32
2291,947,__pr_graph_lp_or_to_or_and__: 10169:entity-operate: gasifier --> recipe-category: gasifier__1__1:noncoproduct-route,,,True,entity-operate: gasifier --> recipe-category: gasifier__1__1,False,False,-3.5840768743231716e-32,3.5840768671550154e-32
2292,2993,entity-build: scrubber-mk01,entity-build,scrubber-mk01,False,,False,False,3.5751734447650077e-32,3.5751734376146584e-32
2293,1824,__pr_graph_lp_or_to_or_and__: 3772:item-craft: chromite-sand --> item: chromite-sand,,,True,item-craft: chromite-sand --> item: chromite-sand,False,False,3.5744859238301348e-32,3.5744859166811606e-32
2294,839,__pr_graph_lp_or_to_or_and__: 10020:entity-operate: car --> fuel-category-burn: biomass:noncoproduct-route,,,True,entity-operate: car --> fuel-category-burn: biomass,False,False,3.5732080397384443e-32,3.5732080325920263e-32
2295,2238,__pr_graph_lp_or_to_or_and__: 8673:item: kerogen --> energy-source-burner: chemical__biomass__jerry__nuke_2_1,,,True,item: kerogen --> energy-source-burner: chemical__biomass__jerry__nuke_2_1,False,False,-3.5725192898523001e-32,3.5725192827072594e-32
2296,4553,recipe: quenching-tower-pyvoid,recipe,quenching-tower-pyvoid,False,,True,True,-3.5703990604428077e-32,3.5703990533020074e-32
2297,1852,__pr_graph_lp_or_to_or_and__: 3883:item-craft: quenching-tower --> item: quenching-tower,,,True,item-craft: quenching-tower --> item: quenching-tower,False,False,-3.5699505603993656e-32,3.5699505532594625e-32
2298,193,__pr_graph_lp_or_cost_row__: entity: oil-boiler-mk01,,,True,node-cost:entity: oil-boiler-mk01,False,False,3.565726821925014e-32,3.5657268147935581e-32
2299,468,__pr_graph_lp_or_cost_row__: item: electrolyzer-mk01,,,True,node-cost:item: electrolyzer-mk01,False,False,-3.5613340473798978e-32,3.5613340402572274e-32
2300,1114,__pr_graph_lp_or_to_or_and__: 10380:entity-operate: fbreactor-mk01 --> recipe-category: fbreactor__1__1:noncoproduct-route,,,True,entity-operate: fbreactor-mk01 --> recipe-category: fbreactor__1__1,False,False,-3.5603693137440093e-32,3.5603693066232685e-32
2301,4765,recipe: tree-mk01-pyvoid,recipe,tree-mk01-pyvoid,False,,True,True,-3.5568892287306594e-32,3.5568892216168785e-32
2302,115,__pr_graph_lp_or_cost_row__: entity: chemical-plant-mk01,,,True,node-cost:entity: chemical-plant-mk01,False,False,-3.5485554080339696e-32,3.5485554009368565e-32
2303,411,__pr_graph_lp_or_cost_row__: item: chitin,,,True,node-cost:item: chitin,False,False,-3.5471150172016359e-32,3.5471150101074037e-32
2304,1108,__pr_graph_lp_or_to_or_and__: 10374:entity-operate: fbreactor-mk01 --> recipe-category: fbreactor__2__0:noncoproduct-route,,,True,entity-operate: fbreactor-mk01 --> recipe-category: fbreactor__2__0,False,False,-3.5349448262204584e-32,3.5349448191505666e-32
2305,1470,__pr_graph_lp_or_to_or_and__: 2292:item: py-ze --> entity-build-item: py-ze,,,True,item: py-ze --> entity-build-item: py-ze,False,False,3.5322699002504011e-32,3.5322698931858589e-32
2306,2499,__pr_graph_lp_or_to_or_and__: 9479:entity-build: rc-mk01 --> entity: rc-mk01:noncoproduct-route,,,True,entity-build: rc-mk01 --> entity: rc-mk01,False,False,3.530166118808211e-32,3.5301661117478766e-32
2307,829,__pr_graph_lp_or_to_or_and__: 10008:entity-operate: atomizer-mk01 --> fuel-category-burn: biomass:noncoproduct-route,,,True,entity-operate: atomizer-mk01 --> fuel-category-burn: biomass,False,False,3.5299998896812588e-32,3.5299998826212571e-32
2308,2628,__pr_graph_lp_or_to_or_and__: 9717:entity-operate: boiler --> fuel-category-burn: biomass:noncoproduct-route,,,True,entity-operate: boiler --> fuel-category-burn: biomass,False,False,3.5281968741083764e-32,3.5281968670519803e-32
2309,1986,__pr_graph_lp_or_to_or_and__: 4265:item-craft: kerogen --> item: kerogen,,,True,item-craft: kerogen --> item: kerogen,False,False,-3.5278276785384513e-32,3.5278276714827936e-32
2310,3025,entity-build: wood-fence,entity-build,wood-fence,False,,False,False,3.5253943303752903e-32,3.5253943233244994e-32
2311,939,__pr_graph_lp_or_to_or_and__: 10159:entity-operate: distilator --> recipe-category: distilator__3__2:noncoproduct-route,,,True,entity-operate: distilator --> recipe-category: distilator__3__2,False,False,3.5248262137181751e-32,3.5248262066685206e-32
2312,1312,__pr_graph_lp_or_to_or_and__: 1649:item: scrubber-mk01 --> entity-build-item: scrubber-mk01,,,True,item: scrubber-mk01 --> entity-build-item: scrubber-mk01,False,False,-3.5196640362785735e-32,3.5196640292392431e-32
2313,1407,__pr_graph_lp_or_to_or_and__: 1917:item: cargo-wagon --> entity-build-item: cargo-wagon,,,True,item: cargo-wagon --> entity-build-item: cargo-wagon,False,False,3.5189533752229348e-32,3.518953368185026e-32
2314,1267,__pr_graph_lp_or_to_or_and__: 1487:item: accumulator --> entity-build-item: accumulator,,,True,item: accumulator --> entity-build-item: accumulator,False,False,3.5169468285271818e-32,3.5169468214932858e-32
2315,3875,recipe: chipshooter-mk01-pyvoid,recipe,chipshooter-mk01-pyvoid,False,,True,True,-3.5097205925825075e-32,3.5097205855630641e-32
2316,2781,__pr_graph_lp_or_to_or_and__: 9920:fluid-temperature: pitch: 10 --> fluid-temperature-range: pitch: 10: 10:noncoproduct-route,,,True,fluid-temperature: pitch: 10 --> fluid-temperature-range: pitch: 10: 10,False,False,3.5091882057335654e-32,3.5091881987151866e-32
2317,315,__pr_graph_lp_or_cost_row__: entity: tree-09,,,True,node-cost:entity: tree-09,False,False,-3.5081294223745317e-32,3.5081294153582708e-32
2318,2840,__pr_graph_lp_or_to_or_and__: 9993:entity-operate: assembling-machine-2 --> recipe-category: crafting-with-fluid__0__1:noncoproduct-route,,,True,entity-operate: assembling-machine-2 --> recipe-category: crafting-with-fluid__0__1,False,False,3.5027283268814721e-32,3.5027283198760132e-32
2319,1024,__pr_graph_lp_or_to_or_and__: 10269:entity-operate: genlab-mk01 --> recipe-category: genlab__1__0:noncoproduct-route,,,True,entity-operate: genlab-mk01 --> recipe-category: genlab__1__0,False,False,-3.5004655447969692e-32,3.5004655377960361e-32
2320,1866,__pr_graph_lp_or_to_or_and__: 3925:item-craft: ball-mill-mk01 --> item: ball-mill-mk01,,,True,item-craft: ball-mill-mk01 --> item: ball-mill-mk01,False,False,-3.4869257185524626e-32,3.486925711578609e-32
2321,4539,recipe: py-tank-7000-pyvoid,recipe,py-tank-7000-pyvoid,False,,True,True,-3.4836658581956448e-32,3.4836658512283111e-32
2322,1113,__pr_graph_lp_or_to_or_and__: 10379:entity-operate: fbreactor-mk01 --> recipe-category: fbreactor__3__1:noncoproduct-route,,,True,entity-operate: fbreactor-mk01 --> recipe-category: fbreactor__3__1,False,False,-3.4834253571816349e-32,3.4834253502147819e-32
2323,168,__pr_graph_lp_or_cost_row__: entity: hydroclassifier-mk01,,,True,node-cost:entity: hydroclassifier-mk01,False,False,3.4816085494062548e-32,3.4816085424430358e-32
2324,4744,recipe: ti-rejects-recrush,recipe,ti-rejects-recrush,False,,True,True,3.4743777822795034e-32,3.4743777753307457e-32
2325,4493,recipe: py-construction-robot-mk01-pyvoid,recipe,py-construction-robot-mk01-pyvoid,False,,True,True,-3.4738341898739074e-32,3.4738341829262368e-32
2326,3126,entity-mine: offshore-pump,entity-mine,offshore-pump,False,,True,False,-3.4665545596860962e-32,3.4665545527529848e-32
2327,2752,__pr_graph_lp_or_to_or_and__: 9882:fluid-temperature: acetone: 15 --> fluid: acetone:noncoproduct-route,,,True,fluid-temperature: acetone: 15 --> fluid: acetone,False,False,3.4610319401249667e-32,3.461031933202901e-32
2328,2130,__pr_graph_lp_or_to_or_and__: 4816:item-craft: ralesia --> item: ralesia,,,True,item-craft: ralesia --> item: ralesia,False,False,-3.459826078503984e-32,3.4598260715843294e-32
2329,1658,__pr_graph_lp_or_to_or_and__: 2870:fluid-create-temperature: carbolic-oil: 10 --> fluid-create: carbolic-oil,,,True,fluid-create-temperature: carbolic-oil: 10 --> fluid-create: carbolic-oil,False,False,3.4501172018511696e-32,3.4501171949509329e-32
2330,3719,recipe: automated-screener-mk01-pyvoid,recipe,automated-screener-mk01-pyvoid,False,,True,True,-3.4491690652736279e-32,3.4491690583752879e-32
2331,1251,__pr_graph_lp_or_to_or_and__: 10578:logic-and: smart-farm-rennea-flowers-recipe-rennea-super-5 --> logic-or: smart-farm-rennea-flowers-recipe:noncoproduct-route,,,True,logic-and: smart-farm-rennea-flowers-recipe-rennea-super-5 --> logic-or: smart-farm-rennea-flowers-recipe,False,False,-3.4483549879529533e-32,3.4483549810562412e-32
2332,2806,__pr_graph_lp_or_to_or_and__: 9954:fluid-temperature: geothermal-water: 10 --> fluid: geothermal-water:noncoproduct-route,,,True,fluid-temperature: geothermal-water: 10 --> fluid: geothermal-water,False,False,3.4480145671610008e-32,3.4480145602649697e-32
2333,375,__pr_graph_lp_or_cost_row__: item: black-liquor-barrel,,,True,node-cost:item: black-liquor-barrel,False,False,-3.4439590092755006e-32,3.4439590023875806e-32
2334,2060,__pr_graph_lp_or_to_or_and__: 4535:item-craft: latex-slab --> item: latex-slab,,,True,item-craft: latex-slab --> item: latex-slab,False,False,-3.4394920760926335e-32,3.4394920692136473e-32
2335,1072,__pr_graph_lp_or_to_or_and__: 10328:entity-operate: casting-unit-mk01 --> recipe-category: casting__2__0:noncoproduct-route,,,True,entity-operate: casting-unit-mk01 --> recipe-category: casting__2__0,False,False,-3.432953611795749e-32,3.4329536049298397e-32
2336,845,__pr_graph_lp_or_to_or_and__: 10028:entity-operate: py-burner --> fuel-category-burn: biomass:noncoproduct-route,,,True,entity-operate: py-burner --> fuel-category-burn: biomass,False,False,3.4274790764149322e-32,3.4274790695599723e-32
2337,284,__pr_graph_lp_or_cost_row__: entity: spore-collector-mk01,,,True,node-cost:entity: spore-collector-mk01,False,False,-3.4260975100082639e-32,3.4260975031560666e-32
2338,928,__pr_graph_lp_or_to_or_and__: 10148:entity-operate: distilator --> recipe-category: distilator__0__1:noncoproduct-route,,,True,entity-operate: distilator --> recipe-category: distilator__0__1,False,False,3.4191074930762682e-32,3.419107486238051e-32
2339,1637,__pr_graph_lp_or_to_or_and__: 2822:fluid-create-temperature: acetone: 15 --> fluid-create: acetone,,,True,fluid-create-temperature: acetone: 15 --> fluid-create: acetone,False,False,-3.4164133765080101e-32,3.4164133696751813e-32
2340,3057,entity-mine: centrifuge-mk01,entity-mine,centrifuge-mk01,False,,True,False,-3.4153731103479679e-32,3.4153731035172197e-32
2341,2090,__pr_graph_lp_or_to_or_and__: 4605:item-craft: intermetallics --> item: intermetallics,,,True,item-craft: intermetallics --> item: intermetallics,False,False,-3.4147824764096207e-32,3.4147824695800538e-32
2342,3020,entity-build: upgrader-mk01,entity-build,upgrader-mk01,False,,False,False,3.4125201024205424e-32,3.4125200955955001e-32
2343,1300,__pr_graph_lp_or_to_or_and__: 1599:item: wpu-mk01 --> entity-build-item: wpu-mk01,,,True,item: wpu-mk01 --> entity-build-item: wpu-mk01,False,False,-3.4095976012136787e-32,3.4095975943944814e-32
2344,2280,__pr_graph_lp_or_to_or_and__: 8715:item: light-oil-canister --> energy-source-burner: jerry__chemical__biomass_2_1,,,True,item: light-oil-canister --> energy-source-burner: jerry__chemical__biomass_2_1,False,False,3.4083922849915452e-32,3.4083922781747586e-32
2345,302,__pr_graph_lp_or_cost_row__: entity: transport-belt,,,True,node-cost:entity: transport-belt,False,False,3.3981295980258e-32,3.3981295912295385e-32
2346,1999,__pr_graph_lp_or_to_or_and__: 4305:item-craft: spore-collector-mk01 --> item: spore-collector-mk01,,,True,item-craft: spore-collector-mk01 --> item: spore-collector-mk01,False,False,3.3980575285979178e-32,3.3980575218018009e-32
2347,1576,__pr_graph_lp_or_to_or_and__: 2687:fluid-craft-temperature: phytoplankton: 10 --> fluid-create-temperature: phytoplankton: 10,,,True,fluid-craft-temperature: phytoplankton: 10 --> fluid-create-temperature: phytoplankton: 10,False,False,-3.3969881813517615e-32,3.3969881745577832e-32
2348,716,__pr_graph_lp_or_cost_row__: item: salt-mine,,,True,node-cost:item: salt-mine,False,False,3.3844117797531802e-32,3.3844117729843546e-32
2349,245,__pr_graph_lp_or_cost_row__: entity: py-tank-8000,,,True,node-cost:entity: py-tank-8000,False,False,3.3801278449731517e-32,3.3801278382128938e-32
2350,1053,__pr_graph_lp_or_to_or_and__: 10305:entity-operate: flotation-cell-mk01 --> recipe-category: flotation__3__1:noncoproduct-route,,,True,entity-operate: flotation-cell-mk01 --> recipe-category: flotation__3__1,False,False,3.3699470620761413e-32,3.3699470553362449e-32
2351,92,__pr_graph_lp_or_cost_row__: entity: ball-mill-mk01,,,True,node-cost:entity: ball-mill-mk01,False,False,-3.3592221810273048e-32,3.3592221743088582e-32
2352,4217,recipe: grade-2-tin-pyvoid,recipe,grade-2-tin-pyvoid,False,,True,True,-3.3530844692106477e-32,3.3530844625044767e-32
2353,1103,__pr_graph_lp_or_to_or_and__: 10367:entity-operate: chipshooter-mk01 --> recipe-category: chip__0__0:noncoproduct-route,,,True,entity-operate: chipshooter-mk01 --> recipe-category: chip__0__0,False,False,-3.3505483455927538e-32,3.3505483388916553e-32
2354,1797,__pr_graph_lp_or_to_or_and__: 3198:item-craft: storage-chest --> item: storage-chest,,,True,item-craft: storage-chest --> item: storage-chest,False,False,3.3497345216841173e-32,3.3497345149846462e-32
2355,4737,recipe: tar-processing-unit-pyvoid,recipe,tar-processing-unit-pyvoid,False,,True,True,-3.3482157726276047e-32,3.348215765931171e-32
2356,1779,__pr_graph_lp_or_to_or_and__: 3148:item-craft: engine-unit --> item: engine-unit,,,True,item-craft: engine-unit --> item: engine-unit,False,False,3.346461450973761e-32,3.346461444280836e-32
2357,2465,__pr_graph_lp_or_to_or_and__: 9411:entity-build: casting-unit-mk01 --> entity: casting-unit-mk01:noncoproduct-route,,,True,entity-build: casting-unit-mk01 --> entity: casting-unit-mk01,False,False,-3.3463015380576802e-32,3.3463015313650749e-32
2358,443,__pr_graph_lp_or_cost_row__: item: cottongut-pup-mk01,,,True,node-cost:item: cottongut-pup-mk01,False,False,3.3448769740331982e-32,3.344876967343442e-32
2359,4200,recipe: grade-1-copper-pyvoid,recipe,grade-1-copper-pyvoid,False,,True,True,-3.3433644803028137e-32,3.3433644736160829e-32
2360,684,__pr_graph_lp_or_cost_row__: item: py-tank-9000,,,True,node-cost:item: py-tank-9000,False,False,3.3432030747711982e-32,3.3432030680847898e-32
2361,718,__pr_graph_lp_or_cost_row__: item: sand-casting,,,True,node-cost:item: sand-casting,False,False,-3.3388312833818456e-32,3.3388312767041811e-32
2362,3737,recipe: bio-reactor-mk01-pyvoid,recipe,bio-reactor-mk01-pyvoid,False,,True,True,-3.3356752984548175e-32,3.3356752917834648e-32
2363,36,__pr_graph_lp_explicit_zero_free_source__: 2313:room-autoplace: planet: nauvis --> entity: titanium-rock,,,True,explicit-zero:room-autoplace: planet: nauvis --> entity: titanium-rock,False,False,3.3331452309783011e-32,3.3331452243120084e-32
2364,2373,__pr_graph_lp_or_to_or_and__: 8808:item: carbolic-oil-canister --> energy-source-burner: jerry__nuke_2_1,,,True,item: carbolic-oil-canister --> energy-source-burner: jerry__nuke_2_1,False,False,-3.327027577549369e-32,3.327027570895312e-32
2365,2700,__pr_graph_lp_or_to_or_and__: 9814:fluid-temperature: gasoline: 10 --> fluid: gasoline:noncoproduct-route,,,True,fluid-temperature: gasoline: 10 --> fluid: gasoline,False,False,3.3035418621198572e-32,3.3035418555127716e-32
2366,2845,__pr_graph_lp_or_to_or_and__: 9999:entity-operate: bof-mk01 --> recipe-category: bof__2__1:noncoproduct-route,,,True,entity-operate: bof-mk01 --> recipe-category: bof__2__1,False,False,-3.297849655211605e-32,3.2978496486159039e-32
2367,2101,__pr_graph_lp_or_to_or_and__: 4627:item-craft: gearbox-mk01 --> item: gearbox-mk01,,,True,item-craft: gearbox-mk01 --> item: gearbox-mk01,False,False,3.2926159451668329e-32,3.2926159385815989e-32
2368,488,__pr_graph_lp_or_cost_row__: item: fish,,,True,node-cost:item: fish,False,False,3.2826125264719913e-32,3.282612519906764e-32
2369,4067,recipe: empty-planter-box-pyvoid,recipe,empty-planter-box-pyvoid,False,,True,True,-3.279596526069993e-32,3.2795965195107979e-32
2370,2353,__pr_graph_lp_or_to_or_and__: 8788:item: log --> energy-source-burner: chemical__biomass__nuke_2_1,,,True,item: log --> energy-source-burner: chemical__biomass__nuke_2_1,False,False,-3.2792218892841239e-32,3.2792218827256782e-32
2371,1788,__pr_graph_lp_or_to_or_and__: 3175:item-craft: concrete --> item: concrete,,,True,item-craft: concrete --> item: concrete,False,False,3.2788109300125391e-32,3.2788109234549155e-32
2372,4786,recipe: vane-mk01-pyvoid,recipe,vane-mk01-pyvoid,False,,True,True,-3.2768182122978913e-32,3.2768182057442527e-32
2373,4332,recipe: meat-to-tin,recipe,meat-to-tin,False,,True,True,-3.2761717659513313e-32,3.2761717593989856e-32
2374,1494,__pr_graph_lp_or_to_or_and__: 2465:item: underground-belt --> entity-build-item: underground-belt,,,True,item: underground-belt --> entity-build-item: underground-belt,False,False,-3.2741116527881908e-32,3.2741116462399658e-32
2375,2850,entity-build: accumulator,entity-build,accumulator,False,,False,False,-3.2732934078714013e-32,3.2732934013248124e-32
2376,1332,__pr_graph_lp_or_to_or_and__: 1728:item: rhe --> entity-build-item: rhe,,,True,item: rhe --> entity-build-item: rhe,False,False,3.2732030772013634e-32,3.2732030706549551e-32
2377,4479,recipe: pulp-mill-mk01-pyvoid,recipe,pulp-mill-mk01-pyvoid,False,,True,True,-3.2727066445840089e-32,3.2727066380385936e-32
2378,2120,__pr_graph_lp_or_to_or_and__: 4787:item-craft: py-iron-oxide --> item: py-iron-oxide,,,True,item-craft: py-iron-oxide --> item: py-iron-oxide,False,False,-3.2712310635127879e-32,3.2712310569703235e-32
2379,2368,__pr_graph_lp_or_to_or_and__: 8803:item: methane-canister --> energy-source-burner: jerry__nuke_2_1,,,True,item: methane-canister --> energy-source-burner: jerry__nuke_2_1,False,False,-3.2641673188580476e-32,3.2641673123297111e-32
2380,2102,__pr_graph_lp_or_to_or_and__: 4629:item-craft: electronics-mk01 --> item: electronics-mk01,,,True,item-craft: electronics-mk01 --> item: electronics-mk01,False,False,-3.2575859259695371e-32,3.257585919454363e-32
2381,318,__pr_graph_lp_or_cost_row__: entity: underground-belt,,,True,node-cost:entity: underground-belt,False,False,3.2558453735747325e-32,3.2558453670630397e-32
2382,1306,__pr_graph_lp_or_to_or_and__: 1624:item: automated-screener-mk01 --> entity-build-item: automated-screener-mk01,,,True,item: automated-screener-mk01 --> entity-build-item: automated-screener-mk01,False,False,3.2549261997514866e-32,3.2549261932416319e-32
2383,2099,__pr_graph_lp_or_to_or_and__: 4623:item-craft: rotor-mk01 --> item: rotor-mk01,,,True,item-craft: rotor-mk01 --> item: rotor-mk01,False,False,3.2537741203026497e-32,3.2537741137950995e-32
2384,3848,recipe: capacitor1,recipe,capacitor1,False,,True,True,3.2503474955616686e-32,3.2503474890609717e-32
2385,2261,__pr_graph_lp_or_to_or_and__: 8696:item: naphthalene-oil-canister --> energy-source-burner: chemical__biomass__jerry__nuke_2_1,,,True,item: naphthalene-oil-canister --> energy-source-burner: chemical__biomass__jerry__nuke_2_1,False,False,-3.2437108765138202e-32,3.2437108700263967e-32
2386,3509,fluid-temperature: acetone: 15,fluid-temperature,acetone: 15,False,,False,False,-3.2422846359087179e-32,3.2422846294241468e-32
2387,2553,__pr_graph_lp_or_to_or_and__: 9587:entity-build: geothermal-plant-mk01 --> entity: geothermal-plant-mk01:noncoproduct-route,,,True,entity-build: geothermal-plant-mk01 --> entity: geothermal-plant-mk01,False,False,-3.2326510673588184e-32,3.2326510608935141e-32
2388,1990,__pr_graph_lp_or_to_or_and__: 4278:item-craft: py-tank-10000 --> item: py-tank-10000,,,True,item-craft: py-tank-10000 --> item: py-tank-10000,False,False,-3.2316569953884569e-32,3.2316569889251407e-32
2389,2842,__pr_graph_lp_or_to_or_and__: 9996:entity-operate: bof-mk01 --> fuel-category-burn: biomass:noncoproduct-route,,,True,entity-operate: bof-mk01 --> fuel-category-burn: biomass,False,False,3.2235459419913219e-32,3.223545935544228e-32
2390,258,__pr_graph_lp_or_cost_row__: entity: raw-coal,,,True,node-cost:entity: raw-coal,False,False,-3.2198008881052277e-32,3.2198008816656241e-32
2391,288,__pr_graph_lp_or_cost_row__: entity: steel-furnace,,,True,node-cost:entity: steel-furnace,False,False,3.2188853228606609e-32,3.2188853164228883e-32
2392,4412,recipe: ore-quartz-pyvoid,recipe,ore-quartz-pyvoid,False,,True,True,-3.2158845674510828e-32,3.2158845610193117e-32
2393,2515,__pr_graph_lp_or_to_or_and__: 9511:entity-build: iron-chest --> entity: iron-chest:noncoproduct-route,,,True,entity-build: iron-chest --> entity: iron-chest,False,False,3.2087134347153256e-32,3.208713428297897e-32
2394,2550,__pr_graph_lp_or_to_or_and__: 9581:entity-build: flora-collector-mk01 --> entity: flora-collector-mk01:noncoproduct-route,,,True,entity-build: flora-collector-mk01 --> entity: flora-collector-mk01,False,False,3.2058209159576793e-32,3.2058209095460354e-32
2395,87,__pr_graph_lp_or_cost_row__: entity: assembling-machine-2,,,True,node-cost:entity: assembling-machine-2,False,False,3.2015569695788794e-32,3.2015569631757638e-32
2396,658,__pr_graph_lp_or_cost_row__: item: py-coal-powerplant-mk01,,,True,node-cost:item: py-coal-powerplant-mk01,False,False,-3.2002090463169975e-32,3.2002090399165777e-32
2397,2965,entity-build: py-storehouse-basic,entity-build,py-storehouse-basic,False,,False,False,-3.198177826947179e-32,3.1981778205508213e-32
2398,1022,__pr_graph_lp_or_to_or_and__: 10266:entity-operate: secondary-crusher-mk01 --> recipe-category: secondary-crusher__0__0:noncoproduct-route,,,True,entity-operate: secondary-crusher-mk01 --> recipe-category: secondary-crusher__0__0,False,False,-3.1946851769191803e-32,3.1946851705298077e-32
2399,2699,__pr_graph_lp_or_to_or_and__: 9812:fluid-temperature: pressured-steam: 1000 --> fluid-temperature-range: pressured-steam: 1000: 1000:noncoproduct-route,,,True,fluid-temperature: pressured-steam: 1000 --> fluid-temperature-range: pressured-steam: 1000: 1000,False,False,3.1926981316102146e-32,3.1926981252248166e-32
2400,2293,__pr_graph_lp_or_to_or_and__: 8728:item: carbolic-oil-canister --> energy-source-burner: jerry__chemical__biomass_2_1,,,True,item: carbolic-oil-canister --> energy-source-burner: jerry__chemical__biomass_2_1,False,False,3.1861481847378391e-32,3.1861481783655411e-32
2401,4511,recipe: py-overflow-valve-pyvoid,recipe,py-overflow-valve-pyvoid,False,,True,True,-3.1824644512625002e-32,3.1824644448975694e-32
2402,2461,__pr_graph_lp_or_to_or_and__: 9403:entity-build: flotation-cell-mk01 --> entity: flotation-cell-mk01:noncoproduct-route,,,True,entity-build: flotation-cell-mk01 --> entity: flotation-cell-mk01,False,False,3.1630845287700098e-32,3.1630845224438386e-32
2403,997,__pr_graph_lp_or_to_or_and__: 10234:entity-operate: botanical-nursery --> recipe-category: nursery__1__1:noncoproduct-route,,,True,entity-operate: botanical-nursery --> recipe-category: nursery__1__1,False,False,-3.1625873924437964e-32,3.1625873861186197e-32
2404,945,__pr_graph_lp_or_to_or_and__: 10166:entity-operate: rectisol --> recipe-category: rectisol__2__0:noncoproduct-route,,,True,entity-operate: rectisol --> recipe-category: rectisol__2__0,False,False,-3.1570236302734386e-32,3.1570236239593892e-32
2405,3678,recipe: animal-sample-01-pyvoid,recipe,animal-sample-01-pyvoid,False,,True,True,-3.1561123073731118e-32,3.1561123010608851e-32
2406,2592,__pr_graph_lp_or_to_or_and__: 9665:entity-build: caravan --> entity: caravan:noncoproduct-route,,,True,entity-build: caravan --> entity: caravan,False,False,3.1519941024520899e-32,3.1519940961480997e-32
2407,2690,__pr_graph_lp_or_to_or_and__: 9801:fluid-temperature: waste-water: 10 --> fluid: waste-water:noncoproduct-route,,,True,fluid-temperature: waste-water: 10 --> fluid: waste-water,False,False,-3.149336146514804e-32,3.14933614021613e-32
2408,2534,__pr_graph_lp_or_to_or_and__: 9549:entity-build: gate --> entity: gate:noncoproduct-route,,,True,entity-build: gate --> entity: gate,False,False,-3.1439341510719672e-32,3.1439341447840969e-32
2409,1970,__pr_graph_lp_or_to_or_and__: 4218:item-craft: meat --> item: meat,,,True,item-craft: meat --> item: meat,False,False,-3.143515150586292e-32,3.1435151442992597e-32
2410,3111,entity-mine: inserter,entity-mine,inserter,False,,True,False,-3.1427172785801195e-32,3.1427172722946828e-32
2411,2356,__pr_graph_lp_or_to_or_and__: 8791:item: carbon-black --> energy-source-burner: chemical__biomass__nuke_2_1,,,True,item: carbon-black --> energy-source-burner: chemical__biomass__nuke_2_1,False,False,-3.1426042411984981e-32,3.1426042349132875e-32
2412,1,__pr_graph_lp_explicit_zero_free_source__: 11769:entity-operate: locomotive --> fuel-category-burn: biomass,,,True,explicit-zero:entity-operate: locomotive --> fuel-category-burn: biomass,False,False,3.1366416769947953e-32,3.1366416707215099e-32
2413,2818,__pr_graph_lp_or_to_or_and__: 9969:fluid-temperature: hot-molten-salt: 1000 --> fluid: hot-molten-salt:noncoproduct-route,,,True,fluid-temperature: hot-molten-salt: 1000 --> fluid: hot-molten-salt,False,False,3.1318315344780198e-32,3.1318315282143547e-32
2414,3726,recipe: barrel-machine-mk01-pyvoid,recipe,barrel-machine-mk01-pyvoid,False,,True,True,-3.1297747587228193e-32,3.1297747524632678e-32
2415,3663,recipe: advanced-foundry-mk01-pyvoid,recipe,advanced-foundry-mk01-pyvoid,False,,True,True,-3.1269200914319744e-32,3.126920085178132e-32
2416,4298,recipe: landfill-pyvoid,recipe,landfill-pyvoid,False,,True,True,-3.1213891213849209e-32,3.1213891151421406e-32
2417,1929,__pr_graph_lp_or_to_or_and__: 4114:item-craft: grade-1-nickel --> item: grade-1-nickel,,,True,item-craft: grade-1-nickel --> item: grade-1-nickel,False,False,3.1189613975590938e-32,3.1189613913211693e-32
2418,1423,__pr_graph_lp_or_to_or_and__: 1989:item: stone-furnace --> entity-build-item: stone-furnace,,,True,item: stone-furnace --> entity-build-item: stone-furnace,False,False,-3.1169807699265434e-32,3.1169807636925798e-32
2419,1966,__pr_graph_lp_or_to_or_and__: 4206:item-craft: fiberboard --> item: fiberboard,,,True,item-craft: fiberboard --> item: fiberboard,False,False,3.109344663495421e-32,3.1093446572767299e-32
2420,2054,__pr_graph_lp_or_to_or_and__: 4508:item-craft: auog-codex --> item: auog-codex,,,True,item-craft: auog-codex --> item: auog-codex,False,False,-3.0913930754873281e-32,3.0913930693045398e-32
2421,2000,__pr_graph_lp_or_to_or_and__: 4308:item-craft: fwf-mk01 --> item: fwf-mk01,,,True,item-craft: fwf-mk01 --> item: fwf-mk01,False,False,3.0862455164207603e-32,3.0862455102482672e-32
2422,2249,__pr_graph_lp_or_to_or_and__: 8684:item: syngas-canister --> energy-source-burner: chemical__biomass__jerry__nuke_2_1,,,True,item: syngas-canister --> energy-source-burner: chemical__biomass__jerry__nuke_2_1,False,False,-3.0797996972857426e-32,3.0797996911261414e-32
2423,4404,recipe: oil-boiler-mk01-pyvoid,recipe,oil-boiler-mk01-pyvoid,False,,True,True,-3.0789665873063389e-32,3.078966581148404e-32
2424,1064,__pr_graph_lp_or_to_or_and__: 10318:entity-operate: electrolyzer-mk01 --> recipe-category: electrolyzer__0__0:noncoproduct-route,,,True,entity-operate: electrolyzer-mk01 --> recipe-category: electrolyzer__0__0,False,False,3.0782949025206447e-32,3.078294896364053e-32
2425,237,__pr_graph_lp_or_cost_row__: entity: py-tank-1000,,,True,node-cost:entity: py-tank-1000,False,False,-3.0642641462226974e-32,3.0642641400941673e-32
2426,4696,recipe: steel-furnace-pyvoid,recipe,steel-furnace-pyvoid,False,,True,True,-3.0617451995318158e-32,3.0617451934083238e-32
2427,2656,__pr_graph_lp_or_to_or_and__: 9755:fluid-temperature: muddy-sludge: 10 --> fluid-temperature-range: muddy-sludge: 10: 10:noncoproduct-route,,,True,fluid-temperature: muddy-sludge: 10 --> fluid-temperature-range: muddy-sludge: 10: 10,False,False,-3.0563585641285653e-32,3.0563585580158463e-32
2428,206,__pr_graph_lp_or_cost_row__: entity: outpost,,,True,node-cost:entity: outpost,False,False,3.0521166207846387e-32,3.0521166146804036e-32
2429,4110,recipe: fbreactor-mk01-pyvoid,recipe,fbreactor-mk01-pyvoid,False,,True,True,-3.0508380012417051e-32,3.0508379951400273e-32
2430,3073,entity-mine: decider-combinator,entity-mine,decider-combinator,False,,True,False,-3.0478356763731383e-32,3.0478356702774654e-32
2431,728,__pr_graph_lp_or_cost_row__: item: scrubber-mk01,,,True,node-cost:item: scrubber-mk01,False,False,3.0411936820580682e-32,3.0411936759756791e-32
2432,406,__pr_graph_lp_or_cost_row__: item: cellulose,,,True,node-cost:item: cellulose,False,False,-3.0410673925015907e-32,3.041067386419454e-32
2433,2692,__pr_graph_lp_or_to_or_and__: 9803:fluid-temperature: waste-water: 10 --> fluid-temperature-range: waste-water: 10: 10:noncoproduct-route,,,True,fluid-temperature: waste-water: 10 --> fluid-temperature-range: waste-water: 10: 10,False,False,-3.0394824598192343e-32,3.0394824537402674e-32
2434,2906,entity-build: gas-refinery-mk01,entity-build,gas-refinery-mk01,False,,False,False,3.0379717802482729e-32,3.0379717741723276e-32
2435,449,__pr_graph_lp_or_cost_row__: item: crushed-quartz,,,True,node-cost:item: crushed-quartz,False,False,3.0345033509983806e-32,3.0345033449293722e-32
2436,4398,recipe: nexelit-plate-pyvoid,recipe,nexelit-plate-pyvoid,False,,True,True,-3.0235321399748352e-32,3.0235321339277692e-32
2437,588,__pr_graph_lp_or_cost_row__: item: mixer-mk01,,,True,node-cost:item: mixer-mk01,False,False,-3.0234888422459637e-32,3.0234888361989842e-32
2438,917,__pr_graph_lp_or_to_or_and__: 10136:entity-operate: centrifuge-mk01 --> recipe-category: centrifuging__1__0:noncoproduct-route,,,True,entity-operate: centrifuge-mk01 --> recipe-category: centrifuging__1__0,False,False,-3.0232336996277255e-32,3.0232336935812562e-32
2439,1501,__pr_graph_lp_or_to_or_and__: 2497:item: poorman-wood-fence --> entity-build-item: poorman-wood-fence,,,True,item: poorman-wood-fence --> entity-build-item: poorman-wood-fence,False,False,-3.0227484845852886e-32,3.0227484785397898e-32
2440,1490,__pr_graph_lp_or_to_or_and__: 2381:item: outpost-fluid --> entity-build-item: outpost-fluid,,,True,item: outpost-fluid --> entity-build-item: outpost-fluid,False,False,-3.0213673425702706e-32,3.0213673365275339e-32
2441,960,__pr_graph_lp_or_to_or_and__: 10184:entity-operate: hpf --> recipe-category: hpf__1__0:noncoproduct-route,,,True,entity-operate: hpf --> recipe-category: hpf__1__0,False,False,-3.0191701358608729e-32,3.0191701298225306e-32
2442,1964,__pr_graph_lp_or_to_or_and__: 4202:item-craft: vacuum-tube --> item: vacuum-tube,,,True,item-craft: vacuum-tube --> item: vacuum-tube,False,False,3.0172208607141314e-32,3.0172208546796881e-32
2443,2023,__pr_graph_lp_or_to_or_and__: 4430:item-craft: wood-seedling --> item: wood-seedling,,,True,item-craft: wood-seedling --> item: wood-seedling,False,False,-3.0168723248222941e-32,3.0168723187885476e-32
2444,963,__pr_graph_lp_or_to_or_and__: 10188:entity-operate: quenching-tower --> recipe-category: quenching-tower__2__3:noncoproduct-route,,,True,entity-operate: quenching-tower --> recipe-category: quenching-tower__2__3,False,False,-3.0163746626343185e-32,3.0163746566015671e-32
2445,1861,__pr_graph_lp_or_to_or_and__: 3910:item-craft: advanced-foundry-mk01 --> item: advanced-foundry-mk01,,,True,item-craft: advanced-foundry-mk01 --> item: advanced-foundry-mk01,False,False,3.0150285953384203e-32,3.0150285893083615e-32
2446,517,__pr_graph_lp_or_cost_row__: item: grade-1-lead,,,True,node-cost:item: grade-1-lead,False,False,-3.0128942377803235e-32,3.0128942317545332e-32
2447,2234,__pr_graph_lp_or_to_or_and__: 8669:item: coal-dust --> energy-source-burner: chemical__biomass__jerry__nuke_2_1,,,True,item: coal-dust --> energy-source-burner: chemical__biomass__jerry__nuke_2_1,False,False,-3.0115999289354736e-32,3.0115999229122719e-32
2448,2247,__pr_graph_lp_or_to_or_and__: 8682:item: light-oil-canister --> energy-source-burner: chemical__biomass__jerry__nuke_2_1,,,True,item: light-oil-canister --> energy-source-burner: chemical__biomass__jerry__nuke_2_1,False,False,-3.0114312355990853e-32,3.0114312295762207e-32
2449,2494,__pr_graph_lp_or_to_or_and__: 9469:entity-build: fish-farm-mk01 --> entity: fish-farm-mk01:noncoproduct-route,,,True,entity-build: fish-farm-mk01 --> entity: fish-farm-mk01,False,False,3.0105755935804329e-32,3.01057558755928e-32
2450,2986,entity-build: rectisol,entity-build,rectisol,False,,False,False,-3.0096860628948053e-32,3.0096860568754314e-32
2451,482,__pr_graph_lp_or_cost_row__: item: fawogae-substrate,,,True,node-cost:item: fawogae-substrate,False,False,-3.0058535843473559e-32,3.005853578335647e-32
2452,60,__pr_graph_lp_explicit_zero_free_source__: 2685:room-autoplace: planet: nauvis --> entity: tree-06-brown,,,True,explicit-zero:room-autoplace: planet: nauvis --> entity: tree-06-brown,False,False,3.0012141436516233e-32,3.0012141376491931e-32
2453,2565,__pr_graph_lp_or_to_or_and__: 9611:entity-build: py-roboport-mk01 --> entity: py-roboport-mk01:noncoproduct-route,,,True,entity-build: py-roboport-mk01 --> entity: py-roboport-mk01,False,False,-2.9966095288397898e-32,2.9966095228465688e-32
2454,2488,__pr_graph_lp_or_to_or_and__: 9457:entity-build: creature-chamber-mk01 --> entity: creature-chamber-mk01:noncoproduct-route,,,True,entity-build: creature-chamber-mk01 --> entity: creature-chamber-mk01,False,False,2.9961035533019587e-32,2.9961035473097497e-32
2455,1823,__pr_graph_lp_or_to_or_and__: 3766:item-craft: coal-dust --> item: coal-dust,,,True,item-craft: coal-dust --> item: coal-dust,False,False,2.9935708919091737e-32,2.9935708859220302e-32
2456,664,__pr_graph_lp_or_cost_row__: item: py-iron-oxide,,,True,node-cost:item: py-iron-oxide,False,False,2.9927008062996956e-32,2.9927008003142922e-32
2457,3015,entity-build: tar-processing-unit,entity-build,tar-processing-unit,False,,False,False,-2.991377561147044e-32,2.9913775551642873e-32
2458,2350,__pr_graph_lp_or_to_or_and__: 8785:item: crushed-coal --> energy-source-burner: chemical__biomass__nuke_2_1,,,True,item: crushed-coal --> energy-source-burner: chemical__biomass__nuke_2_1,False,False,-2.9911913236470413e-32,2.9911913176646568e-32
2459,2977,entity-build: py-warehouse-basic,entity-build,py-warehouse-basic,False,,False,False,2.9903586963782013e-32,2.9903586903974819e-32
2460,1969,__pr_graph_lp_or_to_or_and__: 4213:item-craft: bones --> item: bones,,,True,item-craft: bones --> item: bones,False,False,-2.9847231028364425e-32,2.9847230968669942e-32
2461,4157,recipe: fluid-drill-mk02-pyvoid,recipe,fluid-drill-mk02-pyvoid,False,,True,True,-2.9788726284233826e-32,2.9788726224656357e-32
2462,4771,recipe: upgrader-mk01-pyvoid,recipe,upgrader-mk01-pyvoid,False,,True,True,-2.9782433553082939e-32,2.9782433493518055e-32
2463,3954,recipe: crushed-quartz-pyvoid,recipe,crushed-quartz-pyvoid,False,,True,True,-2.9773856757531177e-32,2.9773856697983448e-32
2464,2456,__pr_graph_lp_or_to_or_and__: 9393:entity-build: genlab-mk01 --> entity: genlab-mk01:noncoproduct-route,,,True,entity-build: genlab-mk01 --> entity: genlab-mk01,False,False,-2.9727576093146308e-32,2.9727576033691136e-32
2465,929,__pr_graph_lp_or_to_or_and__: 10149:entity-operate: distilator --> recipe-category: distilator__3__0:noncoproduct-route,,,True,entity-operate: distilator --> recipe-category: distilator__3__0,False,False,2.962186935542107e-32,2.9621869296177313e-32
2466,3819,recipe: borax-mine-pyvoid,recipe,borax-mine-pyvoid,False,,True,True,-2.9613857354165435e-32,2.96138572949377e-32
2467,4328,recipe: long-handed-inserter-pyvoid,recipe,long-handed-inserter-pyvoid,False,,True,True,-2.9573964629894003e-32,2.9573964570746054e-32
2468,1499,__pr_graph_lp_or_to_or_and__: 2489:item: py-underflow-valve --> entity-build-item: py-underflow-valve,,,True,item: py-underflow-valve --> entity-build-item: py-underflow-valve,False,False,-2.9563965742342457e-32,2.956396568321451e-32
2469,2067,__pr_graph_lp_or_to_or_and__: 4550:item-craft: cottongut-food-01 --> item: cottongut-food-01,,,True,item-craft: cottongut-food-01 --> item: cottongut-food-01,False,False,2.953007495055597e-32,2.9530074891495805e-32
2470,1146,__pr_graph_lp_or_to_or_and__: 10419:entity-operate: moss-farm-mk01 --> recipe-category: moss__1__1:noncoproduct-route,,,True,entity-operate: moss-farm-mk01 --> recipe-category: moss__1__1,False,False,-2.945483598052707e-32,2.945483592161738e-32
2471,3241,entity-mine: vacuum-pump-mk01,entity-mine,vacuum-pump-mk01,False,,True,False,-2.9428110922234053e-32,2.9428110863377815e-32
2472,2493,__pr_graph_lp_or_to_or_and__: 9467:entity-build: auog-paddock-mk01 --> entity: auog-paddock-mk01:noncoproduct-route,,,True,entity-build: auog-paddock-mk01 --> entity: auog-paddock-mk01,False,False,-2.9385585695561694e-32,2.9385585636790503e-32
2473,1841,__pr_graph_lp_or_to_or_and__: 3812:item-craft: mukmoux-fat --> item: mukmoux-fat,,,True,item-craft: mukmoux-fat --> item: mukmoux-fat,False,False,-2.9362172531664805e-32,2.9362172472940443e-32
2474,4521,recipe: py-sinkhole-pyvoid,recipe,py-sinkhole-pyvoid,False,,True,True,-2.9351087178864755e-32,2.9351087120162562e-32
2475,4513,recipe: py-recharge-station-mk01-pyvoid,recipe,py-recharge-station-mk01-pyvoid,False,,True,True,-2.9326292201308786e-32,2.9326292142656185e-32
2476,283,__pr_graph_lp_or_cost_row__: entity: splitter,,,True,node-cost:entity: splitter,False,False,-2.9294766761141118e-32,2.9294766702551565e-32
2477,1479,__pr_graph_lp_or_to_or_and__: 2337:item: py-tank-1000 --> entity-build-item: py-tank-1000,,,True,item: py-tank-1000 --> entity-build-item: py-tank-1000,False,False,2.9292042706411026e-32,2.9292042647826925e-32
2478,1973,__pr_graph_lp_or_to_or_and__: 4231:item-craft: clay-pit-mk01 --> item: clay-pit-mk01,,,True,item-craft: clay-pit-mk01 --> item: clay-pit-mk01,False,False,2.9258790610148609e-32,2.9258790551631009e-32
2479,125,__pr_graph_lp_or_cost_row__: entity: copper-ore,,,True,node-cost:entity: copper-ore,False,False,2.9149537024062331e-32,2.9149536965763241e-32
2480,106,__pr_graph_lp_or_cost_row__: entity: botanical-nursery,,,True,node-cost:entity: botanical-nursery,False,False,2.9145189291988667e-32,2.9145189233698269e-32
2481,1826,__pr_graph_lp_or_to_or_and__: 3776:item-craft: sand-casting --> item: sand-casting,,,True,item-craft: sand-casting --> item: sand-casting,False,False,2.9113705256167722e-32,2.9113705197940295e-32
2482,246,__pr_graph_lp_or_cost_row__: entity: py-tank-9000,,,True,node-cost:entity: py-tank-9000,False,False,2.9107930418491548e-32,2.9107930360275671e-32
2483,1881,__pr_graph_lp_or_to_or_and__: 3969:item-craft: poorman-wood-fence --> item: poorman-wood-fence,,,True,item-craft: poorman-wood-fence --> item: poorman-wood-fence,False,False,2.9096796013942737e-32,2.9096795955749127e-32
2484,2785,__pr_graph_lp_or_to_or_and__: 9926:fluid-temperature: zogna-bacteria: 10 --> fluid: zogna-bacteria:noncoproduct-route,,,True,fluid-temperature: zogna-bacteria: 10 --> fluid: zogna-bacteria,False,False,-2.9056974026146295e-32,2.9056973968032329e-32
2485,1939,__pr_graph_lp_or_to_or_and__: 4140:item-craft: powdered-ralesia-seeds --> item: powdered-ralesia-seeds,,,True,item-craft: powdered-ralesia-seeds --> item: powdered-ralesia-seeds,False,False,2.9044232672622389e-32,2.9044232614533904e-32
2486,2740,__pr_graph_lp_or_to_or_and__: 9866:fluid-temperature: ammonia: 15 --> fluid: ammonia:noncoproduct-route,,,True,fluid-temperature: ammonia: 15 --> fluid: ammonia,False,False,2.9026835811602753e-32,2.9026835753549065e-32
2487,1310,__pr_graph_lp_or_to_or_and__: 1640:item: py-heat-exchanger --> entity-build-item: py-heat-exchanger,,,True,item: py-heat-exchanger --> entity-build-item: py-heat-exchanger,False,False,-2.9018447638393223e-32,2.9018447580356312e-32
2488,2245,__pr_graph_lp_or_to_or_and__: 8680:item: cellulose --> energy-source-burner: chemical__biomass__jerry__nuke_2_1,,,True,item: cellulose --> energy-source-burner: chemical__biomass__jerry__nuke_2_1,False,False,-2.9006745428648416e-32,2.9006745370634906e-32
2489,120,__pr_graph_lp_or_cost_row__: entity: coal-rock,,,True,node-cost:entity: coal-rock,False,False,2.8983027225781216e-32,2.8983027167815142e-32
2490,700,__pr_graph_lp_or_cost_row__: item: raw-fiber,,,True,node-cost:item: raw-fiber,False,False,-2.8958891319862831e-32,2.8958891261945031e-32
2491,1152,__pr_graph_lp_or_to_or_and__: 10427:entity-operate: spore-collector-mk01 --> recipe-category: spore__1__0:noncoproduct-route,,,True,entity-operate: spore-collector-mk01 --> recipe-category: spore__1__0,False,False,-2.8951063869714757e-32,2.8951063811812612e-32
2492,273,__pr_graph_lp_or_cost_row__: entity: secondary-crusher-mk01,,,True,node-cost:entity: secondary-crusher-mk01,False,False,-2.8929138432278198e-32,2.8929138374419903e-32
2493,2033,__pr_graph_lp_or_to_or_and__: 4452:item-craft: cocoon-mk02 --> item: cocoon-mk02,,,True,item-craft: cocoon-mk02 --> item: cocoon-mk02,False,False,-2.8894867818027885e-32,2.8894867760238134e-32
2494,2890,entity-build: distilator,entity-build,distilator,False,,False,False,2.8881208348060389e-32,2.8881208290297952e-32
2495,936,__pr_graph_lp_or_to_or_and__: 10156:entity-operate: distilator --> recipe-category: distilator__4__0:noncoproduct-route,,,True,entity-operate: distilator --> recipe-category: distilator__4__0,False,False,2.8833247473532875e-32,2.8833247415866361e-32
2496,404,__pr_graph_lp_or_cost_row__: item: casting-unit-mk01,,,True,node-cost:item: casting-unit-mk01,False,False,2.8824601844412472e-32,2.882460178676325e-32
2497,2490,__pr_graph_lp_or_to_or_and__: 9461:entity-build: slaughterhouse-mk01 --> entity: slaughterhouse-mk01:noncoproduct-route,,,True,entity-build: slaughterhouse-mk01 --> entity: slaughterhouse-mk01,False,False,-2.8775261918012331e-32,2.8775261860461792e-32
2498,2132,__pr_graph_lp_or_to_or_and__: 4821:item-craft: seaweed --> item: seaweed,,,True,item-craft: seaweed --> item: seaweed,False,False,-2.8600441550293871e-32,2.8600441493092972e-32
2499,1796,__pr_graph_lp_or_to_or_and__: 3195:item-craft: splitter --> item: splitter,,,True,item-craft: splitter --> item: splitter,False,False,2.8590761742398865e-32,2.8590761685217327e-32
2500,4730,recipe: tailings-pond-pyvoid,recipe,tailings-pond-pyvoid,False,,True,True,-2.8567095246410035e-32,2.8567095189275829e-32
2501,4663,recipe: smelter-mk01-pyvoid,recipe,smelter-mk01-pyvoid,False,,True,True,-2.8558283095972681e-32,2.8558283038856095e-32
2502,2751,__pr_graph_lp_or_to_or_and__: 9880:fluid-temperature: tall-oil: 10 --> fluid-temperature-range: tall-oil: 10: 10:noncoproduct-route,,,True,fluid-temperature: tall-oil: 10 --> fluid-temperature-range: tall-oil: 10: 10,False,False,-2.8535142595826174e-32,2.8535142538755869e-32
2503,300,__pr_graph_lp_or_cost_row__: entity: titanium-rock,,,True,node-cost:entity: titanium-rock,False,False,-2.8531162604286152e-32,2.8531162547223812e-32
2504,781,__pr_graph_lp_or_cost_row__: item: ti-rejects,,,True,node-cost:item: ti-rejects,False,False,-2.8517572388234633e-32,2.851757233119947e-32
2505,833,__pr_graph_lp_or_to_or_and__: 10012:entity-operate: atomizer-mk01 --> recipe-category: atomizer__1__1:noncoproduct-route,,,True,entity-operate: atomizer-mk01 --> recipe-category: atomizer__1__1,False,False,2.8491913378968286e-32,2.849191332198444e-32
2506,895,__pr_graph_lp_or_to_or_and__: 10110:entity-operate: advanced-foundry-mk01 --> recipe-category: advanced-foundry__1__0:noncoproduct-route,,,True,entity-operate: advanced-foundry-mk01 --> recipe-category: advanced-foundry__1__0,False,False,-2.8474997712314305e-32,2.8474997655364293e-32
2507,1277,__pr_graph_lp_or_to_or_and__: 1529:item: hpf --> entity-build-item: hpf,,,True,item: hpf --> entity-build-item: hpf,False,False,2.8442482436802982e-32,2.8442482379917999e-32
2508,4797,recipe: vrauks-codex-pyvoid,recipe,vrauks-codex-pyvoid,False,,True,True,-2.8411811574163261e-32,2.8411811517339623e-32
2509,4198,recipe: grade-1-chromite-pyvoid,recipe,grade-1-chromite-pyvoid,False,,True,True,-2.8266759291792924e-32,2.8266759235259387e-32
2510,393,__pr_graph_lp_or_cost_row__: item: caged-auog,,,True,node-cost:item: caged-auog,False,False,-2.8253983174670622e-32,2.8253983118162637e-32
2511,2243,__pr_graph_lp_or_to_or_and__: 8678:item: carbon-black --> energy-source-burner: chemical__biomass__jerry__nuke_2_1,,,True,item: carbon-black --> energy-source-burner: chemical__biomass__jerry__nuke_2_1,False,False,-2.8177957067682436e-32,2.8177957011326503e-32
2512,1110,__pr_graph_lp_or_to_or_and__: 10376:entity-operate: fbreactor-mk01 --> recipe-category: fbreactor__3__2:noncoproduct-route,,,True,entity-operate: fbreactor-mk01 --> recipe-category: fbreactor__3__2,False,False,-2.8167058922575785e-32,2.8167058866241649e-32
2513,1789,__pr_graph_lp_or_to_or_and__: 3177:item-craft: refined-concrete --> item: refined-concrete,,,True,item-craft: refined-concrete --> item: refined-concrete,False,False,-2.8156042521115427e-32,2.8156042464803323e-32
2514,2568,__pr_graph_lp_or_to_or_and__: 9617:entity-build: selector-combinator --> entity: selector-combinator:noncoproduct-route,,,True,entity-build: selector-combinator --> entity: selector-combinator,False,False,2.8124700974499815e-32,2.8124700918250397e-32
2515,1619,__pr_graph_lp_or_to_or_and__: 2783:fluid-create-temperature: methane: 15 --> fluid-create: methane,,,True,fluid-create-temperature: methane: 15 --> fluid-create: methane,False,False,-2.8105172992402348e-32,2.8105172936191986e-32
2516,1003,__pr_graph_lp_or_to_or_and__: 10242:entity-operate: glassworks-mk01 --> recipe-category: glassworks__3__0:noncoproduct-route,,,True,entity-operate: glassworks-mk01 --> recipe-category: glassworks__3__0,False,False,2.8103041691342e-32,2.8103041635135902e-32
2517,301,__pr_graph_lp_or_cost_row__: entity: train-stop,,,True,node-cost:entity: train-stop,False,False,2.8100938963490207e-32,2.8100938907288313e-32
2518,4613,recipe: sap-extractor-mk01-pyvoid,recipe,sap-extractor-mk01-pyvoid,False,,True,True,-2.8100297567804866e-32,2.8100297511604253e-32
2519,943,__pr_graph_lp_or_to_or_and__: 10164:entity-operate: rectisol --> recipe-category: rectisol__3__1:noncoproduct-route,,,True,entity-operate: rectisol --> recipe-category: rectisol__3__1,False,False,-2.8060775061988537e-32,2.8060775005866972e-32
2520,3017,entity-build: train-stop,entity-build,train-stop,False,,False,False,2.8055231310637796e-32,2.8055231254527315e-32
2521,293,__pr_graph_lp_or_cost_row__: entity: storage-tank,,,True,node-cost:entity: storage-tank,False,False,2.7969287539999919e-32,2.7969287484061327e-32
2522,429,__pr_graph_lp_or_cost_row__: item: concrete-wall,,,True,node-cost:item: concrete-wall,False,False,-2.7923097605278233e-32,2.7923097549432023e-32
2523,2549,__pr_graph_lp_or_to_or_and__: 9579:entity-build: salt-mine --> entity: salt-mine:noncoproduct-route,,,True,entity-build: salt-mine --> entity: salt-mine,False,False,-2.7908854244498141e-32,2.7908854188680416e-32
2524,2019,__pr_graph_lp_or_to_or_and__: 4365:item-craft: fluid-drill-mk01 --> item: fluid-drill-mk01,,,True,item-craft: fluid-drill-mk01 --> item: fluid-drill-mk01,False,False,2.7893837679193245e-32,2.7893837623405555e-32
2525,713,__pr_graph_lp_or_cost_row__: item: rotor-mk01,,,True,node-cost:item: rotor-mk01,False,False,-2.7884491229294586e-32,2.788449117352559e-32
2526,4265,recipe: impact-crusher-mk01-pyvoid,recipe,impact-crusher-mk01-pyvoid,False,,True,True,-2.771605340004011e-32,2.7716053344607989e-32
2527,1271,__pr_graph_lp_or_to_or_and__: 1504:item: assembling-machine-2 --> entity-build-item: assembling-machine-2,,,True,item: assembling-machine-2 --> entity-build-item: assembling-machine-2,False,False,2.7715668905168727e-32,2.7715668849737372e-32
2528,817,__pr_graph_lp_or_cost_row__: item: workers-food,,,True,node-cost:item: workers-food,False,False,-2.7682244996389713e-32,2.7682244941025204e-32
2529,3873,recipe: chemical-plant-mk01-pyvoid,recipe,chemical-plant-mk01-pyvoid,False,,True,True,-2.7661109886410207e-32,2.7661109831087973e-32
2530,1825,__pr_graph_lp_or_to_or_and__: 3774:item-craft: nexelit-plate --> item: nexelit-plate,,,True,item-craft: nexelit-plate --> item: nexelit-plate,False,False,2.7648134188029371e-32,2.7648134132733088e-32
2531,2600,__pr_graph_lp_or_to_or_and__: 9681:entity-build: concrete-wall --> entity: concrete-wall:noncoproduct-route,,,True,entity-build: concrete-wall --> entity: concrete-wall,False,False,2.7647535333026995e-32,2.7647535277731906e-32
2532,1198,__pr_graph_lp_or_to_or_and__: 10487:entity-operate: research-center-mk01 --> recipe-category: research__0__0:noncoproduct-route,,,True,entity-operate: research-center-mk01 --> recipe-category: research__0__0,False,False,-2.7584976537044945e-32,2.7584976481874976e-32
2533,2522,__pr_graph_lp_or_to_or_and__: 9525:entity-build: decider-combinator --> entity: decider-combinator:noncoproduct-route,,,True,entity-build: decider-combinator --> entity: decider-combinator,False,False,2.7565846746790465e-32,2.7565846691658752e-32
2534,921,__pr_graph_lp_or_to_or_and__: 10140:entity-operate: centrifuge-mk01 --> recipe-category: centrifuging__2__0:noncoproduct-route,,,True,entity-operate: centrifuge-mk01 --> recipe-category: centrifuging__2__0,False,False,-2.7558569407617317e-32,2.7558569352500159e-32
2535,229,__pr_graph_lp_or_cost_row__: entity: py-local-radar,,,True,node-cost:entity: py-local-radar,False,False,-2.7489751039425553e-32,2.7489750984446035e-32
2536,651,__pr_graph_lp_or_cost_row__: item: programmable-speaker,,,True,node-cost:item: programmable-speaker,False,False,-2.7418206234729933e-32,2.7418206179893506e-32
2537,1536,__pr_graph_lp_or_to_or_and__: 2582:fluid-craft-temperature: creosote: 10 --> fluid-craft-temperature: creosote,,,True,fluid-craft-temperature: creosote: 10 --> fluid-craft-temperature: creosote,False,False,2.7325832474176664e-32,2.7325832419524984e-32
2538,439,__pr_graph_lp_or_cost_row__: item: cottongut-codex,,,True,node-cost:item: cottongut-codex,False,False,-2.7314902543405583e-32,2.731490248877576e-32
2539,223,__pr_graph_lp_or_cost_row__: entity: py-coal-powerplant-mk01,,,True,node-cost:entity: py-coal-powerplant-mk01,False,False,-2.7307950986753644e-32,2.7307950932137724e-32
2540,2926,entity-build: medium-electric-pole,entity-build,medium-electric-pole,False,,False,False,2.7274366908569762e-32,2.7274366854021012e-32
2541,931,__pr_graph_lp_or_to_or_and__: 10151:entity-operate: distilator --> recipe-category: distilator__2__5:noncoproduct-route,,,True,entity-operate: distilator --> recipe-category: distilator__2__5,False,False,2.7237995251526148e-32,2.7237995197050139e-32
2542,1096,__pr_graph_lp_or_to_or_and__: 10359:entity-operate: pulp-mill-mk01 --> recipe-category: pulp__0__0:noncoproduct-route,,,True,entity-operate: pulp-mill-mk01 --> recipe-category: pulp__0__0,False,False,2.7234085060573705e-32,2.7234085006105518e-32
2543,3009,entity-build: stone-furnace,entity-build,stone-furnace,False,,False,False,-2.7224687404681189e-32,2.72246873502318e-32
2544,3869,recipe: centrifuge-mk01-pyvoid,recipe,centrifuge-mk01-pyvoid,False,,True,True,-2.7202452556760195e-32,2.7202452502355275e-32
2545,861,__pr_graph_lp_or_to_or_and__: 10053:item-burn: raw-coal --> item: ash:noncoproduct-route,,,True,item-burn: raw-coal --> item: ash,False,False,2.7198735029926683e-32,2.7198734975529196e-32
2546,2706,__pr_graph_lp_or_to_or_and__: 9822:fluid-temperature: molten-aluminium: 10 --> fluid: molten-aluminium:noncoproduct-route,,,True,fluid-temperature: molten-aluminium: 10 --> fluid: molten-aluminium,False,False,2.7160842127237569e-32,2.7160842072915868e-32
2547,216,__pr_graph_lp_or_cost_row__: entity: prandium-lab-mk01,,,True,node-cost:entity: prandium-lab-mk01,False,False,2.71519358520065e-32,2.715193579770261e-32
2548,3018,entity-build: transport-belt,entity-build,transport-belt,False,,False,False,2.7140617043213947e-32,2.7140616988932696e-32
2549,1856,__pr_graph_lp_or_to_or_and__: 3895:item-craft: olefin-plant --> item: olefin-plant,,,True,item-craft: olefin-plant --> item: olefin-plant,False,False,2.7117869968554175e-32,2.7117869914318418e-32
2550,294,__pr_graph_lp_or_cost_row__: entity: straight-rail,,,True,node-cost:entity: straight-rail,False,False,-2.7104757399081507e-32,2.7104757344871975e-32
2551,549,__pr_graph_lp_or_cost_row__: item: iron-chest,,,True,node-cost:item: iron-chest,False,False,-2.709318546030311e-32,2.7093185406116721e-32
2552,2636,__pr_graph_lp_or_to_or_and__: 9729:fluid-temperature: acidgas: 15 --> fluid: acidgas:noncoproduct-route,,,True,fluid-temperature: acidgas: 15 --> fluid: acidgas,False,False,2.7081340500853218e-32,2.7081340446690519e-32
2553,2370,__pr_graph_lp_or_to_or_and__: 8805:item: scrude-canister --> energy-source-burner: jerry__nuke_2_1,,,True,item: scrude-canister --> energy-source-burner: jerry__nuke_2_1,False,False,-2.7041417637457847e-32,2.7041417583374996e-32
2554,256,__pr_graph_lp_or_cost_row__: entity: ralesia-plantation-mk01,,,True,node-cost:entity: ralesia-plantation-mk01,False,False,-2.7025611584497926e-32,2.7025611530446686e-32
2555,604,__pr_graph_lp_or_cost_row__: item: naphthalene-oil-canister,,,True,node-cost:item: naphthalene-oil-canister,False,False,-2.7013717535655316e-32,2.7013717481627865e-32
2556,1014,__pr_graph_lp_or_to_or_and__: 10256:entity-operate: mixer-mk01 --> recipe-category: mixer__1__1:noncoproduct-route,,,True,entity-operate: mixer-mk01 --> recipe-category: mixer__1__1,False,False,-2.7005928658838211e-32,2.7005928604826338e-32
2557,2722,__pr_graph_lp_or_to_or_and__: 9842:fluid-temperature: coke-oven-gas: 100 --> fluid-temperature-range: coke-oven-gas: 100: 100:noncoproduct-route,,,True,fluid-temperature: coke-oven-gas: 100 --> fluid-temperature-range: coke-oven-gas: 100: 100,False,False,-2.7004462357591681e-32,2.7004462303582742e-32
2558,4425,recipe: pcb-factory-mk01-pyvoid,recipe,pcb-factory-mk01-pyvoid,False,,True,True,-2.6978258339417526e-32,2.6978258285460994e-32
2559,366,__pr_graph_lp_or_cost_row__: item: battery-mk00,,,True,node-cost:item: battery-mk00,False,False,-2.6965124002836265e-32,2.6965123948906002e-32
2560,2469,__pr_graph_lp_or_to_or_and__: 9419:entity-build: moondrop-greenhouse-mk01 --> entity: moondrop-greenhouse-mk01:noncoproduct-route,,,True,entity-build: moondrop-greenhouse-mk01 --> entity: moondrop-greenhouse-mk01,False,False,2.694057776758869e-32,2.6940577713707516e-32
2561,140,__pr_graph_lp_or_cost_row__: entity: electric-mining-drill,,,True,node-cost:entity: electric-mining-drill,False,False,2.6938638863715581e-32,2.6938638809838288e-32
2562,772,__pr_graph_lp_or_cost_row__: item: syngas-canister,,,True,node-cost:item: syngas-canister,False,False,-2.6914398674282645e-32,2.6914398620453833e-32
2563,661,__pr_graph_lp_or_cost_row__: item: py-electric-boiler,,,True,node-cost:item: py-electric-boiler,False,False,2.6869784781704976e-32,2.6869784727965388e-32
2564,4451,recipe: plasmids-pyvoid,recipe,plasmids-pyvoid,False,,True,True,-2.6866173011491507e-32,2.6866172957759144e-32
2565,1778,__pr_graph_lp_or_to_or_and__: 3145:item-craft: steel-plate --> item: steel-plate,,,True,item-craft: steel-plate --> item: steel-plate,False,False,-2.6841429520805993e-32,2.6841429467123119e-32
2566,1390,__pr_graph_lp_or_to_or_and__: 1863:item: seaweed --> entity-operate-py-module: seaweed-crop-mk04,,,True,item: seaweed --> entity-operate-py-module: seaweed-crop-mk04,False,False,-2.6831125094795759e-32,2.6831125041133494e-32
2567,4180,recipe: gate-pyvoid,recipe,gate-pyvoid,False,,True,True,-2.6822286539314448e-32,2.6822286485669858e-32
2568,2526,__pr_graph_lp_or_to_or_and__: 9533:entity-build: fluid-wagon --> entity: fluid-wagon:noncoproduct-route,,,True,entity-build: fluid-wagon --> entity: fluid-wagon,False,False,-2.6801328427521105e-32,2.6801328373918433e-32
2569,2648,__pr_graph_lp_or_to_or_and__: 9745:fluid-temperature: syngas: 15 --> fluid: syngas:noncoproduct-route,,,True,fluid-temperature: syngas: 15 --> fluid: syngas,False,False,2.6798122890378589e-32,2.6798122836782327e-32
2570,841,__pr_graph_lp_or_to_or_and__: 10023:entity-operate: stone-furnace --> fuel-category-burn: biomass:noncoproduct-route,,,True,entity-operate: stone-furnace --> fuel-category-burn: biomass,False,False,2.6772140779215669e-32,2.6772140725671371e-32
2571,2237,__pr_graph_lp_or_to_or_and__: 8672:item: crushed-coal --> energy-source-burner: chemical__biomass__jerry__nuke_2_1,,,True,item: crushed-coal --> energy-source-burner: chemical__biomass__jerry__nuke_2_1,False,False,-2.6686487821595467e-32,2.6686487768222477e-32
2572,134,__pr_graph_lp_or_cost_row__: entity: dino-dig-site,,,True,node-cost:entity: dino-dig-site,False,False,-2.6646916981500129e-32,2.664691692820628e-32
2573,2053,__pr_graph_lp_or_to_or_and__: 4506:item-craft: auog-food-01 --> item: auog-food-01,,,True,item-craft: auog-food-01 --> item: auog-food-01,False,False,-2.664656445448183e-32,2.6646564401188687e-32
2574,2933,entity-build: nco-py-short-crane-mk1,entity-build,nco-py-short-crane-mk1,False,,False,False,-2.6640768771656159e-32,2.6640768718374604e-32
2575,382,__pr_graph_lp_or_cost_row__: item: bones,,,True,node-cost:item: bones,False,False,-2.6599070968107141e-32,2.6599070914908985e-32
2576,1321,__pr_graph_lp_or_to_or_and__: 1686:item: moondrop-greenhouse-mk01 --> entity-build-item: moondrop-greenhouse-mk01,,,True,item: moondrop-greenhouse-mk01 --> entity-build-item: moondrop-greenhouse-mk01,False,False,-2.6553615663364813e-32,2.6553615610257566e-32
2577,484,__pr_graph_lp_or_cost_row__: item: fenxsb-alloy,,,True,node-cost:item: fenxsb-alloy,False,False,-2.6508304454917006e-32,2.6508304401900378e-32
2578,1750,__pr_graph_lp_or_to_or_and__: 3062:item-craft: copper-ore --> item: copper-ore,,,True,item-craft: copper-ore --> item: copper-ore,False,False,-2.6468338487400324e-32,2.6468338434463631e-32
2579,4784,recipe: vacuum-tube-pyvoid,recipe,vacuum-tube-pyvoid,False,,True,True,2.6401788407149606e-32,2.6401788354346014e-32
2580,421,__pr_graph_lp_or_cost_row__: item: coal-gas-barrel,,,True,node-cost:item: coal-gas-barrel,False,False,-2.6385041607303216e-32,2.6385041554533118e-32
2581,2715,__pr_graph_lp_or_to_or_and__: 9834:fluid-temperature: oxygen: 15 --> fluid: oxygen:noncoproduct-route,,,True,fluid-temperature: oxygen: 15 --> fluid: oxygen,False,False,-2.6373180967044047e-32,2.6373180914297667e-32
2582,339,__pr_graph_lp_or_cost_row__: item: alien-sample01,,,True,node-cost:item: alien-sample01,False,False,-2.6365162340786531e-32,2.636516228805619e-32
2583,384,__pr_graph_lp_or_cost_row__: item: borax-mine,,,True,node-cost:item: borax-mine,False,False,-2.6309788025530992e-32,2.6309787972911402e-32
2584,1809,__pr_graph_lp_or_to_or_and__: 3301:item-craft: power-switch --> item: power-switch,,,True,item-craft: power-switch --> item: power-switch,False,False,2.6300365202603752e-32,2.6300365150003004e-32
2585,1957,__pr_graph_lp_or_to_or_and__: 4187:item-craft: melamine-resin --> item: melamine-resin,,,True,item-craft: melamine-resin --> item: melamine-resin,False,False,-2.6244820233761701e-32,2.6244820181272044e-32
2586,2242,__pr_graph_lp_or_to_or_and__: 8677:item: raw-fiber --> energy-source-burner: chemical__biomass__jerry__nuke_2_1,,,True,item: raw-fiber --> energy-source-burner: chemical__biomass__jerry__nuke_2_1,False,False,-2.6203236644303522e-32,2.6203236591897034e-32
2587,2076,__pr_graph_lp_or_to_or_and__: 4570:item-craft: moondrop-seeds --> item: moondrop-seeds,,,True,item-craft: moondrop-seeds --> item: moondrop-seeds,False,False,-2.6194034773422222e-32,2.6194034721034137e-32
2588,1083,__pr_graph_lp_or_to_or_and__: 10341:entity-operate: smelter-mk01 --> recipe-category: py-rawores-smelter__2__1:noncoproduct-route,,,True,entity-operate: smelter-mk01 --> recipe-category: py-rawores-smelter__2__1,False,False,-2.616614251556834e-32,2.6166142463236039e-32
2589,4567,recipe: ralesia-pyvoid,recipe,ralesia-pyvoid,False,,True,True,-2.6124291021459986e-32,2.6124290969211391e-32
2590,2782,__pr_graph_lp_or_to_or_and__: 9922:fluid-temperature: middle-oil: 10 --> fluid: middle-oil:noncoproduct-route,,,True,fluid-temperature: middle-oil: 10 --> fluid: middle-oil,False,False,-2.6099368985048067e-32,2.6099368932849311e-32
2591,849,__pr_graph_lp_or_to_or_and__: 10033:entity-operate: burner-mining-drill --> fuel-category-burn: biomass:noncoproduct-route,,,True,entity-operate: burner-mining-drill --> fuel-category-burn: biomass,False,False,2.6099347068831257e-32,2.6099347016632544e-32
2592,1394,__pr_graph_lp_or_to_or_and__: 1879:item: py-biomass-powerplant-mk01 --> entity-build-item: py-biomass-powerplant-mk01,,,True,item: py-biomass-powerplant-mk01 --> entity-build-item: py-biomass-powerplant-mk01,False,False,2.6093206198943561e-32,2.6093206146757132e-32
2593,117,__pr_graph_lp_or_cost_row__: entity: chromium-rock,,,True,node-cost:entity: chromium-rock,False,False,-2.6056186845958334e-32,2.6056186793845943e-32
2594,1298,__pr_graph_lp_or_to_or_and__: 1591:item: automated-factory-mk01 --> entity-build-item: automated-factory-mk01,,,True,item: automated-factory-mk01 --> entity-build-item: automated-factory-mk01,False,False,2.6025520659950872e-32,2.6025520607899815e-32
2595,4155,recipe: fluid-drill-mk01-pyvoid,recipe,fluid-drill-mk01-pyvoid,False,,True,True,-2.6019689811160509e-32,2.6019689759121112e-32
2596,1428,__pr_graph_lp_or_to_or_and__: 2012:item: py-gas-vent --> entity-build-item: py-gas-vent,,,True,item: py-gas-vent --> entity-build-item: py-gas-vent,False,False,-2.6008684604265235e-32,2.6008684552247848e-32
2597,2784,__pr_graph_lp_or_to_or_and__: 9924:fluid-temperature: middle-oil: 10 --> fluid-temperature-range: middle-oil: 10: 10:noncoproduct-route,,,True,fluid-temperature: middle-oil: 10 --> fluid-temperature-range: middle-oil: 10: 10,False,False,-2.5958246387885539e-32,2.5958246335969029e-32
2598,220,__pr_graph_lp_or_cost_row__: entity: py-biomass-powerplant-mk01,,,True,node-cost:entity: py-biomass-powerplant-mk01,False,False,2.5924115842896131e-32,2.5924115791047885e-32
2599,4805,recipe: vrauks-paddock-mk01-pyvoid,recipe,vrauks-paddock-mk01-pyvoid,False,,True,True,-2.5910574809883259e-32,2.5910574758062093e-32
2600,2492,__pr_graph_lp_or_to_or_and__: 9465:entity-build: atomizer-mk01 --> entity: atomizer-mk01:noncoproduct-route,,,True,entity-build: atomizer-mk01 --> entity: atomizer-mk01,False,False,2.5909132793612021e-32,2.5909132741793739e-32
2601,3920,recipe: controler-mk01-pyvoid,recipe,controler-mk01-pyvoid,False,,True,True,-2.5841007638812463e-32,2.584100758713043e-32
2602,1715,__pr_graph_lp_or_to_or_and__: 2980:item: acetylene-canister --> fuel-category: jerry__1,,,True,item: acetylene-canister --> fuel-category: jerry__1,False,False,2.5840302308161605e-32,2.5840302256480984e-32
2603,1032,__pr_graph_lp_or_to_or_and__: 10278:entity-operate: bio-reactor-mk01 --> recipe-category: bio-reactor__3__2:noncoproduct-route,,,True,entity-operate: bio-reactor-mk01 --> recipe-category: bio-reactor__3__2,False,False,2.5825780476298957e-32,2.5825780424647381e-32
2604,1007,__pr_graph_lp_or_to_or_and__: 10247:entity-operate: vacuum-pump-mk01 --> recipe-category: vacuum__1__1:noncoproduct-route,,,True,entity-operate: vacuum-pump-mk01 --> recipe-category: vacuum__1__1,False,False,2.5771795723959563e-32,2.5771795672415957e-32
2605,1281,__pr_graph_lp_or_to_or_and__: 1545:item: soil-extractor-mk01 --> entity-build-item: soil-extractor-mk01,,,True,item: soil-extractor-mk01 --> entity-build-item: soil-extractor-mk01,False,False,-2.5730344389217957e-32,2.5730344337757253e-32
2606,948,__pr_graph_lp_or_to_or_and__: 10170:entity-operate: gasifier --> recipe-category: gasifier__0__1:noncoproduct-route,,,True,entity-operate: gasifier --> recipe-category: gasifier__0__1,False,False,-2.5716271208484616e-32,2.5716271157052058e-32
2607,342,__pr_graph_lp_or_cost_row__: item: anemometer-mk01,,,True,node-cost:item: anemometer-mk01,False,False,2.5715860695761097e-32,2.571586064432936e-32
2608,252,__pr_graph_lp_or_cost_row__: entity: quenching-tower,,,True,node-cost:entity: quenching-tower,False,False,-2.5708142643173776e-32,2.5708142591757475e-32
2609,2829,__pr_graph_lp_or_to_or_and__: 9981:entity-operate: assembling-machine-1 --> recipe-category: crafting-with-fluid__0__0:noncoproduct-route,,,True,entity-operate: assembling-machine-1 --> recipe-category: crafting-with-fluid__0__0,False,False,-2.5704476930968431e-32,2.5704476879559459e-32
2610,4099,recipe: fawogae-codex-pyvoid,recipe,fawogae-codex-pyvoid,False,,True,True,-2.565815087768918e-32,2.5658150826372864e-32
2611,2581,__pr_graph_lp_or_to_or_and__: 9643:entity-build: py-tank-7000 --> entity: py-tank-7000:noncoproduct-route,,,True,entity-build: py-tank-7000 --> entity: py-tank-7000,False,False,2.5559411423341083e-32,2.5559411372222246e-32
2612,1147,__pr_graph_lp_or_to_or_and__: 10420:entity-operate: moss-farm-mk01 --> recipe-category: moss__2__1:noncoproduct-route,,,True,entity-operate: moss-farm-mk01 --> recipe-category: moss__2__1,False,False,-2.5545101257546108e-32,2.5545101206455888e-32
2613,1201,__pr_graph_lp_or_to_or_and__: 10490:entity-operate: research-center-mk01 --> recipe-category: research__3__0:noncoproduct-route,,,True,entity-operate: research-center-mk01 --> recipe-category: research__3__0,False,False,-2.5543122030192541e-32,2.5543121979106284e-32
2614,4788,recipe: vawt-turbine-mk01-pyvoid,recipe,vawt-turbine-mk01-pyvoid,False,,True,True,-2.553020790745037e-32,2.5530207856389938e-32
2615,2563,__pr_graph_lp_or_to_or_and__: 9607:entity-build: rail-chain-signal --> entity: rail-chain-signal:noncoproduct-route,,,True,entity-build: rail-chain-signal --> entity: rail-chain-signal,False,False,2.5519736740608772e-32,2.5519736689569283e-32
2616,1316,__pr_graph_lp_or_to_or_and__: 1665:item: electrolyzer-mk01 --> entity-build-item: electrolyzer-mk01,,,True,item: electrolyzer-mk01 --> entity-build-item: electrolyzer-mk01,False,False,2.5477262256435587e-32,2.5477262205481046e-32
2617,4246,recipe: heavy-oil-refinery-mk01-pyvoid,recipe,heavy-oil-refinery-mk01-pyvoid,False,,True,True,-2.5462332775269216e-32,2.5462332724344535e-32
2618,649,__pr_graph_lp_or_cost_row__: item: pressured-water-barrel,,,True,node-cost:item: pressured-water-barrel,False,False,2.540098132503573e-32,2.5400981274233751e-32
2619,109,__pr_graph_lp_or_cost_row__: entity: car,,,True,node-cost:entity: car,False,False,-2.5392787697854812e-32,2.5392787647069221e-32
2620,94,__pr_graph_lp_or_cost_row__: entity: behemoth-worm-turret,,,True,node-cost:entity: behemoth-worm-turret,False,False,2.5370325025621027e-32,2.537032497488036e-32
2621,2809,__pr_graph_lp_or_to_or_and__: 9958:fluid-temperature: geothermal-water: 3000 --> fluid: geothermal-water:noncoproduct-route,,,True,fluid-temperature: geothermal-water: 3000 --> fluid: geothermal-water,False,False,2.5334173007306063e-32,2.53341729566377e-32
2622,3019,entity-build: underground-belt,entity-build,underground-belt,False,,False,False,2.5290598728151393e-32,2.5290598677570179e-32
2623,2359,__pr_graph_lp_or_to_or_and__: 8794:item: heavy-oil-canister --> energy-source-burner: jerry__nuke_2_1,,,True,item: heavy-oil-canister --> energy-source-burner: jerry__nuke_2_1,False,False,-2.5288767702086432e-32,2.528876765150888e-32
2624,1963,__pr_graph_lp_or_to_or_and__: 4200:item-craft: graphite --> item: graphite,,,True,item-craft: graphite --> item: graphite,False,False,-2.5282076851573956e-32,2.5282076801009787e-32
2625,2438,__pr_graph_lp_or_to_or_and__: 9357:entity-build: solid-separator --> entity: solid-separator:noncoproduct-route,,,True,entity-build: solid-separator --> entity: solid-separator,False,False,2.5232598462355115e-32,2.5232598411889902e-32
2626,1069,__pr_graph_lp_or_to_or_and__: 10323:entity-operate: electrolyzer-mk01 --> recipe-category: electrolyzer__3__1:noncoproduct-route,,,True,entity-operate: electrolyzer-mk01 --> recipe-category: electrolyzer__3__1,False,False,2.5212950377026536e-32,2.5212950326600619e-32
2627,350,__pr_graph_lp_or_cost_row__: item: aromatics-canister,,,True,node-cost:item: aromatics-canister,False,False,-2.5196867297161041e-32,2.5196867246767294e-32
2628,1329,__pr_graph_lp_or_to_or_and__: 1716:item: upgrader-mk01 --> entity-build-item: upgrader-mk01,,,True,item: upgrader-mk01 --> entity-build-item: upgrader-mk01,False,False,-2.5166792196650248e-32,2.5166792146316647e-32
2629,1758,__pr_graph_lp_or_to_or_and__: 3086:item-craft: stone-furnace --> item: stone-furnace,,,True,item-craft: stone-furnace --> item: stone-furnace,False,False,2.5127834887005022e-32,2.5127834836749336e-32
2630,813,__pr_graph_lp_or_cost_row__: item: wood-fence,,,True,node-cost:item: wood-fence,False,False,2.5112311223886646e-32,2.5112311173662007e-32
2631,4509,recipe: py-oil-powerplant-mk01-pyvoid,recipe,py-oil-powerplant-mk01-pyvoid,False,,True,True,-2.5039054795777168e-32,2.5039054745699041e-32
2632,1877,__pr_graph_lp_or_to_or_and__: 3957:item-craft: secondary-crusher-mk01 --> item: secondary-crusher-mk01,,,True,item-craft: secondary-crusher-mk01 --> item: secondary-crusher-mk01,False,False,2.5029407613285256e-32,2.5029407563226424e-32
2633,791,__pr_graph_lp_or_cost_row__: item: underground-belt,,,True,node-cost:item: underground-belt,False,False,2.5016228727389508e-32,2.5016228677357033e-32
2634,2069,__pr_graph_lp_or_to_or_and__: 4555:item-craft: cottongut-pup-mk01 --> item: cottongut-pup-mk01,,,True,item-craft: cottongut-pup-mk01 --> item: cottongut-pup-mk01,False,False,-2.4864299420397884e-32,2.4864299370669272e-32
2635,440,__pr_graph_lp_or_cost_row__: item: cottongut-food-01,,,True,node-cost:item: cottongut-food-01,False,False,2.4857077446248636e-32,2.4857077396534464e-32
2636,2559,__pr_graph_lp_or_to_or_and__: 9599:entity-build: programmable-speaker --> entity: programmable-speaker:noncoproduct-route,,,True,entity-build: programmable-speaker --> entity: programmable-speaker,False,False,-2.4814924320769765e-32,2.4814924271139901e-32
2637,1489,__pr_graph_lp_or_to_or_and__: 2377:item: py-tank-9000 --> entity-build-item: py-tank-9000,,,True,item: py-tank-9000 --> entity-build-item: py-tank-9000,False,False,-2.4779040923552667e-32,2.477904087399457e-32
2638,4137,recipe: firearm-magazine-pyvoid,recipe,firearm-magazine-pyvoid,False,,True,True,-2.4777790057519004e-32,2.4777790007963409e-32
2639,888,__pr_graph_lp_or_to_or_and__: 10102:entity-operate: automated-factory-mk01 --> recipe-category: crafting-with-fluid__1__0:noncoproduct-route,,,True,entity-operate: automated-factory-mk01 --> recipe-category: crafting-with-fluid__1__0,False,False,-2.4758170092609828e-32,2.4758170043093474e-32
2640,4429,recipe: personal-roboport-equipment-pyvoid,recipe,personal-roboport-equipment-pyvoid,False,,True,True,-2.4751770840839584e-32,2.4751770791336028e-32
2641,2830,__pr_graph_lp_or_to_or_and__: 9982:entity-operate: assembling-machine-1 --> recipe-category: crafting-with-fluid__0__1:noncoproduct-route,,,True,entity-operate: assembling-machine-1 --> recipe-category: crafting-with-fluid__0__1,False,False,2.4722897251649566e-32,2.4722897202203759e-32
2642,417,__pr_graph_lp_or_cost_row__: item: clay-pit-mk01,,,True,node-cost:item: clay-pit-mk01,False,False,-2.4671980784343276e-32,2.4671980734999298e-32
2643,1131,__pr_graph_lp_or_to_or_and__: 10400:entity-operate: reformer-mk01 --> recipe-category: reformer__1__1:noncoproduct-route,,,True,entity-operate: reformer-mk01 --> recipe-category: reformer__1__1,False,False,2.4667570178790135e-32,2.4667570129454981e-32
2644,388,__pr_graph_lp_or_cost_row__: item: brain,,,True,node-cost:item: brain,False,False,-2.4665580421967875e-32,2.46655803726367e-32
2645,1614,__pr_graph_lp_or_to_or_and__: 2771:fluid-craft-temperature: molten-iron: 10 --> fluid-craft-temperature: molten-iron,,,True,fluid-craft-temperature: molten-iron: 10 --> fluid-craft-temperature: molten-iron,False,False,2.4659345987028046e-32,2.4659345937709341e-32
2646,1387,__pr_graph_lp_or_to_or_and__: 1859:item: seaweed --> entity-operate-py-module: seaweed-crop-mk01,,,True,item: seaweed --> entity-operate-py-module: seaweed-crop-mk01,False,False,2.460695485034954e-32,2.4606954801135615e-32
2647,2779,__pr_graph_lp_or_to_or_and__: 9918:fluid-temperature: pitch: 10 --> fluid: pitch:noncoproduct-route,,,True,fluid-temperature: pitch: 10 --> fluid: pitch,False,False,2.4581331715353281e-32,2.4581331666190601e-32
2648,2455,__pr_graph_lp_or_to_or_and__: 9391:entity-build: secondary-crusher-mk01 --> entity: secondary-crusher-mk01:noncoproduct-route,,,True,entity-build: secondary-crusher-mk01 --> entity: secondary-crusher-mk01,False,False,2.4576156270981566e-32,2.4576156221829238e-32
2649,2689,__pr_graph_lp_or_to_or_and__: 9799:fluid-temperature: pressured-water: 10 --> fluid-temperature-range: pressured-water: 10: 10:noncoproduct-route,,,True,fluid-temperature: pressured-water: 10 --> fluid-temperature-range: pressured-water: 10: 10,False,False,2.4561584718470527e-32,2.4561584669347342e-32
2650,2954,entity-build: py-deposit-basic,entity-build,py-deposit-basic,False,,False,False,2.4542720481081866e-32,2.4542720431996408e-32
2651,1810,__pr_graph_lp_or_to_or_and__: 3304:item-craft: programmable-speaker --> item: programmable-speaker,,,True,item-craft: programmable-speaker --> item: programmable-speaker,False,False,2.451379535734861e-32,2.4513795308321006e-32
2652,2562,__pr_graph_lp_or_to_or_and__: 9605:entity-build: py-local-radar --> entity: py-local-radar:noncoproduct-route,,,True,entity-build: py-local-radar --> entity: py-local-radar,False,False,2.4503469894261404e-32,2.4503469845254449e-32
2653,305,__pr_graph_lp_or_cost_row__: entity: tree-02-red,,,True,node-cost:entity: tree-02-red,False,False,2.4487996264447347e-32,2.4487996215471339e-32
2654,1133,__pr_graph_lp_or_to_or_and__: 10402:entity-operate: reformer-mk01 --> recipe-category: reformer__1__0:noncoproduct-route,,,True,entity-operate: reformer-mk01 --> recipe-category: reformer__1__0,False,False,2.4459757184034921e-32,2.4459757135115392e-32
2655,4376,recipe: moss-gen-pyvoid,recipe,moss-gen-pyvoid,False,,True,True,-2.4456420308022349e-32,2.4456420259109492e-32
2656,4105,recipe: fawogae-spore-pyvoid,recipe,fawogae-spore-pyvoid,False,,True,True,-2.4420992852419193e-32,2.4420992803577192e-32
2657,2947,entity-build: pulp-mill-mk01,entity-build,pulp-mill-mk01,False,,False,False,2.4404815881857593e-32,2.4404815833047946e-32
2658,207,__pr_graph_lp_or_cost_row__: entity: outpost-fluid,,,True,node-cost:entity: outpost-fluid,False,False,-2.4388375445331079e-32,2.4388375396554312e-32
2659,2246,__pr_graph_lp_or_to_or_and__: 8681:item: heavy-oil-canister --> energy-source-burner: chemical__biomass__jerry__nuke_2_1,,,True,item: heavy-oil-canister --> energy-source-burner: chemical__biomass__jerry__nuke_2_1,False,False,-2.4347691975311449e-32,2.4347691926616051e-32
2660,4527,recipe: py-tank-10000-pyvoid,recipe,py-tank-10000-pyvoid,False,,True,True,-2.4331176742658446e-32,2.4331176693996077e-32
2661,4392,recipe: nco-py-crane-mk1-pyvoid,recipe,nco-py-crane-mk1-pyvoid,False,,True,True,-2.4285735805928414e-32,2.4285735757356927e-32
2662,801,__pr_graph_lp_or_cost_row__: item: vitreloy,,,True,node-cost:item: vitreloy,False,False,2.4245681637735001e-32,2.4245681589243623e-32
2663,644,__pr_graph_lp_or_cost_row__: item: powdered-aluminium,,,True,node-cost:item: powdered-aluminium,False,False,-2.42446899205906e-32,2.4244689872101206e-32
2664,361,__pr_graph_lp_or_cost_row__: item: automated-screener-mk01,,,True,node-cost:item: automated-screener-mk01,False,False,-2.4222232307731695e-32,2.4222232259287217e-32
2665,2586,__pr_graph_lp_or_to_or_and__: 9653:entity-build: py-tank-9000 --> entity: py-tank-9000:noncoproduct-route,,,True,entity-build: py-tank-9000 --> entity: py-tank-9000,False,False,-2.421776055757343e-32,2.4217760509137893e-32
2666,4714,recipe: storage-tank-pyvoid,recipe,storage-tank-pyvoid,False,,True,True,-2.4191890683494623e-32,2.4191890635110828e-32
2667,2588,__pr_graph_lp_or_to_or_and__: 9657:entity-build: straight-rail --> entity: straight-rail:noncoproduct-route,,,True,entity-build: straight-rail --> entity: straight-rail,False,False,2.4167551856345605e-32,2.4167551808010486e-32
2668,1765,__pr_graph_lp_or_to_or_and__: 3107:item-craft: pipe --> item: pipe,,,True,item-craft: pipe --> item: pipe,False,False,-2.414489374410884e-32,2.4144893695819038e-32
2669,2860,entity-build: automated-screener-mk01,entity-build,automated-screener-mk01,False,,False,False,-2.4125818310818836e-32,2.4125818262567185e-32
2670,3561,fluid-temperature: steam: 150,fluid-temperature,steam: 150,False,,False,False,2.4044350856545701e-32,2.4044350808456986e-32
2671,2263,__pr_graph_lp_or_to_or_and__: 8698:item: middle-oil-canister --> energy-source-burner: chemical__biomass__jerry__nuke_2_1,,,True,item: middle-oil-canister --> energy-source-burner: chemical__biomass__jerry__nuke_2_1,False,False,-2.403630147954591e-32,2.4036301431473293e-32
2672,2778,__pr_graph_lp_or_to_or_and__: 9916:fluid-temperature: naphthalene-oil: 10 --> fluid-temperature-range: naphthalene-oil: 10: 10:noncoproduct-route,,,True,fluid-temperature: naphthalene-oil: 10 --> fluid-temperature-range: naphthalene-oil: 10: 10,False,False,-2.396327532125657e-32,2.3963275273330006e-32
2673,255,__pr_graph_lp_or_cost_row__: entity: rail-signal,,,True,node-cost:entity: rail-signal,False,False,-2.392867799108029e-32,2.392867794322292e-32
2674,128,__pr_graph_lp_or_cost_row__: entity: creature-chamber-mk01,,,True,node-cost:entity: creature-chamber-mk01,False,False,-2.3891394474723126e-32,2.3891394426940324e-32
2675,1274,__pr_graph_lp_or_to_or_and__: 1517:item: tar-processing-unit --> entity-build-item: tar-processing-unit,,,True,item: tar-processing-unit --> entity-build-item: tar-processing-unit,False,False,2.3845707001372678e-32,2.384570695368125e-32
2676,2883,entity-build: cooling-tower-mk01,entity-build,cooling-tower-mk01,False,,False,False,-2.3800951432510629e-32,2.3800951384908712e-32
2677,1445,__pr_graph_lp_or_to_or_and__: 2061:item: lab --> entity-build-item: lab,,,True,item: lab --> entity-build-item: lab,False,False,2.3778579808022413e-32,2.3778579760465239e-32
2678,2142,__pr_graph_lp_or_to_or_and__: 4865:item-craft: digosaurus --> item: digosaurus,,,True,item-craft: digosaurus --> item: digosaurus,False,False,-2.3746538648669948e-32,2.3746538601176856e-32
2679,710,__pr_graph_lp_or_cost_row__: item: retrovirus,,,True,node-cost:item: retrovirus,False,False,2.3735349310691992e-32,2.3735349263221279e-32
2680,310,__pr_graph_lp_or_cost_row__: entity: tree-06-brown,,,True,node-cost:entity: tree-06-brown,False,False,-2.3719396368407231e-32,2.3719396320968422e-32
2681,2590,__pr_graph_lp_or_to_or_and__: 9661:entity-build: transport-belt --> entity: transport-belt:noncoproduct-route,,,True,entity-build: transport-belt --> entity: transport-belt,False,False,-2.3708203429164174e-32,2.3708203381747754e-32
2682,2258,__pr_graph_lp_or_to_or_and__: 8693:item: condensates-canister --> energy-source-burner: chemical__biomass__jerry__nuke_2_1,,,True,item: condensates-canister --> energy-source-burner: chemical__biomass__jerry__nuke_2_1,False,False,-2.3702597320341255e-32,2.3702597272936045e-32
2683,4790,recipe: vitreloy-pyvoid,recipe,vitreloy-pyvoid,False,,True,True,-2.3701996570369255e-32,2.3701996522965247e-32
2684,2478,__pr_graph_lp_or_to_or_and__: 9437:entity-build: reformer-mk01 --> entity: reformer-mk01:noncoproduct-route,,,True,entity-build: reformer-mk01 --> entity: reformer-mk01,False,False,2.3643936721737729e-32,2.3643936674449842e-32
2685,501,__pr_graph_lp_or_cost_row__: item: formica,,,True,node-cost:item: formica,False,False,-2.3563710705005243e-32,2.3563710657877808e-32
2686,496,__pr_graph_lp_or_cost_row__: item: fluid-drill-mk01,,,True,node-cost:item: fluid-drill-mk01,False,False,2.3543924125703125e-32,2.3543924078615262e-32
2687,2518,__pr_graph_lp_or_to_or_and__: 9517:entity-build: py-storehouse-basic --> entity: py-storehouse-basic:noncoproduct-route,,,True,entity-build: py-storehouse-basic --> entity: py-storehouse-basic,False,False,2.3531195144145136e-32,2.3531195097082732e-32
2688,24,__pr_graph_lp_explicit_zero_free_source__: 2269:room-autoplace: planet: nauvis --> entity: ore-titanium,,,True,explicit-zero:room-autoplace: planet: nauvis --> entity: ore-titanium,False,False,-2.3484768747609597e-32,2.3484768700640046e-32
2689,3971,recipe: digosaurus-pyvoid,recipe,digosaurus-pyvoid,False,,True,True,-2.3478996393763494e-32,2.3478996346805487e-32
2690,1411,__pr_graph_lp_or_to_or_and__: 1935:item: iron-chest --> entity-build-item: iron-chest,,,True,item: iron-chest --> entity-build-item: iron-chest,False,False,2.3476304725338714e-32,2.3476304678386091e-32
2691,415,__pr_graph_lp_or_cost_row__: item: classifier,,,True,node-cost:item: classifier,False,False,-2.3448563749612297e-32,2.3448563702715156e-32
2692,4558,recipe: rail-chain-signal-pyvoid,recipe,rail-chain-signal-pyvoid,False,,True,True,-2.3369518095186154e-32,2.3369518048447103e-32
2693,2173,__pr_graph_lp_or_to_or_and__: 6768:item: vrauks-mk02 --> recipe-py-module: vrauks-mk03,,,True,item: vrauks-mk02 --> recipe-py-module: vrauks-mk03,False,False,-2.3362190754272478e-32,2.3362190707548083e-32
2694,3955,recipe: crushing-quartz,recipe,crushing-quartz,False,,True,True,2.3358716930593821e-32,2.3358716883876372e-32
2695,940,__pr_graph_lp_or_to_or_and__: 10161:entity-operate: rectisol --> recipe-category: rectisol__2__4:noncoproduct-route,,,True,entity-operate: rectisol --> recipe-category: rectisol__2__4,False,False,-2.3285012975235816e-32,2.3285012928665777e-32
2696,1736,__pr_graph_lp_or_to_or_and__: 3003:item-craft: firearm-magazine --> item: firearm-magazine,,,True,item-craft: firearm-magazine --> item: firearm-magazine,False,False,2.3281316966349114e-32,2.3281316919786465e-32
2697,2241,__pr_graph_lp_or_to_or_and__: 8676:item: treated-wood --> energy-source-burner: chemical__biomass__jerry__nuke_2_1,,,True,item: treated-wood --> energy-source-burner: chemical__biomass__jerry__nuke_2_1,False,False,-2.3254321214550777e-32,2.3254321168042122e-32
2698,4523,recipe: py-storehouse-basic-pyvoid,recipe,py-storehouse-basic-pyvoid,False,,True,True,-2.3238770882824632e-32,2.3238770836347076e-32
2699,4517,recipe: py-science-pack-1-pyvoid,recipe,py-science-pack-1-pyvoid,False,,True,True,-2.3202012309337221e-32,2.3202012262933181e-32
2700,231,__pr_graph_lp_or_cost_row__: entity: py-overflow-valve,,,True,node-cost:entity: py-overflow-valve,False,False,2.3201071942991397e-32,2.320107189658924e-32
2701,2870,entity-build: burner-mining-drill,entity-build,burner-mining-drill,False,,False,False,2.3133974240720014e-32,2.3133974194452051e-32
2702,2111,__pr_graph_lp_or_to_or_and__: 4652:item-craft: centrifuge-mk01 --> item: centrifuge-mk01,,,True,item-craft: centrifuge-mk01 --> item: centrifuge-mk01,False,False,2.3103941713641221e-32,2.3103941667433325e-32
2703,2928,entity-build: mixer-mk01,entity-build,mixer-mk01,False,,False,False,-2.3076695372219485e-32,2.3076695326066081e-32
2704,544,__pr_graph_lp_or_cost_row__: item: impact-crusher-mk01,,,True,node-cost:item: impact-crusher-mk01,False,False,2.305680610810919e-32,2.3056806061995564e-32
2705,476,__pr_graph_lp_or_cost_row__: item: equipment-chassi,,,True,node-cost:item: equipment-chassi,False,False,2.305263893892205e-32,2.3052638892816757e-32
2706,4624,recipe: sb-grade-03-pyvoid,recipe,sb-grade-03-pyvoid,False,,True,True,-2.3041615328891036e-32,2.3041615282807792e-32
2707,2635,__pr_graph_lp_or_to_or_and__: 9727:fluid-temperature: light-oil: 25 --> fluid-temperature-range: light-oil: 25: 25:noncoproduct-route,,,True,fluid-temperature: light-oil: 25 --> fluid-temperature-range: light-oil: 25: 25,False,False,-2.3034461579730873e-32,2.3034461533661936e-32
2708,1931,__pr_graph_lp_or_to_or_and__: 4118:item-craft: ore-tin --> item: ore-tin,,,True,item-craft: ore-tin --> item: ore-tin,False,False,2.3024341194813615e-32,2.3024341148764919e-32
2709,1834,__pr_graph_lp_or_to_or_and__: 3797:item-craft: bio-sample01 --> item: bio-sample01,,,True,item-craft: bio-sample01 --> item: bio-sample01,False,False,2.3009108848543383e-32,2.3009108802525152e-32
2710,1895,__pr_graph_lp_or_to_or_and__: 4011:item-craft: py-tank-8000 --> item: py-tank-8000,,,True,item-craft: py-tank-8000 --> item: py-tank-8000,False,False,-2.3006256027486531e-32,2.3006255981474004e-32
2711,1873,__pr_graph_lp_or_to_or_and__: 3945:item-craft: vacuum-pump-mk01 --> item: vacuum-pump-mk01,,,True,item-craft: vacuum-pump-mk01 --> item: vacuum-pump-mk01,False,False,-2.2939708181363073e-32,2.2939708135483641e-32
2712,4547,recipe: py-warehouse-basic-pyvoid,recipe,py-warehouse-basic-pyvoid,False,,True,True,-2.2934780134860643e-32,2.293478008899107e-32
2713,4278,recipe: iron-gear-wheel-pyvoid,recipe,iron-gear-wheel-pyvoid,False,,True,True,-2.2916348557702216e-32,2.2916348511869504e-32
2714,1116,__pr_graph_lp_or_to_or_and__: 10382:entity-operate: fbreactor-mk01 --> recipe-category: fbreactor__1__2:noncoproduct-route,,,True,entity-operate: fbreactor-mk01 --> recipe-category: fbreactor__1__2,False,False,-2.2912367113661735e-32,2.2912367067836987e-32
2715,400,__pr_graph_lp_or_cost_row__: item: carbolic-oil-canister,,,True,node-cost:item: carbolic-oil-canister,False,False,2.2859221076300056e-32,2.2859221030581598e-32
2716,1282,__pr_graph_lp_or_to_or_and__: 1549:item: solid-separator --> entity-build-item: solid-separator,,,True,item: solid-separator --> entity-build-item: solid-separator,False,False,-2.2838039480836415e-32,2.2838039435160322e-32
2717,4035,recipe: empty-fuel-canister-pyvoid,recipe,empty-fuel-canister-pyvoid,False,,True,True,-2.2755936988114726e-32,2.2755936942602838e-32
2718,1102,__pr_graph_lp_or_to_or_and__: 10365:entity-operate: pulp-mill-mk01 --> recipe-category: pulp__1__1:noncoproduct-route,,,True,entity-operate: pulp-mill-mk01 --> recipe-category: pulp__1__1,False,False,-2.2753266268489048e-32,2.2753266222982502e-32
2719,4647,recipe: shotgun-shell-pyvoid,recipe,shotgun-shell-pyvoid,False,,True,True,-2.2735406126532991e-32,2.2735406081062164e-32
2720,823,__pr_graph_lp_or_to_or_and__: 10001:entity-operate: bof-mk01 --> recipe-category: bof__3__1:noncoproduct-route,,,True,entity-operate: bof-mk01 --> recipe-category: bof__3__1,False,False,-2.2720745044168984e-32,2.272074499872748e-32
2721,769,__pr_graph_lp_or_cost_row__: item: submachine-gun,,,True,node-cost:item: submachine-gun,False,False,2.2707283238443955e-32,2.2707283193029374e-32
2722,2927,entity-build: micro-mine-mk01,entity-build,micro-mine-mk01,False,,False,False,-2.270623552659593e-32,2.2706235481183446e-32
2723,2244,__pr_graph_lp_or_to_or_and__: 8679:item: biomass --> energy-source-burner: chemical__biomass__jerry__nuke_2_1,,,True,item: biomass --> energy-source-burner: chemical__biomass__jerry__nuke_2_1,False,False,-2.2649298419954857e-32,2.2649298374656248e-32
2724,2292,__pr_graph_lp_or_to_or_and__: 8727:item: anthracene-oil-canister --> energy-source-burner: jerry__chemical__biomass_2_1,,,True,item: anthracene-oil-canister --> energy-source-burner: jerry__chemical__biomass_2_1,False,False,2.2648073729366738e-32,2.2648073684070578e-32
2725,471,__pr_graph_lp_or_cost_row__: item: electronics-mk01,,,True,node-cost:item: electronics-mk01,False,False,2.2591626407393522e-32,2.2591626362210257e-32
2726,403,__pr_graph_lp_or_cost_row__: item: cargo-wagon,,,True,node-cost:item: cargo-wagon,False,False,-2.256363961553208e-32,2.2563639570404788e-32
2727,4186,recipe: genlab-mk01-pyvoid,recipe,genlab-mk01-pyvoid,False,,True,True,-2.2540284192280186e-32,2.2540284147199604e-32
2728,292,__pr_graph_lp_or_cost_row__: entity: storage-chest,,,True,node-cost:entity: storage-chest,False,False,-2.2517246637758122e-32,2.2517246592723616e-32
2729,2666,__pr_graph_lp_or_to_or_and__: 9769:fluid-temperature: aromatics: 10 --> fluid: aromatics:noncoproduct-route,,,True,fluid-temperature: aromatics: 10 --> fluid: aromatics,False,False,2.2506057706458736e-32,2.2506057661446607e-32
2730,1883,__pr_graph_lp_or_to_or_and__: 3975:item-craft: concrete-wall --> item: concrete-wall,,,True,item-craft: concrete-wall --> item: concrete-wall,False,False,2.2500362548415968e-32,2.250036250341523e-32
2731,130,__pr_graph_lp_or_cost_row__: entity: dead-dry-hairy-tree,,,True,node-cost:entity: dead-dry-hairy-tree,False,False,-2.2477121604312701e-32,2.2477121559358444e-32
2732,1932,__pr_graph_lp_or_to_or_and__: 4122:item-craft: grade-1-tin --> item: grade-1-tin,,,True,item-craft: grade-1-tin --> item: grade-1-tin,False,False,2.2461581412457782e-32,2.2461581367534606e-32
2733,2025,__pr_graph_lp_or_to_or_and__: 4434:item-craft: empty-petri-dish --> item: empty-petri-dish,,,True,item-craft: empty-petri-dish --> item: empty-petri-dish,False,False,-2.2458064604698287e-32,2.2458064559782145e-32
2734,225,__pr_graph_lp_or_cost_row__: entity: py-deposit-basic,,,True,node-cost:entity: py-deposit-basic,False,False,2.245378727340764e-32,2.2453787228500053e-32
2735,1936,__pr_graph_lp_or_to_or_and__: 4133:item-craft: grade-1-zinc --> item: grade-1-zinc,,,True,item-craft: grade-1-zinc --> item: grade-1-zinc,False,False,2.2446747378105924e-32,2.2446747333212416e-32
2736,3938,recipe: cottongut-mk01-pyvoid,recipe,cottongut-mk01-pyvoid,False,,True,True,-2.2434014482232252e-32,2.243401443736421e-32
2737,1993,__pr_graph_lp_or_to_or_and__: 4287:item-craft: reformer-mk01 --> item: reformer-mk01,,,True,item-craft: reformer-mk01 --> item: reformer-mk01,False,False,-2.2360176836577707e-32,2.2360176791857341e-32
2738,457,__pr_graph_lp_or_cost_row__: item: display-panel,,,True,node-cost:item: display-panel,False,False,-2.2346743338382687e-32,2.2346743293689186e-32
2739,2963,entity-build: py-shed-basic,entity-build,py-shed-basic,False,,False,False,2.2326963346726153e-32,2.2326963302072212e-32
2740,1082,__pr_graph_lp_or_to_or_and__: 10340:entity-operate: smelter-mk01 --> recipe-category: py-rawores-smelter__1__1:noncoproduct-route,,,True,entity-operate: smelter-mk01 --> recipe-category: py-rawores-smelter__1__1,False,False,-2.231258012967204e-32,2.2312580085046866e-32
2741,584,__pr_graph_lp_or_cost_row__: item: methane-canister,,,True,node-cost:item: methane-canister,False,False,-2.2251957082202928e-32,2.2251957037698999e-32
2742,1772,__pr_graph_lp_or_to_or_and__: 3129:item-craft: assembling-machine-1 --> item: assembling-machine-1,,,True,item-craft: assembling-machine-1 --> item: assembling-machine-1,False,False,2.2217173236331438e-32,2.2217173191897079e-32
2743,1331,__pr_graph_lp_or_to_or_and__: 1724:item: reformer-mk01 --> entity-build-item: reformer-mk01,,,True,item: reformer-mk01 --> entity-build-item: reformer-mk01,False,False,2.219954640044072e-32,2.2199546356041612e-32
2744,95,__pr_graph_lp_or_cost_row__: entity: big-rock,,,True,node-cost:entity: big-rock,False,False,2.2114382504161609e-32,2.211438245993283e-32
2745,990,__pr_graph_lp_or_to_or_and__: 10224:entity-operate: ralesia-plantation-mk01 --> recipe-category: ralesia__3__1:noncoproduct-route,,,True,entity-operate: ralesia-plantation-mk01 --> recipe-category: ralesia__3__1,False,False,2.2101708749388656e-32,2.2101708705185225e-32
2746,79,__pr_graph_lp_or_cost_row__: entity: accumulator,,,True,node-cost:entity: accumulator,False,False,2.2073738567785683e-32,2.2073738523638194e-32
2747,1892,__pr_graph_lp_or_to_or_and__: 4002:item-craft: py-tank-5000 --> item: py-tank-5000,,,True,item-craft: py-tank-5000 --> item: py-tank-5000,False,False,2.2058912430236191e-32,2.2058912386118353e-32
2748,847,__pr_graph_lp_or_to_or_and__: 10030:entity-operate: py-burner --> recipe-category: py-incineration__0__0:noncoproduct-route,,,True,entity-operate: py-burner --> recipe-category: py-incineration__0__0,False,False,2.2035673317637839e-32,2.203567327356648e-32
2749,680,__pr_graph_lp_or_cost_row__: item: py-tank-5000,,,True,node-cost:item: py-tank-5000,False,False,-2.2033907729948974e-32,2.2033907685881145e-32
2750,632,__pr_graph_lp_or_cost_row__: item: piercing-rounds-magazine,,,True,node-cost:item: piercing-rounds-magazine,False,False,-2.2014875829184329e-32,2.2014875785154565e-32
2751,1971,__pr_graph_lp_or_to_or_and__: 4224:item-craft: skin --> item: skin,,,True,item-craft: skin --> item: skin,False,False,-2.2013531674611741e-32,2.2013531630584664e-32
2752,1455,__pr_graph_lp_or_to_or_and__: 2104:item: fluid-drill-mk02 --> entity-build-item: fluid-drill-mk02,,,True,item: fluid-drill-mk02 --> entity-build-item: fluid-drill-mk02,False,False,2.1965107837361155e-32,2.1965107793430927e-32
2753,2052,__pr_graph_lp_or_to_or_and__: 4503:item-craft: auog-pup --> item: auog-pup,,,True,item-craft: auog-pup --> item: auog-pup,False,False,-2.1915416908360696e-32,2.1915416864529848e-32
2754,2435,__pr_graph_lp_or_to_or_and__: 9351:entity-build: evaporator --> entity: evaporator:noncoproduct-route,,,True,entity-build: evaporator --> entity: evaporator,False,False,2.1909868057386859e-32,2.1909868013567109e-32
2755,750,__pr_graph_lp_or_cost_row__: item: solid-separator,,,True,node-cost:item: solid-separator,False,False,2.1837095400721882e-32,2.1837095357047678e-32
2756,540,__pr_graph_lp_or_cost_row__: item: hot-air-barrel,,,True,node-cost:item: hot-air-barrel,False,False,-2.1832906371661828e-32,2.1832906327996002e-32
2757,2507,__pr_graph_lp_or_to_or_and__: 9495:entity-build: boiler --> entity: boiler:noncoproduct-route,,,True,entity-build: boiler --> entity: boiler,False,False,2.1817812073410782e-32,2.1817812029775144e-32
2758,2599,__pr_graph_lp_or_to_or_and__: 9679:entity-build: wood-fence --> entity: wood-fence:noncoproduct-route,,,True,entity-build: wood-fence --> entity: wood-fence,False,False,-2.175063216579687e-32,2.1750632122295592e-32
2759,1247,__pr_graph_lp_or_to_or_and__: 10570:logic-and: smart-farm-rennea-flowers-recipe-rennea-super-1 --> logic-or: smart-farm-rennea-flowers-recipe:noncoproduct-route,,,True,logic-and: smart-farm-rennea-flowers-recipe-rennea-super-1 --> logic-or: smart-farm-rennea-flowers-recipe,False,False,-2.1710409162713526e-32,2.1710409119292695e-32
2760,914,__pr_graph_lp_or_to_or_and__: 10132:entity-operate: heavy-oil-refinery-mk01 --> recipe-category: hor__2__1:noncoproduct-route,,,True,entity-operate: heavy-oil-refinery-mk01 --> recipe-category: hor__2__1,False,False,-2.1703658568176547e-32,2.1703658524769217e-32
2761,2349,__pr_graph_lp_or_to_or_and__: 8784:item: raw-coal --> energy-source-burner: chemical__biomass__nuke_2_1,,,True,item: raw-coal --> energy-source-burner: chemical__biomass__nuke_2_1,False,False,-2.1633790688030877e-32,2.1633790644763283e-32
2762,568,__pr_graph_lp_or_cost_row__: item: light-oil-canister,,,True,node-cost:item: light-oil-canister,False,False,-2.1588803223272286e-32,2.1588803180094667e-32
2763,4449,recipe: planter-box-pyvoid,recipe,planter-box-pyvoid,False,,True,True,2.1586664240535294e-32,2.1586664197361953e-32
2764,3939,recipe: cottongut-pup-mk01-pyvoid,recipe,cottongut-pup-mk01-pyvoid,False,,True,True,-2.1572231647536826e-32,2.1572231604392348e-32
2765,2122,__pr_graph_lp_or_to_or_and__: 4792:item-craft: nco-py-short-crane-mk1 --> item: nco-py-short-crane-mk1,,,True,item-craft: nco-py-short-crane-mk1 --> item: nco-py-short-crane-mk1,False,False,2.1557135690528271e-32,2.1557135647413987e-32
2766,1244,__pr_graph_lp_or_to_or_and__: 10564:logic-and: smart-farm-ralesia-flowers-recipe-ralesia-super-5 --> logic-or: smart-farm-ralesia-flowers-recipe:noncoproduct-route,,,True,logic-and: smart-farm-ralesia-flowers-recipe-ralesia-super-5 --> logic-or: smart-farm-ralesia-flowers-recipe,False,False,-2.1546521252266693e-32,2.1546521209173637e-32
2767,1562,__pr_graph_lp_or_to_or_and__: 2659:fluid-create-temperature: diborane: 15 --> fluid-create: diborane,,,True,fluid-create-temperature: diborane: 15 --> fluid-create: diborane,False,False,-2.152757296361076e-32,2.1527572920555602e-32
2768,534,__pr_graph_lp_or_cost_row__: item: hawt-turbine-mk01,,,True,node-cost:item: hawt-turbine-mk01,False,False,-2.1464330819894745e-32,2.1464330776966071e-32
2769,463,__pr_graph_lp_or_cost_row__: item: earth-flower-sample,,,True,node-cost:item: earth-flower-sample,False,False,-2.1442243902170621e-32,2.1442243859286121e-32
2770,2252,__pr_graph_lp_or_to_or_and__: 8687:item: gasoline-canister --> energy-source-burner: chemical__biomass__jerry__nuke_2_1,,,True,item: gasoline-canister --> energy-source-burner: chemical__biomass__jerry__nuke_2_1,False,False,-2.1414435031706716e-32,2.1414434988877832e-32
2771,3654,recipe: accumulator-pyvoid,recipe,accumulator-pyvoid,False,,True,True,-2.140159632801187e-32,2.1401596285208664e-32
2772,2825,__pr_graph_lp_or_to_or_and__: 9977:entity-operate: assembling-machine-1 --> recipe-category: advanced-crafting__0__0:noncoproduct-route,,,True,entity-operate: assembling-machine-1 --> recipe-category: advanced-crafting__0__0,False,False,-2.1351257686712619e-32,2.1351257644010091e-32
2773,1854,__pr_graph_lp_or_to_or_and__: 3889:item-craft: cooling-tower-mk01 --> item: cooling-tower-mk01,,,True,item-craft: cooling-tower-mk01 --> item: cooling-tower-mk01,False,False,-2.1346237928018039e-32,2.1346237885325549e-32
2774,1216,__pr_graph_lp_or_to_or_and__: 10513:entity-operate: flora-collector-mk01 --> resource-category: ore-bioreserve__0__0:noncoproduct-route,,,True,entity-operate: flora-collector-mk01 --> resource-category: ore-bioreserve__0__0,False,False,-2.1320946448041744e-32,2.1320946405399838e-32
2775,822,__pr_graph_lp_or_to_or_and__: 10000:entity-operate: bof-mk01 --> recipe-category: bof__2__2:noncoproduct-route,,,True,entity-operate: bof-mk01 --> recipe-category: bof__2__2,False,False,-2.1307201134168257e-32,2.1307201091553843e-32
2776,672,__pr_graph_lp_or_cost_row__: item: py-shed-basic,,,True,node-cost:item: py-shed-basic,False,False,-2.1301139166761661e-32,2.1301139124159368e-32
2777,4615,recipe: sap-seeds-pyvoid,recipe,sap-seeds-pyvoid,False,,True,True,-2.1297610324958881e-32,2.1297610282363647e-32
2778,1754,__pr_graph_lp_or_to_or_and__: 3076:item-craft: iron-stick --> item: iron-stick,,,True,item-craft: iron-stick --> item: iron-stick,False,False,-2.1290040361400988e-32,2.1290040318820895e-32
2779,1977,__pr_graph_lp_or_to_or_and__: 4243:item-craft: pulp-mill-mk01 --> item: pulp-mill-mk01,,,True,item-craft: pulp-mill-mk01 --> item: pulp-mill-mk01,False,False,-2.1279746680523212e-32,2.1279746637963705e-32
2780,2859,entity-build: automated-factory-mk01,entity-build,automated-factory-mk01,False,,False,False,-2.1247987106318934e-32,2.1247987063822946e-32
2781,3712,recipe: auog-pup-pyvoid,recipe,auog-pup-pyvoid,False,,True,True,2.1192999026831543e-32,2.1192998984445532e-32
2782,2497,__pr_graph_lp_or_to_or_and__: 9475:entity-build: prandium-lab-mk01 --> entity: prandium-lab-mk01:noncoproduct-route,,,True,entity-build: prandium-lab-mk01 --> entity: prandium-lab-mk01,False,False,-2.1189743414753258e-32,2.1189743372373758e-32
2783,143,__pr_graph_lp_or_cost_row__: entity: evaporator,,,True,node-cost:entity: evaporator,False,False,-2.1178730756353492e-32,2.1178730713996016e-32
2784,2669,__pr_graph_lp_or_to_or_and__: 9773:fluid-temperature: slacked-lime: 10 --> fluid: slacked-lime:noncoproduct-route,,,True,fluid-temperature: slacked-lime: 10 --> fluid: slacked-lime,False,False,2.115962511365771e-32,2.1159625071338447e-32
2785,702,__pr_graph_lp_or_cost_row__: item: rectisol,,,True,node-cost:item: rectisol,False,False,2.1033622559615726e-32,2.1033622517548466e-32
2786,689,__pr_graph_lp_or_cost_row__: item: quenching-tower,,,True,node-cost:item: quenching-tower,False,False,2.0980376273484853e-32,2.0980376231524087e-32
2787,2754,__pr_graph_lp_or_to_or_and__: 9884:fluid-temperature: acetone: 15 --> fluid-temperature-range: acetone: 15: 15:noncoproduct-route,,,True,fluid-temperature: acetone: 15 --> fluid-temperature-range: acetone: 15: 15,False,False,2.0978319593900503e-32,2.0978319551943851e-32
2788,1976,__pr_graph_lp_or_to_or_and__: 4240:item-craft: electronics-factory-mk01 --> item: electronics-factory-mk01,,,True,item-craft: electronics-factory-mk01 --> item: electronics-factory-mk01,False,False,2.0949743426348198e-32,2.0949743384448698e-32
2789,407,__pr_graph_lp_or_cost_row__: item: centrifuge-mk01,,,True,node-cost:item: centrifuge-mk01,False,False,-2.0942679772994407e-32,2.0942679731109035e-32
2790,4233,recipe: gun-turret-pyvoid,recipe,gun-turret-pyvoid,False,,True,True,-2.094146216114161e-32,2.0941462119258674e-32
2791,1029,__pr_graph_lp_or_to_or_and__: 10275:entity-operate: bio-reactor-mk01 --> recipe-category: bio-reactor__2__0:noncoproduct-route,,,True,entity-operate: bio-reactor-mk01 --> recipe-category: bio-reactor__2__0,False,False,2.0920269576150214e-32,2.0920269534309661e-32
2792,181,__pr_graph_lp_or_cost_row__: entity: medium-worm-turret,,,True,node-cost:entity: medium-worm-turret,False,False,-2.0859822954026222e-32,2.0859822912306565e-32
2793,4693,recipe: steel-chest-pyvoid,recipe,steel-chest-pyvoid,False,,True,True,-2.080196768304564e-32,2.0801967641441691e-32
2794,356,__pr_graph_lp_or_cost_row__: item: auog-codex,,,True,node-cost:item: auog-codex,False,False,-2.0744254832619575e-32,2.0744254791131052e-32
2795,2153,__pr_graph_lp_or_to_or_and__: 6588:item: cottongut-mk01 --> recipe-py-module: cottongut-cub-1,,,True,item: cottongut-mk01 --> recipe-py-module: cottongut-cub-1,False,False,-2.0712814100920324e-32,2.0712814059494685e-32
2796,4489,recipe: py-check-valve-pyvoid,recipe,py-check-valve-pyvoid,False,,True,True,-2.0681325927536469e-32,2.0681325886173806e-32
2797,909,__pr_graph_lp_or_to_or_and__: 10126:entity-operate: chemical-plant-mk01 --> recipe-category: chemistry__0__0:noncoproduct-route,,,True,entity-operate: chemical-plant-mk01 --> recipe-category: chemistry__0__0,False,False,2.0673069531874415e-32,2.0673069490528263e-32
2798,2943,entity-build: poorman-wood-fence,entity-build,poorman-wood-fence,False,,False,False,2.0654415333310276e-32,2.0654415292001435e-32
2799,1821,__pr_graph_lp_or_to_or_and__: 3760:item-craft: limestone --> item: limestone,,,True,item-craft: limestone --> item: limestone,False,False,-2.0617114914899405e-32,2.0617114873665163e-32
2800,2882,entity-build: constant-combinator,entity-build,constant-combinator,False,,False,False,-2.0612990719949931e-32,2.0612990678723939e-32
2801,2922,entity-build: jaw-crusher,entity-build,jaw-crusher,False,,False,False,2.0591442701079432e-32,2.0591442659896535e-32
2802,628,__pr_graph_lp_or_cost_row__: item: personal-roboport-equipment,,,True,node-cost:item: personal-roboport-equipment,False,False,-2.058513648387233e-32,2.0585136442702044e-32
2803,336,__pr_graph_lp_or_cost_row__: item: advanced-foundry-mk01,,,True,node-cost:item: advanced-foundry-mk01,False,False,-2.0525161544149627e-32,2.0525161503099292e-32
2804,2776,__pr_graph_lp_or_to_or_and__: 9914:fluid-temperature: naphthalene-oil: 10 --> fluid: naphthalene-oil:noncoproduct-route,,,True,fluid-temperature: naphthalene-oil: 10 --> fluid: naphthalene-oil,False,False,-2.0522837677444543e-32,2.0522837636398855e-32
2805,1383,__pr_graph_lp_or_to_or_and__: 1844:item: research-center-mk01 --> entity-build-item: research-center-mk01,,,True,item: research-center-mk01 --> entity-build-item: research-center-mk01,False,False,2.0518212302526895e-32,2.0518212261490457e-32
2806,3524,fluid-temperature: condensates: 10,fluid-temperature,condensates: 10,False,,False,False,2.0469346560287539e-32,2.0469346519348834e-32
2807,3683,recipe: antimonium-ore-pyvoid,recipe,antimonium-ore-pyvoid,False,,True,True,-2.0465698226769007e-32,2.0465698185837599e-32
2808,2608,__pr_graph_lp_or_to_or_and__: 9691:fluid-temperature: water: 100 --> fluid-temperature-range: water: 100: 100:noncoproduct-route,,,True,fluid-temperature: water: 100 --> fluid-temperature-range: water: 100: 100,False,False,-2.0465219041326944e-32,2.0465219000396494e-32
2809,1208,__pr_graph_lp_or_to_or_and__: 10499:entity-operate: slaughterhouse-mk01 --> recipe-category: slaughterhouse__1__2:noncoproduct-route,,,True,entity-operate: slaughterhouse-mk01 --> recipe-category: slaughterhouse__1__2,False,False,-2.0456018082528437e-32,2.045601804161639e-32
2810,103,__pr_graph_lp_or_cost_row__: entity: boiler,,,True,node-cost:entity: boiler,False,False,-2.0442664399042018e-32,2.0442664358156678e-32
2811,4461,recipe: powdered-aluminium-pyvoid,recipe,powdered-aluminium-pyvoid,False,,True,True,-2.0417434696843197e-32,2.0417434656008314e-32
2812,726,__pr_graph_lp_or_cost_row__: item: sb-grade-04,,,True,node-cost:item: sb-grade-04,False,False,-2.0400045771598096e-32,2.0400045730797991e-32
2813,1301,__pr_graph_lp_or_to_or_and__: 1603:item: chemical-plant-mk01 --> entity-build-item: chemical-plant-mk01,,,True,item: chemical-plant-mk01 --> entity-build-item: chemical-plant-mk01,False,False,-2.0377847195452431e-32,2.0377847154696724e-32
2814,1314,__pr_graph_lp_or_to_or_and__: 1657:item: hydroclassifier-mk01 --> entity-build-item: hydroclassifier-mk01,,,True,item: hydroclassifier-mk01 --> entity-build-item: hydroclassifier-mk01,False,False,-2.03750392992223e-32,2.0375039258472209e-32
2815,1776,__pr_graph_lp_or_to_or_and__: 3141:item-craft: automation-science-pack --> item: automation-science-pack,,,True,item-craft: automation-science-pack --> item: automation-science-pack,False,False,-2.0356207397436983e-32,2.0356207356724555e-32
2816,3975,recipe: display-panel-pyvoid,recipe,display-panel-pyvoid,False,,True,True,-2.0351549405374719e-32,2.0351549364671608e-32
2817,401,__pr_graph_lp_or_cost_row__: item: carbon-black,,,True,node-cost:item: carbon-black,False,False,-2.0346185583286722e-32,2.0346185542594339e-32
2818,1043,__pr_graph_lp_or_to_or_and__: 10293:entity-operate: barrel-machine-mk01 --> recipe-category: py-barreling__0__1:noncoproduct-route,,,True,entity-operate: barrel-machine-mk01 --> recipe-category: py-barreling__0__1,False,False,-2.0307984896493912e-32,2.0307984855877931e-32
2819,412,__pr_graph_lp_or_cost_row__: item: chlorine-barrel,,,True,node-cost:item: chlorine-barrel,False,False,2.0271603812737326e-32,2.0271603772194105e-32
2820,1983,__pr_graph_lp_or_to_or_and__: 4258:item-craft: rubber --> item: rubber,,,True,item-craft: rubber --> item: rubber,False,False,-2.0238672275679834e-32,2.0238672235202476e-32
2821,4300,recipe: latex-pyvoid,recipe,latex-pyvoid,False,,True,True,-2.0201641799626841e-32,2.0201641759223544e-32
2822,607,__pr_graph_lp_or_cost_row__: item: nco-py-short-crane-mk1,,,True,node-cost:item: nco-py-short-crane-mk1,False,False,-2.01822059102751e-32,2.0182205869910675e-32
2823,2133,__pr_graph_lp_or_to_or_and__: 4824:item-craft: moss --> item: moss,,,True,item-craft: moss --> item: moss,False,False,-2.0151144292989671e-32,2.0151144252687369e-32
2824,2909,entity-build: generator-1,entity-build,generator-1,False,,False,False,-2.0138781522119085e-32,2.0138781481841508e-32
2825,508,__pr_graph_lp_or_cost_row__: item: gearbox-mk01,,,True,node-cost:item: gearbox-mk01,False,False,2.0137139544750623e-32,2.013713950447633e-32
2826,2444,__pr_graph_lp_or_to_or_and__: 9369:entity-build: jaw-crusher --> entity: jaw-crusher:noncoproduct-route,,,True,entity-build: jaw-crusher --> entity: jaw-crusher,False,False,-2.01350405987792e-32,2.0135040558509106e-32
2827,2364,__pr_graph_lp_or_to_or_and__: 8799:item: aromatics-canister --> energy-source-burner: jerry__nuke_2_1,,,True,item: aromatics-canister --> energy-source-burner: jerry__nuke_2_1,False,False,-2.0110364884201884e-32,2.0110364843981143e-32
2828,2946,entity-build: programmable-speaker,entity-build,programmable-speaker,False,,False,False,2.0099514129087892e-32,2.0099514088888852e-32
2829,2260,__pr_graph_lp_or_to_or_and__: 8695:item: carbolic-oil-canister --> energy-source-burner: chemical__biomass__jerry__nuke_2_1,,,True,item: carbolic-oil-canister --> energy-source-burner: chemical__biomass__jerry__nuke_2_1,False,False,-2.0018355024258809e-32,2.0018354984222086e-32
2830,1081,__pr_graph_lp_or_to_or_and__: 10339:entity-operate: smelter-mk01 --> recipe-category: py-rawores-smelter__2__0:noncoproduct-route,,,True,entity-operate: smelter-mk01 --> recipe-category: py-rawores-smelter__2__0,False,False,-2.0012500599116716e-32,2.0012500559091702e-32
2831,330,__pr_graph_lp_or_cost_row__: entity: zinc-rock,,,True,node-cost:entity: zinc-rock,False,False,-1.9993453190607392e-32,1.9993453150620472e-32
2832,4107,recipe: fawogae-substrate-pyvoid,recipe,fawogae-substrate-pyvoid,False,,True,True,1.9968017671996896e-32,1.9968017632060848e-32
2833,1004,__pr_graph_lp_or_to_or_and__: 10243:entity-operate: glassworks-mk01 --> recipe-category: glassworks__2__0:noncoproduct-route,,,True,entity-operate: glassworks-mk01 --> recipe-category: glassworks__2__0,False,False,1.9964533959408973e-32,1.9964533919479893e-32
2834,896,__pr_graph_lp_or_to_or_and__: 10111:entity-operate: advanced-foundry-mk01 --> recipe-category: advanced-foundry__0__1:noncoproduct-route,,,True,entity-operate: advanced-foundry-mk01 --> recipe-category: advanced-foundry__0__1,False,False,-1.9947203832230858e-32,1.9947203792336438e-32
2835,984,__pr_graph_lp_or_to_or_and__: 10217:entity-operate: fawogae-plantation-mk01 --> recipe-category: fawogae__2__0:noncoproduct-route,,,True,entity-operate: fawogae-plantation-mk01 --> recipe-category: fawogae__2__0,False,False,-1.9946415491253045e-32,1.9946415451360202e-32
2836,4519,recipe: py-shed-basic-pyvoid,recipe,py-shed-basic-pyvoid,False,,True,True,-1.9929297708989411e-32,1.9929297669130803e-32
2837,1926,__pr_graph_lp_or_to_or_and__: 4106:item-craft: grade-1-lead --> item: grade-1-lead,,,True,item-craft: grade-1-lead --> item: grade-1-lead,False,False,1.9928418088388733e-32,1.9928418048531886e-32
2838,2358,__pr_graph_lp_or_to_or_and__: 8793:item: cellulose --> energy-source-burner: chemical__biomass__nuke_2_1,,,True,item: cellulose --> energy-source-burner: chemical__biomass__nuke_2_1,False,False,-1.9921325819063459e-32,1.9921325779220794e-32
2839,1034,__pr_graph_lp_or_to_or_and__: 10280:entity-operate: bio-reactor-mk01 --> recipe-category: bio-reactor__1__2:noncoproduct-route,,,True,entity-operate: bio-reactor-mk01 --> recipe-category: bio-reactor__1__2,False,False,1.9915020813358734e-32,1.9915020773528681e-32
2840,515,__pr_graph_lp_or_cost_row__: item: grade-1-chromite,,,True,node-cost:item: grade-1-chromite,False,False,1.9910317949332208e-32,1.9910317909511559e-32
2841,1217,__pr_graph_lp_or_to_or_and__: 10515:entity-operate: fluid-drill-mk02 --> resource-category: basic-with-fluid__1__0:noncoproduct-route,,,True,entity-operate: fluid-drill-mk02 --> resource-category: basic-with-fluid__1__0,False,False,1.9885308878127737e-32,1.9885308838357108e-32
2842,2940,entity-build: pipe,entity-build,pipe,False,,False,False,-1.9849996496370215e-32,1.9849996456670209e-32
2843,1080,__pr_graph_lp_or_to_or_and__: 10338:entity-operate: smelter-mk01 --> recipe-category: py-rawores-smelter__1__0:noncoproduct-route,,,True,entity-operate: smelter-mk01 --> recipe-category: py-rawores-smelter__1__0,False,False,-1.982530983978972e-32,1.9825309800139087e-32
2844,2046,__pr_graph_lp_or_to_or_and__: 4491:item-craft: fawogae-codex --> item: fawogae-codex,,,True,item-craft: fawogae-codex --> item: fawogae-codex,False,False,-1.9752799245559907e-32,1.9752799206054295e-32
2845,122,__pr_graph_lp_or_cost_row__: entity: concrete-wall,,,True,node-cost:entity: concrete-wall,False,False,-1.9743502592783708e-32,1.9743502553296691e-32
2846,2855,entity-build: assembling-machine-1,entity-build,assembling-machine-1,False,,False,False,-1.9716418777196424e-32,1.9716418737763573e-32
2847,674,__pr_graph_lp_or_cost_row__: item: py-storehouse-basic,,,True,node-cost:item: py-storehouse-basic,False,False,-1.9709264014402561e-32,1.9709263974984022e-32
2848,2369,__pr_graph_lp_or_to_or_and__: 8804:item: tall-oil-canister --> energy-source-burner: jerry__nuke_2_1,,,True,item: tall-oil-canister --> energy-source-burner: jerry__nuke_2_1,False,False,-1.9663562332365821e-32,1.9663562293038684e-32
2849,1487,__pr_graph_lp_or_to_or_and__: 2369:item: py-check-valve --> entity-build-item: py-check-valve,,,True,item: py-check-valve --> entity-build-item: py-check-valve,False,False,1.9622768252293742e-32,1.9622768213048194e-32
2850,2734,__pr_graph_lp_or_to_or_and__: 9858:fluid-temperature: methane: 15 --> fluid: methane:noncoproduct-route,,,True,fluid-temperature: methane: 15 --> fluid: methane,False,False,1.9604054109396513e-32,1.9604054070188393e-32
2851,3729,recipe: battery-mk00-pyvoid,recipe,battery-mk00-pyvoid,False,,True,True,-1.958373102239403e-32,1.9583730983226555e-32
2852,2116,__pr_graph_lp_or_to_or_and__: 4667:item-craft: py-electric-boiler --> item: py-electric-boiler,,,True,item-craft: py-electric-boiler --> item: py-electric-boiler,False,False,-1.9563399239419527e-32,1.9563399200292718e-32
2853,1089,__pr_graph_lp_or_to_or_and__: 10349:entity-operate: moondrop-greenhouse-mk01 --> recipe-category: moon__2__0:noncoproduct-route,,,True,entity-operate: moondrop-greenhouse-mk01 --> recipe-category: moon__2__0,False,False,-1.954127474581574e-32,1.9541274706733178e-32
2854,1802,__pr_graph_lp_or_to_or_and__: 3282:item-craft: plastic-bar --> item: plastic-bar,,,True,item-craft: plastic-bar --> item: plastic-bar,False,False,-1.953352914646379e-32,1.9533529107396719e-32
2855,4571,recipe: raw-borax-pyvoid,recipe,raw-borax-pyvoid,False,,True,True,1.9531922974798886e-32,1.9531922935735028e-32
2856,2484,__pr_graph_lp_or_to_or_and__: 9449:entity-build: fwf-mk01 --> entity: fwf-mk01:noncoproduct-route,,,True,entity-build: fwf-mk01 --> entity: fwf-mk01,False,False,-1.9523617439688091e-32,1.9523617400640844e-32
2857,980,__pr_graph_lp_or_to_or_and__: 10211:entity-operate: washer --> recipe-category: washer__1__0:noncoproduct-route,,,True,entity-operate: washer --> recipe-category: washer__1__0,False,False,-1.9518448191428206e-32,1.9518448152391299e-32
2858,2672,__pr_graph_lp_or_to_or_and__: 9777:fluid-temperature: diborane: 15 --> fluid: diborane:noncoproduct-route,,,True,fluid-temperature: diborane: 15 --> fluid: diborane,False,False,-1.9507103736666973e-32,1.9507103697652755e-32
2859,2113,__pr_graph_lp_or_to_or_and__: 4658:item-craft: py-coal-powerplant-mk01 --> item: py-coal-powerplant-mk01,,,True,item-craft: py-coal-powerplant-mk01 --> item: py-coal-powerplant-mk01,False,False,1.9503132087577638e-32,1.9503132048571362e-32
2860,3893,recipe: clean-nexelit-pyvoid,recipe,clean-nexelit-pyvoid,False,,True,True,-1.9433688679789407e-32,1.9433688640922019e-32
2861,1468,__pr_graph_lp_or_to_or_and__: 2284:item: py-roboport-mk01 --> entity-build-item: py-roboport-mk01,,,True,item: py-roboport-mk01 --> entity-build-item: py-roboport-mk01,False,False,-1.9429869966637282e-32,1.942986992777753e-32
2862,932,__pr_graph_lp_or_to_or_and__: 10152:entity-operate: distilator --> recipe-category: distilator__2__1:noncoproduct-route,,,True,entity-operate: distilator --> recipe-category: distilator__2__1,False,False,1.9429183902728258e-32,1.942918386386988e-32
2863,241,__pr_graph_lp_or_cost_row__: entity: py-tank-4000,,,True,node-cost:entity: py-tank-4000,False,False,1.9427699990129564e-32,1.9427699951274152e-32
2864,609,__pr_graph_lp_or_cost_row__: item: nexelit-plate,,,True,node-cost:item: nexelit-plate,False,False,1.9424070059116193e-32,1.9424070020268042e-32
2865,226,__pr_graph_lp_or_cost_row__: entity: py-electric-boiler,,,True,node-cost:entity: py-electric-boiler,False,False,1.9404430380323315e-32,1.9404430341514442e-32
2866,3910,recipe: compost-plant-mk01-pyvoid,recipe,compost-plant-mk01-pyvoid,False,,True,True,-1.9394702455976194e-32,1.9394702417186778e-32
2867,1234,__pr_graph_lp_or_to_or_and__: 10544:logic-and: smart-farm-kicalk-tree-recipe-kicalk-super-1 --> logic-or: smart-farm-kicalk-tree-recipe:noncoproduct-route,,,True,logic-and: smart-farm-kicalk-tree-recipe-kicalk-super-1 --> logic-or: smart-farm-kicalk-tree-recipe,False,False,1.9377628100272352e-32,1.9377628061517084e-32
2868,1476,__pr_graph_lp_or_to_or_and__: 2325:item: splitter --> entity-build-item: splitter,,,True,item: splitter --> entity-build-item: splitter,False,False,1.9364026714475908e-32,1.9364026675747842e-32
2869,2171,__pr_graph_lp_or_to_or_and__: 6753:item: vrauks-mk02 --> recipe-py-module: vrauks-mk02,,,True,item: vrauks-mk02 --> recipe-py-module: vrauks-mk02,False,False,-1.9338862257895391e-32,1.9338862219217654e-32
2870,345,__pr_graph_lp_or_cost_row__: item: anthracene-oil-canister,,,True,node-cost:item: anthracene-oil-canister,False,False,1.9327239655959707e-32,1.9327239617305217e-32
2871,2657,__pr_graph_lp_or_to_or_and__: 9757:fluid-temperature: tailings: 10 --> fluid: tailings:noncoproduct-route,,,True,fluid-temperature: tailings: 10 --> fluid: tailings,False,False,-1.9326869879778891e-32,1.932686984112514e-32
2872,2117,__pr_graph_lp_or_to_or_and__: 4670:item-craft: multiblade-turbine-mk01 --> item: multiblade-turbine-mk01,,,True,item-craft: multiblade-turbine-mk01 --> item: multiblade-turbine-mk01,False,False,1.9303765996320785e-32,1.9303765957713242e-32
2873,1727,__pr_graph_lp_or_to_or_and__: 2992:item: log --> fuel-category: biomass__0,,,True,item: log --> fuel-category: biomass__0,False,False,-1.9246719195061024e-32,1.9246719156567574e-32
2874,257,__pr_graph_lp_or_cost_row__: entity: rare-earth-bolide,,,True,node-cost:entity: rare-earth-bolide,False,False,1.9233235236986167e-32,1.9233235198519684e-32
2875,1786,__pr_graph_lp_or_to_or_and__: 3169:item-craft: rail-signal --> item: rail-signal,,,True,item-craft: rail-signal --> item: rail-signal,False,False,1.9219141048805743e-32,1.921914101036745e-32
2876,204,__pr_graph_lp_or_cost_row__: entity: ore-titanium,,,True,node-cost:entity: ore-titanium,False,False,1.9188940650863969e-32,1.9188940612486077e-32
2877,3845,recipe: caged-vrauks-pyvoid,recipe,caged-vrauks-pyvoid,False,,True,True,-1.9177944198482152e-32,1.9177944160126251e-32
2878,1817,__pr_graph_lp_or_to_or_and__: 3744:item-craft: tailings-dust --> item: tailings-dust,,,True,item-craft: tailings-dust --> item: tailings-dust,False,False,-1.9159364803222538e-32,1.9159364764903796e-32
2879,2624,__pr_graph_lp_or_to_or_and__: 9712:fluid-temperature: steam: 500 --> fluid-temperature-range: steam: 500: nil:noncoproduct-route,,,True,fluid-temperature: steam: 500 --> fluid-temperature-range: steam: 500: nil,False,False,-1.9153225107889098e-32,1.9153225069582636e-32
2880,2036,__pr_graph_lp_or_to_or_and__: 4458:item-craft: cdna --> item: cdna,,,True,item-craft: cdna --> item: cdna,False,False,1.915301353819964e-32,1.91530134998936e-32
2881,1836,__pr_graph_lp_or_to_or_and__: 3801:item-craft: equipment-chassi --> item: equipment-chassi,,,True,item-craft: equipment-chassi --> item: equipment-chassi,False,False,-1.9146005577740546e-32,1.9146005539448525e-32
2882,1249,__pr_graph_lp_or_to_or_and__: 10574:logic-and: smart-farm-rennea-flowers-recipe-rennea-super-3 --> logic-or: smart-farm-rennea-flowers-recipe:noncoproduct-route,,,True,logic-and: smart-farm-rennea-flowers-recipe-rennea-super-3 --> logic-or: smart-farm-rennea-flowers-recipe,False,False,-1.9135559534462561e-32,1.9135559496191431e-32
2883,1095,__pr_graph_lp_or_to_or_and__: 10357:entity-operate: electronics-factory-mk01 --> recipe-category: electronic__2__0:noncoproduct-route,,,True,entity-operate: electronics-factory-mk01 --> recipe-category: electronic__2__0,False,False,-1.9133071933014303e-32,1.9133071894748148e-32
2884,989,__pr_graph_lp_or_to_or_and__: 10223:entity-operate: ralesia-plantation-mk01 --> recipe-category: ralesia__2__1:noncoproduct-route,,,True,entity-operate: ralesia-plantation-mk01 --> recipe-category: ralesia__2__1,False,False,1.9104597148317269e-32,1.9104597110108064e-32
2885,2139,__pr_graph_lp_or_to_or_and__: 4854:item-craft: fawogae --> item: fawogae,,,True,item-craft: fawogae --> item: fawogae,False,False,1.9084780357722278e-32,1.9084780319552706e-32
2886,4811,recipe: washer-pyvoid,recipe,washer-pyvoid,False,,True,True,-1.9084256582484914e-32,1.9084256544316391e-32
2887,1482,__pr_graph_lp_or_to_or_and__: 2349:item: py-tank-4000 --> entity-build-item: py-tank-4000,,,True,item: py-tank-4000 --> entity-build-item: py-tank-4000,False,False,1.9056658685357865e-32,1.9056658647244537e-32
2888,1157,__pr_graph_lp_or_to_or_and__: 10434:entity-operate: seaweed-crop-mk01 --> recipe-category: seaweed__3__0:noncoproduct-route,,,True,entity-operate: seaweed-crop-mk01 --> recipe-category: seaweed__3__0,False,False,1.9032982108037868e-32,1.9032982069971893e-32
2889,2904,entity-build: fluidavan,entity-build,fluidavan,False,,False,False,-1.9008716834662688e-32,1.9008716796645241e-32
2890,1698,__pr_graph_lp_or_to_or_and__: 2959:fluid-create-temperature: hot-molten-salt: 1000 --> fluid-create: hot-molten-salt,,,True,fluid-create-temperature: hot-molten-salt: 1000 --> fluid-create: hot-molten-salt,False,False,-1.8960662416931011e-32,1.8960662379009674e-32
2891,147,__pr_graph_lp_or_cost_row__: entity: fish-farm-mk01,,,True,node-cost:entity: fish-farm-mk01,False,False,-1.8954201400536609e-32,1.8954201362628196e-32
2892,1913,__pr_graph_lp_or_to_or_and__: 4065:item-craft: ore-titanium --> item: ore-titanium,,,True,item-craft: ore-titanium --> item: ore-titanium,False,False,1.8950784203035704e-32,1.8950784165134125e-32
2893,2874,entity-build: casting-unit-mk01,entity-build,casting-unit-mk01,False,,False,False,1.8945665916225524e-32,1.8945665878334181e-32
2894,4533,recipe: py-tank-4000-pyvoid,recipe,py-tank-4000-pyvoid,False,,True,True,-1.8936336115285579e-32,1.8936336077412897e-32
2895,3890,recipe: clay-pit-mk01-pyvoid,recipe,clay-pit-mk01-pyvoid,False,,True,True,-1.8929839091863099e-32,1.8929839054003409e-32
2896,1804,__pr_graph_lp_or_to_or_and__: 3286:item-craft: gun-turret --> item: gun-turret,,,True,item-craft: gun-turret --> item: gun-turret,False,False,-1.8924307417969891e-32,1.8924307380121266e-32
2897,1130,__pr_graph_lp_or_to_or_and__: 10399:entity-operate: reformer-mk01 --> recipe-category: reformer__2__0:noncoproduct-route,,,True,entity-operate: reformer-mk01 --> recipe-category: reformer__2__0,False,False,1.8905537813090271e-32,1.8905537775279185e-32
2898,238,__pr_graph_lp_or_cost_row__: entity: py-tank-10000,,,True,node-cost:entity: py-tank-10000,False,False,1.887753366361232e-32,1.8877533625857242e-32
2899,3147,entity-mine: programmable-speaker,entity-mine,programmable-speaker,False,,True,False,-1.8871542224283385e-32,1.8871542186540289e-32
2900,1503,__pr_graph_lp_or_to_or_and__: 2505:item: concrete-wall --> entity-build-item: concrete-wall,,,True,item: concrete-wall --> entity-build-item: concrete-wall,False,False,1.8865379641831076e-32,1.8865379604100304e-32
2901,1874,__pr_graph_lp_or_to_or_and__: 3948:item-craft: plankton-farm --> item: plankton-farm,,,True,item-craft: plankton-farm --> item: plankton-farm,False,False,1.8857921709473432e-32,1.8857921671757576e-32
2902,385,__pr_graph_lp_or_cost_row__: item: boric-acid-barrel,,,True,node-cost:item: boric-acid-barrel,False,False,-1.884510349822893e-32,1.8845103460538712e-32
2903,1031,__pr_graph_lp_or_to_or_and__: 10277:entity-operate: bio-reactor-mk01 --> recipe-category: bio-reactor__0__0:noncoproduct-route,,,True,entity-operate: bio-reactor-mk01 --> recipe-category: bio-reactor__0__0,False,False,1.8793311678007385e-32,1.8793311640420751e-32
2904,2458,__pr_graph_lp_or_to_or_and__: 9397:entity-build: py-heat-exchanger --> entity: py-heat-exchanger:noncoproduct-route,,,True,entity-build: py-heat-exchanger --> entity: py-heat-exchanger,False,False,-1.8773616097017142e-32,1.87736160594699e-32
2905,1334,__pr_graph_lp_or_to_or_and__: 1736:item: retorter --> entity-build-item: retorter,,,True,item: retorter --> entity-build-item: retorter,False,False,-1.874102266536005e-32,1.8741022627877993e-32
2906,2443,__pr_graph_lp_or_to_or_and__: 9367:entity-build: ralesia-plantation-mk01 --> entity: ralesia-plantation-mk01:noncoproduct-route,,,True,entity-build: ralesia-plantation-mk01 --> entity: ralesia-plantation-mk01,False,False,1.8740696427808728e-32,1.8740696390327325e-32
2907,1814,__pr_graph_lp_or_to_or_and__: 3720:item-craft: gravel --> item: gravel,,,True,item-craft: gravel --> item: gravel,False,False,1.8724388454981124e-32,1.8724388417532336e-32
2908,1278,__pr_graph_lp_or_to_or_and__: 1533:item: cooling-tower-mk01 --> entity-build-item: cooling-tower-mk01,,,True,item: cooling-tower-mk01 --> entity-build-item: cooling-tower-mk01,False,False,-1.8714720429518567e-32,1.8714720392089116e-32
2909,1867,__pr_graph_lp_or_to_or_and__: 3928:item-craft: automated-factory-mk01 --> item: automated-factory-mk01,,,True,item-craft: automated-factory-mk01 --> item: automated-factory-mk01,False,False,-1.8698995496901405e-32,1.8698995459503404e-32
2910,4535,recipe: py-tank-5000-pyvoid,recipe,py-tank-5000-pyvoid,False,,True,True,-1.8688555598722348e-32,1.8688555561345226e-32
2911,121,__pr_graph_lp_or_cost_row__: entity: compost-plant-mk01,,,True,node-cost:entity: compost-plant-mk01,False,False,1.8670347438772342e-32,1.8670347401431636e-32
2912,519,__pr_graph_lp_or_cost_row__: item: grade-1-ti,,,True,node-cost:item: grade-1-ti,False,False,-1.8625474025255899e-32,1.8625473988004939e-32
2913,891,__pr_graph_lp_or_to_or_and__: 10105:entity-operate: automated-factory-mk01 --> recipe-category: crafting-with-fluid__2__0:noncoproduct-route,,,True,entity-operate: automated-factory-mk01 --> recipe-category: crafting-with-fluid__2__0,False,False,1.8612157908975361e-32,1.8612157871751033e-32
2914,2937,entity-build: outpost,entity-build,outpost,False,,False,False,-1.857454693756465e-32,1.8574546900415546e-32
2915,2346,__pr_graph_lp_or_to_or_and__: 8781:item: coke --> energy-source-burner: chemical__biomass__nuke_2_1,,,True,item: coke --> energy-source-burner: chemical__biomass__nuke_2_1,False,False,-1.8555088166582141e-32,1.8555088129471953e-32
2916,3003,entity-build: splitter,entity-build,splitter,False,,False,False,-1.8541759249451248e-32,1.8541759212367717e-32
2917,1465,__pr_graph_lp_or_to_or_and__: 2145:item: py-local-radar --> entity-build-item: py-local-radar,,,True,item: py-local-radar --> entity-build-item: py-local-radar,False,False,1.8509351578344796e-32,1.8509351541326082e-32
2918,527,__pr_graph_lp_or_cost_row__: item: graphite,,,True,node-cost:item: graphite,False,False,-1.8490052852089339e-32,1.8490052815109223e-32
2919,1258,__pr_graph_lp_or_to_or_and__: 10592:logic-and: smart-farm-yotoi-tree-fruit-recipe-yotoi-fruit-super-2 --> logic-or: smart-farm-yotoi-tree-fruit-recipe:noncoproduct-route,,,True,logic-and: smart-farm-yotoi-tree-fruit-recipe-yotoi-fruit-super-2 --> logic-or: smart-farm-yotoi-tree-fruit-recipe,False,False,1.8476794184024783e-32,1.8476794147071182e-32
2920,2361,__pr_graph_lp_or_to_or_and__: 8796:item: coal-gas-canister --> energy-source-burner: jerry__nuke_2_1,,,True,item: coal-gas-canister --> energy-source-burner: jerry__nuke_2_1,False,False,-1.8453640872125042e-32,1.845364083521775e-32
2921,1916,__pr_graph_lp_or_to_or_and__: 4073:item-craft: grade-3-ti --> item: grade-3-ti,,,True,item-craft: grade-3-ti --> item: grade-3-ti,False,False,1.8358617130258021e-32,1.8358617093540774e-32
2922,545,__pr_graph_lp_or_cost_row__: item: incubator-mk01,,,True,node-cost:item: incubator-mk01,False,False,-1.835317384161023e-32,1.835317380490387e-32
2923,2431,__pr_graph_lp_or_to_or_and__: 9343:entity-build: rectisol --> entity: rectisol:noncoproduct-route,,,True,entity-build: rectisol --> entity: rectisol,False,False,1.8345885928625894e-32,1.8345885891934111e-32
2924,2483,__pr_graph_lp_or_to_or_and__: 9447:entity-build: spore-collector-mk01 --> entity: spore-collector-mk01:noncoproduct-route,,,True,entity-build: spore-collector-mk01 --> entity: spore-collector-mk01,False,False,1.833593158142042e-32,1.8335931544748546e-32
2925,539,__pr_graph_lp_or_cost_row__: item: heavy-oil-refinery-mk01,,,True,node-cost:item: heavy-oil-refinery-mk01,False,False,-1.8332159490017123e-32,1.8332159453352792e-32
2926,2763,__pr_graph_lp_or_to_or_and__: 9896:fluid-temperature: polybutadiene: 10 --> fluid-temperature-range: polybutadiene: 10: 10:noncoproduct-route,,,True,fluid-temperature: polybutadiene: 10 --> fluid-temperature-range: polybutadiene: 10: 10,False,False,-1.8316281531549735e-32,1.831628149491716e-32
2927,2094,__pr_graph_lp_or_to_or_and__: 4613:item-craft: yaw-drive-mk01 --> item: yaw-drive-mk01,,,True,item-craft: yaw-drive-mk01 --> item: yaw-drive-mk01,False,False,1.831376103337309e-32,1.8313760996745557e-32
2928,1323,__pr_graph_lp_or_to_or_and__: 1692:item: fbreactor-mk01 --> entity-build-item: fbreactor-mk01,,,True,item: fbreactor-mk01 --> entity-build-item: fbreactor-mk01,False,False,-1.8301589673821435e-32,1.8301589637218243e-32
2929,1806,__pr_graph_lp_or_to_or_and__: 3292:item-craft: decider-combinator --> item: decider-combinator,,,True,item-craft: decider-combinator --> item: decider-combinator,False,False,1.8294441213024357e-32,1.8294441176435464e-32
2930,601,__pr_graph_lp_or_cost_row__: item: multiblade-turbine-mk01,,,True,node-cost:item: multiblade-turbine-mk01,False,False,1.8284652780408891e-32,1.8284652743839574e-32
2931,2980,entity-build: quenching-tower,entity-build,quenching-tower,False,,False,False,-1.8258003159076416e-32,1.8258003122560398e-32
2932,890,__pr_graph_lp_or_to_or_and__: 10104:entity-operate: automated-factory-mk01 --> recipe-category: crafting-with-fluid__0__1:noncoproduct-route,,,True,entity-operate: automated-factory-mk01 --> recipe-category: crafting-with-fluid__0__1,False,False,1.8216952983435369e-32,1.8216952947001453e-32
2933,1448,__pr_graph_lp_or_to_or_and__: 2073:item: storage-chest --> entity-build-item: storage-chest,,,True,item: storage-chest --> entity-build-item: storage-chest,False,False,1.8204069640389834e-32,1.8204069603981684e-32
2934,2504,__pr_graph_lp_or_to_or_and__: 9489:entity-build: py-oil-powerplant-mk01 --> entity: py-oil-powerplant-mk01:noncoproduct-route,,,True,entity-build: py-oil-powerplant-mk01 --> entity: py-oil-powerplant-mk01,False,False,1.8184246478167479e-32,1.8184246441798975e-32
2935,2749,__pr_graph_lp_or_to_or_and__: 9878:fluid-temperature: tall-oil: 10 --> fluid: tall-oil:noncoproduct-route,,,True,fluid-temperature: tall-oil: 10 --> fluid: tall-oil,False,False,-1.8172074519334689e-32,1.817207448299053e-32
2936,982,__pr_graph_lp_or_to_or_and__: 10215:entity-operate: fawogae-plantation-mk01 --> recipe-category: fawogae__1__0:noncoproduct-route,,,True,entity-operate: fawogae-plantation-mk01 --> recipe-category: fawogae__1__0,False,False,-1.8168250623411061e-32,1.8168250587074549e-32
2937,4402,recipe: offshore-pump-pyvoid,recipe,offshore-pump-pyvoid,False,,True,True,-1.8138417853322802e-32,1.8138417817045954e-32
2938,1142,__pr_graph_lp_or_to_or_and__: 10413:entity-operate: gas-refinery-mk01 --> recipe-category: gas-refinery__3__3:noncoproduct-route,,,True,entity-operate: gas-refinery-mk01 --> recipe-category: gas-refinery__3__3,False,False,-1.8083576704495933e-32,1.808357666832877e-32
2939,334,__pr_graph_lp_or_cost_row__: item: acetylene-canister,,,True,node-cost:item: acetylene-canister,False,False,1.8080121539878023e-32,1.8080121503717768e-32
2940,1798,__pr_graph_lp_or_to_or_and__: 3201:item-craft: storage-tank --> item: storage-tank,,,True,item-craft: storage-tank --> item: storage-tank,False,False,-1.8055814961296464e-32,1.8055814925184822e-32
2941,1771,__pr_graph_lp_or_to_or_and__: 3126:item-craft: pipe-to-ground --> item: pipe-to-ground,,,True,item-craft: pipe-to-ground --> item: pipe-to-ground,False,False,1.8052631959037632e-32,1.8052631922932356e-32
2942,3216,entity-mine: storage-chest,entity-mine,storage-chest,False,,True,False,-1.804939277807759e-32,1.8049392741978792e-32
2943,685,__pr_graph_lp_or_cost_row__: item: py-underflow-valve,,,True,node-cost:item: py-underflow-valve,False,False,1.8046238296670182e-32,1.8046238260577696e-32
2944,1062,__pr_graph_lp_or_to_or_and__: 10316:entity-operate: electrolyzer-mk01 --> recipe-category: electrolyzer__3__0:noncoproduct-route,,,True,entity-operate: electrolyzer-mk01 --> recipe-category: electrolyzer__3__0,False,False,1.8000255649883495e-32,1.8000255613882972e-32
2945,3207,entity-mine: splitter,entity-mine,splitter,False,,True,False,-1.7991150385077827e-32,1.7991150349095514e-32
2946,1937,__pr_graph_lp_or_to_or_and__: 4135:item-craft: grade-2-zinc --> item: grade-2-zinc,,,True,item-craft: grade-2-zinc --> item: grade-2-zinc,False,False,1.7990283055460246e-32,1.7990283019479669e-32
2947,1209,__pr_graph_lp_or_to_or_and__: 10500:entity-operate: slaughterhouse-mk01 --> recipe-category: slaughterhouse__1__0:noncoproduct-route,,,True,entity-operate: slaughterhouse-mk01 --> recipe-category: slaughterhouse__1__0,False,False,-1.7948941101361867e-32,1.7948941065463975e-32
2948,236,__pr_graph_lp_or_cost_row__: entity: py-storehouse-basic,,,True,node-cost:entity: py-storehouse-basic,False,False,-1.7928927353932414e-32,1.7928927318074549e-32
2949,3130,entity-mine: ore-bioreserve,entity-mine,ore-bioreserve,False,,True,False,1.791744000291326e-32,1.7917439967078369e-32
2950,2613,__pr_graph_lp_or_to_or_and__: 9699:fluid-temperature: steam: 150 --> fluid-temperature-range: steam: nil: 500:noncoproduct-route,,,True,fluid-temperature: steam: 150 --> fluid-temperature-range: steam: nil: 500,False,False,1.7915144930360268e-32,1.7915144894529966e-32
2951,3538,fluid-temperature: hot-molten-salt: 1000,fluid-temperature,hot-molten-salt: 1000,False,,False,False,-1.7911338255320937e-32,1.791133821949825e-32
2952,1111,__pr_graph_lp_or_to_or_and__: 10377:entity-operate: fbreactor-mk01 --> recipe-category: fbreactor__0__3:noncoproduct-route,,,True,entity-operate: fbreactor-mk01 --> recipe-category: fbreactor__0__3,False,False,-1.789719821437785e-32,1.7897198178583443e-32
2953,2372,__pr_graph_lp_or_to_or_and__: 8807:item: anthracene-oil-canister --> energy-source-burner: jerry__nuke_2_1,,,True,item: anthracene-oil-canister --> energy-source-burner: jerry__nuke_2_1,False,False,-1.7854440534776344e-32,1.7854440499067452e-32
2954,1703,__pr_graph_lp_or_to_or_and__: 2967:item: coal-dust --> fuel-category: chemical__1,,,True,item: coal-dust --> fuel-category: chemical__1,False,False,-1.7839686941969396e-32,1.783968690629001e-32
2955,4140,recipe: fish-farm-mk01-pyvoid,recipe,fish-farm-mk01-pyvoid,False,,True,True,-1.7789930966472413e-32,1.7789930930892539e-32
2956,758,__pr_graph_lp_or_cost_row__: item: steel-chest,,,True,node-cost:item: steel-chest,False,False,-1.7784870225723683e-32,1.7784870190153933e-32
2957,2857,entity-build: atomizer-mk01,entity-build,atomizer-mk01,False,,False,False,-1.7725024892176849e-32,1.772502485672679e-32
2958,402,__pr_graph_lp_or_cost_row__: item: carbon-dioxide-barrel,,,True,node-cost:item: carbon-dioxide-barrel,False,False,-1.7665325278589848e-32,1.7665325243259187e-32
2959,2727,__pr_graph_lp_or_to_or_and__: 9848:fluid-temperature: coke-oven-gas: 250 --> fluid-temperature-range: coke-oven-gas: 250: 250:noncoproduct-route,,,True,fluid-temperature: coke-oven-gas: 250 --> fluid-temperature-range: coke-oven-gas: 250: 250,False,False,-1.7656405669580895e-32,1.7656405634268073e-32
2960,4491,recipe: py-coal-powerplant-mk01-pyvoid,recipe,py-coal-powerplant-mk01-pyvoid,False,,True,True,-1.7637118425232788e-32,1.763711838995854e-32
2961,1336,__pr_graph_lp_or_to_or_and__: 1743:item: moss --> entity-operate-py-module: moss-farm-mk01,,,True,item: moss --> entity-operate-py-module: moss-farm-mk01,False,False,1.7612551772996085e-32,1.761255173777097e-32
2962,3739,recipe: bio-sample-pyvoid,recipe,bio-sample-pyvoid,False,,True,True,1.7601520197768937e-32,1.7601520162565887e-32
2963,354,__pr_graph_lp_or_cost_row__: item: atomizer-mk01,,,True,node-cost:item: atomizer-mk01,False,False,-1.760150247203589e-32,1.7601502436832875e-32
2964,2155,__pr_graph_lp_or_to_or_and__: 6590:item: cottongut-mk01 --> recipe-py-module: cottongut-cub-3,,,True,item: cottongut-mk01 --> recipe-py-module: cottongut-cub-3,False,False,-1.7580703994059618e-32,1.7580703958898198e-32
2965,1226,__pr_graph_lp_or_to_or_and__: 10528:logic-and: smart-farm-ore-bioreserve-recipe-bioreserve-super-1 --> logic-or: smart-farm-ore-bioreserve-recipe:noncoproduct-route,,,True,logic-and: smart-farm-ore-bioreserve-recipe-bioreserve-super-1 --> logic-or: smart-farm-ore-bioreserve-recipe,False,False,1.7547600991752279e-32,1.7547600956657066e-32
2966,153,__pr_graph_lp_or_cost_row__: entity: fluidavan,,,True,node-cost:entity: fluidavan,False,False,1.7531080799564574e-32,1.7531080764502401e-32
2967,4258,recipe: hpf-pyvoid,recipe,hpf-pyvoid,False,,True,True,-1.7500077261166202e-32,1.7500077226166036e-32
2968,2885,entity-build: creature-chamber-mk01,entity-build,creature-chamber-mk01,False,,False,False,-1.7489266332746874e-32,1.7489266297768329e-32
2969,524,__pr_graph_lp_or_cost_row__: item: grade-2-tin,,,True,node-cost:item: grade-2-tin,False,False,1.7477706013672126e-32,1.7477705978716703e-32
2970,2018,__pr_graph_lp_or_to_or_and__: 4362:item-craft: rc-mk01 --> item: rc-mk01,,,True,item-craft: rc-mk01 --> item: rc-mk01,False,False,1.7476318021367791e-32,1.7476317986415143e-32
2971,1495,__pr_graph_lp_or_to_or_and__: 2469:item: caravan --> entity-build-item: caravan,,,True,item: caravan --> entity-build-item: caravan,False,False,1.747390363968453e-32,1.7473903604736713e-32
2972,211,__pr_graph_lp_or_cost_row__: entity: pipe,,,True,node-cost:entity: pipe,False,False,1.746400147223442e-32,1.7464001437306407e-32
2973,2138,__pr_graph_lp_or_to_or_and__: 4850:item-craft: vrauks-mk02 --> item: vrauks-mk02,,,True,item-craft: vrauks-mk02 --> item: vrauks-mk02,False,False,-1.7461542435588791e-32,1.7461542400665696e-32
2974,2862,entity-build: barrel-machine-mk01,entity-build,barrel-machine-mk01,False,,False,False,-1.7446135508503772e-32,1.744613547361149e-32
2975,2027,__pr_graph_lp_or_to_or_and__: 4439:item-craft: petri-dish-bacteria --> item: petri-dish-bacteria,,,True,item-craft: petri-dish-bacteria --> item: petri-dish-bacteria,False,False,-1.7398947885460254e-32,1.7398947850662348e-32
2976,1106,__pr_graph_lp_or_to_or_and__: 10371:entity-operate: pcb-factory-mk01 --> recipe-category: pcb__2__0:noncoproduct-route,,,True,entity-operate: pcb-factory-mk01 --> recipe-category: pcb__2__0,False,False,1.7368317010655129e-32,1.7368316975918484e-32
2977,2903,entity-build: fluid-wagon,entity-build,fluid-wagon,False,,False,False,1.7362611186006958e-32,1.7362611151281726e-32
2978,805,__pr_graph_lp_or_cost_row__: item: vrauks-mk02,,,True,node-cost:item: vrauks-mk02,False,False,1.7343107592782674e-32,1.7343107558096448e-32
2979,2091,__pr_graph_lp_or_to_or_and__: 4607:item-craft: pbsb-alloy --> item: pbsb-alloy,,,True,item-craft: pbsb-alloy --> item: pbsb-alloy,False,False,-1.7341693479745681e-32,1.7341693445062282e-32
2980,4438,recipe: piercing-rounds-magazine-pyvoid,recipe,piercing-rounds-magazine-pyvoid,False,,True,True,-1.7341684332503686e-32,1.7341684297820307e-32
2981,988,__pr_graph_lp_or_to_or_and__: 10222:entity-operate: ralesia-plantation-mk01 --> recipe-category: ralesia__1__1:noncoproduct-route,,,True,entity-operate: ralesia-plantation-mk01 --> recipe-category: ralesia__1__1,False,False,1.7331575391344189e-32,1.7331575356681027e-32
2982,1313,__pr_graph_lp_or_to_or_and__: 1653:item: flotation-cell-mk01 --> entity-build-item: flotation-cell-mk01,,,True,item: flotation-cell-mk01 --> entity-build-item: flotation-cell-mk01,False,False,1.7324726249180425e-32,1.7324726214530962e-32
2983,287,__pr_graph_lp_or_cost_row__: entity: steel-chest,,,True,node-cost:entity: steel-chest,False,False,-1.7310200683864545e-32,1.7310200649244134e-32
2984,3142,entity-mine: pipe-to-ground,entity-mine,pipe-to-ground,False,,True,False,-1.7290224062211758e-32,1.72902240276313e-32
2985,4447,recipe: plankton-farm-pyvoid,recipe,plankton-farm-pyvoid,False,,True,True,-1.7281486206594943e-32,1.728148617203196e-32
2986,3024,entity-build: washer,entity-build,washer,False,,False,False,1.7263678255416628e-32,1.7263678220889261e-32
2987,1733,__pr_graph_lp_or_to_or_and__: 2999:item: fish --> fuel-category: fish__0,,,True,item: fish --> fuel-category: fish__0,False,False,1.7252803135094846e-32,1.7252803100589228e-32
2988,1405,__pr_graph_lp_or_to_or_and__: 1909:item: generator-1 --> entity-build-item: generator-1,,,True,item: generator-1 --> entity-build-item: generator-1,False,False,1.7247658398138248e-32,1.7247658363642922e-32
2989,38,__pr_graph_lp_explicit_zero_free_source__: 2319:room-autoplace: planet: nauvis --> entity: zinc-rock,,,True,explicit-zero:room-autoplace: planet: nauvis --> entity: zinc-rock,False,False,1.7239661616647786e-32,1.7239661582168451e-32
2990,1299,__pr_graph_lp_or_to_or_and__: 1595:item: botanical-nursery --> entity-build-item: botanical-nursery,,,True,item: botanical-nursery --> entity-build-item: botanical-nursery,False,False,1.7120192557259721e-32,1.7120192523019324e-32
2991,405,__pr_graph_lp_or_cost_row__: item: cdna,,,True,node-cost:item: cdna,False,False,-1.712000659049835e-32,1.7120006556258326e-32
2992,2355,__pr_graph_lp_or_to_or_and__: 8790:item: raw-fiber --> energy-source-burner: chemical__biomass__nuke_2_1,,,True,item: raw-fiber --> energy-source-burner: chemical__biomass__nuke_2_1,False,False,-1.7117817034718565e-32,1.7117817000482919e-32
2993,904,__pr_graph_lp_or_to_or_and__: 10121:entity-operate: chemical-plant-mk01 --> recipe-category: chemistry__2__2:noncoproduct-route,,,True,entity-operate: chemical-plant-mk01 --> recipe-category: chemistry__2__2,False,False,1.7090141645575921e-32,1.7090141611395627e-32
2994,2529,__pr_graph_lp_or_to_or_and__: 9539:entity-build: barrel-machine-mk01 --> entity: barrel-machine-mk01:noncoproduct-route,,,True,entity-build: barrel-machine-mk01 --> entity: barrel-machine-mk01,False,False,1.7090052203798633e-32,1.7090052169618519e-32
2995,2911,entity-build: geothermal-plant-mk01,entity-build,geothermal-plant-mk01,False,,False,False,1.7063599300650763e-32,1.7063599266523554e-32
2996,493,__pr_graph_lp_or_cost_row__: item: flora-collector-mk01,,,True,node-cost:item: flora-collector-mk01,False,False,-1.6968592305061036e-32,1.6968592271123842e-32
2997,313,__pr_graph_lp_or_cost_row__: entity: tree-08-brown,,,True,node-cost:entity: tree-08-brown,False,False,1.6958513861645279e-32,1.695851382772824e-32
2998,1039,__pr_graph_lp_or_to_or_and__: 10286:entity-operate: py-heat-exchanger --> recipe-category: heat-exchanger__2__1:noncoproduct-route,,,True,entity-operate: py-heat-exchanger --> recipe-category: heat-exchanger__2__1,False,False,-1.6953295153632073e-32,1.6953295119725473e-32
2999,2952,entity-build: py-coal-powerplant-mk01,entity-build,py-coal-powerplant-mk01,False,,False,False,-1.6925642981519994e-32,1.6925642947668698e-32
3000,650,__pr_graph_lp_or_cost_row__: item: processed-iron-ore,,,True,node-cost:item: processed-iron-ore,False,False,1.6907661750266524e-32,1.6907661716451191e-32
3001,616,__pr_graph_lp_or_cost_row__: item: ore-lead,,,True,node-cost:item: ore-lead,False,False,1.6899519664572599e-32,1.6899519630773548e-32
3002,1878,__pr_graph_lp_or_to_or_and__: 3960:item-craft: genlab-mk01 --> item: genlab-mk01,,,True,item-craft: genlab-mk01 --> item: genlab-mk01,False,False,-1.6848275185417477e-32,1.6848275151720915e-32
3003,3576,item-ammo: piercing-rounds-magazine,item-ammo,piercing-rounds-magazine,False,,False,False,1.6845975762797453e-32,1.6845975729105492e-32
3004,593,__pr_graph_lp_or_cost_row__: item: moondrop-codex,,,True,node-cost:item: moondrop-codex,False,False,-1.6828787232613773e-32,1.6828787198956188e-32
3005,3838,recipe: burner-mining-drill-pyvoid,recipe,burner-mining-drill-pyvoid,False,,True,True,1.6826781978501784e-32,1.6826781944848211e-32
3006,97,__pr_graph_lp_or_cost_row__: entity: big-worm-turret,,,True,node-cost:entity: big-worm-turret,False,False,-1.6822632683448908e-32,1.6822632649803633e-32
3007,4592,recipe: retrovirus-pyvoid,recipe,retrovirus-pyvoid,False,,True,True,-1.6784612414502894e-32,1.6784612380933659e-32
3008,1435,__pr_graph_lp_or_to_or_and__: 2032:item: steam-turbine-mk01 --> entity-build-item: steam-turbine-mk01,,,True,item: steam-turbine-mk01 --> entity-build-item: steam-turbine-mk01,False,False,-1.6757523369202999e-32,1.6757523335687941e-32
3009,506,__pr_graph_lp_or_cost_row__: item: gasoline-canister,,,True,node-cost:item: gasoline-canister,False,False,-1.6711595356122238e-32,1.6711595322699036e-32
3010,1421,__pr_graph_lp_or_to_or_and__: 1975:item: medium-electric-pole --> entity-build-item: medium-electric-pole,,,True,item: medium-electric-pole --> entity-build-item: medium-electric-pole,False,False,-1.6710141870166629e-32,1.6710141836746334e-32
3011,3960,recipe: data-array-pyvoid,recipe,data-array-pyvoid,False,,True,True,-1.6709047683950353e-32,1.6709047650532247e-32
3012,623,__pr_graph_lp_or_cost_row__: item: outpost-fluid,,,True,node-cost:item: outpost-fluid,False,False,1.6707931253051664e-32,1.6707931219635792e-32
3013,3836,recipe: burner-inserter-pyvoid,recipe,burner-inserter-pyvoid,False,,True,True,1.6685904637155198e-32,1.6685904603783379e-32
3014,2971,entity-build: py-tank-5000,entity-build,py-tank-5000,False,,False,False,1.667926289821066e-32,1.6679262864852123e-32
3015,1162,__pr_graph_lp_or_to_or_and__: 10440:entity-operate: biofactory-mk01 --> recipe-category: biofactory__1__1:noncoproduct-route,,,True,entity-operate: biofactory-mk01 --> recipe-category: biofactory__1__1,False,False,-1.6671399663711425e-32,1.6671399630368615e-32
3016,2979,entity-build: pyphoon-bay,entity-build,pyphoon-bay,False,,False,False,-1.6647833013557425e-32,1.6647832980261749e-32
3017,1240,__pr_graph_lp_or_to_or_and__: 10556:logic-and: smart-farm-ralesia-flowers-recipe-ralesia-super-1 --> logic-or: smart-farm-ralesia-flowers-recipe:noncoproduct-route,,,True,logic-and: smart-farm-ralesia-flowers-recipe-ralesia-super-1 --> logic-or: smart-farm-ralesia-flowers-recipe,False,False,-1.6626964519967596e-32,1.6626964486713656e-32
3018,1871,__pr_graph_lp_or_to_or_and__: 3940:item-craft: glassworks-mk01 --> item: glassworks-mk01,,,True,item-craft: glassworks-mk01 --> item: glassworks-mk01,False,False,1.6608395133975715e-32,1.6608395100758915e-32
3019,2583,__pr_graph_lp_or_to_or_and__: 9647:entity-build: py-tank-8000 --> entity: py-tank-8000:noncoproduct-route,,,True,entity-build: py-tank-8000 --> entity: py-tank-8000,False,False,-1.6572769848139996e-32,1.6572769814994446e-32
3020,2869,entity-build: burner-inserter,entity-build,burner-inserter,False,,False,False,-1.6528060009984258e-32,1.6528059976928128e-32
3021,1975,__pr_graph_lp_or_to_or_and__: 4237:item-craft: fbreactor-mk01 --> item: fbreactor-mk01,,,True,item-craft: fbreactor-mk01 --> item: fbreactor-mk01,False,False,-1.6524154704696198e-32,1.6524154671647879e-32
3022,612,__pr_graph_lp_or_cost_row__: item: oil-boiler-mk01,,,True,node-cost:item: oil-boiler-mk01,False,False,1.651645043504552e-32,1.6516450402012611e-32
3023,2698,__pr_graph_lp_or_to_or_and__: 9811:fluid-temperature: pressured-steam: 1000 --> fluid-temperature-range: pressured-steam: 1000: nil:noncoproduct-route,,,True,fluid-temperature: pressured-steam: 1000 --> fluid-temperature-range: pressured-steam: 1000: nil,False,False,1.6514682736557553e-32,1.6514682703528176e-32
3024,3933,recipe: cottongut-codex-pyvoid,recipe,cottongut-codex-pyvoid,False,,True,True,-1.6495778117755328e-32,1.6495778084763762e-32
3025,2760,__pr_graph_lp_or_to_or_and__: 9892:fluid-temperature: scrude: 10 --> fluid-temperature-range: scrude: 10: 10:noncoproduct-route,,,True,fluid-temperature: scrude: 10 --> fluid-temperature-range: scrude: 10: 10,False,False,-1.6493250034060722e-32,1.6493250001074211e-32
3026,2665,__pr_graph_lp_or_to_or_and__: 9767:fluid-temperature: water-saline: 25 --> fluid-temperature-range: water-saline: 25: 25:noncoproduct-route,,,True,fluid-temperature: water-saline: 25 --> fluid-temperature-range: water-saline: 25: 25,False,False,1.644374818202119e-32,1.6443748149133684e-32
3027,2597,__pr_graph_lp_or_to_or_and__: 9675:entity-build: stone-wall --> entity: stone-wall:noncoproduct-route,,,True,entity-build: stone-wall --> entity: stone-wall,False,False,-1.6419441998261619e-32,1.6419441965422726e-32
3028,2644,__pr_graph_lp_or_to_or_and__: 9739:fluid-temperature: coal-gas: 15 --> fluid-temperature-range: coal-gas: 15: 15:noncoproduct-route,,,True,fluid-temperature: coal-gas: 15 --> fluid-temperature-range: coal-gas: 15: 15,False,False,-1.6401322914785502e-32,1.6401322881982845e-32
3029,2659,__pr_graph_lp_or_to_or_and__: 9759:fluid-temperature: tailings: 10 --> fluid-temperature-range: tailings: 10: 10:noncoproduct-route,,,True,fluid-temperature: tailings: 10 --> fluid-temperature-range: tailings: 10: 10,False,False,-1.6378091882338164e-32,1.6378091849581969e-32
3030,594,__pr_graph_lp_or_cost_row__: item: moondrop-greenhouse-mk01,,,True,node-cost:item: moondrop-greenhouse-mk01,False,False,1.6372999412824958e-32,1.637299938007895e-32
3031,197,__pr_graph_lp_or_cost_row__: entity: ore-bioreserve,,,True,node-cost:entity: ore-bioreserve,False,False,-1.637132144812711e-32,1.6371321415384458e-32
3032,2887,entity-build: decider-combinator,entity-build,decider-combinator,False,,False,False,-1.6346123788861185e-32,1.6346123756168927e-32
3033,1175,__pr_graph_lp_or_to_or_and__: 10454:entity-operate: incubator-mk01 --> recipe-category: incubator__2__0:noncoproduct-route,,,True,entity-operate: incubator-mk01 --> recipe-category: incubator__2__0,False,False,-1.6345263185382893e-32,1.6345263152692357e-32
3034,131,__pr_graph_lp_or_cost_row__: entity: dead-grey-trunk,,,True,node-cost:entity: dead-grey-trunk,False,False,1.6330454171144413e-32,1.6330454138483495e-32
3035,441,__pr_graph_lp_or_cost_row__: item: cottongut-mk01,,,True,node-cost:item: cottongut-mk01,False,False,-1.6317933153597175e-32,1.6317933120961298e-32
3036,3026,entity-build: wooden-chest,entity-build,wooden-chest,False,,False,False,1.6305216173123545e-32,1.6305216140513102e-32
3037,2537,__pr_graph_lp_or_to_or_and__: 9555:entity-build: inserter --> entity: inserter:noncoproduct-route,,,True,entity-build: inserter --> entity: inserter,False,False,1.6255263448894615e-32,1.6255263416384078e-32
3038,4062,recipe: empty-petri-dish-pyvoid,recipe,empty-petri-dish-pyvoid,False,,True,True,-1.6244761826501451e-32,1.6244761794011917e-32
3039,2311,__pr_graph_lp_or_to_or_and__: 8746:item: fish --> energy-source-burner: fish_2_0,,,True,item: fish --> energy-source-burner: fish_2_0,False,False,-1.6179313656577e-32,1.6179313624218364e-32
3040,2981,entity-build: radar,entity-build,radar,False,,False,False,-1.6175556080185559e-32,1.6175556047834438e-32
3041,418,__pr_graph_lp_or_cost_row__: item: clean-nexelit,,,True,node-cost:item: clean-nexelit,False,False,1.6175231737055769e-32,1.6175231704705297e-32
3042,690,__pr_graph_lp_or_cost_row__: item: radar,,,True,node-cost:item: radar,False,False,1.6172918319120532e-32,1.6172918286774685e-32
3043,2082,__pr_graph_lp_or_to_or_and__: 4587:item-craft: sb-grade-02 --> item: sb-grade-02,,,True,item-craft: sb-grade-02 --> item: sb-grade-02,False,False,1.6156753334575443e-32,1.6156753302261928e-32
3044,705,__pr_graph_lp_or_cost_row__: item: reformer-mk01,,,True,node-cost:item: reformer-mk01,False,False,1.6156083722593973e-32,1.6156083690281795e-32
3045,491,__pr_graph_lp_or_cost_row__: item: fish-oil-barrel,,,True,node-cost:item: fish-oil-barrel,False,False,-1.6132229411217576e-32,1.6132229378953109e-32
3046,154,__pr_graph_lp_or_cost_row__: entity: fwf-mk01,,,True,node-cost:entity: fwf-mk01,False,False,1.6113477117988845e-32,1.6113477085761882e-32
3047,2921,entity-build: iron-chest,entity-build,iron-chest,False,,False,False,-1.6107445614680838e-32,1.6107445582465936e-32
3048,2641,__pr_graph_lp_or_to_or_and__: 9735:fluid-temperature: carbon-dioxide: 15 --> fluid-temperature-range: carbon-dioxide: 15: 15:noncoproduct-route,,,True,fluid-temperature: carbon-dioxide: 15 --> fluid-temperature-range: carbon-dioxide: 15: 15,False,False,1.6080456750057359e-32,1.6080456717896437e-32
3049,1464,__pr_graph_lp_or_to_or_and__: 2141:item: radar --> entity-build-item: radar,,,True,item: radar --> entity-build-item: radar,False,False,1.6063233644635455e-32,1.6063233612508977e-32
3050,4626,recipe: sb-grade-04-pyvoid,recipe,sb-grade-04-pyvoid,False,,True,True,-1.6042243580800877e-32,1.604224354871638e-32
3051,473,__pr_graph_lp_or_cost_row__: item: empty-petri-dish,,,True,node-cost:item: empty-petri-dish,False,False,1.6042200491892376e-32,1.6042200459807965e-32
3052,1887,__pr_graph_lp_or_to_or_and__: 3987:item-craft: py-deposit-basic --> item: py-deposit-basic,,,True,item-craft: py-deposit-basic --> item: py-deposit-basic,False,False,1.6021950886162029e-32,1.6021950854118118e-32
3053,2020,__pr_graph_lp_or_to_or_and__: 4368:item-craft: fluid-drill-mk02 --> item: fluid-drill-mk02,,,True,item-craft: fluid-drill-mk02 --> item: fluid-drill-mk02,False,False,1.6020717878392984e-32,1.602071784635154e-32
3054,2591,__pr_graph_lp_or_to_or_and__: 9663:entity-build: underground-belt --> entity: underground-belt:noncoproduct-route,,,True,entity-build: underground-belt --> entity: underground-belt,False,False,-1.6014681514052826e-32,1.6014681482023453e-32
3055,2654,__pr_graph_lp_or_to_or_and__: 9753:fluid-temperature: muddy-sludge: 10 --> fluid: muddy-sludge:noncoproduct-route,,,True,fluid-temperature: muddy-sludge: 10 --> fluid: muddy-sludge,False,False,-1.5944081471016597e-32,1.5944081439128425e-32
3056,2813,__pr_graph_lp_or_to_or_and__: 9962:fluid-temperature: geothermal-water: 3000 --> fluid-temperature-range: geothermal-water: 2950: nil:noncoproduct-route,,,True,fluid-temperature: geothermal-water: 3000 --> fluid-temperature-range: geothermal-water: 2950: nil,False,False,1.5926790532928479e-32,1.5926790501074888e-32
3057,2367,__pr_graph_lp_or_to_or_and__: 8802:item: kerosene-canister --> energy-source-burner: jerry__nuke_2_1,,,True,item: kerosene-canister --> energy-source-burner: jerry__nuke_2_1,False,False,-1.5910331787188207e-32,1.5910331755367536e-32
3058,852,__pr_graph_lp_or_to_or_and__: 10037:entity-operate: fluid-drill-mk01 --> fuel-category-burn: biomass:noncoproduct-route,,,True,entity-operate: fluid-drill-mk01 --> fuel-category-burn: biomass,False,False,1.590558226971367e-32,1.5905582237902495e-32
3059,1268,__pr_graph_lp_or_to_or_and__: 1491:item: gun-turret --> entity-build-item: gun-turret,,,True,item: gun-turret --> entity-build-item: gun-turret,False,False,1.5895975568600165e-32,1.5895975536808204e-32
3060,118,__pr_graph_lp_or_cost_row__: entity: classifier,,,True,node-cost:entity: classifier,False,False,1.5890123877519975e-32,1.5890123845739717e-32
3061,4564,recipe: ralesia-codex-pyvoid,recipe,ralesia-codex-pyvoid,False,,True,True,-1.5883053297463731e-32,1.5883053265697614e-32
3062,291,__pr_graph_lp_or_cost_row__: entity: stone-wall,,,True,node-cost:entity: stone-wall,False,False,1.5869931512798324e-32,1.5869931481058452e-32
3063,1215,__pr_graph_lp_or_to_or_and__: 10511:entity-operate: salt-mine --> resource-category: salt-rock__0__0:noncoproduct-route,,,True,entity-operate: salt-mine --> resource-category: salt-rock__0__0,False,False,1.5844673751876661e-32,1.5844673720187303e-32
3064,2363,__pr_graph_lp_or_to_or_and__: 8798:item: tar-canister --> energy-source-burner: jerry__nuke_2_1,,,True,item: tar-canister --> energy-source-burner: jerry__nuke_2_1,False,False,-1.584085196959525e-32,1.5840851937913536e-32
3065,212,__pr_graph_lp_or_cost_row__: entity: pipe-to-ground,,,True,node-cost:entity: pipe-to-ground,False,False,-1.5833269792044608e-32,1.583326976037806e-32
3066,2733,__pr_graph_lp_or_to_or_and__: 9856:fluid-temperature: kerosene: 10 --> fluid-temperature-range: kerosene: 10: 10:noncoproduct-route,,,True,fluid-temperature: kerosene: 10 --> fluid-temperature-range: kerosene: 10: 10,False,False,-1.5821677630212365e-32,1.5821677598569002e-32
3067,3557,fluid-temperature: pressured-steam: 1000,fluid-temperature,pressured-steam: 1000,False,,False,False,-1.5809999743904646e-32,1.5809999712284636e-32
3068,2428,__pr_graph_lp_or_to_or_and__: 9251:entity-build: distilator --> entity: distilator:noncoproduct-route,,,True,entity-build: distilator --> entity: distilator,False,False,-1.5758725164796347e-32,1.5758725133278887e-32
3069,2366,__pr_graph_lp_or_to_or_and__: 8801:item: acetylene-canister --> energy-source-burner: jerry__nuke_2_1,,,True,item: acetylene-canister --> energy-source-burner: jerry__nuke_2_1,False,False,-1.5745905066288687e-32,1.5745905034796866e-32
3070,1982,__pr_graph_lp_or_to_or_and__: 4256:item-craft: bolts --> item: bolts,,,True,item-craft: bolts --> item: bolts,False,False,1.5725540460836099e-32,1.5725540429385008e-32
3071,950,__pr_graph_lp_or_to_or_and__: 10172:entity-operate: gasifier --> recipe-category: gasifier__0__2:noncoproduct-route,,,True,entity-operate: gasifier --> recipe-category: gasifier__0__2,False,False,-1.5672145186986957e-32,1.5672145155642659e-32
3072,4505,recipe: py-limestone-pyvoid,recipe,py-limestone-pyvoid,False,,True,True,-1.5655077734782162e-32,1.5655077703471998e-32
3073,2051,__pr_graph_lp_or_to_or_and__: 4501:item-craft: earth-bear-sample --> item: earth-bear-sample,,,True,item-craft: earth-bear-sample --> item: earth-bear-sample,False,False,-1.5646304936977904e-32,1.5646304905685283e-32
3074,261,__pr_graph_lp_or_cost_row__: entity: ree,,,True,node-cost:entity: ree,False,False,1.5623062058643627e-32,1.5623062027397493e-32
3075,1253,__pr_graph_lp_or_to_or_and__: 10582:logic-and: smart-farm-rennea-flowers-recipe-rennea-super-8 --> logic-or: smart-farm-rennea-flowers-recipe:noncoproduct-route,,,True,logic-and: smart-farm-rennea-flowers-recipe-rennea-super-8 --> logic-or: smart-farm-rennea-flowers-recipe,False,False,-1.561258252244241e-32,1.5612582491217235e-32
3076,3687,recipe: arithmetic-combinator-pyvoid,recipe,arithmetic-combinator-pyvoid,False,,True,True,-1.5597715511911475e-32,1.5597715480716035e-32
3077,2595,__pr_graph_lp_or_to_or_and__: 9671:entity-build: py-overflow-valve --> entity: py-overflow-valve:noncoproduct-route,,,True,entity-build: py-overflow-valve --> entity: py-overflow-valve,False,False,-1.5585328562207185e-32,1.5585328531036519e-32
3078,1443,__pr_graph_lp_or_to_or_and__: 2053:item: nco-py-crane-mk1 --> entity-build-item: nco-py-crane-mk1,,,True,item: nco-py-crane-mk1 --> entity-build-item: nco-py-crane-mk1,False,False,1.5576393428614486e-32,1.5576393397461689e-32
3079,4537,recipe: py-tank-6500-pyvoid,recipe,py-tank-6500-pyvoid,False,,True,True,-1.551896936077655e-32,1.5518969329738602e-32
3080,510,__pr_graph_lp_or_cost_row__: item: genlab-mk01,,,True,node-cost:item: genlab-mk01,False,False,-1.551269041518906e-32,1.5512690384163669e-32
3081,1105,__pr_graph_lp_or_to_or_and__: 10370:entity-operate: pcb-factory-mk01 --> recipe-category: pcb__0__0:noncoproduct-route,,,True,entity-operate: pcb-factory-mk01 --> recipe-category: pcb__0__0,False,False,1.5492345794822927e-32,1.5492345763838225e-32
3082,180,__pr_graph_lp_or_cost_row__: entity: medium-electric-pole,,,True,node-cost:entity: medium-electric-pole,False,False,-1.5487643750310149e-32,1.5487643719334851e-32
3083,2650,__pr_graph_lp_or_to_or_and__: 9747:fluid-temperature: syngas: 15 --> fluid-temperature-range: syngas: 15: 15:noncoproduct-route,,,True,fluid-temperature: syngas: 15 --> fluid-temperature-range: syngas: 15: 15,False,False,1.5478469696923538e-32,1.5478469665966589e-32
3084,75,__pr_graph_lp_explicit_zero_free_source__: 2756:room-autoplace: planet: nauvis --> entity: big-worm-turret,,,True,explicit-zero:room-autoplace: planet: nauvis --> entity: big-worm-turret,False,False,1.5424186840397535e-32,1.5424186809549151e-32
3085,410,__pr_graph_lp_or_cost_row__: item: chipshooter-mk01,,,True,node-cost:item: chipshooter-mk01,False,False,-1.5418867493165998e-32,1.5418867462328254e-32
3086,265,__pr_graph_lp_or_cost_row__: entity: retorter,,,True,node-cost:entity: retorter,False,False,-1.5407979075408701e-32,1.5407979044592733e-32
3087,2348,__pr_graph_lp_or_to_or_and__: 8783:item: gunpowder --> energy-source-burner: chemical__biomass__nuke_2_1,,,True,item: gunpowder --> energy-source-burner: chemical__biomass__nuke_2_1,False,False,-1.5395464267066093e-32,1.5395464236275154e-32
3088,2839,__pr_graph_lp_or_to_or_and__: 9992:entity-operate: assembling-machine-2 --> recipe-category: crafting-with-fluid__0__0:noncoproduct-route,,,True,entity-operate: assembling-machine-2 --> recipe-category: crafting-with-fluid__0__0,False,False,-1.5392537603994071e-32,1.5392537573208986e-32
3089,1702,__pr_graph_lp_or_to_or_and__: 2966:item: coke --> fuel-category: chemical__1,,,True,item: coke --> fuel-category: chemical__1,False,False,-1.5371748738590962e-32,1.5371748707847456e-32
3090,558,__pr_graph_lp_or_cost_row__: item: kerosene-canister,,,True,node-cost:item: kerosene-canister,False,False,-1.5370668004533973e-32,1.5370667973792627e-32
3091,526,__pr_graph_lp_or_cost_row__: item: grade-3-ti,,,True,node-cost:item: grade-3-ti,False,False,-1.5367233276789112e-32,1.5367233246054636e-32
3092,1252,__pr_graph_lp_or_to_or_and__: 10580:logic-and: smart-farm-rennea-flowers-recipe-rennea-super-7 --> logic-or: smart-farm-rennea-flowers-recipe:noncoproduct-route,,,True,logic-and: smart-farm-rennea-flowers-recipe-rennea-super-7 --> logic-or: smart-farm-rennea-flowers-recipe,False,False,-1.5356665599220073e-32,1.5356665568506733e-32
3093,2233,__pr_graph_lp_or_to_or_and__: 8668:item: coke --> energy-source-burner: chemical__biomass__jerry__nuke_2_1,,,True,item: coke --> energy-source-burner: chemical__biomass__jerry__nuke_2_1,False,False,-1.5337216061516399e-32,1.5337216030841957e-32
3094,2480,__pr_graph_lp_or_to_or_and__: 9441:entity-build: gas-refinery-mk01 --> entity: gas-refinery-mk01:noncoproduct-route,,,True,entity-build: gas-refinery-mk01 --> entity: gas-refinery-mk01,False,False,-1.5336878992762142e-32,1.5336878962088376e-32
3095,820,__pr_graph_lp_or_cost_row__: item: zinc-plate,,,True,node-cost:item: zinc-plate,False,False,-1.5336053547893089e-32,1.5336053517220973e-32
3096,3134,entity-mine: ore-quartz,entity-mine,ore-quartz,False,,True,False,1.5327708518322696e-32,1.5327708487667269e-32
3097,608,__pr_graph_lp_or_cost_row__: item: nexelit-ore,,,True,node-cost:item: nexelit-ore,False,False,-1.5315583534289176e-32,1.5315583503657999e-32
3098,3549,fluid-temperature: molten-salt: 1000,fluid-temperature,molten-salt: 1000,False,,False,False,-1.5302013199301331e-32,1.5302013168697296e-32
3099,167,__pr_graph_lp_or_cost_row__: entity: huge-rock,,,True,node-cost:entity: huge-rock,False,False,-1.5299623614177301e-32,1.5299623583578044e-32
3100,4386,recipe: nacelle-mk01-pyvoid,recipe,nacelle-mk01-pyvoid,False,,True,True,-1.5250020526973083e-32,1.5250020496473034e-32
3101,2878,entity-build: classifier,entity-build,classifier,False,,False,False,1.5243522587809471e-32,1.5243522557322416e-32
3102,178,__pr_graph_lp_or_cost_row__: entity: locomotive,,,True,node-cost:entity: locomotive,False,False,1.5243322266785572e-32,1.5243322236298917e-32
3103,454,__pr_graph_lp_or_cost_row__: item: diborane-barrel,,,True,node-cost:item: diborane-barrel,False,False,1.5243093503582083e-32,1.5243093473095888e-32
3104,2879,entity-build: clay-pit-mk01,entity-build,clay-pit-mk01,False,,False,False,1.5235617061676365e-32,1.5235617031205122e-32
3105,884,__pr_graph_lp_or_to_or_and__: 10098:entity-operate: automated-factory-mk01 --> recipe-category: advanced-crafting__0__0:noncoproduct-route,,,True,entity-operate: automated-factory-mk01 --> recipe-category: advanced-crafting__0__0,False,False,1.523075563068284e-32,1.5230755600221318e-32
3106,2742,__pr_graph_lp_or_to_or_and__: 9868:fluid-temperature: ammonia: 15 --> fluid-temperature-range: ammonia: 15: 15:noncoproduct-route,,,True,fluid-temperature: ammonia: 15 --> fluid-temperature-range: ammonia: 15: 15,False,False,1.5227235398089314e-32,1.5227235367634834e-32
3107,4321,recipe: locomotive-pyvoid,recipe,locomotive-pyvoid,False,,True,True,-1.5225545168647596e-32,1.5225545138196496e-32
3108,2932,entity-build: nco-py-crane-mk1,entity-build,nco-py-crane-mk1,False,,False,False,-1.5221931895861573e-32,1.5221931865417699e-32
3109,2345,__pr_graph_lp_or_to_or_and__: 8780:item: coal --> energy-source-burner: chemical__biomass__nuke_2_1,,,True,item: coal --> energy-source-burner: chemical__biomass__nuke_2_1,False,False,-1.5220358291785436e-32,1.522035826134471e-32
3110,26,__pr_graph_lp_explicit_zero_free_source__: 2281:room-autoplace: planet: nauvis --> entity: quartz-rock,,,True,explicit-zero:room-autoplace: planet: nauvis --> entity: quartz-rock,False,False,-1.5171979658524964e-32,1.5171979628180995e-32
3111,1879,__pr_graph_lp_or_to_or_and__: 3963:item-craft: bio-reactor-mk01 --> item: bio-reactor-mk01,,,True,item-craft: bio-reactor-mk01 --> item: bio-reactor-mk01,False,False,1.5158046401225436e-32,1.5158046370909335e-32
3112,860,__pr_graph_lp_or_to_or_and__: 10051:item-burn: gunpowder --> item: ash:noncoproduct-route,,,True,item-burn: gunpowder --> item: ash,False,False,1.5140199408675448e-32,1.5140199378395042e-32
3113,2079,__pr_graph_lp_or_to_or_and__: 4578:item-craft: dino-dig-site --> item: dino-dig-site,,,True,item-craft: dino-dig-site --> item: dino-dig-site,False,False,1.5123407068099198e-32,1.5123407037852376e-32
3114,543,__pr_graph_lp_or_cost_row__: item: hydrogen-barrel,,,True,node-cost:item: hydrogen-barrel,False,False,-1.5119258127796274e-32,1.5119258097557747e-32
3115,671,__pr_graph_lp_or_cost_row__: item: py-science-pack-1,,,True,node-cost:item: py-science-pack-1,False,False,-1.5105757696555697e-32,1.5105757666344173e-32
3116,286,__pr_graph_lp_or_cost_row__: entity: steam-turbine-mk01,,,True,node-cost:entity: steam-turbine-mk01,False,False,-1.5094534674804341e-32,1.5094534644615262e-32
3117,459,__pr_graph_lp_or_cost_row__: item: dried-meat,,,True,node-cost:item: dried-meat,False,False,1.5072186324546149e-32,1.5072186294401766e-32
3118,13,__pr_graph_lp_explicit_zero_free_source__: 2217:room-autoplace: planet: nauvis --> entity: niobium,,,True,explicit-zero:room-autoplace: planet: nauvis --> entity: niobium,False,False,1.5063551984086334e-32,1.5063551953959221e-32
3119,2008,__pr_graph_lp_or_to_or_and__: 4332:item-craft: atomizer-mk01 --> item: atomizer-mk01,,,True,item-craft: atomizer-mk01 --> item: atomizer-mk01,False,False,1.5062686641893447e-32,1.5062686611768064e-32
3120,1500,__pr_graph_lp_or_to_or_and__: 2493:item: stone-wall --> entity-build-item: stone-wall,,,True,item: stone-wall --> entity-build-item: stone-wall,False,False,-1.4981394994095419e-32,1.498139496413262e-32
3121,3986,recipe: earth-bear-sample-pyvoid,recipe,earth-bear-sample-pyvoid,False,,True,True,-1.4968840627311893e-32,1.4968840597374203e-32
3122,4369,recipe: moondrop-pyvoid,recipe,moondrop-pyvoid,False,,True,True,-1.4956027660973872e-32,1.4956027631061807e-32
3123,873,__pr_graph_lp_or_to_or_and__: 10077:item-burn: methane-canister --> item: empty-fuel-canister:noncoproduct-route,,,True,item-burn: methane-canister --> item: empty-fuel-canister,False,False,1.4948470791028854e-32,1.4948470761131902e-32
3124,14,__pr_graph_lp_explicit_zero_free_source__: 2220:room-autoplace: planet: nauvis --> entity: molybdenum-ore,,,True,explicit-zero:room-autoplace: planet: nauvis --> entity: molybdenum-ore,False,False,1.4922023409655774e-32,1.4922023379811718e-32
3125,290,__pr_graph_lp_or_cost_row__: entity: stone-furnace,,,True,node-cost:entity: stone-furnace,False,False,1.4919743480186838e-32,1.4919743450347343e-32
3126,1344,__pr_graph_lp_or_to_or_and__: 1759:item: tree-mk01 --> entity-operate-py-module: fwf-mk03,,,True,item: tree-mk01 --> entity-operate-py-module: fwf-mk03,False,False,1.4913320062852062e-32,1.4913320033025413e-32
3127,1811,__pr_graph_lp_or_to_or_and__: 3307:item-craft: display-panel --> item: display-panel,,,True,item-craft: display-panel --> item: display-panel,False,False,1.4899264604104266e-32,1.4899264574305728e-32
3128,770,__pr_graph_lp_or_cost_row__: item: sulfur,,,True,node-cost:item: sulfur,False,False,-1.4860515741289661e-32,1.4860515711568621e-32
3129,4407,recipe: olefin-plant-pyvoid,recipe,olefin-plant-pyvoid,False,,True,True,-1.4838778295663709e-32,1.4838778265986143e-32
3130,2638,__pr_graph_lp_or_to_or_and__: 9731:fluid-temperature: acidgas: 15 --> fluid-temperature-range: acidgas: 15: 15:noncoproduct-route,,,True,fluid-temperature: acidgas: 15 --> fluid-temperature-range: acidgas: 15: 15,False,False,1.4817338601305044e-32,1.4817338571670356e-32
3131,2077,__pr_graph_lp_or_to_or_and__: 4572:item-craft: outpost-fluid --> item: outpost-fluid,,,True,item-craft: outpost-fluid --> item: outpost-fluid,False,False,-1.4805778889649118e-32,1.4805778860037552e-32
3132,275,__pr_graph_lp_or_cost_row__: entity: slaughterhouse-mk01,,,True,node-cost:entity: slaughterhouse-mk01,False,False,1.4751553804923321e-32,1.4751553775420205e-32
3133,2996,entity-build: selector-combinator,entity-build,selector-combinator,False,,False,False,-1.4737898028953769e-32,1.4737897999477965e-32
3134,2876,entity-build: chemical-plant-mk01,entity-build,chemical-plant-mk01,False,,False,False,1.4732753124857125e-32,1.4732753095391609e-32
3135,831,__pr_graph_lp_or_to_or_and__: 10010:entity-operate: atomizer-mk01 --> recipe-category: atomizer__1__0:noncoproduct-route,,,True,entity-operate: atomizer-mk01 --> recipe-category: atomizer__1__0,False,False,1.4720317884680497e-32,1.4720317855239851e-32
3136,3723,recipe: ball-mill-mk01-pyvoid,recipe,ball-mill-mk01-pyvoid,False,,True,True,-1.4687883587996578e-32,1.4687883558620803e-32
3137,987,__pr_graph_lp_or_to_or_and__: 10221:entity-operate: ralesia-plantation-mk01 --> recipe-category: ralesia__1__0:noncoproduct-route,,,True,entity-operate: ralesia-plantation-mk01 --> recipe-category: ralesia__1__0,False,False,1.4685739352579912e-32,1.4685739323208426e-32
3138,1246,__pr_graph_lp_or_to_or_and__: 10568:logic-and: smart-farm-ralesia-flowers-recipe-ralesia-super-8 --> logic-or: smart-farm-ralesia-flowers-recipe:noncoproduct-route,,,True,logic-and: smart-farm-ralesia-flowers-recipe-ralesia-super-8 --> logic-or: smart-farm-ralesia-flowers-recipe,False,False,-1.4679947805006726e-32,1.4679947775646822e-32
3139,3606,item-gun: submachine-gun,item-gun,submachine-gun,False,,False,False,-1.4671843990626575e-32,1.4671843961282879e-32
3140,3918,recipe: constant-combinator-pyvoid,recipe,constant-combinator-pyvoid,False,,True,True,-1.4596305284182351e-32,1.4596305254989732e-32
3141,2064,__pr_graph_lp_or_to_or_and__: 4544:item-craft: cottongut-codex --> item: cottongut-codex,,,True,item-craft: cottongut-codex --> item: cottongut-codex,False,False,1.4593944650037806e-32,1.4593944620849908e-32
3142,505,__pr_graph_lp_or_cost_row__: item: gasoline-barrel,,,True,node-cost:item: gasoline-barrel,False,False,-1.4586307650367001e-32,1.4586307621194379e-32
3143,3523,fluid-temperature: coke-oven-gas: 250,fluid-temperature,coke-oven-gas: 250,False,,False,False,1.4573986302323947e-32,1.4573986273175965e-32
3144,2711,__pr_graph_lp_or_to_or_and__: 9828:fluid-temperature: hydrogen: 15 --> fluid-temperature-range: hydrogen: 15: 15:noncoproduct-route,,,True,fluid-temperature: hydrogen: 15 --> fluid-temperature-range: hydrogen: 15: 15,False,False,1.4558532105084272e-32,1.45585320759672e-32
3145,2063,__pr_graph_lp_or_to_or_and__: 4542:item-craft: caged-vrauks --> item: caged-vrauks,,,True,item-craft: caged-vrauks --> item: caged-vrauks,False,False,-1.4522664695566739e-32,1.4522664666521402e-32
3146,1695,__pr_graph_lp_or_to_or_and__: 2953:fluid-create-temperature: molten-salt: 1000 --> fluid-create: molten-salt,,,True,fluid-create-temperature: molten-salt: 1000 --> fluid-create: molten-salt,False,False,-1.4503260990533837e-32,1.4503260961527307e-32
3147,2877,entity-build: chipshooter-mk01,entity-build,chipshooter-mk01,False,,False,False,1.447332432443194e-32,1.4473324295485282e-32
3148,2914,entity-build: hawt-turbine-mk01,entity-build,hawt-turbine-mk01,False,,False,False,-1.4457221518134918e-32,1.4457221489220465e-32
3149,2239,__pr_graph_lp_or_to_or_and__: 8674:item: wood --> energy-source-burner: chemical__biomass__jerry__nuke_2_1,,,True,item: wood --> energy-source-burner: chemical__biomass__jerry__nuke_2_1,False,False,-1.4456936456017836e-32,1.4456936427103955e-32
3150,1897,__pr_graph_lp_or_to_or_and__: 4017:item-craft: py-overflow-valve --> item: py-overflow-valve,,,True,item-craft: py-overflow-valve --> item: py-overflow-valve,False,False,-1.4446303895576358e-32,1.444630386668374e-32
3151,2867,entity-build: borax-mine,entity-build,borax-mine,False,,False,False,1.4444608002106724e-32,1.44446079732175e-32
3152,595,__pr_graph_lp_or_cost_row__: item: moondrop-seeds,,,True,node-cost:item: moondrop-seeds,False,False,-1.4444577396824315e-32,1.4444577367935151e-32
3153,2517,__pr_graph_lp_or_to_or_and__: 9515:entity-build: py-shed-basic --> entity: py-shed-basic:noncoproduct-route,,,True,entity-build: py-shed-basic --> entity: py-shed-basic,False,False,-1.4439547119559683e-32,1.443954709068058e-32
3154,925,__pr_graph_lp_or_to_or_and__: 10145:entity-operate: distilator --> recipe-category: distilator__2__3:noncoproduct-route,,,True,entity-operate: distilator --> recipe-category: distilator__2__3,False,False,1.4429448611608542e-32,1.4429448582749635e-32
3155,228,__pr_graph_lp_or_cost_row__: entity: py-heat-exchanger,,,True,node-cost:entity: py-heat-exchanger,False,False,1.4417373241602975e-32,1.4417373212768222e-32
3156,1706,__pr_graph_lp_or_to_or_and__: 2970:item: crushed-coal --> fuel-category: chemical__1,,,True,item: crushed-coal --> fuel-category: chemical__1,False,False,-1.4410175474210129e-32,1.4410175445389769e-32
3157,1933,__pr_graph_lp_or_to_or_and__: 4125:item-craft: grade-2-tin --> item: grade-2-tin,,,True,item-craft: grade-2-tin --> item: grade-2-tin,False,False,-1.4383314332343738e-32,1.43833143035771e-32
3158,1311,__pr_graph_lp_or_to_or_and__: 1644:item: smelter-mk01 --> entity-build-item: smelter-mk01,,,True,item: smelter-mk01 --> entity-build-item: smelter-mk01,False,False,-1.4374782103216635e-32,1.4374782074467062e-32
3159,2812,__pr_graph_lp_or_to_or_and__: 9961:fluid-temperature: geothermal-water: 3000 --> fluid-temperature-range: geothermal-water: 1950: nil:noncoproduct-route,,,True,fluid-temperature: geothermal-water: 3000 --> fluid-temperature-range: geothermal-water: 1950: nil,False,False,1.4372216330011664e-32,1.4372216301267223e-32
3160,2351,__pr_graph_lp_or_to_or_and__: 8786:item: kerogen --> energy-source-burner: chemical__biomass__nuke_2_1,,,True,item: kerogen --> energy-source-burner: chemical__biomass__nuke_2_1,False,False,-1.4351588193905752e-32,1.4351588165202567e-32
3161,1737,__pr_graph_lp_or_to_or_and__: 3006:item-craft: piercing-rounds-magazine --> item: piercing-rounds-magazine,,,True,item-craft: piercing-rounds-magazine --> item: piercing-rounds-magazine,False,False,1.43461350324001e-32,1.4346135003707821e-32
3162,2625,__pr_graph_lp_or_to_or_and__: 9713:fluid-temperature: steam: 500 --> fluid-temperature-range: steam: 500: 500:noncoproduct-route,,,True,fluid-temperature: steam: 500 --> fluid-temperature-range: steam: 500: 500,False,False,-1.4341448720452725e-32,1.4341448691769818e-32
3163,1928,__pr_graph_lp_or_to_or_and__: 4111:item-craft: clean-nexelit --> item: clean-nexelit,,,True,item-craft: clean-nexelit --> item: clean-nexelit,False,False,1.4287905822282594e-32,1.4287905793706774e-32
3164,1296,__pr_graph_lp_or_to_or_and__: 1583:item: jaw-crusher --> entity-build-item: jaw-crusher,,,True,item: jaw-crusher --> entity-build-item: jaw-crusher,False,False,-1.4270444885496916e-32,1.4270444856956019e-32
3165,466,__pr_graph_lp_or_cost_row__: item: earth-shroom-sample,,,True,node-cost:item: earth-shroom-sample,False,False,1.4250651350292859e-32,1.4250651321791548e-32
3166,192,__pr_graph_lp_or_cost_row__: entity: offshore-pump,,,True,node-cost:entity: offshore-pump,False,False,-1.4244734783755869e-32,1.424473475526639e-32
3167,1245,__pr_graph_lp_or_to_or_and__: 10566:logic-and: smart-farm-ralesia-flowers-recipe-ralesia-super-7 --> logic-or: smart-farm-ralesia-flowers-recipe:noncoproduct-route,,,True,logic-and: smart-farm-ralesia-flowers-recipe-ralesia-super-7 --> logic-or: smart-farm-ralesia-flowers-recipe,False,False,-1.4234393121000588e-32,1.4234393092531792e-32
3168,2354,__pr_graph_lp_or_to_or_and__: 8789:item: treated-wood --> energy-source-burner: chemical__biomass__nuke_2_1,,,True,item: treated-wood --> energy-source-burner: chemical__biomass__nuke_2_1,False,False,-1.4161348295156621e-32,1.4161348266833916e-32
3169,166,__pr_graph_lp_or_cost_row__: entity: hpf,,,True,node-cost:entity: hpf,False,False,1.4145790862313521e-32,1.4145790834021932e-32
3170,3865,recipe: cdna-pyvoid,recipe,cdna-pyvoid,False,,True,True,1.4143417072140783e-32,1.414341704385394e-32
3171,687,__pr_graph_lp_or_cost_row__: item: py-ze,,,True,node-cost:item: py-ze,False,False,-1.4132466927209323e-32,1.413246689894438e-32
3172,5000,tile-fluid: water,tile-fluid,water,False,,False,False,-1.4117643725291654e-32,1.4117643697056357e-32
3173,234,__pr_graph_lp_or_cost_row__: entity: py-shed-basic,,,True,node-cost:entity: py-shed-basic,False,False,-1.4075557697848765e-32,1.4075557669697642e-32
3174,1139,__pr_graph_lp_or_to_or_and__: 10410:entity-operate: gas-refinery-mk01 --> recipe-category: gas-refinery__1__3:noncoproduct-route,,,True,entity-operate: gas-refinery-mk01 --> recipe-category: gas-refinery__1__3,False,False,-1.4054911994879746e-32,1.4054911966769912e-32
3175,1158,__pr_graph_lp_or_to_or_and__: 10435:entity-operate: seaweed-crop-mk01 --> recipe-category: seaweed__1__1:noncoproduct-route,,,True,entity-operate: seaweed-crop-mk01 --> recipe-category: seaweed__1__1,False,False,1.404547428802052e-32,1.4045474259929563e-32
3176,1205,__pr_graph_lp_or_to_or_and__: 10496:entity-operate: slaughterhouse-mk01 --> recipe-category: slaughterhouse__0__2:noncoproduct-route,,,True,entity-operate: slaughterhouse-mk01 --> recipe-category: slaughterhouse__0__2,False,False,-1.4027660420505186e-32,1.4027660392449858e-32
3177,274,__pr_graph_lp_or_cost_row__: entity: selector-combinator,,,True,node-cost:entity: selector-combinator,False,False,-1.4027187798976049e-32,1.4027187770921665e-32
3178,299,__pr_graph_lp_or_cost_row__: entity: tin-rock,,,True,node-cost:entity: tin-rock,False,False,1.4014459541606156e-32,1.4014459513577228e-32
3179,2,__pr_graph_lp_explicit_zero_free_source__: 11777:entity-operate: locomotive --> fuel-category-burn: nuke,,,True,explicit-zero:entity-operate: locomotive --> fuel-category-burn: nuke,False,False,-1.3980817261933089e-32,1.3980817233971445e-32
3180,938,__pr_graph_lp_or_to_or_and__: 10158:entity-operate: distilator --> recipe-category: distilator__0__4:noncoproduct-route,,,True,entity-operate: distilator --> recipe-category: distilator__0__4,False,False,1.3973239758030619e-32,1.3973239730084133e-32
3181,477,__pr_graph_lp_or_cost_row__: item: evaporator,,,True,node-cost:item: evaporator,False,False,-1.3952232124796235e-32,1.3952232096891763e-32
3182,2015,__pr_graph_lp_or_to_or_and__: 4353:item-craft: prandium-lab-mk01 --> item: prandium-lab-mk01,,,True,item-craft: prandium-lab-mk01 --> item: prandium-lab-mk01,False,False,-1.3944514037192846e-32,1.394451400930381e-32
3183,949,__pr_graph_lp_or_to_or_and__: 10171:entity-operate: gasifier --> recipe-category: gasifier__3__2:noncoproduct-route,,,True,entity-operate: gasifier --> recipe-category: gasifier__3__2,False,False,-1.393616735067517e-32,1.3936167322802826e-32
3184,4295,recipe: lab-instrument-pyvoid,recipe,lab-instrument-pyvoid,False,,True,True,-1.392237259869425e-32,1.3922372570849497e-32
3185,1943,__pr_graph_lp_or_to_or_and__: 4149:item-craft: tinned-cable --> item: tinned-cable,,,True,item-craft: tinned-cable --> item: tinned-cable,False,False,1.3916050026295985e-32,1.3916049998463876e-32
3186,766,__pr_graph_lp_or_cost_row__: item: storage-chest,,,True,node-cost:item: storage-chest,False,False,1.3913872065778435e-32,1.3913872037950684e-32
3187,1212,__pr_graph_lp_or_to_or_and__: 10506:entity-operate: electric-mining-drill --> resource-category: basic-solid__0__0:noncoproduct-route,,,True,entity-operate: electric-mining-drill --> resource-category: basic-solid__0__0,False,False,1.3910537042864306e-32,1.3910537015043225e-32
3188,2951,entity-build: py-check-valve,entity-build,py-check-valve,False,,False,False,-1.3863523377334598e-32,1.3863523349607543e-32
3189,3016,entity-build: tidal-mk01,entity-build,tidal-mk01,False,,False,False,-1.3859310984191869e-32,1.3859310956473238e-32
3190,2107,__pr_graph_lp_or_to_or_and__: 4640:item-craft: vawt-turbine-mk01 --> item: vawt-turbine-mk01,,,True,item-craft: vawt-turbine-mk01 --> item: vawt-turbine-mk01,False,False,-1.3834958060272659e-32,1.3834958032602735e-32
3191,2593,__pr_graph_lp_or_to_or_and__: 9667:entity-build: fluidavan --> entity: fluidavan:noncoproduct-route,,,True,entity-build: fluidavan --> entity: fluidavan,False,False,1.3818842932444615e-32,1.381884290480692e-32
3192,1304,__pr_graph_lp_or_to_or_and__: 1616:item: plankton-farm --> entity-build-item: plankton-farm,,,True,item: plankton-farm --> entity-build-item: plankton-farm,False,False,-1.3805758019286857e-32,1.3805757991675332e-32
3193,185,__pr_graph_lp_or_cost_row__: entity: moondrop-greenhouse-mk01,,,True,node-cost:entity: moondrop-greenhouse-mk01,False,False,-1.3802692410814339e-32,1.3802692383208945e-32
3194,2663,__pr_graph_lp_or_to_or_and__: 9765:fluid-temperature: water-saline: 25 --> fluid: water-saline:noncoproduct-route,,,True,fluid-temperature: water-saline: 25 --> fluid: water-saline,False,False,1.3791967674626979e-32,1.3791967647043035e-32
3195,1164,__pr_graph_lp_or_to_or_and__: 10442:entity-operate: biofactory-mk01 --> recipe-category: biofactory__0__1:noncoproduct-route,,,True,entity-operate: biofactory-mk01 --> recipe-category: biofactory__0__1,False,False,-1.3761840249504494e-32,1.3761840221980806e-32
3196,90,__pr_graph_lp_or_cost_row__: entity: automated-factory-mk01,,,True,node-cost:entity: automated-factory-mk01,False,False,1.3747654377438985e-32,1.3747654349943668e-32
3197,277,__pr_graph_lp_or_cost_row__: entity: small-lamp,,,True,node-cost:entity: small-lamp,False,False,-1.3741175598263142e-32,1.3741175570780784e-32
3198,1349,__pr_graph_lp_or_to_or_and__: 1774:item: creature-chamber-mk01 --> entity-build-item: creature-chamber-mk01,,,True,item: creature-chamber-mk01 --> entity-build-item: creature-chamber-mk01,False,False,-1.3733875471473742e-32,1.3733875444005982e-32
3199,1780,__pr_graph_lp_or_to_or_and__: 3151:item-craft: iron-chest --> item: iron-chest,,,True,item-craft: iron-chest --> item: iron-chest,False,False,1.3719441592321093e-32,1.3719441564882203e-32
3200,767,__pr_graph_lp_or_cost_row__: item: storage-tank,,,True,node-cost:item: storage-tank,False,False,1.3718195482453537e-32,1.3718195455017137e-32
3201,76,__pr_graph_lp_explicit_zero_free_source__: 2759:room-autoplace: planet: nauvis --> entity: behemoth-worm-turret,,,True,explicit-zero:room-autoplace: planet: nauvis --> entity: behemoth-worm-turret,False,False,-1.3715633531656789e-32,1.3715633504225515e-32
3202,1891,__pr_graph_lp_or_to_or_and__: 3999:item-craft: py-tank-4000 --> item: py-tank-4000,,,True,item-craft: py-tank-4000 --> item: py-tank-4000,False,False,-1.370774865968784e-32,1.3707748632272333e-32
3203,2037,__pr_graph_lp_or_to_or_and__: 4460:item-craft: cage --> item: cage,,,True,item-craft: cage --> item: cage,False,False,-1.3699819463048165e-32,1.3699819435648518e-32
3204,3851,recipe: car-pyvoid,recipe,car-pyvoid,False,,True,True,-1.3653344500907714e-32,1.3653344473601016e-32
3205,2576,__pr_graph_lp_or_to_or_and__: 9633:entity-build: py-tank-1000 --> entity: py-tank-1000:noncoproduct-route,,,True,entity-build: py-tank-1000 --> entity: py-tank-1000,False,False,1.3652801574884734e-32,1.3652801547579122e-32
3206,3139,entity-mine: outpost-fluid,entity-mine,outpost-fluid,False,,True,False,1.3646387434200285e-32,1.3646387406907502e-32
3207,2703,__pr_graph_lp_or_to_or_and__: 9818:fluid-temperature: acetylene: 15 --> fluid: acetylene:noncoproduct-route,,,True,fluid-temperature: acetylene: 15 --> fluid: acetylene,False,False,1.3642147458614363e-32,1.3642147431330061e-32
3208,27,__pr_graph_lp_explicit_zero_free_source__: 2284:room-autoplace: planet: nauvis --> entity: chromium-rock,,,True,explicit-zero:room-autoplace: planet: nauvis --> entity: chromium-rock,False,False,1.3617627663629672e-32,1.3617627636394407e-32
3209,4149,recipe: flotation-cell-mk01-pyvoid,recipe,flotation-cell-mk01-pyvoid,False,,True,True,-1.3595454516060375e-32,1.3595454488869456e-32
3210,742,__pr_graph_lp_or_cost_row__: item: small-lamp,,,True,node-cost:item: small-lamp,False,False,1.359543213512316e-32,1.3595432107932288e-32
3211,589,__pr_graph_lp_or_cost_row__: item: molten-aluminium-barrel,,,True,node-cost:item: molten-aluminium-barrel,False,False,-1.3583753024792927e-32,1.3583752997625412e-32
3212,1397,__pr_graph_lp_or_to_or_and__: 1888:item: moondrop --> entity-operate-py-module: moondrop-greenhouse-mk03,,,True,item: moondrop --> entity-operate-py-module: moondrop-greenhouse-mk03,False,False,1.3583686606808227e-32,1.3583686579640845e-32
3213,3532,fluid-temperature: formic-acid: 15,fluid-temperature,formic-acid: 15,False,,False,False,-1.3578748897432796e-32,1.357874887027529e-32
3214,2357,__pr_graph_lp_or_to_or_and__: 8792:item: biomass --> energy-source-burner: chemical__biomass__nuke_2_1,,,True,item: biomass --> energy-source-burner: chemical__biomass__nuke_2_1,False,False,-1.3556325500560701e-32,1.3556325473448041e-32
3215,782,__pr_graph_lp_or_cost_row__: item: tidal-mk01,,,True,node-cost:item: tidal-mk01,False,False,1.3544015943545488e-32,1.3544015916457447e-32
3216,1036,__pr_graph_lp_or_to_or_and__: 10282:entity-operate: bio-reactor-mk01 --> recipe-category: bio-reactor__3__1:noncoproduct-route,,,True,entity-operate: bio-reactor-mk01 --> recipe-category: bio-reactor__3__1,False,False,1.3538856344461576e-32,1.3538856317383856e-32
3217,2610,__pr_graph_lp_or_to_or_and__: 9695:tile-fluid: water --> fluid-create-offshore-temperature: water: 15:noncoproduct-route,,,True,tile-fluid: water --> fluid-create-offshore-temperature: water: 15,False,False,1.3538273622556769e-32,1.3538273595480212e-32
3218,2508,__pr_graph_lp_or_to_or_and__: 9497:entity-build: oil-boiler-mk01 --> entity: oil-boiler-mk01:noncoproduct-route,,,True,entity-build: oil-boiler-mk01 --> entity: oil-boiler-mk01,False,False,-1.3502625616126738e-32,1.3502625589121478e-32
3219,1911,__pr_graph_lp_or_to_or_and__: 4059:item-craft: powdered-aluminium --> item: powdered-aluminium,,,True,item-craft: powdered-aluminium --> item: powdered-aluminium,False,False,-1.3495214387855755e-32,1.3495214360865317e-32
3220,1373,__pr_graph_lp_or_to_or_and__: 1825:item: sap-tree --> entity-operate-py-module: sap-extractor-mk01,,,True,item: sap-tree --> entity-operate-py-module: sap-extractor-mk01,False,False,1.3460983291161567e-32,1.3460983264239591e-32
3221,535,__pr_graph_lp_or_cost_row__: item: hazard-concrete,,,True,node-cost:item: hazard-concrete,False,False,1.3410122576503369e-32,1.3410122549683116e-32
3222,659,__pr_graph_lp_or_cost_row__: item: py-construction-robot-mk01,,,True,node-cost:item: py-construction-robot-mk01,False,False,1.339802320827025e-32,1.3398023181474197e-32
3223,270,__pr_graph_lp_or_cost_row__: entity: scrubber-mk01,,,True,node-cost:entity: scrubber-mk01,False,False,-1.3390868900972138e-32,1.3390868874190393e-32
3224,2959,entity-build: py-oil-powerplant-mk01,entity-build,py-oil-powerplant-mk01,False,,False,False,-1.3373568278249883e-32,1.3373568251502738e-32
3225,309,__pr_graph_lp_or_cost_row__: entity: tree-06,,,True,node-cost:entity: tree-06,False,False,-1.3365718750292706e-32,1.336571872356126e-32
3226,37,__pr_graph_lp_explicit_zero_free_source__: 2316:room-autoplace: planet: nauvis --> entity: uranium-rock,,,True,explicit-zero:room-autoplace: planet: nauvis --> entity: uranium-rock,False,False,-1.3356415323030535e-32,1.3356415296317698e-32
3227,360,__pr_graph_lp_or_cost_row__: item: automated-factory-mk01,,,True,node-cost:item: automated-factory-mk01,False,False,-1.3352893472067152e-32,1.3352893445361357e-32
3228,1462,__pr_graph_lp_or_to_or_and__: 2133:item: programmable-speaker --> entity-build-item: programmable-speaker,,,True,item: programmable-speaker --> entity-build-item: programmable-speaker,False,False,-1.3324567365883125e-32,1.3324567339233984e-32
3229,2175,__pr_graph_lp_or_to_or_and__: 6770:item: vrauks-mk02 --> recipe-py-module: vrauks-mk04,,,True,item: vrauks-mk02 --> recipe-py-module: vrauks-mk04,False,False,-1.3324240467861425e-32,1.3324240441212934e-32
3230,3117,entity-mine: long-handed-inserter,entity-mine,long-handed-inserter,False,,True,False,1.3324178988126179e-32,1.3324178961477812e-32
3231,2467,__pr_graph_lp_or_to_or_and__: 9415:entity-build: eaf-mk01 --> entity: eaf-mk01:noncoproduct-route,,,True,entity-build: eaf-mk01 --> entity: eaf-mk01,False,False,-1.3317019353291261e-32,1.3317019326657214e-32
3232,289,__pr_graph_lp_or_cost_row__: entity: stone,,,True,node-cost:entity: stone,False,False,-1.3304611235042256e-32,1.3304611208433027e-32
3233,2888,entity-build: dino-dig-site,entity-build,dino-dig-site,False,,False,False,1.3300586451977272e-32,1.3300586425376092e-32
3234,2970,entity-build: py-tank-4000,entity-build,py-tank-4000,False,,False,False,-1.3298623069616877e-32,1.3298623043019622e-32
3235,1137,__pr_graph_lp_or_to_or_and__: 10408:entity-operate: gas-refinery-mk01 --> recipe-category: gas-refinery__2__2:noncoproduct-route,,,True,entity-operate: gas-refinery-mk01 --> recipe-category: gas-refinery__2__2,False,False,-1.328835807417256e-32,1.3288358047595837e-32
3236,221,__pr_graph_lp_or_cost_row__: entity: py-burner,,,True,node-cost:entity: py-burner,False,False,1.3262200102016983e-32,1.3262200075492573e-32
3237,707,__pr_graph_lp_or_cost_row__: item: research-center-mk01,,,True,node-cost:item: research-center-mk01,False,False,-1.3214276140413359e-32,1.3214276113984798e-32
3238,2758,__pr_graph_lp_or_to_or_and__: 9890:fluid-temperature: scrude: 10 --> fluid: scrude:noncoproduct-route,,,True,fluid-temperature: scrude: 10 --> fluid: scrude,False,False,-1.321191930353729e-32,1.3211919277113443e-32
3239,4203,recipe: grade-1-lead-pyvoid,recipe,grade-1-lead-pyvoid,False,,True,True,-1.3210261125383858e-32,1.3210261098963327e-32
3240,82,__pr_graph_lp_or_cost_row__: entity: aluminium-rock,,,True,node-cost:entity: aluminium-rock,False,False,-1.3210258287728105e-32,1.3210258261307581e-32
3241,1955,__pr_graph_lp_or_to_or_and__: 4183:item-craft: clay --> item: clay,,,True,item-craft: clay --> item: clay,False,False,-1.3205739430990274e-32,1.3205739404578787e-32
3242,1393,__pr_graph_lp_or_to_or_and__: 1874:item: py-oil-powerplant-mk01 --> entity-build-item: py-oil-powerplant-mk01,,,True,item: py-oil-powerplant-mk01 --> entity-build-item: py-oil-powerplant-mk01,False,False,-1.3203586412496116e-32,1.3203586386088934e-32
3243,1161,__pr_graph_lp_or_to_or_and__: 10439:entity-operate: biofactory-mk01 --> recipe-category: biofactory__2__0:noncoproduct-route,,,True,entity-operate: biofactory-mk01 --> recipe-category: biofactory__2__0,False,False,-1.3194331316451903e-32,1.3194331290063233e-32
3244,4267,recipe: incubator-mk01-pyvoid,recipe,incubator-mk01-pyvoid,False,,True,True,-1.3194097539250569e-32,1.3194097512862367e-32
3245,821,__pr_graph_lp_or_cost_row__: item: zogna-bacteria-barrel,,,True,node-cost:item: zogna-bacteria-barrel,False,False,-1.3178791069926283e-32,1.3178791043568693e-32
3246,2092,__pr_graph_lp_or_to_or_and__: 4609:item-craft: mechanical-parts-01 --> item: mechanical-parts-01,,,True,item-craft: mechanical-parts-01 --> item: mechanical-parts-01,False,False,1.3134568020567731e-32,1.3134567994298588e-32
3247,341,__pr_graph_lp_or_cost_row__: item: ammonia-barrel,,,True,node-cost:item: ammonia-barrel,False,False,1.3131621259156261e-32,1.313162123289301e-32
3248,1884,__pr_graph_lp_or_to_or_and__: 3978:item-craft: py-shed-basic --> item: py-shed-basic,,,True,item-craft: py-shed-basic --> item: py-shed-basic,False,False,1.3126216580005755e-32,1.3126216553753315e-32
3249,190,__pr_graph_lp_or_cost_row__: entity: nickel-rock,,,True,node-cost:entity: nickel-rock,False,False,1.3099279418210607e-32,1.3099279392012041e-32
3250,953,__pr_graph_lp_or_to_or_and__: 10175:entity-operate: gasifier --> recipe-category: gasifier__3__1:noncoproduct-route,,,True,entity-operate: gasifier --> recipe-category: gasifier__3__1,False,False,-1.3094961901582901e-32,1.3094961875392969e-32
3251,4418,recipe: outpost-fluid-pyvoid,recipe,outpost-fluid-pyvoid,False,,True,True,-1.308943570298976e-32,1.308943567681088e-32
3252,3558,fluid-temperature: pressured-water: 10,fluid-temperature,pressured-water: 10,False,,False,False,1.3081310911305564e-32,1.3081310885142933e-32
3253,91,__pr_graph_lp_or_cost_row__: entity: automated-screener-mk01,,,True,node-cost:entity: automated-screener-mk01,False,False,1.3077679161482013e-32,1.3077679135326646e-32
3254,1279,__pr_graph_lp_or_to_or_and__: 1537:item: evaporator --> entity-build-item: evaporator,,,True,item: evaporator --> entity-build-item: evaporator,False,False,1.3075559858150522e-32,1.3075559831999394e-32
3255,1049,__pr_graph_lp_or_to_or_and__: 10300:entity-operate: scrubber-mk01 --> recipe-category: scrubber__2__0:noncoproduct-route,,,True,entity-operate: scrubber-mk01 --> recipe-category: scrubber__2__0,False,False,1.3061012424306402e-32,1.306101239818437e-32
3256,2449,__pr_graph_lp_or_to_or_and__: 9379:entity-build: chemical-plant-mk01 --> entity: chemical-plant-mk01:noncoproduct-route,,,True,entity-build: chemical-plant-mk01 --> entity: chemical-plant-mk01,False,False,1.3045906050934285e-32,1.3045906024842467e-32
3257,3669,recipe: alien-sample01-pyvoid,recipe,alien-sample01-pyvoid,False,,True,True,-1.3043842006674057e-32,1.3043841980586365e-32
3258,74,__pr_graph_lp_explicit_zero_free_source__: 2753:room-autoplace: planet: nauvis --> entity: medium-worm-turret,,,True,explicit-zero:room-autoplace: planet: nauvis --> entity: medium-worm-turret,False,False,1.3040409532926728e-32,1.3040409506845901e-32
3259,4499,recipe: py-gas-vent-pyvoid,recipe,py-gas-vent-pyvoid,False,,True,True,-1.3019396166525334e-32,1.3019396140486534e-32
3260,780,__pr_graph_lp_or_cost_row__: item: tar-processing-unit,,,True,node-cost:item: tar-processing-unit,False,False,-1.300313394144659e-32,1.3003133915440313e-32
3261,1119,__pr_graph_lp_or_to_or_and__: 10386:entity-operate: upgrader-mk01 --> recipe-category: upgrader__2__1:noncoproduct-route,,,True,entity-operate: upgrader-mk01 --> recipe-category: upgrader__2__1,False,False,1.3000304472089848e-32,1.3000304446089231e-32
3262,1774,__pr_graph_lp_or_to_or_and__: 3135:item-craft: stone-wall --> item: stone-wall,,,True,item-craft: stone-wall --> item: stone-wall,False,False,1.2999486869420006e-32,1.2999486843421023e-32
3263,3141,entity-mine: pipe,entity-mine,pipe,False,,True,False,-1.2994979978614275e-32,1.2994979952624307e-32
3264,913,__pr_graph_lp_or_to_or_and__: 10131:entity-operate: heavy-oil-refinery-mk01 --> recipe-category: hor__1__1:noncoproduct-route,,,True,entity-operate: heavy-oil-refinery-mk01 --> recipe-category: hor__1__1,False,False,-1.2994411042753772e-32,1.2994411016764944e-32
3265,99,__pr_graph_lp_or_cost_row__: entity: biofactory-mk01,,,True,node-cost:entity: biofactory-mk01,False,False,-1.2994171843503761e-32,1.2994171817515408e-32
3266,215,__pr_graph_lp_or_cost_row__: entity: power-switch,,,True,node-cost:entity: power-switch,False,False,1.2975682274415065e-32,1.2975682248463694e-32
3267,368,__pr_graph_lp_or_cost_row__: item: belt,,,True,node-cost:item: belt,False,False,1.2970559466994516e-32,1.2970559441053388e-32
3268,2042,__pr_graph_lp_or_to_or_and__: 4482:item-craft: cellulose --> item: cellulose,,,True,item-craft: cellulose --> item: cellulose,False,False,1.2937208551359262e-32,1.2937208525484836e-32
3269,4682,recipe: splitter-pyvoid,recipe,splitter-pyvoid,False,,True,True,-1.2928566658208137e-32,1.2928566632350994e-32
3270,3404,entity-operate: py-sinkhole,entity-operate,py-sinkhole,False,,False,False,1.2926340991083482e-32,1.2926340965230793e-32
3271,2425,__pr_graph_lp_or_to_or_and__: 9245:entity-build: arithmetic-combinator --> entity: arithmetic-combinator:noncoproduct-route,,,True,entity-build: arithmetic-combinator --> entity: arithmetic-combinator,False,False,-1.2925666904687694e-32,1.2925666878836351e-32
3272,863,__pr_graph_lp_or_to_or_and__: 10057:item-burn: kerogen --> item: ash:noncoproduct-route,,,True,item-burn: kerogen --> item: ash,False,False,1.2913613635701694e-32,1.2913613609874458e-32
3273,773,__pr_graph_lp_or_cost_row__: item: tailings-barrel,,,True,node-cost:item: tailings-barrel,False,False,1.2893134159680611e-32,1.2893134133894335e-32
3274,1033,__pr_graph_lp_or_to_or_and__: 10279:entity-operate: bio-reactor-mk01 --> recipe-category: bio-reactor__0__1:noncoproduct-route,,,True,entity-operate: bio-reactor-mk01 --> recipe-category: bio-reactor__0__1,False,False,1.2879030008498567e-32,1.2879029982740498e-32
3275,1302,__pr_graph_lp_or_to_or_and__: 1607:item: glassworks-mk01 --> entity-build-item: glassworks-mk01,,,True,item: glassworks-mk01 --> entity-build-item: glassworks-mk01,False,False,-1.2877562755166642e-32,1.2877562729411509e-32
3276,1356,__pr_graph_lp_or_to_or_and__: 1787:item: vrauks-mk02 --> entity-operate-py-module: vrauks-paddock-mk03,,,True,item: vrauks-mk02 --> entity-operate-py-module: vrauks-paddock-mk03,False,False,1.2862984233700561e-32,1.2862984207974585e-32
3277,744,__pr_graph_lp_or_cost_row__: item: smelter-mk01,,,True,node-cost:item: smelter-mk01,False,False,1.2860027634301492e-32,1.2860027608581427e-32
3278,2486,__pr_graph_lp_or_to_or_and__: 9453:entity-build: biofactory-mk01 --> entity: biofactory-mk01:noncoproduct-route,,,True,entity-build: biofactory-mk01 --> entity: biofactory-mk01,False,False,1.2833097280672144e-32,1.2833097255005942e-32
3279,1358,__pr_graph_lp_or_to_or_and__: 1789:item: vrauks-mk02 --> entity-operate-py-module: vrauks-paddock-mk04,,,True,item: vrauks-mk02 --> entity-operate-py-module: vrauks-paddock-mk04,False,False,1.2803806133971108e-32,1.2803806108363487e-32
3280,541,__pr_graph_lp_or_cost_row__: item: hpf,,,True,node-cost:item: hpf,False,False,-1.2786406202026556e-32,1.2786406176453735e-32
3281,3200,entity-mine: selector-combinator,entity-mine,selector-combinator,False,,True,False,-1.2778985443238564e-32,1.2778985417680585e-32
3282,2098,__pr_graph_lp_or_to_or_and__: 4621:item-craft: shaft-mk01 --> item: shaft-mk01,,,True,item-craft: shaft-mk01 --> item: shaft-mk01,False,False,-1.2773519875505818e-32,1.277351984995877e-32
3283,1056,__pr_graph_lp_or_to_or_and__: 10308:entity-operate: flotation-cell-mk01 --> recipe-category: flotation__2__3:noncoproduct-route,,,True,entity-operate: flotation-cell-mk01 --> recipe-category: flotation__2__3,False,False,1.2772007425672417e-32,1.2772007400128394e-32
3284,2805,__pr_graph_lp_or_to_or_and__: 9952:fluid-temperature: depolymerized-organics: 10 --> fluid-temperature-range: depolymerized-organics: 10: 10:noncoproduct-route,,,True,fluid-temperature: depolymerized-organics: 10 --> fluid-temperature-range: depolymerized-organics: 10: 10,False,False,-1.274978422965676e-32,1.2749784204157184e-32
3285,200,__pr_graph_lp_or_cost_row__: entity: ore-nexelit,,,True,node-cost:entity: ore-nexelit,False,False,-1.2716979447823153e-32,1.2716979422389186e-32
3286,1138,__pr_graph_lp_or_to_or_and__: 10409:entity-operate: gas-refinery-mk01 --> recipe-category: gas-refinery__1__2:noncoproduct-route,,,True,entity-operate: gas-refinery-mk01 --> recipe-category: gas-refinery__1__2,False,False,-1.271141101608708e-32,1.271141099066425e-32
3287,1166,__pr_graph_lp_or_to_or_and__: 10444:entity-operate: biofactory-mk01 --> recipe-category: biofactory__0__0:noncoproduct-route,,,True,entity-operate: biofactory-mk01 --> recipe-category: biofactory__0__0,False,False,-1.2676909462797873e-32,1.2676909437444046e-32
3288,2651,__pr_graph_lp_or_to_or_and__: 9749:fluid-temperature: tar: 10 --> fluid: tar:noncoproduct-route,,,True,fluid-temperature: tar: 10 --> fluid: tar,False,False,-1.2675021570781969e-32,1.2675021545431918e-32
3289,2967,entity-build: py-tank-10000,entity-build,py-tank-10000,False,,False,False,1.266088520493476e-32,1.2660885179612982e-32
3290,3694,recipe: assembling-machine-1-pyvoid,recipe,assembling-machine-1-pyvoid,False,,True,True,-1.2625837407905517e-32,1.2625837382653834e-32
3291,1145,__pr_graph_lp_or_to_or_and__: 10418:entity-operate: moss-farm-mk01 --> recipe-category: moss__1__0:noncoproduct-route,,,True,entity-operate: moss-farm-mk01 --> recipe-category: moss__1__0,False,False,-1.2620151369478719e-32,1.2620151344238408e-32
3292,555,__pr_graph_lp_or_cost_row__: item: jaw-crusher,,,True,node-cost:item: jaw-crusher,False,False,1.2609607473975774e-32,1.260960744875655e-32
3293,4555,recipe: radar-pyvoid,recipe,radar-pyvoid,False,,True,True,-1.2607982282187847e-32,1.2607982256971875e-32
3294,1134,__pr_graph_lp_or_to_or_and__: 10403:entity-operate: reformer-mk01 --> recipe-category: reformer__3__2:noncoproduct-route,,,True,entity-operate: reformer-mk01 --> recipe-category: reformer__3__2,False,False,1.2607818049357037e-32,1.2607818024141394e-32
3295,2454,__pr_graph_lp_or_to_or_and__: 9389:entity-build: automated-screener-mk01 --> entity: automated-screener-mk01:noncoproduct-route,,,True,entity-build: automated-screener-mk01 --> entity: automated-screener-mk01,False,False,1.2597888532441622e-32,1.2597888507245838e-32
3296,369,__pr_graph_lp_or_cost_row__: item: bio-container,,,True,node-cost:item: bio-container,False,False,1.2579668971711039e-32,1.2579668946551694e-32
3297,219,__pr_graph_lp_or_cost_row__: entity: pump,,,True,node-cost:entity: pump,False,False,1.2575057854060782e-32,1.2575057828910658e-32
3298,857,__pr_graph_lp_or_to_or_and__: 10045:item-burn: coal --> item: ash:noncoproduct-route,,,True,item-burn: coal --> item: ash,False,False,1.2571884783152783e-32,1.2571884758009006e-32
3299,1837,__pr_graph_lp_or_to_or_and__: 3803:item-craft: lab-instrument --> item: lab-instrument,,,True,item-craft: lab-instrument --> item: lab-instrument,False,False,1.2562834100781517e-32,1.2562834075655841e-32
3300,2521,__pr_graph_lp_or_to_or_and__: 9523:entity-build: outpost --> entity: outpost:noncoproduct-route,,,True,entity-build: outpost --> entity: outpost,False,False,1.2559314975141777e-32,1.2559314950023141e-32
3301,2545,__pr_graph_lp_or_to_or_and__: 9571:entity-build: storage-chest --> entity: storage-chest:noncoproduct-route,,,True,entity-build: storage-chest --> entity: storage-chest,False,False,1.2553781303889165e-32,1.2553781278781594e-32
3302,1471,__pr_graph_lp_or_to_or_and__: 2296:item: selector-combinator --> entity-build-item: selector-combinator,,,True,item: selector-combinator --> entity-build-item: selector-combinator,False,False,-1.2531383083449621e-32,1.2531383058386848e-32
3303,1732,__pr_graph_lp_or_to_or_and__: 2997:item: cellulose --> fuel-category: biomass__0,,,True,item: cellulose --> fuel-category: biomass__0,False,False,-1.2531248633513191e-32,1.2531248608450686e-32
3304,1012,__pr_graph_lp_or_to_or_and__: 10254:entity-operate: mixer-mk01 --> recipe-category: mixer__3__2:noncoproduct-route,,,True,entity-operate: mixer-mk01 --> recipe-category: mixer__3__2,False,False,-1.2503379249204502e-32,1.2503379224197737e-32
3305,1849,__pr_graph_lp_or_to_or_and__: 3874:item-craft: tar-processing-unit --> item: tar-processing-unit,,,True,item-craft: tar-processing-unit --> item: tar-processing-unit,False,False,1.2421952064120311e-32,1.2421952039276401e-32
3306,3063,entity-mine: concrete-wall,entity-mine,concrete-wall,False,,True,False,-1.2389334095517796e-32,1.238933407073912e-32
3307,2633,__pr_graph_lp_or_to_or_and__: 9725:fluid-temperature: light-oil: 25 --> fluid: light-oil:noncoproduct-route,,,True,fluid-temperature: light-oil: 25 --> fluid: light-oil,False,False,-1.2385939292277158e-32,1.2385939267505272e-32
3308,4394,recipe: nco-py-short-crane-mk1-pyvoid,recipe,nco-py-short-crane-mk1-pyvoid,False,,True,True,-1.2367550137978973e-32,1.2367550113243866e-32
3309,2371,__pr_graph_lp_or_to_or_and__: 8806:item: condensates-canister --> energy-source-burner: jerry__nuke_2_1,,,True,item: condensates-canister --> energy-source-burner: jerry__nuke_2_1,False,False,-1.2355487952083943e-32,1.2355487927372959e-32
3310,1917,__pr_graph_lp_or_to_or_and__: 4076:item-craft: ti-rejects --> item: ti-rejects,,,True,item-craft: ti-rejects --> item: ti-rejects,False,False,1.2350797868337231e-32,1.2350797843635628e-32
3311,227,__pr_graph_lp_or_cost_row__: entity: py-gas-vent,,,True,node-cost:entity: py-gas-vent,False,False,1.2324026731619889e-32,1.2324026706971828e-32
3312,1731,__pr_graph_lp_or_to_or_and__: 2996:item: biomass --> fuel-category: biomass__0,,,True,item: biomass --> fuel-category: biomass__0,False,False,-1.2321670827240382e-32,1.2321670802597033e-32
3313,725,__pr_graph_lp_or_cost_row__: item: sb-grade-03,,,True,node-cost:item: sb-grade-03,False,False,-1.2305076464123639e-32,1.2305076439513478e-32
3314,1901,__pr_graph_lp_or_to_or_and__: 4028:item-craft: barrel-machine-mk01 --> item: barrel-machine-mk01,,,True,item-craft: barrel-machine-mk01 --> item: barrel-machine-mk01,False,False,-1.2280904106698862e-32,1.2280904082137046e-32
3315,1705,__pr_graph_lp_or_to_or_and__: 2969:item: raw-coal --> fuel-category: chemical__1,,,True,item: raw-coal --> fuel-category: chemical__1,False,False,-1.2276145473286744e-32,1.2276145448734445e-32
3316,2992,entity-build: sap-extractor-mk01,entity-build,sap-extractor-mk01,False,,False,False,-1.2251330626205134e-32,1.2251330601702466e-32
3317,156,__pr_graph_lp_or_cost_row__: entity: gasifier,,,True,node-cost:entity: gasifier,False,False,1.2250572095211822e-32,1.225057207071067e-32
3318,2629,__pr_graph_lp_or_to_or_and__: 9719:entity-operate: oil-boiler-mk01 --> fluid-create-temperature: steam: 250:noncoproduct-route,,,True,entity-operate: oil-boiler-mk01 --> fluid-create-temperature: steam: 250,False,False,1.2232426380558356e-32,1.2232426356093495e-32
3319,1851,__pr_graph_lp_or_to_or_and__: 3880:item-craft: tailings-pond --> item: tailings-pond,,,True,item-craft: tailings-pond --> item: tailings-pond,False,False,1.2216838823756542e-32,1.2216838799322857e-32
3320,1355,__pr_graph_lp_or_to_or_and__: 1786:item: vrauks --> entity-operate-py-module: vrauks-paddock-mk03,,,True,item: vrauks --> entity-operate-py-module: vrauks-paddock-mk03,False,False,1.2206308434087328e-32,1.2206308409674704e-32
3321,694,__pr_graph_lp_or_cost_row__: item: ralesia,,,True,node-cost:item: ralesia,False,False,-1.2204014995245099e-32,1.2204014970837062e-32
3322,1704,__pr_graph_lp_or_to_or_and__: 2968:item: gunpowder --> fuel-category: chemical__1,,,True,item: gunpowder --> fuel-category: chemical__1,False,False,-1.2200794874361108e-32,1.2200794849959511e-32
3323,1807,__pr_graph_lp_or_to_or_and__: 3295:item-craft: constant-combinator --> item: constant-combinator,,,True,item-craft: constant-combinator --> item: constant-combinator,False,False,-1.219625023989552e-32,1.2196250215503012e-32
3324,1480,__pr_graph_lp_or_to_or_and__: 2341:item: py-tank-1500 --> entity-build-item: py-tank-1500,,,True,item: py-tank-1500 --> entity-build-item: py-tank-1500,False,False,1.2190476987263816e-32,1.2190476962882856e-32
3325,2817,__pr_graph_lp_or_to_or_and__: 9967:fluid-temperature: molten-salt: 1000 --> fluid-temperature-range: molten-salt: 1000: 1000:noncoproduct-route,,,True,fluid-temperature: molten-salt: 1000 --> fluid-temperature-range: molten-salt: 1000: 1000,False,False,1.216455764090982e-32,1.2164557616580698e-32
3326,2896,entity-build: fawogae-plantation-mk01,entity-build,fawogae-plantation-mk01,False,,False,False,1.2163108651003683e-32,1.2163108626677457e-32
3327,2235,__pr_graph_lp_or_to_or_and__: 8670:item: gunpowder --> energy-source-burner: chemical__biomass__jerry__nuke_2_1,,,True,item: gunpowder --> energy-source-burner: chemical__biomass__jerry__nuke_2_1,False,False,-1.2162485542381945e-32,1.2162485518056967e-32
3328,2929,entity-build: moondrop-greenhouse-mk01,entity-build,moondrop-greenhouse-mk01,False,,False,False,-1.2161859274157108e-32,1.2161859249833382e-32
3329,1357,__pr_graph_lp_or_to_or_and__: 1788:item: vrauks --> entity-operate-py-module: vrauks-paddock-mk04,,,True,item: vrauks --> entity-operate-py-module: vrauks-paddock-mk04,False,False,1.2139577024548673e-32,1.2139577000269512e-32
3330,634,__pr_graph_lp_or_cost_row__: item: pipe-to-ground,,,True,node-cost:item: pipe-to-ground,False,False,-1.2075979175685628e-32,1.2075979151533661e-32
3331,1781,__pr_graph_lp_or_to_or_and__: 3154:item-craft: medium-electric-pole --> item: medium-electric-pole,,,True,item-craft: medium-electric-pole --> item: medium-electric-pole,False,False,1.2063493738077781e-32,1.2063493713950787e-32
3332,296,__pr_graph_lp_or_cost_row__: entity: tailings-pond,,,True,node-cost:entity: tailings-pond,False,False,-1.2043079245243244e-32,1.2043079221157079e-32
3333,797,__pr_graph_lp_or_cost_row__: item: vacuum-pump-mk01,,,True,node-cost:item: vacuum-pump-mk01,False,False,1.2041786603401697e-32,1.2041786579318117e-32
3334,1701,__pr_graph_lp_or_to_or_and__: 2965:item: coal --> fuel-category: chemical__1,,,True,item: coal --> fuel-category: chemical__1,False,False,-1.2025688899080452e-32,1.2025688875029067e-32
3335,1848,__pr_graph_lp_or_to_or_and__: 3871:item-craft: gasifier --> item: gasifier,,,True,item-craft: gasifier --> item: gasifier,False,False,1.19980207838875e-32,1.1998020759891451e-32
3336,3727,recipe: barrel-pyvoid,recipe,barrel-pyvoid,False,,True,True,1.1963589201105061e-32,1.1963589177177876e-32
3337,114,__pr_graph_lp_or_cost_row__: entity: character,,,True,node-cost:entity: character,False,False,1.1953147862164271e-32,1.1953147838257969e-32
3338,86,__pr_graph_lp_or_cost_row__: entity: assembling-machine-1,,,True,node-cost:entity: assembling-machine-1,False,False,1.194849118304319e-32,1.19484911591462e-32
3339,1231,__pr_graph_lp_or_to_or_and__: 10538:logic-and: smart-farm-grod-flower-recipe-grod-super-3 --> logic-or: smart-farm-grod-flower-recipe:noncoproduct-route,,,True,logic-and: smart-farm-grod-flower-recipe-grod-super-3 --> logic-or: smart-farm-grod-flower-recipe,False,False,1.1947943603345617e-32,1.1947943579449724e-32
3340,2539,__pr_graph_lp_or_to_or_and__: 9559:entity-build: burner-inserter --> entity: burner-inserter:noncoproduct-route,,,True,entity-build: burner-inserter --> entity: burner-inserter,False,False,1.1935643590211716e-32,1.1935643566340422e-32
3341,550,__pr_graph_lp_or_cost_row__: item: iron-gear-wheel,,,True,node-cost:item: iron-gear-wheel,False,False,-1.1933001065141282e-32,1.1933001041275272e-32
3342,1242,__pr_graph_lp_or_to_or_and__: 10560:logic-and: smart-farm-ralesia-flowers-recipe-ralesia-super-3 --> logic-or: smart-farm-ralesia-flowers-recipe:noncoproduct-route,,,True,logic-and: smart-farm-ralesia-flowers-recipe-ralesia-super-3 --> logic-or: smart-farm-ralesia-flowers-recipe,False,False,-1.1930957770157437e-32,1.1930957746295513e-32
3343,4147,recipe: flora-collector-mk01-pyvoid,recipe,flora-collector-mk01-pyvoid,False,,True,True,-1.1908311145891692e-32,1.1908311122075061e-32
3344,2717,__pr_graph_lp_or_to_or_and__: 9836:fluid-temperature: oxygen: 15 --> fluid-temperature-range: oxygen: 15: 15:noncoproduct-route,,,True,fluid-temperature: oxygen: 15 --> fluid-temperature-range: oxygen: 15: 15,False,False,-1.1898609866986807e-32,1.1898609843189581e-32
3345,2516,__pr_graph_lp_or_to_or_and__: 9513:entity-build: steel-chest --> entity: steel-chest:noncoproduct-route,,,True,entity-build: steel-chest --> entity: steel-chest,False,False,1.1858847758851319e-32,1.1858847735133616e-32
3346,337,__pr_graph_lp_or_cost_row__: item: aerial-blimp-mk01,,,True,node-cost:item: aerial-blimp-mk01,False,False,1.1853592414595091e-32,1.1853592390887899e-32
3347,617,__pr_graph_lp_or_cost_row__: item: ore-nickel,,,True,node-cost:item: ore-nickel,False,False,-1.1829568351208913e-32,1.1829568327549769e-32
3348,637,__pr_graph_lp_or_cost_row__: item: plankton-farm,,,True,node-cost:item: plankton-farm,False,False,-1.1821889177125772e-32,1.1821889153481986e-32
3349,2466,__pr_graph_lp_or_to_or_and__: 9413:entity-build: bof-mk01 --> entity: bof-mk01:noncoproduct-route,,,True,entity-build: bof-mk01 --> entity: bof-mk01,False,False,1.1814067721095247e-32,1.1814067697467104e-32
3350,2546,__pr_graph_lp_or_to_or_and__: 9573:entity-build: electric-mining-drill --> entity: electric-mining-drill:noncoproduct-route,,,True,entity-build: electric-mining-drill --> entity: electric-mining-drill,False,False,-1.1742422591989046e-32,1.1742422568504194e-32
3351,731,__pr_graph_lp_or_cost_row__: item: seaweed,,,True,node-cost:item: seaweed,False,False,-1.1732750505046173e-32,1.1732750481580665e-32
3352,2743,__pr_graph_lp_or_to_or_and__: 9870:fluid-temperature: cyanic-acid: 10 --> fluid: cyanic-acid:noncoproduct-route,,,True,fluid-temperature: cyanic-acid: 10 --> fluid: cyanic-acid,False,False,1.1732581015033276e-32,1.1732580991568106e-32
3353,1730,__pr_graph_lp_or_to_or_and__: 2995:item: carbon-black --> fuel-category: biomass__0,,,True,item: carbon-black --> fuel-category: biomass__0,False,False,-1.1710013582356412e-32,1.1710013558936378e-32
3354,3011,entity-build: storage-chest,entity-build,storage-chest,False,,False,False,1.1695694336658364e-32,1.1695694313266968e-32
3355,1467,__pr_graph_lp_or_to_or_and__: 2153:item: rail-signal --> entity-build-item: rail-signal,,,True,item: rail-signal --> entity-build-item: rail-signal,False,False,-1.1676725376079401e-32,1.1676725352725944e-32
3356,2594,__pr_graph_lp_or_to_or_and__: 9669:entity-build: aerial-blimp-mk01 --> entity: aerial-blimp-mk01:noncoproduct-route,,,True,entity-build: aerial-blimp-mk01 --> entity: aerial-blimp-mk01,False,False,1.1669140539054681e-32,1.1669140515716394e-32
3357,858,__pr_graph_lp_or_to_or_and__: 10047:item-burn: coke --> item: ash:noncoproduct-route,,,True,item-burn: coke --> item: ash,False,False,1.1656749230021968e-32,1.1656749206708463e-32
3358,1893,__pr_graph_lp_or_to_or_and__: 4005:item-craft: py-tank-7000 --> item: py-tank-7000,,,True,item-craft: py-tank-7000 --> item: py-tank-7000,False,False,-1.164499847119149e-32,1.1644998447901487e-32
3359,754,__pr_graph_lp_or_cost_row__: item: spore-collector-mk01,,,True,node-cost:item: spore-collector-mk01,False,False,-1.1634385550318575e-32,1.1634385527049797e-32
3360,1385,__pr_graph_lp_or_to_or_and__: 1852:item: dino-dig-site --> entity-build-item: dino-dig-site,,,True,item: dino-dig-site --> entity-build-item: dino-dig-site,False,False,1.1633096455243184e-32,1.1633096431976983e-32
3361,2114,__pr_graph_lp_or_to_or_and__: 4661:item-craft: py-oil-powerplant-mk01 --> item: py-oil-powerplant-mk01,,,True,item-craft: py-oil-powerplant-mk01 --> item: py-oil-powerplant-mk01,False,False,1.1631863674698019e-32,1.1631863651434285e-32
3362,1326,__pr_graph_lp_or_to_or_and__: 1704:item: pcb-factory-mk01 --> entity-build-item: pcb-factory-mk01,,,True,item: pcb-factory-mk01 --> entity-build-item: pcb-factory-mk01,False,False,1.1630705069154548e-32,1.163070504589313e-32
3363,1275,__pr_graph_lp_or_to_or_and__: 1521:item: rectisol --> entity-build-item: rectisol,,,True,item: rectisol --> entity-build-item: rectisol,False,False,1.1606049282898759e-32,1.1606049259686654e-32
3364,1219,__pr_graph_lp_or_to_or_and__: 10519:entity-operate: antimony-drill-mk01 --> resource-category: antimonium__0__0:noncoproduct-route,,,True,entity-operate: antimony-drill-mk01 --> resource-category: antimonium__0__0,False,False,1.1597846961510997e-32,1.1597846938315297e-32
3365,2557,__pr_graph_lp_or_to_or_and__: 9595:entity-build: pipe-to-ground --> entity: pipe-to-ground:noncoproduct-route,,,True,entity-build: pipe-to-ground --> entity: pipe-to-ground,False,False,1.159441959986171e-32,1.1594419576672865e-32
3366,1192,__pr_graph_lp_or_to_or_and__: 10477:entity-operate: fish-farm-mk01 --> recipe-category: fish-farm__2__2:noncoproduct-route,,,True,entity-operate: fish-farm-mk01 --> recipe-category: fish-farm__2__2,False,False,1.1587997933138672e-32,1.1587997909962669e-32
3367,1951,__pr_graph_lp_or_to_or_and__: 4171:item-craft: casting-unit-mk01 --> item: casting-unit-mk01,,,True,item-craft: casting-unit-mk01 --> item: casting-unit-mk01,False,False,-1.1581559017398304e-32,1.1581558994235178e-32
3368,1828,__pr_graph_lp_or_to_or_and__: 3781:item-craft: fawogae-substrate --> item: fawogae-substrate,,,True,item-craft: fawogae-substrate --> item: fawogae-substrate,False,False,-1.1553514161096681e-32,1.1553514137989645e-32
3369,1285,__pr_graph_lp_or_to_or_and__: 1561:item: advanced-foundry-mk01 --> entity-build-item: advanced-foundry-mk01,,,True,item: advanced-foundry-mk01 --> entity-build-item: advanced-foundry-mk01,False,False,1.1552945609730637e-32,1.1552945586624738e-32
3370,3984,recipe: eaf-mk01-pyvoid,recipe,eaf-mk01-pyvoid,False,,True,True,-1.1549000884161726e-32,1.1549000861063717e-32
3371,721,__pr_graph_lp_or_cost_row__: item: sap-tree,,,True,node-cost:item: sap-tree,False,False,1.153311479887454e-32,1.1533114775808304e-32
3372,759,__pr_graph_lp_or_cost_row__: item: steel-furnace,,,True,node-cost:item: steel-furnace,False,False,1.1515963229027881e-32,1.1515963205995948e-32
3373,2573,__pr_graph_lp_or_to_or_and__: 9627:entity-build: splitter --> entity: splitter:noncoproduct-route,,,True,entity-build: splitter --> entity: splitter,False,False,1.1507886087554869e-32,1.1507886064539091e-32
3374,3861,recipe: cargo-wagon-pyvoid,recipe,cargo-wagon-pyvoid,False,,True,True,-1.1467728981399779e-32,1.1467728958464313e-32
3375,2065,__pr_graph_lp_or_to_or_and__: 4546:item-craft: earth-mouse-sample --> item: earth-mouse-sample,,,True,item-craft: earth-mouse-sample --> item: earth-mouse-sample,False,False,-1.1467533038446109e-32,1.1467533015511036e-32
3376,1422,__pr_graph_lp_or_to_or_and__: 1985:item: fluid-wagon --> entity-build-item: fluid-wagon,,,True,item: fluid-wagon --> entity-build-item: fluid-wagon,False,False,-1.1442882402160633e-32,1.1442882379274861e-32
3377,563,__pr_graph_lp_or_cost_row__: item: latex-slab,,,True,node-cost:item: latex-slab,False,False,1.1437252932202363e-32,1.143725290932785e-32
3378,483,__pr_graph_lp_or_cost_row__: item: fbreactor-mk01,,,True,node-cost:item: fbreactor-mk01,False,False,1.1420304090364081e-32,1.1420304067523466e-32
3379,2560,__pr_graph_lp_or_to_or_and__: 9601:entity-build: pump --> entity: pump:noncoproduct-route,,,True,entity-build: pump --> entity: pump,False,False,-1.1420060345943304e-32,1.1420060323103176e-32
3380,1944,__pr_graph_lp_or_to_or_and__: 4151:item-craft: solder --> item: solder,,,True,item-craft: solder --> item: solder,False,False,-1.13858148677011e-32,1.1385814844929464e-32
3381,1218,__pr_graph_lp_or_to_or_and__: 10517:entity-operate: geothermal-plant-mk01 --> resource-category: geothermal-crack__1__1:noncoproduct-route,,,True,entity-operate: geothermal-plant-mk01 --> resource-category: geothermal-crack__1__1,False,False,-1.1367851347795531e-32,1.1367851325059822e-32
3382,1940,__pr_graph_lp_or_to_or_and__: 4142:item-craft: starch --> item: starch,,,True,item-craft: starch --> item: starch,False,False,1.1363247193616271e-32,1.1363247170889771e-32
3383,58,__pr_graph_lp_explicit_zero_free_source__: 2675:room-autoplace: planet: nauvis --> entity: tree-05,,,True,explicit-zero:room-autoplace: planet: nauvis --> entity: tree-05,False,False,-1.1316915119730784e-32,1.1316915097096947e-32
3384,654,__pr_graph_lp_or_cost_row__: item: py-asphalt,,,True,node-cost:item: py-asphalt,False,False,1.1313267413269846e-32,1.1313267390643304e-32
3385,3816,recipe: bones-pyvoid,recipe,bones-pyvoid,False,,True,True,-1.1312337303255702e-32,1.1312337280631022e-32
3386,2787,__pr_graph_lp_or_to_or_and__: 9928:fluid-temperature: zogna-bacteria: 10 --> fluid-temperature-range: zogna-bacteria: 10: 10:noncoproduct-route,,,True,fluid-temperature: zogna-bacteria: 10 --> fluid-temperature-range: zogna-bacteria: 10: 10,False,False,-1.1292961496949985e-32,1.1292961474364055e-32
3387,312,__pr_graph_lp_or_cost_row__: entity: tree-08,,,True,node-cost:entity: tree-08,False,False,1.1280725158553715e-32,1.1280725135992258e-32
3388,136,__pr_graph_lp_or_cost_row__: entity: distilator,,,True,node-cost:entity: distilator,False,False,1.1274568464715164e-32,1.127456844216602e-32
3389,1918,__pr_graph_lp_or_to_or_and__: 4078:item-craft: titanium-plate --> item: titanium-plate,,,True,item-craft: titanium-plate --> item: titanium-plate,False,False,-1.1229554814076497e-32,1.1229554791617381e-32
3390,974,__pr_graph_lp_or_to_or_and__: 10202:entity-operate: olefin-plant --> recipe-category: olefin__2__2:noncoproduct-route,,,True,entity-operate: olefin-plant --> recipe-category: olefin__2__2,False,False,1.1226579983295003e-32,1.1226579960841836e-32
3391,2533,__pr_graph_lp_or_to_or_and__: 9547:entity-build: compost-plant-mk01 --> entity: compost-plant-mk01:noncoproduct-route,,,True,entity-build: compost-plant-mk01 --> entity: compost-plant-mk01,False,False,-1.1193293236918677e-32,1.1193293214532084e-32
3392,48,__pr_graph_lp_explicit_zero_free_source__: 2354:room-autoplace: planet: nauvis --> entity: ree,,,True,explicit-zero:room-autoplace: planet: nauvis --> entity: ree,False,False,-1.1174635053493782e-32,1.1174635031144505e-32
3393,1902,__pr_graph_lp_or_to_or_and__: 4031:item-craft: py-roboport-mk01 --> item: py-roboport-mk01,,,True,item-craft: py-roboport-mk01 --> item: py-roboport-mk01,False,False,1.1160038160401359e-32,1.1160038138081276e-32
3394,3031,entity-mine: antimonium,entity-mine,antimonium,False,,True,False,1.1159692783587201e-32,1.1159692761267809e-32
3395,2389,__pr_graph_lp_or_to_or_and__: 8824:item: condensates-canister --> energy-source-burner: jerry_2_1,,,True,item: condensates-canister --> energy-source-burner: jerry_2_1,False,False,1.1156706108619823e-32,1.1156706086306404e-32
3396,2589,__pr_graph_lp_or_to_or_and__: 9659:entity-build: train-stop --> entity: train-stop:noncoproduct-route,,,True,entity-build: train-stop --> entity: train-stop,False,False,-1.1076643598416175e-32,1.1076643576262881e-32
3397,433,__pr_graph_lp_or_cost_row__: item: controler-mk01,,,True,node-cost:item: controler-mk01,False,False,1.1073212834290181e-32,1.1073212812143748e-32
3398,1289,__pr_graph_lp_or_to_or_and__: 1571:item: fawogae --> entity-operate-py-module: fawogae-plantation-mk03,,,True,item: fawogae --> entity-operate-py-module: fawogae-plantation-mk03,False,False,-1.1071985638811761e-32,1.1071985616667783e-32
3399,2548,__pr_graph_lp_or_to_or_and__: 9577:entity-build: borax-mine --> entity: borax-mine:noncoproduct-route,,,True,entity-build: borax-mine --> entity: borax-mine,False,False,-1.1065093834245866e-32,1.1065093812115671e-32
3400,78,__pr_graph_lp_explicit_zero_free_source__: 2818:room-autoplace: planet: nauvis --> entity: spitter-spawner,,,True,explicit-zero:room-autoplace: planet: nauvis --> entity: spitter-spawner,False,False,-1.1055886255103332e-32,1.1055886232991552e-32
3401,2183,__pr_graph_lp_or_to_or_and__: 7653:item: vrauks-mk02 --> recipe-py-module: vrauks-cocoon-4-no-water,,,True,item: vrauks-mk02 --> recipe-py-module: vrauks-cocoon-4-no-water,False,False,1.10538455335559e-32,1.1053845511448203e-32
3402,65,__pr_graph_lp_explicit_zero_free_source__: 2710:room-autoplace: planet: nauvis --> entity: tree-09,,,True,explicit-zero:room-autoplace: planet: nauvis --> entity: tree-09,False,False,1.1048594194390965e-32,1.1048594172293771e-32
3403,846,__pr_graph_lp_or_to_or_and__: 10029:entity-operate: py-burner --> fuel-category-burn: nuke:noncoproduct-route,,,True,entity-operate: py-burner --> fuel-category-burn: nuke,False,False,-1.1042230028494912e-32,1.1042230006410445e-32
3404,862,__pr_graph_lp_or_to_or_and__: 10055:item-burn: crushed-coal --> item: ash:noncoproduct-route,,,True,item-burn: crushed-coal --> item: ash,False,False,1.1016327546708836e-32,1.1016327524676173e-32
3405,642,__pr_graph_lp_or_cost_row__: item: poorman-wood-fence,,,True,node-cost:item: poorman-wood-fence,False,False,1.101090047671589e-32,1.1010900454694082e-32
3406,2584,__pr_graph_lp_or_to_or_and__: 9649:entity-build: py-check-valve --> entity: py-check-valve:noncoproduct-route,,,True,entity-build: py-check-valve --> entity: py-check-valve,False,False,1.100802908523504e-32,1.1008029063218975e-32
3407,701,__pr_graph_lp_or_cost_row__: item: rc-mk01,,,True,node-cost:item: rc-mk01,False,False,1.1003469276464067e-32,1.1003469254457122e-32
3408,3701,recipe: auog-codex-pyvoid,recipe,auog-codex-pyvoid,False,,True,True,1.0975722780408301e-32,1.0975722758456848e-32
3409,2375,__pr_graph_lp_or_to_or_and__: 8810:item: pitch-canister --> energy-source-burner: jerry__nuke_2_1,,,True,item: pitch-canister --> energy-source-burner: jerry__nuke_2_1,False,False,-1.0965310792585778e-32,1.096531077065515e-32
3410,2106,__pr_graph_lp_or_to_or_and__: 4637:item-craft: hawt-turbine-mk01 --> item: hawt-turbine-mk01,,,True,item-craft: hawt-turbine-mk01 --> item: hawt-turbine-mk01,False,False,1.0943810379940979e-32,1.0943810358053351e-32
3411,677,__pr_graph_lp_or_cost_row__: item: py-tank-1500,,,True,node-cost:item: py-tank-1500,False,False,-1.0913424957683024e-32,1.0913424935856168e-32
3412,934,__pr_graph_lp_or_to_or_and__: 10154:entity-operate: distilator --> recipe-category: distilator__3__1:noncoproduct-route,,,True,entity-operate: distilator --> recipe-category: distilator__3__1,False,False,1.0911820231200635e-32,1.0911820209376988e-32
3413,2503,__pr_graph_lp_or_to_or_and__: 9487:entity-build: py-coal-powerplant-mk01 --> entity: py-coal-powerplant-mk01:noncoproduct-route,,,True,entity-build: py-coal-powerplant-mk01 --> entity: py-coal-powerplant-mk01,False,False,1.0905260628130108e-32,1.090526060631958e-32
3414,1512,__pr_graph_lp_or_to_or_and__: 2526:fluid-create-temperature: steam: 250 --> fluid-create: steam,,,True,fluid-create-temperature: steam: 250 --> fluid-create: steam,False,False,-1.0899182657849991e-32,1.0899182636051619e-32
3415,565,__pr_graph_lp_or_cost_row__: item: lens,,,True,node-cost:item: lens,False,False,1.0895392977748731e-32,1.0895392955957939e-32
3416,1254,__pr_graph_lp_or_to_or_and__: 10584:logic-and: smart-farm-tuuphra-tuber-recipe-tuuphra-super-1 --> logic-or: smart-farm-tuuphra-tuber-recipe:noncoproduct-route,,,True,logic-and: smart-farm-tuuphra-tuber-recipe-tuuphra-super-1 --> logic-or: smart-farm-tuuphra-tuber-recipe,False,False,-1.0891397074410734e-32,1.0891397052627934e-32
3417,2630,__pr_graph_lp_or_to_or_and__: 9721:fluid-temperature: heavy-oil: 25 --> fluid: heavy-oil:noncoproduct-route,,,True,fluid-temperature: heavy-oil: 25 --> fluid: heavy-oil,False,False,-1.0883926503288333e-32,1.0883926481520474e-32
3418,753,__pr_graph_lp_or_cost_row__: item: splitter,,,True,node-cost:item: splitter,False,False,-1.0876993350776621e-32,1.0876993329022629e-32
3419,599,__pr_graph_lp_or_cost_row__: item: muddy-sludge-barrel,,,True,node-cost:item: muddy-sludge-barrel,False,False,-1.0853837332069305e-32,1.0853837310361623e-32
3420,2542,__pr_graph_lp_or_to_or_and__: 9565:entity-build: lab --> entity: lab:noncoproduct-route,,,True,entity-build: lab --> entity: lab,False,False,-1.0852863202474992e-32,1.085286318076926e-32
3421,1974,__pr_graph_lp_or_to_or_and__: 4234:item-craft: moondrop-greenhouse-mk01 --> item: moondrop-greenhouse-mk01,,,True,item-craft: moondrop-greenhouse-mk01 --> item: moondrop-greenhouse-mk01,False,False,-1.0843847640805246e-32,1.0843847619117544e-32
3422,792,__pr_graph_lp_or_cost_row__: item: upgrader-mk01,,,True,node-cost:item: upgrader-mk01,False,False,1.0843218425181182e-32,1.0843218403494739e-32
3423,647,__pr_graph_lp_or_cost_row__: item: prandium-lab-mk01,,,True,node-cost:item: prandium-lab-mk01,False,False,1.0842028211244655e-32,1.0842028189560592e-32
3424,160,__pr_graph_lp_or_cost_row__: entity: geothermal-crack,,,True,node-cost:entity: geothermal-crack,False,False,-1.0840852830946065e-32,1.0840852809264353e-32
3425,720,__pr_graph_lp_or_cost_row__: item: sap-seeds,,,True,node-cost:item: sap-seeds,False,False,-1.0838181866149085e-32,1.0838181844472715e-32
3426,308,__pr_graph_lp_or_cost_row__: entity: tree-05,,,True,node-cost:entity: tree-05,False,False,1.083334164607762e-32,1.083334162441093e-32
3427,1466,__pr_graph_lp_or_to_or_and__: 2149:item: rail-chain-signal --> entity-build-item: rail-chain-signal,,,True,item: rail-chain-signal --> entity-build-item: rail-chain-signal,False,False,1.0830656207859782e-32,1.0830656186198463e-32
3428,494,__pr_graph_lp_or_cost_row__: item: flotation-cell-mk01,,,True,node-cost:item: flotation-cell-mk01,False,False,-1.0818073791141523e-32,1.0818073769505369e-32
3429,2075,__pr_graph_lp_or_to_or_and__: 4568:item-craft: moondrop-codex --> item: moondrop-codex,,,True,item-craft: moondrop-codex --> item: moondrop-codex,False,False,1.0815937282458832e-32,1.0815937260826951e-32
3430,4598,recipe: rotor-mk01-pyvoid,recipe,rotor-mk01-pyvoid,False,,True,True,-1.0796493492152831e-32,1.0796493470559837e-32
3431,3962,recipe: decider-combinator-pyvoid,recipe,decider-combinator-pyvoid,False,,True,True,-1.0787848778986013e-32,1.078784875741031e-32
3432,2895,entity-build: evaporator,entity-build,evaporator,False,,False,False,-1.0781466381393429e-32,1.0781466359830489e-32
3433,2693,__pr_graph_lp_or_to_or_and__: 9805:fluid-temperature: pressured-air: 15 --> fluid: pressured-air:noncoproduct-route,,,True,fluid-temperature: pressured-air: 15 --> fluid: pressured-air,False,False,-1.0720695839684127e-32,1.0720695818242729e-32
3434,2554,__pr_graph_lp_or_to_or_and__: 9589:entity-build: antimony-drill-mk01 --> entity: antimony-drill-mk01:noncoproduct-route,,,True,entity-build: antimony-drill-mk01 --> entity: antimony-drill-mk01,False,False,-1.0708087098946367e-32,1.0708087077530186e-32
3435,184,__pr_graph_lp_or_cost_row__: entity: molybdenum-ore,,,True,node-cost:entity: molybdenum-ore,False,False,-1.0658936139984498e-32,1.065893611866662e-32
3436,321,__pr_graph_lp_or_cost_row__: entity: uranium-rock,,,True,node-cost:entity: uranium-rock,False,False,1.0656515279926405e-32,1.0656515258613368e-32
3437,295,__pr_graph_lp_or_cost_row__: entity: sulfur-patch,,,True,node-cost:entity: sulfur-patch,False,False,-1.0650552042888355e-32,1.0650552021587245e-32
3438,107,__pr_graph_lp_or_cost_row__: entity: burner-inserter,,,True,node-cost:entity: burner-inserter,False,False,-1.0609004834694572e-32,1.0609004813476555e-32
3439,210,__pr_graph_lp_or_cost_row__: entity: phosphate-rock-02,,,True,node-cost:entity: phosphate-rock-02,False,False,-1.0599013207673656e-32,1.0599013186475623e-32
3440,2660,__pr_graph_lp_or_to_or_and__: 9761:fluid-temperature: flue-gas: 15 --> fluid: flue-gas:noncoproduct-route,,,True,fluid-temperature: flue-gas: 15 --> fluid: flue-gas,False,False,1.0598103159159299e-32,1.0598103137963086e-32
3441,481,__pr_graph_lp_or_cost_row__: item: fawogae-spore,,,True,node-cost:item: fawogae-spore,False,False,-1.0596856205464024e-32,1.0596856184270306e-32
3442,652,__pr_graph_lp_or_cost_row__: item: pulp-mill-mk01,,,True,node-cost:item: pulp-mill-mk01,False,False,1.058673004841394e-32,1.0586730027240473e-32
3443,911,__pr_graph_lp_or_to_or_and__: 10129:entity-operate: heavy-oil-refinery-mk01 --> recipe-category: hor__2__0:noncoproduct-route,,,True,entity-operate: heavy-oil-refinery-mk01 --> recipe-category: hor__2__0,False,False,-1.0580901356754503e-32,1.0580901335592694e-32
3444,251,__pr_graph_lp_or_cost_row__: entity: quartz-rock,,,True,node-cost:entity: quartz-rock,False,False,1.0575448621368012e-32,1.0575448600217109e-32
3445,2154,__pr_graph_lp_or_to_or_and__: 6589:item: cottongut-mk01 --> recipe-py-module: cottongut-cub-2,,,True,item: cottongut-mk01 --> recipe-py-module: cottongut-cub-2,False,False,-1.0565962450516152e-32,1.0565962429384221e-32
3446,2143,__pr_graph_lp_or_to_or_and__: 4867:item-craft: rail --> item: rail,,,True,item-craft: rail --> item: rail,False,False,1.0561188060679066e-32,1.0561188039556684e-32
3447,1981,__pr_graph_lp_or_to_or_and__: 4254:item-craft: carbon-black --> item: carbon-black,,,True,item-craft: carbon-black --> item: carbon-black,False,False,1.0552771463132988e-32,1.0552771442027439e-32
3448,3008,entity-build: steel-furnace,entity-build,steel-furnace,False,,False,False,1.0537825135296092e-32,1.0537825114220436e-32
3449,2519,__pr_graph_lp_or_to_or_and__: 9519:entity-build: py-warehouse-basic --> entity: py-warehouse-basic:noncoproduct-route,,,True,entity-build: py-warehouse-basic --> entity: py-warehouse-basic,False,False,-1.0536156384392542e-32,1.0536156363320223e-32
3450,458,__pr_graph_lp_or_cost_row__: item: distilator,,,True,node-cost:item: distilator,False,False,1.0525726699864345e-32,1.0525726678812886e-32
3451,4172,recipe: fwf-mk01-pyvoid,recipe,fwf-mk01-pyvoid,False,,True,True,-1.0514406073539774e-32,1.0514406052510956e-32
3452,1020,__pr_graph_lp_or_to_or_and__: 10262:entity-operate: mixer-mk01 --> recipe-category: mixer__2__2:noncoproduct-route,,,True,entity-operate: mixer-mk01 --> recipe-category: mixer__2__2,False,False,-1.0511070347746936e-32,1.0511070326724789e-32
3453,1484,__pr_graph_lp_or_to_or_and__: 2357:item: py-tank-7000 --> entity-build-item: py-tank-7000,,,True,item: py-tank-7000 --> entity-build-item: py-tank-7000,False,False,1.0504996017596926e-32,1.0504995996586927e-32
3454,986,__pr_graph_lp_or_to_or_and__: 10220:entity-operate: ralesia-plantation-mk01 --> recipe-category: ralesia__3__0:noncoproduct-route,,,True,entity-operate: ralesia-plantation-mk01 --> recipe-category: ralesia__3__0,False,False,1.0481624760325707e-32,1.0481624739362452e-32
3455,1460,__pr_graph_lp_or_to_or_and__: 2125:item: pipe-to-ground --> entity-build-item: pipe-to-ground,,,True,item: pipe-to-ground --> entity-build-item: pipe-to-ground,False,False,-1.0467188587169914e-32,1.0467188566235531e-32
3456,2129,__pr_graph_lp_or_to_or_and__: 4813:item-craft: aerial-blimp-mk01 --> item: aerial-blimp-mk01,,,True,item-craft: aerial-blimp-mk01 --> item: aerial-blimp-mk01,False,False,-1.0433132065115567e-32,1.0433132044249297e-32
3457,1140,__pr_graph_lp_or_to_or_and__: 10411:entity-operate: gas-refinery-mk01 --> recipe-category: gas-refinery__0__1:noncoproduct-route,,,True,entity-operate: gas-refinery-mk01 --> recipe-category: gas-refinery__0__1,False,False,1.0432577467687245e-32,1.0432577446822084e-32
3458,2578,__pr_graph_lp_or_to_or_and__: 9637:entity-build: py-tank-3000 --> entity: py-tank-3000:noncoproduct-route,,,True,entity-build: py-tank-3000 --> entity: py-tank-3000,False,False,1.0422523010902701e-32,1.0422522990057649e-32
3459,2127,__pr_graph_lp_or_to_or_and__: 4807:item-craft: caravan --> item: caravan,,,True,item-craft: caravan --> item: caravan,False,False,1.0421032940077877e-32,1.0421032919235805e-32
3460,100,__pr_graph_lp_or_cost_row__: entity: biter-spawner,,,True,node-cost:entity: biter-spawner,False,False,1.0410048686043147e-32,1.0410048665223043e-32
3461,1885,__pr_graph_lp_or_to_or_and__: 3981:item-craft: py-storehouse-basic --> item: py-storehouse-basic,,,True,item-craft: py-storehouse-basic --> item: py-storehouse-basic,False,False,1.0387262604396354e-32,1.0387262583621822e-32
3462,1793,__pr_graph_lp_or_to_or_and__: 3185:item-craft: accumulator --> item: accumulator,,,True,item-craft: accumulator --> item: accumulator,False,False,1.038328990972755e-32,1.0383289888960964e-32
3463,732,__pr_graph_lp_or_cost_row__: item: seaweed-crop-mk01,,,True,node-cost:item: seaweed-crop-mk01,False,False,1.0344746049676697e-32,1.0344746028987198e-32
3464,93,__pr_graph_lp_or_cost_row__: entity: barrel-machine-mk01,,,True,node-cost:entity: barrel-machine-mk01,False,False,-1.0342095491235255e-32,1.0342095470551058e-32
3465,2897,entity-build: fbreactor-mk01,entity-build,fbreactor-mk01,False,,False,False,1.0330124537631218e-32,1.0330124516970964e-32
3466,2799,__pr_graph_lp_or_to_or_and__: 9944:fluid-temperature: formic-acid: 15 --> fluid-temperature-range: formic-acid: 15: 15:noncoproduct-route,,,True,fluid-temperature: formic-acid: 15 --> fluid-temperature-range: formic-acid: 15: 15,False,False,1.0325839490215194e-32,1.0325839469563509e-32
3467,1136,__pr_graph_lp_or_to_or_and__: 10407:entity-operate: gas-refinery-mk01 --> recipe-category: gas-refinery__2__1:noncoproduct-route,,,True,entity-operate: gas-refinery-mk01 --> recipe-category: gas-refinery__2__1,False,False,-1.0307826958532555e-32,1.0307826937916894e-32
3468,1726,__pr_graph_lp_or_to_or_and__: 2991:item: wood --> fuel-category: biomass__0,,,True,item: wood --> fuel-category: biomass__0,False,False,-1.0307391304960915e-32,1.0307391284346126e-32
3469,1870,__pr_graph_lp_or_to_or_and__: 3937:item-craft: chemical-plant-mk01 --> item: chemical-plant-mk01,,,True,item-craft: chemical-plant-mk01 --> item: chemical-plant-mk01,False,False,1.0299216619274851e-32,1.0299216598676411e-32
3470,509,__pr_graph_lp_or_cost_row__: item: generator-1,,,True,node-cost:item: generator-1,False,False,1.0299123042917635e-32,1.0299123022319382e-32
3471,1001,__pr_graph_lp_or_to_or_and__: 10240:entity-operate: glassworks-mk01 --> recipe-category: glassworks__0__1:noncoproduct-route,,,True,entity-operate: glassworks-mk01 --> recipe-category: glassworks__0__1,False,False,-1.029674829101394e-32,1.0296748270420437e-32
3472,343,__pr_graph_lp_or_cost_row__: item: animal-sample-01,,,True,node-cost:item: animal-sample-01,False,False,-1.0283786934941692e-32,1.0283786914374112e-32
3473,2475,__pr_graph_lp_or_to_or_and__: 9431:entity-build: heavy-oil-refinery-mk01 --> entity: heavy-oil-refinery-mk01:noncoproduct-route,,,True,entity-build: heavy-oil-refinery-mk01 --> entity: heavy-oil-refinery-mk01,False,False,1.0277791292337855e-32,1.0277791271782267e-32
3474,171,__pr_graph_lp_or_cost_row__: entity: inserter,,,True,node-cost:entity: inserter,False,False,-1.0276337469380416e-32,1.0276337448827735e-32
3475,1169,__pr_graph_lp_or_to_or_and__: 10447:entity-operate: biofactory-mk01 --> recipe-category: biofactory__3__0:noncoproduct-route,,,True,entity-operate: biofactory-mk01 --> recipe-category: biofactory__3__0,False,False,-1.0272008541257548e-32,1.0272008520713524e-32
3476,752,__pr_graph_lp_or_cost_row__: item: soot,,,True,node-cost:item: soot,False,False,1.0261504917601165e-32,1.0261504897078148e-32
3477,1070,__pr_graph_lp_or_to_or_and__: 10325:entity-operate: impact-crusher-mk01 --> recipe-category: impact-crusher__0__0:noncoproduct-route,,,True,entity-operate: impact-crusher-mk01 --> recipe-category: impact-crusher__0__0,False,False,-1.0254047764827494e-32,1.0254047744319393e-32
3478,655,__pr_graph_lp_or_cost_row__: item: py-biomass-powerplant-mk01,,,True,node-cost:item: py-biomass-powerplant-mk01,False,False,-1.0246949870221098e-32,1.0246949849727192e-32
3479,1994,__pr_graph_lp_or_to_or_and__: 4290:item-craft: rhe --> item: rhe,,,True,item-craft: rhe --> item: rhe,False,False,1.0194096180365057e-32,1.0194096159976858e-32
3480,779,__pr_graph_lp_or_cost_row__: item: tar-canister,,,True,node-cost:item: tar-canister,False,False,1.0188001076073887e-32,1.0188001055697878e-32
3481,2513,__pr_graph_lp_or_to_or_and__: 9507:entity-build: py-construction-robot-mk01 --> entity: py-construction-robot-mk01:noncoproduct-route,,,True,entity-build: py-construction-robot-mk01 --> entity: py-construction-robot-mk01,False,False,-1.0175846493195393e-32,1.0175846472843694e-32
3482,976,__pr_graph_lp_or_to_or_and__: 10204:entity-operate: olefin-plant --> recipe-category: olefin__1__1:noncoproduct-route,,,True,entity-operate: olefin-plant --> recipe-category: olefin__1__1,False,False,-1.0171474908494324e-32,1.0171474888151367e-32
3483,1968,__pr_graph_lp_or_to_or_and__: 4211:item-craft: raw-fiber --> item: raw-fiber,,,True,item-craft: raw-fiber --> item: raw-fiber,False,False,1.0169747016973288e-32,1.0169746996633788e-32
3484,2863,entity-build: bio-reactor-mk01,entity-build,bio-reactor-mk01,False,,False,False,-1.0164940874556867e-32,1.016494085422698e-32
3485,826,__pr_graph_lp_or_to_or_and__: 10004:entity-operate: bof-mk01 --> recipe-category: bof__2__0:noncoproduct-route,,,True,entity-operate: bof-mk01 --> recipe-category: bof__2__0,False,False,-1.0162546761197932e-32,1.0162546740872833e-32
3486,973,__pr_graph_lp_or_to_or_and__: 10200:entity-operate: evaporator --> recipe-category: evaporator__0__0:noncoproduct-route,,,True,entity-operate: evaporator --> recipe-category: evaporator__0__0,False,False,-1.0142867331597452e-32,1.0142867311311711e-32
3487,2788,__pr_graph_lp_or_to_or_and__: 9930:fluid-temperature: fish-oil: 10 --> fluid: fish-oil:noncoproduct-route,,,True,fluid-temperature: fish-oil: 10 --> fluid: fish-oil,False,False,1.010308192438255e-32,1.010308190417638e-32
3488,2985,entity-build: rc-mk01,entity-build,rc-mk01,False,,False,False,-1.00838864901019e-32,1.0083886469934121e-32
3489,4799,recipe: vrauks-food-01-pyvoid,recipe,vrauks-food-01-pyvoid,False,,True,True,-1.0080560278346778e-32,1.0080560258185651e-32
3490,585,__pr_graph_lp_or_cost_row__: item: micro-mine-mk01,,,True,node-cost:item: micro-mine-mk01,False,False,-1.0079773077371517e-32,1.0079773057211965e-32
3491,70,__pr_graph_lp_explicit_zero_free_source__: 2735:room-autoplace: planet: nauvis --> entity: dead-grey-trunk,,,True,explicit-zero:room-autoplace: planet: nauvis --> entity: dead-grey-trunk,False,False,-1.0077994658622341e-32,1.0077994638466346e-32
3492,3455,entity-operate: steam-turbine-mk01,entity-operate,steam-turbine-mk01,False,,False,False,1.0059220204294321e-32,1.0059220184175875e-32
3493,711,__pr_graph_lp_or_cost_row__: item: rhe,,,True,node-cost:item: rhe,False,False,-1.0051239753835692e-32,1.0051239733733207e-32
3494,3396,entity-operate: py-gas-vent,entity-operate,py-gas-vent,False,,False,False,1.00187063606074e-32,1.0018706340569981e-32
3495,2262,__pr_graph_lp_or_to_or_and__: 8697:item: pitch-canister --> energy-source-burner: chemical__biomass__jerry__nuke_2_1,,,True,item: pitch-canister --> energy-source-burner: chemical__biomass__jerry__nuke_2_1,False,False,-1.0016681756001594e-32,1.0016681735968225e-32
3496,1761,__pr_graph_lp_or_to_or_and__: 3095:item-craft: burner-inserter --> item: burner-inserter,,,True,item-craft: burner-inserter --> item: burner-inserter,False,False,1.000457556197202e-32,1.0004575541962863e-32
3497,2532,__pr_graph_lp_or_to_or_and__: 9545:entity-build: py-gas-vent --> entity: py-gas-vent:noncoproduct-route,,,True,entity-build: py-gas-vent --> entity: py-gas-vent,False,False,9.9939643692951184e-33,9.9939643493071832e-33
3498,1170,__pr_graph_lp_or_to_or_and__: 10448:entity-operate: biofactory-mk01 --> recipe-category: biofactory__3__2:noncoproduct-route,,,True,entity-operate: biofactory-mk01 --> recipe-category: biofactory__3__2,False,False,-9.9859074973690201e-33,9.9859074773971985e-33
3499,2387,__pr_graph_lp_or_to_or_and__: 8822:item: tall-oil-canister --> energy-source-burner: jerry_2_1,,,True,item: tall-oil-canister --> energy-source-burner: jerry_2_1,False,False,9.983282638592592e-33,9.9832826186260212e-33
3500,1960,__pr_graph_lp_or_to_or_and__: 4193:item-craft: inductor1 --> item: inductor1,,,True,item-craft: inductor1 --> item: inductor1,False,False,-9.9816140447456186e-33,9.981614024782384e-33
3501,392,__pr_graph_lp_or_cost_row__: item: cage,,,True,node-cost:item: cage,False,False,-9.9763944636423832e-33,9.9763944436895885e-33
3502,1368,__pr_graph_lp_or_to_or_and__: 1816:item: fish --> entity-operate-py-module: fish-farm-mk01,,,True,item: fish --> entity-operate-py-module: fish-farm-mk01,False,False,9.9712734190373586e-33,9.9712733990948055e-33
3503,45,__pr_graph_lp_explicit_zero_free_source__: 2340:room-autoplace: planet: nauvis --> entity: ore-bioreserve,,,True,explicit-zero:room-autoplace: planet: nauvis --> entity: ore-bioreserve,False,False,9.9486713403209453e-33,9.9486713204235964e-33
3504,1272,__pr_graph_lp_or_to_or_and__: 1509:item: distilator --> entity-build-item: distilator,,,True,item: distilator --> entity-build-item: distilator,False,False,-9.945124934516005e-33,9.9451249146257488e-33
3505,3159,entity-mine: py-local-radar,entity-mine,py-local-radar,False,,True,False,-9.9238885906307215e-33,9.923888570782938e-33
3506,3696,recipe: assembling-machine-2-pyvoid,recipe,assembling-machine-2-pyvoid,False,,True,True,-9.891669487889634e-33,9.8916694681062883e-33
3507,1953,__pr_graph_lp_or_to_or_and__: 4177:item-craft: eaf-mk01 --> item: eaf-mk01,,,True,item-craft: eaf-mk01 --> item: eaf-mk01,False,False,-9.888925846305591e-33,9.8889258265277328e-33
3508,1511,__pr_graph_lp_or_to_or_and__: 2525:fluid-create-temperature: steam: 150 --> fluid-create: steam,,,True,fluid-create-temperature: steam: 150 --> fluid-create: steam,False,False,9.8673903445121805e-33,9.8673903247773931e-33
3509,2118,__pr_graph_lp_or_to_or_and__: 4783:item-craft: py-asphalt --> item: py-asphalt,,,True,item-craft: py-asphalt --> item: py-asphalt,False,False,-9.8478262405626738e-33,9.8478262208670147e-33
3510,1743,__pr_graph_lp_or_to_or_and__: 3021:item-craft: submachine-gun --> item: submachine-gun,,,True,item-craft: submachine-gun --> item: submachine-gun,False,False,-9.8449146270121756e-33,9.8449146073223406e-33
3511,2451,__pr_graph_lp_or_to_or_and__: 9383:entity-build: vacuum-pump-mk01 --> entity: vacuum-pump-mk01:noncoproduct-route,,,True,entity-build: vacuum-pump-mk01 --> entity: vacuum-pump-mk01,False,False,9.8236153130472963e-33,9.82361529340006e-33
3512,2501,__pr_graph_lp_or_to_or_and__: 9483:entity-build: seaweed-crop-mk01 --> entity: seaweed-crop-mk01:noncoproduct-route,,,True,entity-build: seaweed-crop-mk01 --> entity: seaweed-crop-mk01,False,False,9.819452287411699e-33,9.8194522677727884e-33
3513,2561,__pr_graph_lp_or_to_or_and__: 9603:entity-build: radar --> entity: radar:noncoproduct-route,,,True,entity-build: radar --> entity: radar,False,False,-9.8125534615418015e-33,9.812553441916689e-33
3514,1050,__pr_graph_lp_or_to_or_and__: 10301:entity-operate: scrubber-mk01 --> recipe-category: scrubber__1__0:noncoproduct-route,,,True,entity-operate: scrubber-mk01 --> recipe-category: scrubber__1__0,False,False,9.7984030520004541e-33,9.7984030324036427e-33
3515,2555,__pr_graph_lp_or_to_or_and__: 9591:entity-build: offshore-pump --> entity: offshore-pump:noncoproduct-route,,,True,entity-build: offshore-pump --> entity: offshore-pump,False,False,9.7926312919569817e-33,9.7926312723717132e-33
3516,2012,__pr_graph_lp_or_to_or_and__: 4344:item-craft: generator-1 --> item: generator-1,,,True,item-craft: generator-1 --> item: generator-1,False,False,-9.7830658022572061e-33,9.7830657826910686e-33
3517,1729,__pr_graph_lp_or_to_or_and__: 2994:item: raw-fiber --> fuel-category: biomass__0,,,True,item: raw-fiber --> fuel-category: biomass__0,False,False,-9.7390698138821006e-33,9.7390697944039548e-33
3518,4372,recipe: moondrop-seeds-pyvoid,recipe,moondrop-seeds-pyvoid,False,,True,True,9.735412493035494e-33,9.7354124735646626e-33
3519,2851,entity-build: advanced-foundry-mk01,entity-build,advanced-foundry-mk01,False,,False,False,-9.7234797028459395e-33,9.723479683398974e-33
3520,566,__pr_graph_lp_or_cost_row__: item: light-armor,,,True,node-cost:item: light-armor,False,False,9.7166502708844028e-33,9.7166502514510958e-33
3521,1143,__pr_graph_lp_or_to_or_and__: 10415:entity-operate: retorter --> recipe-category: kerogen__1__1:noncoproduct-route,,,True,entity-operate: retorter --> recipe-category: kerogen__1__1,False,False,9.7085410714749938e-33,9.7085410520579057e-33
3522,377,__pr_graph_lp_or_cost_row__: item: blood-barrel,,,True,node-cost:item: blood-barrel,False,False,-9.6956949586454279e-33,9.6956949392540326e-33
3523,1749,__pr_graph_lp_or_to_or_and__: 3057:item-craft: iron-ore --> item: iron-ore,,,True,item-craft: iron-ore --> item: iron-ore,False,False,-9.6854399788068425e-33,9.6854399594359562e-33
3524,1718,__pr_graph_lp_or_to_or_and__: 2983:item: tall-oil-canister --> fuel-category: jerry__1,,,True,item: tall-oil-canister --> fuel-category: jerry__1,False,False,9.6722264960981867e-33,9.6722264767537281e-33
3525,1303,__pr_graph_lp_or_to_or_and__: 1612:item: vacuum-pump-mk01 --> entity-build-item: vacuum-pump-mk01,,,True,item: vacuum-pump-mk01 --> entity-build-item: vacuum-pump-mk01,False,False,-9.6594226142267173e-33,9.6594225949078666e-33
3526,2997,entity-build: slaughterhouse-mk01,entity-build,slaughterhouse-mk01,False,,False,False,9.6531751581046434e-33,9.6531751387982867e-33
3527,3840,recipe: cage-pyvoid,recipe,cage-pyvoid,False,,True,True,-9.6473811291619535e-33,9.6473811098671848e-33
3528,2766,__pr_graph_lp_or_to_or_and__: 9900:fluid-temperature: hot-air: 15 --> fluid-temperature-range: hot-air: 15: 15:noncoproduct-route,,,True,fluid-temperature: hot-air: 15 --> fluid-temperature-range: hot-air: 15: 15,False,False,-9.6456919711376487e-33,9.6456919518462588e-33
3529,4374,recipe: moss-farm-mk01-pyvoid,recipe,moss-farm-mk01-pyvoid,False,,True,True,-9.6418398272965445e-33,9.6418398080128589e-33
3530,254,__pr_graph_lp_or_cost_row__: entity: rail-chain-signal,,,True,node-cost:entity: rail-chain-signal,False,False,-9.6348013958709361e-33,9.6348013766013278e-33
3531,2462,__pr_graph_lp_or_to_or_and__: 9405:entity-build: hydroclassifier-mk01 --> entity: hydroclassifier-mk01:noncoproduct-route,,,True,entity-build: hydroclassifier-mk01 --> entity: hydroclassifier-mk01,False,False,-9.5804662243144691e-33,9.5804662051535313e-33
3532,2551,__pr_graph_lp_or_to_or_and__: 9583:entity-build: fluid-drill-mk01 --> entity: fluid-drill-mk01:noncoproduct-route,,,True,entity-build: fluid-drill-mk01 --> entity: fluid-drill-mk01,False,False,-9.5678856128211622e-33,9.5678855936853848e-33
3533,1347,__pr_graph_lp_or_to_or_and__: 1766:item: biofactory-mk01 --> entity-build-item: biofactory-mk01,,,True,item: biofactory-mk01 --> entity-build-item: biofactory-mk01,False,False,-9.5636644773828765e-33,9.5636644582555411e-33
3534,3829,recipe: brain-pyvoid,recipe,brain-pyvoid,False,,True,True,-9.5574758098072451e-33,9.5574757906922874e-33
3535,1753,__pr_graph_lp_or_to_or_and__: 3074:item-craft: copper-cable --> item: copper-cable,,,True,item-craft: copper-cable --> item: copper-cable,False,False,-9.544118113146696e-33,9.5441180940584547e-33
3536,2470,__pr_graph_lp_or_to_or_and__: 9421:entity-build: fbreactor-mk01 --> entity: fbreactor-mk01:noncoproduct-route,,,True,entity-build: fbreactor-mk01 --> entity: fbreactor-mk01,False,False,-9.5261655537731991e-33,9.5261655347208619e-33
3537,2058,__pr_graph_lp_or_to_or_and__: 4531:item-craft: sap-seeds --> item: sap-seeds,,,True,item-craft: sap-seeds --> item: sap-seeds,False,False,9.5156994128096001e-33,9.5156993937781962e-33
3538,1995,__pr_graph_lp_or_to_or_and__: 4293:item-craft: gas-refinery-mk01 --> item: gas-refinery-mk01,,,True,item-craft: gas-refinery-mk01 --> item: gas-refinery-mk01,False,False,-9.4916575178002355e-33,9.491657498816915e-33
3539,2445,__pr_graph_lp_or_to_or_and__: 9371:entity-build: ball-mill-mk01 --> entity: ball-mill-mk01:noncoproduct-route,,,True,entity-build: ball-mill-mk01 --> entity: ball-mill-mk01,False,False,9.4580333792456827e-33,9.4580333603296109e-33
3540,1991,__pr_graph_lp_or_to_or_and__: 4281:item-craft: py-tank-9000 --> item: py-tank-9000,,,True,item-craft: py-tank-9000 --> item: py-tank-9000,False,False,-9.4556625727606295e-33,9.455662553849298e-33
3541,2575,__pr_graph_lp_or_to_or_and__: 9631:entity-build: tailings-pond --> entity: tailings-pond:noncoproduct-route,,,True,entity-build: tailings-pond --> entity: tailings-pond,False,False,9.4492234838001173e-33,9.4492234649016643e-33
3542,2159,__pr_graph_lp_or_to_or_and__: 6608:item: cottongut-mk01 --> recipe-py-module: cottongut-mk04,,,True,item: cottongut-mk01 --> recipe-py-module: cottongut-mk04,False,False,-9.444780940488849e-33,9.4447809215992814e-33
3543,668,__pr_graph_lp_or_cost_row__: item: py-overflow-valve,,,True,node-cost:item: py-overflow-valve,False,False,-9.4036730508561361e-33,9.4036730320487839e-33
3544,1591,__pr_graph_lp_or_to_or_and__: 2718:fluid-craft-temperature: gasoline: 10 --> fluid-create-temperature: gasoline: 10,,,True,fluid-craft-temperature: gasoline: 10 --> fluid-create-temperature: gasoline: 10,False,False,9.399600267957359e-33,9.3996002491581533e-33
3545,183,__pr_graph_lp_or_cost_row__: entity: mixer-mk01,,,True,node-cost:entity: mixer-mk01,False,False,9.3957405103390521e-33,9.3957404915475658e-33
3546,641,__pr_graph_lp_or_cost_row__: item: polybutadiene-barrel,,,True,node-cost:item: polybutadiene-barrel,False,False,-9.3914943760856267e-33,9.3914943573026317e-33
3547,2603,__pr_graph_lp_or_to_or_and__: 9685:fluid-temperature: water: 15 --> fluid-temperature-range: water: nil: 101:noncoproduct-route,,,True,fluid-temperature: water: 15 --> fluid-temperature-range: water: nil: 101,False,False,9.3896280872061443e-33,9.3896280684268824e-33
3548,379,__pr_graph_lp_or_cost_row__: item: boiler,,,True,node-cost:item: boiler,False,False,9.3872546595624703e-33,9.3872546407879556e-33
3549,1842,__pr_graph_lp_or_to_or_and__: 3815:item-craft: log --> item: log,,,True,item-craft: log --> item: log,False,False,9.3558321667356448e-33,9.355832148023975e-33
3550,763,__pr_graph_lp_or_cost_row__: item: stone-furnace,,,True,node-cost:item: stone-furnace,False,False,9.3548446373154864e-33,9.3548446186057913e-33
3551,268,__pr_graph_lp_or_cost_row__: entity: salt-rock,,,True,node-cost:entity: salt-rock,False,False,-9.3538161487154536e-33,9.3538161300078153e-33
3552,1124,__pr_graph_lp_or_to_or_and__: 10392:entity-operate: cracker-mk01 --> recipe-category: cracker__2__1:noncoproduct-route,,,True,entity-operate: cracker-mk01 --> recipe-category: cracker__2__1,False,False,-9.3052025833710834e-33,9.3052025647606725e-33
3553,1954,__pr_graph_lp_or_to_or_and__: 4180:item-craft: salt-mine --> item: salt-mine,,,True,item-craft: salt-mine --> item: salt-mine,False,False,9.276650350739062e-33,9.2766503321857554e-33
3554,557,__pr_graph_lp_or_cost_row__: item: kerosene-barrel,,,True,node-cost:item: kerosene-barrel,False,False,-9.276585149550984e-33,9.2765851309978087e-33
3555,1238,__pr_graph_lp_or_to_or_and__: 10552:logic-and: smart-farm-kicalk-tree-recipe-kicalk-super-5 --> logic-or: smart-farm-kicalk-tree-recipe:noncoproduct-route,,,True,logic-and: smart-farm-kicalk-tree-recipe-kicalk-super-5 --> logic-or: smart-farm-kicalk-tree-recipe,False,False,9.2728496551590801e-33,9.2728496366133752e-33
3556,304,__pr_graph_lp_or_cost_row__: entity: tree-02,,,True,node-cost:entity: tree-02,False,False,9.2559843729476533e-33,9.2559843544356795e-33
3557,39,__pr_graph_lp_explicit_zero_free_source__: 2322:room-autoplace: planet: nauvis --> entity: phosphate-rock-02,,,True,explicit-zero:room-autoplace: planet: nauvis --> entity: phosphate-rock-02,False,False,9.2548587240024899e-33,9.2548587054927673e-33
3558,1450,__pr_graph_lp_or_to_or_and__: 2081:item: burner-mining-drill --> entity-build-item: burner-mining-drill,,,True,item: burner-mining-drill --> entity-build-item: burner-mining-drill,False,False,9.2531485588635657e-33,9.2531485403572628e-33
3559,1068,__pr_graph_lp_or_to_or_and__: 10322:entity-operate: electrolyzer-mk01 --> recipe-category: electrolyzer__0__1:noncoproduct-route,,,True,entity-operate: electrolyzer-mk01 --> recipe-category: electrolyzer__0__1,False,False,9.247747107031823e-33,9.2477470885363227e-33
3560,72,__pr_graph_lp_explicit_zero_free_source__: 2745:room-autoplace: planet: nauvis --> entity: dry-hairy-tree,,,True,explicit-zero:room-autoplace: planet: nauvis --> entity: dry-hairy-tree,False,False,-9.2373605395541986e-33,9.2373605210794714e-33
3561,2453,__pr_graph_lp_or_to_or_and__: 9387:entity-build: mixer-mk01 --> entity: mixer-mk01:noncoproduct-route,,,True,entity-build: mixer-mk01 --> entity: mixer-mk01,False,False,-9.2300761695091669e-33,9.2300761510490083e-33
3562,3563,fluid-temperature: steam: 500,fluid-temperature,steam: 500,False,,False,False,9.1990366300923643e-33,9.1990366116942857e-33
3563,465,__pr_graph_lp_or_cost_row__: item: earth-mouse-sample,,,True,node-cost:item: earth-mouse-sample,False,False,9.1944845328668368e-33,9.1944845144778625e-33
3564,2709,__pr_graph_lp_or_to_or_and__: 9826:fluid-temperature: hydrogen: 15 --> fluid: hydrogen:noncoproduct-route,,,True,fluid-temperature: hydrogen: 15 --> fluid: hydrogen,False,False,9.1717752621269646e-33,9.171775243783408e-33
3565,1474,__pr_graph_lp_or_to_or_and__: 2317:item: vawt-turbine-mk01 --> entity-build-item: vawt-turbine-mk01,,,True,item: vawt-turbine-mk01 --> entity-build-item: vawt-turbine-mk01,False,False,9.1281085915773464e-33,9.1281085733211233e-33
3566,808,__pr_graph_lp_or_cost_row__: item: washer,,,True,node-cost:item: washer,False,False,-9.1246171427650365e-33,9.1246171245157966e-33
3567,331,__pr_graph_lp_or_cost_row__: item: accumulator,,,True,node-cost:item: accumulator,False,False,-9.1096962252147385e-33,9.1096962069953405e-33
3568,239,__pr_graph_lp_or_cost_row__: entity: py-tank-1500,,,True,node-cost:entity: py-tank-1500,False,False,9.0972308128586638e-33,9.0972307946641963e-33
3569,1360,__pr_graph_lp_or_to_or_and__: 1795:item: data-array --> entity-build-item: data-array,,,True,item: data-array --> entity-build-item: data-array,False,False,-9.0867015979345167e-33,9.0867015797611084e-33
3570,3575,item-ammo: firearm-magazine,item-ammo,firearm-magazine,False,,False,False,-9.0828340832399202e-33,9.0828340650742464e-33
3571,3153,entity-mine: py-coal-powerplant-mk01,entity-mine,py-coal-powerplant-mk01,False,,True,False,-9.0624919175328361e-33,9.0624918994078465e-33
3572,1414,__pr_graph_lp_or_to_or_and__: 1947:item: py-storehouse-basic --> entity-build-item: py-storehouse-basic,,,True,item: py-storehouse-basic --> entity-build-item: py-storehouse-basic,False,False,9.0601764735227068e-33,9.0601764554023481e-33
3573,298,__pr_graph_lp_or_cost_row__: entity: tidal-mk01,,,True,node-cost:entity: tidal-mk01,False,False,9.0591876133960282e-33,9.0591875952776469e-33
3574,2721,__pr_graph_lp_or_to_or_and__: 9841:fluid-temperature: coke-oven-gas: 100 --> fluid-temperature-range: coke-oven-gas: 100: nil:noncoproduct-route,,,True,fluid-temperature: coke-oven-gas: 100 --> fluid-temperature-range: coke-oven-gas: 100: nil,False,False,-9.0495229284699326e-33,9.0495229103708807e-33
3575,2868,entity-build: botanical-nursery,entity-build,botanical-nursery,False,,False,False,-9.0409343982672381e-33,9.0409343801853644e-33
3576,682,__pr_graph_lp_or_cost_row__: item: py-tank-7000,,,True,node-cost:item: py-tank-7000,False,False,8.9861924167046586e-33,8.9861923987322682e-33
3577,2975,entity-build: py-tank-9000,entity-build,py-tank-9000,False,,False,False,8.9851510319883995e-33,8.9851510140180919e-33
3578,1530,__pr_graph_lp_or_to_or_and__: 2562:fluid-craft-temperature: carbon-dioxide: 15 --> fluid-craft-temperature: carbon-dioxide,,,True,fluid-craft-temperature: carbon-dioxide: 15 --> fluid-craft-temperature: carbon-dioxide,False,False,8.9522254500312821e-33,8.9522254321268259e-33
3579,1985,__pr_graph_lp_or_to_or_and__: 4262:item-craft: soot --> item: soot,,,True,item-craft: soot --> item: soot,False,False,-8.9491592428381407e-33,8.9491592249398165e-33
3580,2552,__pr_graph_lp_or_to_or_and__: 9585:entity-build: fluid-drill-mk02 --> entity: fluid-drill-mk02:noncoproduct-route,,,True,entity-build: fluid-drill-mk02 --> entity: fluid-drill-mk02,False,False,-8.9486782258052238e-33,8.9486782079078617e-33
3581,787,__pr_graph_lp_or_cost_row__: item: train-stop,,,True,node-cost:item: train-stop,False,False,8.9311088335060524e-33,8.9311088156438295e-33
3582,4561,recipe: rail-signal-pyvoid,recipe,rail-signal-pyvoid,False,,True,True,-8.9279772249732077e-33,8.9279772071172482e-33
3583,645,__pr_graph_lp_or_cost_row__: item: powdered-ralesia-seeds,,,True,node-cost:item: powdered-ralesia-seeds,False,False,-8.9200919733465023e-33,8.920091955506313e-33
3584,1899,__pr_graph_lp_or_to_or_and__: 4023:item-craft: portable-gasoline-generator --> item: portable-gasoline-generator,,,True,item-craft: portable-gasoline-generator --> item: portable-gasoline-generator,False,False,-8.9174869161334231e-33,8.9174868982984434e-33
3585,1324,__pr_graph_lp_or_to_or_and__: 1696:item: electronics-factory-mk01 --> entity-build-item: electronics-factory-mk01,,,True,item: electronics-factory-mk01 --> entity-build-item: electronics-factory-mk01,False,False,-8.9148913842075857e-33,8.9148913663777979e-33
3586,574,__pr_graph_lp_or_cost_row__: item: logistic-science-pack,,,True,node-cost:item: logistic-science-pack,False,False,8.9089467159215543e-33,8.9089466981036557e-33
3587,1830,__pr_graph_lp_or_to_or_and__: 3786:item-craft: bonemeal --> item: bonemeal,,,True,item-craft: bonemeal --> item: bonemeal,False,False,-8.8872674895310865e-33,8.887267471756546e-33
3588,370,__pr_graph_lp_or_cost_row__: item: bio-reactor-mk01,,,True,node-cost:item: bio-reactor-mk01,False,False,-8.8789081733602857e-33,8.8789081556024637e-33
3589,2826,__pr_graph_lp_or_to_or_and__: 9978:entity-operate: assembling-machine-1 --> recipe-category: advanced-crafting__0__1:noncoproduct-route,,,True,entity-operate: assembling-machine-1 --> recipe-category: advanced-crafting__0__1,False,False,-8.8254196935641016e-33,8.8254196759132572e-33
3590,1997,__pr_graph_lp_or_to_or_and__: 4299:item-craft: oil-boiler-mk01 --> item: oil-boiler-mk01,,,True,item-craft: oil-boiler-mk01 --> item: oil-boiler-mk01,False,False,-8.8037013659807057e-33,8.8037013483732975e-33
3591,1260,__pr_graph_lp_or_to_or_and__: 10596:logic-and: smart-farm-yotoi-tree-fruit-recipe-yotoi-fruit-super-4 --> logic-or: smart-farm-yotoi-tree-fruit-recipe:noncoproduct-route,,,True,logic-and: smart-farm-yotoi-tree-fruit-recipe-yotoi-fruit-super-4 --> logic-or: smart-farm-yotoi-tree-fruit-recipe,False,False,8.8001550976362875e-33,8.8001550800359719e-33
3592,279,__pr_graph_lp_or_cost_row__: entity: smelter-mk01,,,True,node-cost:entity: smelter-mk01,False,False,-8.7771276766000836e-33,8.7771276590458235e-33
3593,280,__pr_graph_lp_or_cost_row__: entity: soil-extractor-mk01,,,True,node-cost:entity: soil-extractor-mk01,False,False,8.7758763976491043e-33,8.7758763800973457e-33
3594,4207,recipe: grade-1-ti-pyvoid,recipe,grade-1-ti-pyvoid,False,,True,True,-8.769241019251387e-33,8.7692410017128996e-33
3595,41,__pr_graph_lp_explicit_zero_free_source__: 2328:room-autoplace: planet: nauvis --> entity: rare-earth-bolide,,,True,explicit-zero:room-autoplace: planet: nauvis --> entity: rare-earth-bolide,False,False,-8.7670436812401201e-33,8.7670436637060268e-33
3596,2374,__pr_graph_lp_or_to_or_and__: 8809:item: naphthalene-oil-canister --> energy-source-burner: jerry__nuke_2_1,,,True,item: naphthalene-oil-canister --> energy-source-burner: jerry__nuke_2_1,False,False,-8.7640477528025875e-33,8.7640477352744867e-33
3597,2097,__pr_graph_lp_or_to_or_and__: 4619:item-craft: tower-mk01 --> item: tower-mk01,,,True,item-craft: tower-mk01 --> item: tower-mk01,False,False,8.7554851454648069e-33,8.755485127953831e-33
3598,2683,__pr_graph_lp_or_to_or_and__: 9791:fluid-temperature: vacuum: 15 --> fluid-temperature-range: vacuum: 15: 15:noncoproduct-route,,,True,fluid-temperature: vacuum: 15 --> fluid-temperature-range: vacuum: 15: 15,False,False,8.7538415582680885e-33,8.7538415407603996e-33
3599,319,__pr_graph_lp_or_cost_row__: entity: upgrader-mk01,,,True,node-cost:entity: upgrader-mk01,False,False,8.7531802477563541e-33,8.7531802302499885e-33
3600,2939,entity-build: pcb-factory-mk01,entity-build,pcb-factory-mk01,False,,False,False,-8.7396759095570727e-33,8.739675892077715e-33
3601,1294,__pr_graph_lp_or_to_or_and__: 1580:item: ralesia --> entity-operate-py-module: ralesia-plantation-mk03,,,True,item: ralesia --> entity-operate-py-module: ralesia-plantation-mk03,False,False,8.735867243500627e-33,8.7358672260288875e-33
3602,208,__pr_graph_lp_or_cost_row__: entity: pcb-factory-mk01,,,True,node-cost:entity: pcb-factory-mk01,False,False,8.7351201505848216e-33,8.7351201331145764e-33
3603,2347,__pr_graph_lp_or_to_or_and__: 8782:item: coal-dust --> energy-source-burner: chemical__biomass__nuke_2_1,,,True,item: coal-dust --> energy-source-burner: chemical__biomass__nuke_2_1,False,False,-8.7272879651190791e-33,8.7272879476644972e-33
3604,1286,__pr_graph_lp_or_to_or_and__: 1565:item: fawogae-plantation-mk01 --> entity-build-item: fawogae-plantation-mk01,,,True,item: fawogae-plantation-mk01 --> entity-build-item: fawogae-plantation-mk01,False,False,-8.7263728773409152e-33,8.7263728598881643e-33
3605,2103,__pr_graph_lp_or_to_or_and__: 4631:item-craft: controler-mk01 --> item: controler-mk01,,,True,item-craft: controler-mk01 --> item: controler-mk01,False,False,-8.7230039165377346e-33,8.723003899091722e-33
3606,1946,__pr_graph_lp_or_to_or_and__: 4156:item-craft: scrubber-mk01 --> item: scrubber-mk01,,,True,item-craft: scrubber-mk01 --> item: scrubber-mk01,False,False,-8.7158815208545082e-33,8.7158815034227398e-33
3607,2769,__pr_graph_lp_or_to_or_and__: 9904:fluid-temperature: condensates: 10 --> fluid-temperature-range: condensates: 10: 10:noncoproduct-route,,,True,fluid-temperature: condensates: 10 --> fluid-temperature-range: condensates: 10: 10,False,False,8.7135335639630463e-33,8.7135335465359744e-33
3608,203,__pr_graph_lp_or_cost_row__: entity: ore-tin,,,True,node-cost:entity: ore-tin,False,False,-8.70850629711921e-33,8.7085062797021923e-33
3609,666,__pr_graph_lp_or_cost_row__: item: py-local-radar,,,True,node-cost:item: py-local-radar,False,False,-8.6807108363170896e-33,8.6807108189556626e-33
3610,2915,entity-build: heavy-oil-refinery-mk01,entity-build,heavy-oil-refinery-mk01,False,,False,False,-8.6707490005474266e-33,8.6707489832059229e-33
3611,325,__pr_graph_lp_or_cost_row__: entity: vrauks-paddock-mk01,,,True,node-cost:entity: vrauks-paddock-mk01,False,False,8.6587511166243216e-33,8.6587510993068138e-33
3612,1141,__pr_graph_lp_or_to_or_and__: 10412:entity-operate: gas-refinery-mk01 --> recipe-category: gas-refinery__1__1:noncoproduct-route,,,True,entity-operate: gas-refinery-mk01 --> recipe-category: gas-refinery__1__1,False,False,8.6498681525675153e-33,8.6498681352677742e-33
3613,1005,__pr_graph_lp_or_to_or_and__: 10244:entity-operate: glassworks-mk01 --> recipe-category: glassworks__0__0:noncoproduct-route,,,True,entity-operate: glassworks-mk01 --> recipe-category: glassworks__0__0,False,False,8.6442680773405391e-33,8.6442680600519974e-33
3614,733,__pr_graph_lp_or_cost_row__: item: secondary-crusher-mk01,,,True,node-cost:item: secondary-crusher-mk01,False,False,-8.6188764070052428e-33,8.6188763897674845e-33
3615,4382,recipe: mukmoux-fat-pyvoid,recipe,mukmoux-fat-pyvoid,False,,True,True,-8.6139838689588834e-33,8.6139838517309109e-33
3616,2070,__pr_graph_lp_or_to_or_and__: 4557:item-craft: solidified-sarcorus --> item: solidified-sarcorus,,,True,item-craft: solidified-sarcorus --> item: solidified-sarcorus,False,False,8.6040054493092542e-33,8.6040054321012379e-33
3617,57,__pr_graph_lp_explicit_zero_free_source__: 2670:room-autoplace: planet: nauvis --> entity: tree-04,,,True,explicit-zero:room-autoplace: planet: nauvis --> entity: tree-04,False,False,8.5876822346470221e-33,8.587682217471653e-33
3618,1235,__pr_graph_lp_or_to_or_and__: 10546:logic-and: smart-farm-kicalk-tree-recipe-kicalk-super-2 --> logic-or: smart-farm-kicalk-tree-recipe:noncoproduct-route,,,True,logic-and: smart-farm-kicalk-tree-recipe-kicalk-super-2 --> logic-or: smart-farm-kicalk-tree-recipe,False,False,8.5854056728004323e-33,8.5854056556296161e-33
3619,2392,__pr_graph_lp_or_to_or_and__: 8827:item: naphthalene-oil-canister --> energy-source-burner: jerry_2_1,,,True,item: naphthalene-oil-canister --> energy-source-burner: jerry_2_1,False,False,8.5738405211482244e-33,8.5738405040005379e-33
3620,1340,__pr_graph_lp_or_to_or_and__: 1749:item: spore-collector-mk01 --> entity-build-item: spore-collector-mk01,,,True,item: spore-collector-mk01 --> entity-build-item: spore-collector-mk01,False,False,-8.5621043116602877e-33,8.5621042945360743e-33
3621,3950,recipe: creature-chamber-mk01-pyvoid,recipe,creature-chamber-mk01-pyvoid,False,,True,True,-8.5577049018314582e-33,8.5577048847160426e-33
3622,297,__pr_graph_lp_or_cost_row__: entity: tar-processing-unit,,,True,node-cost:entity: tar-processing-unit,False,False,-8.556836625311699e-33,8.55683660819802e-33
3623,2547,__pr_graph_lp_or_to_or_and__: 9575:entity-build: burner-mining-drill --> entity: burner-mining-drill:noncoproduct-route,,,True,entity-build: burner-mining-drill --> entity: burner-mining-drill,False,False,8.5556093724205195e-33,8.5556093553092954e-33
3624,1098,__pr_graph_lp_or_to_or_and__: 10361:entity-operate: pulp-mill-mk01 --> recipe-category: pulp__2__0:noncoproduct-route,,,True,entity-operate: pulp-mill-mk01 --> recipe-category: pulp__2__0,False,False,-8.5445987735051202e-33,8.5445987564159173e-33
3625,2861,entity-build: ball-mill-mk01,entity-build,ball-mill-mk01,False,,False,False,-8.5172837383109944e-33,8.5172837212764216e-33
3626,187,__pr_graph_lp_or_cost_row__: entity: multiblade-turbine-mk01,,,True,node-cost:entity: multiblade-turbine-mk01,False,False,-8.5034011449329808e-33,8.503401127926174e-33
3627,1045,__pr_graph_lp_or_to_or_and__: 10296:entity-operate: scrubber-mk01 --> recipe-category: scrubber__2__1:noncoproduct-route,,,True,entity-operate: scrubber-mk01 --> recipe-category: scrubber__2__1,False,False,8.4578512587984644e-33,8.457851241882757e-33
3628,1325,__pr_graph_lp_or_to_or_and__: 1700:item: pulp-mill-mk01 --> entity-build-item: pulp-mill-mk01,,,True,item: pulp-mill-mk01 --> entity-build-item: pulp-mill-mk01,False,False,-8.4556866068087795e-33,8.4556865898974006e-33
3629,2059,__pr_graph_lp_or_to_or_and__: 4533:item-craft: sodium-alginate --> item: sodium-alginate,,,True,item-craft: sodium-alginate --> item: sodium-alginate,False,False,8.4519889037234532e-33,8.4519888868194707e-33
3630,2174,__pr_graph_lp_or_to_or_and__: 6769:item: vrauks --> recipe-py-module: vrauks-mk04,,,True,item: vrauks --> recipe-py-module: vrauks-mk04,False,False,-8.4519209210984173e-33,8.4519209041945703e-33
3631,572,__pr_graph_lp_or_cost_row__: item: locomotive,,,True,node-cost:item: locomotive,False,False,-8.4468230366952737e-33,8.4468230198016231e-33
3632,745,__pr_graph_lp_or_cost_row__: item: sodium-alginate,,,True,node-cost:item: sodium-alginate,False,False,-8.4412743249388531e-33,8.4412743080562993e-33
3633,786,__pr_graph_lp_or_cost_row__: item: tower-mk01,,,True,node-cost:item: tower-mk01,False,False,8.4318106854232851e-33,8.4318106685596584e-33
3634,751,__pr_graph_lp_or_cost_row__: item: solidified-sarcorus,,,True,node-cost:item: solidified-sarcorus,False,False,-8.4306754816896992e-33,8.4306754648283428e-33
3635,1586,__pr_graph_lp_or_to_or_and__: 2711:fluid-create-temperature: pressured-steam: 1000 --> fluid-create: pressured-steam,,,True,fluid-create-temperature: pressured-steam: 1000 --> fluid-create: pressured-steam,False,False,-8.4283572807930929e-33,8.4283572639363729e-33
3636,1059,__pr_graph_lp_or_to_or_and__: 10312:entity-operate: hydroclassifier-mk01 --> recipe-category: hydroclassifier__1__1:noncoproduct-route,,,True,entity-operate: hydroclassifier-mk01 --> recipe-category: hydroclassifier__1__1,False,False,-8.4030125439672598e-33,8.40301252716123e-33
3637,1760,__pr_graph_lp_or_to_or_and__: 3092:item-craft: electric-mining-drill --> item: electric-mining-drill,,,True,item-craft: electric-mining-drill --> item: electric-mining-drill,False,False,8.4008860772253191e-33,8.4008860604235425e-33
3638,686,__pr_graph_lp_or_cost_row__: item: py-warehouse-basic,,,True,node-cost:item: py-warehouse-basic,False,False,8.3893224058558743e-33,8.3893223890772246e-33
3639,2512,__pr_graph_lp_or_to_or_and__: 9505:entity-build: constant-combinator --> entity: constant-combinator:noncoproduct-route,,,True,entity-build: constant-combinator --> entity: constant-combinator,False,False,8.3774560109721761e-33,8.3774559942172595e-33
3640,2924,entity-build: locomotive,entity-build,locomotive,False,,False,False,8.3666223235214291e-33,8.3666223067881793e-33
3641,819,__pr_graph_lp_or_cost_row__: item: yaw-drive-mk01,,,True,node-cost:item: yaw-drive-mk01,False,False,-8.3417714942737252e-33,8.3417714775901777e-33
3642,163,__pr_graph_lp_or_cost_row__: entity: gun-turret,,,True,node-cost:entity: gun-turret,False,False,-8.3340150398122668e-33,8.3340150231442321e-33
3643,162,__pr_graph_lp_or_cost_row__: entity: glassworks-mk01,,,True,node-cost:entity: glassworks-mk01,False,False,-8.3329457161313436e-33,8.3329456994654478e-33
3644,2681,__pr_graph_lp_or_to_or_and__: 9789:fluid-temperature: vacuum: 15 --> fluid: vacuum:noncoproduct-route,,,True,fluid-temperature: vacuum: 15 --> fluid: vacuum,False,False,8.3206202359258777e-33,8.3206202192846319e-33
3645,2535,__pr_graph_lp_or_to_or_and__: 9551:entity-build: steam-engine --> entity: steam-engine:noncoproduct-route,,,True,entity-build: steam-engine --> entity: steam-engine,False,False,-8.3184463055373751e-33,8.3184462889004769e-33
3646,2181,__pr_graph_lp_or_to_or_and__: 7651:item: vrauks-mk02 --> recipe-py-module: vrauks-cocoon-3-no-water,,,True,item: vrauks-mk02 --> recipe-py-module: vrauks-cocoon-3-no-water,False,False,8.3152947358294548e-33,8.3152947191988597e-33
3647,1079,__pr_graph_lp_or_to_or_and__: 10337:entity-operate: smelter-mk01 --> recipe-category: py-rawores-smelter__0__0:noncoproduct-route,,,True,entity-operate: smelter-mk01 --> recipe-category: py-rawores-smelter__0__0,False,False,8.3150533481436084e-33,8.3150533315134963e-33
3648,3570,fluid-temperature: waste-water: 10,fluid-temperature,waste-water: 10,False,,False,False,8.3028792642107475e-33,8.3028792476049844e-33
3649,1896,__pr_graph_lp_or_to_or_and__: 4014:item-craft: py-check-valve --> item: py-check-valve,,,True,item-craft: py-check-valve --> item: py-check-valve,False,False,8.3008730879603872e-33,8.3008730713586364e-33
3650,2723,__pr_graph_lp_or_to_or_and__: 9844:fluid-temperature: coke-oven-gas: 250 --> fluid: coke-oven-gas:noncoproduct-route,,,True,fluid-temperature: coke-oven-gas: 250 --> fluid: coke-oven-gas,False,False,-8.2763890219194963e-33,8.2763890053667129e-33
3651,3002,entity-build: solid-separator,entity-build,solid-separator,False,,False,False,-8.2762097464105899e-33,8.2762097298581651e-33
3652,1488,__pr_graph_lp_or_to_or_and__: 2373:item: py-tank-10000 --> entity-build-item: py-tank-10000,,,True,item: py-tank-10000 --> entity-build-item: py-tank-10000,False,False,8.274569411277737e-33,8.2745693947285937e-33
3653,643,__pr_graph_lp_or_cost_row__: item: portable-gasoline-generator,,,True,node-cost:item: portable-gasoline-generator,False,False,8.2740713054071e-33,8.274071288858953e-33
3654,218,__pr_graph_lp_or_cost_row__: entity: pulp-mill-mk01,,,True,node-cost:entity: pulp-mill-mk01,False,False,8.2567752668909744e-33,8.2567752503774192e-33
3655,663,__pr_graph_lp_or_cost_row__: item: py-heat-exchanger,,,True,node-cost:item: py-heat-exchanger,False,False,8.2409842556378391e-33,8.240984239155865e-33
3656,912,__pr_graph_lp_or_to_or_and__: 10130:entity-operate: heavy-oil-refinery-mk01 --> recipe-category: hor__1__0:noncoproduct-route,,,True,entity-operate: heavy-oil-refinery-mk01 --> recipe-category: hor__1__0,False,False,-8.2020414984479381e-33,8.2020414820438498e-33
3657,1795,__pr_graph_lp_or_to_or_and__: 3192:item-craft: underground-belt --> item: underground-belt,,,True,item-craft: underground-belt --> item: underground-belt,False,False,-8.1965349098587104e-33,8.1965348934656354e-33
3658,1172,__pr_graph_lp_or_to_or_and__: 10451:entity-operate: incubator-mk01 --> recipe-category: incubator__0__1:noncoproduct-route,,,True,entity-operate: incubator-mk01 --> recipe-category: incubator__0__1,False,False,-8.191187855220206e-33,8.1911878388378254e-33
3659,2125,__pr_graph_lp_or_to_or_and__: 4801:item-craft: cargo-wagon --> item: cargo-wagon,,,True,item-craft: cargo-wagon --> item: cargo-wagon,False,False,8.1720342047923659e-33,8.1720341884482925e-33
3660,3605,item-gun: shotgun,item-gun,shotgun,False,,False,False,-8.1617503580387129e-33,8.1617503417152074e-33
3661,2579,__pr_graph_lp_or_to_or_and__: 9639:entity-build: py-tank-4000 --> entity: py-tank-4000:noncoproduct-route,,,True,entity-build: py-tank-4000 --> entity: py-tank-4000,False,False,8.1590770970004966e-33,8.1590770806823377e-33
3662,186,__pr_graph_lp_or_cost_row__: entity: moss-farm-mk01,,,True,node-cost:entity: moss-farm-mk01,False,False,8.1587721594264246e-33,8.158772143108876e-33
3663,1044,__pr_graph_lp_or_to_or_and__: 10294:entity-operate: barrel-machine-mk01 --> recipe-category: py-unbarreling__1__0:noncoproduct-route,,,True,entity-operate: barrel-machine-mk01 --> recipe-category: py-unbarreling__1__0,False,False,-8.1534173210447279e-33,8.1534173047378889e-33
3664,1174,__pr_graph_lp_or_to_or_and__: 10453:entity-operate: incubator-mk01 --> recipe-category: incubator__1__0:noncoproduct-route,,,True,entity-operate: incubator-mk01 --> recipe-category: incubator__1__0,False,False,8.1435997525234035e-33,8.143599736236199e-33
3665,189,__pr_graph_lp_or_cost_row__: entity: nco-py-short-crane-mk1,,,True,node-cost:entity: nco-py-short-crane-mk1,False,False,-8.1299682847819484e-33,8.1299682685220063e-33
3666,3212,entity-mine: steel-furnace,entity-mine,steel-furnace,False,,True,False,-8.1145515358477298e-33,8.1145515196186217e-33
3667,381,__pr_graph_lp_or_cost_row__: item: bonemeal,,,True,node-cost:item: bonemeal,False,False,-8.1133350439071371e-33,8.1133350276804622e-33
3668,2675,__pr_graph_lp_or_to_or_and__: 9781:fluid-temperature: boric-acid: 10 --> fluid: boric-acid:noncoproduct-route,,,True,fluid-temperature: boric-acid: 10 --> fluid: boric-acid,False,False,8.0952798832246989e-33,8.0952798670341347e-33
3669,1787,__pr_graph_lp_or_to_or_and__: 3172:item-craft: rail-chain-signal --> item: rail-chain-signal,,,True,item-craft: rail-chain-signal --> item: rail-chain-signal,False,False,-8.0872124474004238e-33,8.0872124312259938e-33
3670,1125,__pr_graph_lp_or_to_or_and__: 10393:entity-operate: cracker-mk01 --> recipe-category: cracker__3__1:noncoproduct-route,,,True,entity-operate: cracker-mk01 --> recipe-category: cracker__3__1,False,False,-8.0802038691758475e-33,8.0802038530154345e-33
3671,2531,__pr_graph_lp_or_to_or_and__: 9543:entity-build: py-sinkhole --> entity: py-sinkhole:noncoproduct-route,,,True,entity-build: py-sinkhole --> entity: py-sinkhole,False,False,8.0751439262538639e-33,8.0751439101035706e-33
3672,213,__pr_graph_lp_or_cost_row__: entity: plankton-farm,,,True,node-cost:entity: plankton-farm,False,False,8.0666996997238762e-33,8.0666996835904725e-33
3673,2009,__pr_graph_lp_or_to_or_and__: 4335:item-craft: auog-paddock-mk01 --> item: auog-paddock-mk01,,,True,item-craft: auog-paddock-mk01 --> item: auog-paddock-mk01,False,False,-8.0655851528064244e-33,8.0655851366752498e-33
3674,1956,__pr_graph_lp_or_to_or_and__: 4185:item-craft: melamine --> item: melamine,,,True,item-craft: melamine --> item: melamine,False,False,8.0563398227528415e-33,8.0563398066401575e-33
3675,113,__pr_graph_lp_or_cost_row__: entity: centrifuge-mk01,,,True,node-cost:entity: centrifuge-mk01,False,False,-8.0412143167449197e-33,8.0412143006624869e-33
3676,159,__pr_graph_lp_or_cost_row__: entity: genlab-mk01,,,True,node-cost:entity: genlab-mk01,False,False,8.0251948328680836e-33,8.025194816817689e-33
3677,737,__pr_graph_lp_or_cost_row__: item: shotgun-shell,,,True,node-cost:item: shotgun-shell,False,False,8.023793243805461e-33,8.023793227757869e-33
3678,1042,__pr_graph_lp_or_to_or_and__: 10291:entity-operate: py-sinkhole --> recipe-category: py-runoff__1__0:noncoproduct-route,,,True,entity-operate: py-sinkhole --> recipe-category: py-runoff__1__0,False,False,-8.0103187676332409e-33,8.0103187516125979e-33
3679,479,__pr_graph_lp_or_cost_row__: item: fawogae-codex,,,True,node-cost:item: fawogae-codex,False,False,8.0010715812464164e-33,8.0010715652442681e-33
3680,2898,entity-build: fish-farm-mk01,entity-build,fish-farm-mk01,False,,False,False,-7.9903262940311983e-33,7.9903262780505416e-33
3681,2144,__pr_graph_lp_or_to_or_and__: 4870:item-craft: repair-pack --> item: repair-pack,,,True,item-craft: repair-pack --> item: repair-pack,False,False,-7.987371969737681e-33,7.9873719537629319e-33
3682,4138,recipe: fish-egg-pyvoid,recipe,fish-egg-pyvoid,False,,True,True,7.9867913400587628e-33,7.9867913240851754e-33
3683,2598,__pr_graph_lp_or_to_or_and__: 9677:entity-build: poorman-wood-fence --> entity: poorman-wood-fence:noncoproduct-route,,,True,entity-build: poorman-wood-fence --> entity: poorman-wood-fence,False,False,-7.985396698326708e-33,7.9853966823559096e-33
3684,2894,entity-build: electronics-factory-mk01,entity-build,electronics-factory-mk01,False,,False,False,7.9430504862955616e-33,7.9430504704094556e-33
3685,1232,__pr_graph_lp_or_to_or_and__: 10540:logic-and: smart-farm-grod-flower-recipe-grod-super-4 --> logic-or: smart-farm-grod-flower-recipe:noncoproduct-route,,,True,logic-and: smart-farm-grod-flower-recipe-grod-super-4 --> logic-or: smart-farm-grod-flower-recipe,False,False,7.9375632361495214e-33,7.9375632202743904e-33
3686,775,__pr_graph_lp_or_cost_row__: item: tailings-pond,,,True,node-cost:item: tailings-pond,False,False,-7.9175762814816368e-33,7.9175762656464797e-33
3687,4143,recipe: fish-pyvoid,recipe,fish-pyvoid,False,,True,True,-7.8868016641075389e-33,7.8868016483339309e-33
3688,3999,recipe: electrolyzer-mk01-pyvoid,recipe,electrolyzer-mk01-pyvoid,False,,True,True,-7.8758012854502279e-33,7.8758012696986205e-33
3689,68,__pr_graph_lp_explicit_zero_free_source__: 2725:room-autoplace: planet: nauvis --> entity: dry-tree,,,True,explicit-zero:room-autoplace: planet: nauvis --> entity: dry-tree,False,False,7.8677863588821752e-33,7.8677863431465979e-33
3690,108,__pr_graph_lp_or_cost_row__: entity: burner-mining-drill,,,True,node-cost:entity: burner-mining-drill,False,False,-7.8513398506423259e-33,7.8513398349396407e-33
3691,2510,__pr_graph_lp_or_to_or_and__: 9501:entity-build: car --> entity: car:noncoproduct-route,,,True,entity-build: car --> entity: car,False,False,7.8462159017182916e-33,7.8462158860258548e-33
3692,28,__pr_graph_lp_explicit_zero_free_source__: 2287:room-autoplace: planet: nauvis --> entity: aluminium-rock,,,True,explicit-zero:room-autoplace: planet: nauvis --> entity: aluminium-rock,False,False,7.8422216974116437e-33,7.842221681727196e-33
3693,2843,__pr_graph_lp_or_to_or_and__: 9997:entity-operate: bof-mk01 --> recipe-category: bof__1__1:noncoproduct-route,,,True,entity-operate: bof-mk01 --> recipe-category: bof__1__1,False,False,-7.8244802593129963e-33,7.8244802436640313e-33
3694,1799,__pr_graph_lp_or_to_or_and__: 3204:item-craft: pump --> item: pump,,,True,item-craft: pump --> item: pump,False,False,-7.794337272681594e-33,7.7943372570929149e-33
3695,2476,__pr_graph_lp_or_to_or_and__: 9433:entity-build: upgrader-mk01 --> entity: upgrader-mk01:noncoproduct-route,,,True,entity-build: upgrader-mk01 --> entity: upgrader-mk01,False,False,-7.7900329701611189e-33,7.7900329545810487e-33
3696,1978,__pr_graph_lp_or_to_or_and__: 4246:item-craft: pcb-factory-mk01 --> item: pcb-factory-mk01,,,True,item-craft: pcb-factory-mk01 --> item: pcb-factory-mk01,False,False,-7.7825662518274142e-33,7.7825662362622767e-33
3697,1159,__pr_graph_lp_or_to_or_and__: 10436:entity-operate: seaweed-crop-mk01 --> recipe-category: seaweed__2__1:noncoproduct-route,,,True,entity-operate: seaweed-crop-mk01 --> recipe-category: seaweed__2__1,False,False,7.7551412214455584e-33,7.7551412059352713e-33
3698,2982,entity-build: rail-chain-signal,entity-build,rail-chain-signal,False,,False,False,7.7540953856911521e-33,7.754095370182956e-33
3699,2394,__pr_graph_lp_or_to_or_and__: 8829:item: middle-oil-canister --> energy-source-burner: jerry_2_1,,,True,item: middle-oil-canister --> energy-source-burner: jerry_2_1,False,False,7.7490673482047937e-33,7.7490673327066544e-33
3700,905,__pr_graph_lp_or_to_or_and__: 10122:entity-operate: chemical-plant-mk01 --> recipe-category: chemistry__0__1:noncoproduct-route,,,True,entity-operate: chemical-plant-mk01 --> recipe-category: chemistry__0__1,False,False,7.7426124224108255e-33,7.7426124069255962e-33
3701,1741,__pr_graph_lp_or_to_or_and__: 3016:item-craft: grenade --> item: grenade,,,True,item-craft: grenade --> item: grenade,False,False,7.7389791961627801e-33,7.7389791806848173e-33
3702,474,__pr_graph_lp_or_cost_row__: item: empty-planter-box,,,True,node-cost:item: empty-planter-box,False,False,7.720949143551923e-33,7.7209491281100203e-33
3703,4352,recipe: mixer-mk01-pyvoid,recipe,mixer-mk01-pyvoid,False,,True,True,-7.7178974262895138e-33,7.7178974108537144e-33
3704,1984,__pr_graph_lp_or_to_or_and__: 4260:item-craft: belt --> item: belt,,,True,item-craft: belt --> item: belt,False,False,-7.6486664351068763e-33,7.6486664198095386e-33
3705,1239,__pr_graph_lp_or_to_or_and__: 10554:logic-and: smart-farm-kicalk-tree-recipe-kicalk-super-8 --> logic-or: smart-farm-kicalk-tree-recipe:noncoproduct-route,,,True,logic-and: smart-farm-kicalk-tree-recipe-kicalk-super-8 --> logic-or: smart-farm-kicalk-tree-recipe,False,False,7.6427540123252441e-33,7.6427539970397313e-33
3706,2956,entity-build: py-gas-vent,entity-build,py-gas-vent,False,,False,False,-7.637281574493252e-33,7.6372815592186841e-33
3707,2720,__pr_graph_lp_or_to_or_and__: 9840:fluid-temperature: coke-oven-gas: 100 --> fluid-temperature-range: coke-oven-gas: nil: 100:noncoproduct-route,,,True,fluid-temperature: coke-oven-gas: 100 --> fluid-temperature-range: coke-oven-gas: nil: 100,False,False,-7.6267676475918585e-33,7.6267676323383183e-33
3708,4101,recipe: fawogae-plantation-mk01-pyvoid,recipe,fawogae-plantation-mk01-pyvoid,False,,True,True,-7.6251535945392269e-33,7.6251535792889149e-33
3709,1151,__pr_graph_lp_or_to_or_and__: 10426:entity-operate: spore-collector-mk01 --> recipe-category: spore__0__0:noncoproduct-route,,,True,entity-operate: spore-collector-mk01 --> recipe-category: spore__0__0,False,False,7.6219997745153467e-33,7.6219997592713418e-33
3710,1652,__pr_graph_lp_or_to_or_and__: 2855:fluid-create-temperature: condensates: 10 --> fluid-create: condensates,,,True,fluid-create-temperature: condensates: 10 --> fluid-create: condensates,False,False,7.603842139109956e-33,7.6038421239022673e-33
3711,1979,__pr_graph_lp_or_to_or_and__: 4249:item-craft: chipshooter-mk01 --> item: chipshooter-mk01,,,True,item-craft: chipshooter-mk01 --> item: chipshooter-mk01,False,False,7.597479041133256e-33,7.5974790259382939e-33
3712,399,__pr_graph_lp_or_cost_row__: item: carbolic-oil-barrel,,,True,node-cost:item: carbolic-oil-barrel,False,False,7.5781633044197429e-33,7.5781632892634123e-33
3713,1889,__pr_graph_lp_or_to_or_and__: 3993:item-craft: py-tank-1500 --> item: py-tank-1500,,,True,item-craft: py-tank-1500 --> item: py-tank-1500,False,False,7.5740652283831439e-33,7.574065213235009e-33
3714,2066,__pr_graph_lp_or_to_or_and__: 4548:item-craft: cottongut --> item: cottongut,,,True,item-craft: cottongut --> item: cottongut,False,False,7.5681559219086384e-33,7.5681559067723214e-33
3715,2905,entity-build: fwf-mk01,entity-build,fwf-mk01,False,,False,False,7.5680623349718712e-33,7.5680623198357417e-33
3716,2686,__pr_graph_lp_or_to_or_and__: 9795:fluid-temperature: phytoplankton: 10 --> fluid-temperature-range: phytoplankton: 10: 10:noncoproduct-route,,,True,fluid-temperature: phytoplankton: 10 --> fluid-temperature-range: phytoplankton: 10: 10,False,False,7.5659256828953926e-33,7.5659256677635368e-33
3717,2543,__pr_graph_lp_or_to_or_and__: 9567:entity-build: small-lamp --> entity: small-lamp:noncoproduct-route,,,True,entity-build: small-lamp --> entity: small-lamp,False,False,7.5615101415276364e-33,7.5615101264046112e-33
3718,63,__pr_graph_lp_explicit_zero_free_source__: 2700:room-autoplace: planet: nauvis --> entity: tree-08-brown,,,True,explicit-zero:room-autoplace: planet: nauvis --> entity: tree-08-brown,False,False,-7.5505764563677244e-33,7.5505764412665671e-33
3719,2502,__pr_graph_lp_or_to_or_and__: 9485:entity-build: centrifuge-mk01 --> entity: centrifuge-mk01:noncoproduct-route,,,True,entity-build: centrifuge-mk01 --> entity: centrifuge-mk01,False,False,7.547338927255009e-33,7.5473389121603259e-33
3720,1413,__pr_graph_lp_or_to_or_and__: 1943:item: py-shed-basic --> entity-build-item: py-shed-basic,,,True,item: py-shed-basic --> entity-build-item: py-shed-basic,False,False,-7.5462607750498758e-33,7.5462607599573495e-33
3721,2668,__pr_graph_lp_or_to_or_and__: 9771:fluid-temperature: aromatics: 10 --> fluid-temperature-range: aromatics: 10: 10:noncoproduct-route,,,True,fluid-temperature: aromatics: 10 --> fluid-temperature-range: aromatics: 10: 10,False,False,-7.5428152200230169e-33,7.5428152049373821e-33
3722,2485,__pr_graph_lp_or_to_or_and__: 9451:entity-build: micro-mine-mk01 --> entity: micro-mine-mk01:noncoproduct-route,,,True,entity-build: micro-mine-mk01 --> entity: micro-mine-mk01,False,False,7.5427069335877892e-33,7.5427069185023706e-33
3723,85,__pr_graph_lp_or_cost_row__: entity: arithmetic-combinator,,,True,node-cost:entity: arithmetic-combinator,False,False,7.54015040444488e-33,7.5401503893645753e-33
3724,1843,__pr_graph_lp_or_to_or_and__: 3839:item-craft: treated-wood --> item: treated-wood,,,True,item-craft: treated-wood --> item: treated-wood,False,False,-7.5329365239290261e-33,7.532936508863149e-33
3725,196,__pr_graph_lp_or_cost_row__: entity: ore-aluminium,,,True,node-cost:entity: ore-aluminium,False,False,-7.523545949209185e-33,7.5235459341620886e-33
3726,1023,__pr_graph_lp_or_to_or_and__: 10268:entity-operate: genlab-mk01 --> recipe-category: genlab__1__1:noncoproduct-route,,,True,entity-operate: genlab-mk01 --> recipe-category: genlab__1__1,False,False,-7.5145979295690762e-33,7.5145979145398751e-33
3727,2093,__pr_graph_lp_or_to_or_and__: 4611:item-craft: blade-mk01 --> item: blade-mk01,,,True,item-craft: blade-mk01 --> item: blade-mk01,False,False,-7.490548649366324e-33,7.4905486343852228e-33
3728,1041,__pr_graph_lp_or_to_or_and__: 10289:entity-operate: py-gas-vent --> recipe-category: py-venting__1__0:noncoproduct-route,,,True,entity-operate: py-gas-vent --> recipe-category: py-venting__1__0,False,False,-7.4895799646820102e-33,7.4895799497028453e-33
3729,723,__pr_graph_lp_or_cost_row__: item: sb-grade-01,,,True,node-cost:item: sb-grade-01,False,False,-7.489161238761135e-33,7.4891612237828076e-33
3730,3012,entity-build: storage-tank,entity-build,storage-tank,False,,False,False,7.4673222275977781e-33,7.4673222126631291e-33
3731,1935,__pr_graph_lp_or_to_or_and__: 4130:item-craft: ore-zinc --> item: ore-zinc,,,True,item-craft: ore-zinc --> item: ore-zinc,False,False,7.4619640748854736e-33,7.461964059961541e-33
3732,2057,__pr_graph_lp_or_to_or_and__: 4514:item-craft: saps --> item: saps,,,True,item-craft: saps --> item: saps,False,False,7.4588533226779599e-33,7.4588533077602483e-33
3733,2014,__pr_graph_lp_or_to_or_and__: 4350:item-craft: flora-collector-mk01 --> item: flora-collector-mk01,,,True,item-craft: flora-collector-mk01 --> item: flora-collector-mk01,False,False,-7.4557336529882573e-33,7.4557336380767858e-33
3734,1880,__pr_graph_lp_or_to_or_and__: 3966:item-craft: py-heat-exchanger --> item: py-heat-exchanger,,,True,item-craft: py-heat-exchanger --> item: py-heat-exchanger,False,False,-7.4367629289957624e-33,7.4367629141222327e-33
3735,1117,__pr_graph_lp_or_to_or_and__: 10384:entity-operate: upgrader-mk01 --> recipe-category: upgrader__3__0:noncoproduct-route,,,True,entity-operate: upgrader-mk01 --> recipe-category: upgrader__3__0,False,False,-7.4302396488470878e-33,7.4302396339866036e-33
3736,1429,__pr_graph_lp_or_to_or_and__: 2016:item: compost-plant-mk01 --> entity-build-item: compost-plant-mk01,,,True,item: compost-plant-mk01 --> entity-build-item: compost-plant-mk01,False,False,7.4268185029080799e-33,7.426818488054438e-33
3737,1123,__pr_graph_lp_or_to_or_and__: 10390:entity-operate: upgrader-mk01 --> recipe-category: upgrader__1__1:noncoproduct-route,,,True,entity-operate: upgrader-mk01 --> recipe-category: upgrader__1__1,False,False,-7.420518771845996e-33,7.4205187570049535e-33
3738,198,__pr_graph_lp_or_cost_row__: entity: ore-chromium,,,True,node-cost:entity: ore-chromium,False,False,-7.4204978320760154e-33,7.4204978172350153e-33
3739,3006,entity-build: steam-turbine-mk01,entity-build,steam-turbine-mk01,False,,False,False,7.397173610865087e-33,7.3971735960707348e-33
3740,2109,__pr_graph_lp_or_to_or_and__: 4646:item-craft: geothermal-plant-mk01 --> item: geothermal-plant-mk01,,,True,item-craft: geothermal-plant-mk01 --> item: geothermal-plant-mk01,False,False,7.3961726414017618e-33,7.3961726266094117e-33
3741,1376,__pr_graph_lp_or_to_or_and__: 1829:item: sap-tree --> entity-operate-py-module: sap-extractor-mk04,,,True,item: sap-tree --> entity-operate-py-module: sap-extractor-mk04,False,False,7.3774121036919104e-33,7.3774120889370819e-33
3742,263,__pr_graph_lp_or_cost_row__: entity: regolites,,,True,node-cost:entity: regolites,False,False,-7.364784003140772e-33,7.3647839884111998e-33
3743,43,__pr_graph_lp_explicit_zero_free_source__: 2334:room-autoplace: planet: nauvis --> entity: sulfur-patch,,,True,explicit-zero:room-autoplace: planet: nauvis --> entity: sulfur-patch,False,False,7.3647691132858515e-33,7.3647690985563093e-33
3744,3014,entity-build: tailings-pond,entity-build,tailings-pond,False,,False,False,7.3593321113904517e-33,7.3593320966717833e-33
3745,613,__pr_graph_lp_or_cost_row__: item: olefin-plant,,,True,node-cost:item: olefin-plant,False,False,-7.3406957023150364e-33,7.3406956876336406e-33
3746,314,__pr_graph_lp_or_cost_row__: entity: tree-08-red,,,True,node-cost:entity: tree-08-red,False,False,-7.3367207822754328e-33,7.3367207676019864e-33
3747,451,__pr_graph_lp_or_cost_row__: item: data-array,,,True,node-cost:item: data-array,False,False,-7.326002328971796e-33,7.3260023143197865e-33
3748,30,__pr_graph_lp_explicit_zero_free_source__: 2293:room-autoplace: planet: nauvis --> entity: salt-rock,,,True,explicit-zero:room-autoplace: planet: nauvis --> entity: salt-rock,False,False,7.3239862735073184e-33,7.3239862588593416e-33
3749,1475,__pr_graph_lp_or_to_or_and__: 2321:item: multiblade-turbine-mk01 --> entity-build-item: multiblade-turbine-mk01,,,True,item: multiblade-turbine-mk01 --> entity-build-item: multiblade-turbine-mk01,False,False,-7.323971149537733e-33,7.3239711348897864e-33
3750,450,__pr_graph_lp_or_cost_row__: item: cyanic-acid-barrel,,,True,node-cost:item: cyanic-acid-barrel,False,False,-7.3168006309233503e-33,7.3168006162897451e-33
3751,464,__pr_graph_lp_or_cost_row__: item: earth-generic-sample,,,True,node-cost:item: earth-generic-sample,False,False,-7.3082811183220101e-33,7.3082811037054435e-33
3752,272,__pr_graph_lp_or_cost_row__: entity: seaweed-crop-mk01,,,True,node-cost:entity: seaweed-crop-mk01,False,False,-7.3000771057075068e-33,7.300077091107348e-33
3753,2647,__pr_graph_lp_or_to_or_and__: 9743:fluid-temperature: creosote: 10 --> fluid-temperature-range: creosote: 10: 10:noncoproduct-route,,,True,fluid-temperature: creosote: 10 --> fluid-temperature-range: creosote: 10: 10,False,False,-7.2992025005637709e-33,7.299202485965361e-33
3754,2705,__pr_graph_lp_or_to_or_and__: 9820:fluid-temperature: acetylene: 15 --> fluid-temperature-range: acetylene: 15: 15:noncoproduct-route,,,True,fluid-temperature: acetylene: 15 --> fluid-temperature-range: acetylene: 15: 15,False,False,-7.2798986547705032e-33,7.2798986402107015e-33
3755,2383,__pr_graph_lp_or_to_or_and__: 8818:item: gasoline-canister --> energy-source-burner: jerry_2_1,,,True,item: gasoline-canister --> energy-source-burner: jerry_2_1,False,False,7.2781159203106115e-33,7.2781159057543746e-33
3756,1255,__pr_graph_lp_or_to_or_and__: 10586:logic-and: smart-farm-tuuphra-tuber-recipe-tuuphra-super-2 --> logic-or: smart-farm-tuuphra-tuber-recipe:noncoproduct-route,,,True,logic-and: smart-farm-tuuphra-tuber-recipe-tuuphra-super-2 --> logic-or: smart-farm-tuuphra-tuber-recipe,False,False,-7.2516082076674483e-33,7.2516081931642282e-33
3757,352,__pr_graph_lp_or_cost_row__: item: assembling-machine-1,,,True,node-cost:item: assembling-machine-1,False,False,-7.2475441580196126e-33,7.2475441435245197e-33
3758,2500,__pr_graph_lp_or_to_or_and__: 9481:entity-build: dino-dig-site --> entity: dino-dig-site:noncoproduct-route,,,True,entity-build: dino-dig-site --> entity: dino-dig-site,False,False,-7.2265849701325774e-33,7.226584955679403e-33
3759,521,__pr_graph_lp_or_cost_row__: item: grade-1-zinc,,,True,node-cost:item: grade-1-zinc,False,False,-7.2146302458479106e-33,7.2146302314186459e-33
3760,2671,__pr_graph_lp_or_to_or_and__: 9775:fluid-temperature: slacked-lime: 10 --> fluid-temperature-range: slacked-lime: 10: 10:noncoproduct-route,,,True,fluid-temperature: slacked-lime: 10 --> fluid-temperature-range: slacked-lime: 10: 10,False,False,7.2043320829717808e-33,7.2043320685631127e-33
3761,2481,__pr_graph_lp_or_to_or_and__: 9443:entity-build: retorter --> entity: retorter:noncoproduct-route,,,True,entity-build: retorter --> entity: retorter,False,False,7.1995688198758519e-33,7.1995688054767096e-33
3762,1354,__pr_graph_lp_or_to_or_and__: 1785:item: vrauks-mk02 --> entity-operate-py-module: vrauks-paddock-mk02,,,True,item: vrauks-mk02 --> entity-operate-py-module: vrauks-paddock-mk02,False,False,-7.1803507457001521e-33,7.1803507313394456e-33
3763,1153,__pr_graph_lp_or_to_or_and__: 10428:entity-operate: spore-collector-mk01 --> recipe-category: spore__0__1:noncoproduct-route,,,True,entity-operate: spore-collector-mk01 --> recipe-category: spore__0__1,False,False,7.1752469277235602e-33,7.1752469133730624e-33
3764,52,__pr_graph_lp_explicit_zero_free_source__: 2421:room-autoplace: planet: nauvis --> entity: big-sand-rock,,,True,explicit-zero:room-autoplace: planet: nauvis --> entity: big-sand-rock,False,False,-7.1748198238103767e-33,7.1748198094607329e-33
3765,1091,__pr_graph_lp_or_to_or_and__: 10351:entity-operate: moondrop-greenhouse-mk01 --> recipe-category: moon__0__1:noncoproduct-route,,,True,entity-operate: moondrop-greenhouse-mk01 --> recipe-category: moon__0__1,False,False,7.1734119645615416e-33,7.1734119502147127e-33
3766,452,__pr_graph_lp_or_cost_row__: item: decider-combinator,,,True,node-cost:item: decider-combinator,False,False,-7.1726290326385862e-33,7.1726290182933241e-33
3767,2852,entity-build: aerial-blimp-mk01,entity-build,aerial-blimp-mk01,False,,False,False,-7.1604109305077153e-33,7.1604109161868897e-33
3768,4594,recipe: rhe-pyvoid,recipe,rhe-pyvoid,False,,True,True,7.1577813831587554e-33,7.1577813688431888e-33
3769,2380,__pr_graph_lp_or_to_or_and__: 8815:item: syngas-canister --> energy-source-burner: jerry_2_1,,,True,item: syngas-canister --> energy-source-burner: jerry_2_1,False,False,7.1522360043847342e-33,7.1522359900802576e-33
3770,670,__pr_graph_lp_or_cost_row__: item: py-roboport-mk01,,,True,node-cost:item: py-roboport-mk01,False,False,-7.1494197080217982e-33,7.1494196937229542e-33
3771,2684,__pr_graph_lp_or_to_or_and__: 9793:fluid-temperature: phytoplankton: 10 --> fluid: phytoplankton:noncoproduct-route,,,True,fluid-temperature: phytoplankton: 10 --> fluid: phytoplankton,False,False,-7.1432534416047093e-33,7.1432534273181978e-33
3772,2908,entity-build: gate,entity-build,gate,False,,False,False,7.1252449514837181e-33,7.1252449372332244e-33
3773,4465,recipe: power-switch-pyvoid,recipe,power-switch-pyvoid,False,,True,True,7.0980143527682647e-33,7.0980143385722313e-33
3774,3887,recipe: classifier-pyvoid,recipe,classifier-pyvoid,False,,True,True,-7.0898645511366219e-33,7.0898645369568882e-33
3775,2990,entity-build: rhe,entity-build,rhe,False,,False,False,7.0891613832725059e-33,7.089161369094179e-33
3776,502,__pr_graph_lp_or_cost_row__: item: fwf-mk01,,,True,node-cost:item: fwf-mk01,False,False,-7.0814726501208811e-33,7.0814726359579316e-33
3777,1757,__pr_graph_lp_or_to_or_and__: 3083:item-craft: wooden-chest --> item: wooden-chest,,,True,item-craft: wooden-chest --> item: wooden-chest,False,False,-7.073544334497623e-33,7.0735443203505297e-33
3778,2737,__pr_graph_lp_or_to_or_and__: 9862:fluid-temperature: methanal: 10 --> fluid: methanal:noncoproduct-route,,,True,fluid-temperature: methanal: 10 --> fluid: methanal,False,False,7.0698876555411683e-33,7.069887641401388e-33
3779,2948,entity-build: pump,entity-build,pump,False,,False,False,-7.062310435764584e-33,7.0623104216399594e-33
3780,1259,__pr_graph_lp_or_to_or_and__: 10594:logic-and: smart-farm-yotoi-tree-fruit-recipe-yotoi-fruit-super-3 --> logic-or: smart-farm-yotoi-tree-fruit-recipe:noncoproduct-route,,,True,logic-and: smart-farm-yotoi-tree-fruit-recipe-yotoi-fruit-super-3 --> logic-or: smart-farm-yotoi-tree-fruit-recipe,False,False,7.0575712672223939e-33,7.0575712531072472e-33
3781,1446,__pr_graph_lp_or_to_or_and__: 2065:item: small-lamp --> entity-build-item: small-lamp,,,True,item: small-lamp --> entity-build-item: small-lamp,False,False,-7.0485078942527166e-33,7.0485078801556964e-33
3782,4525,recipe: py-tank-1000-pyvoid,recipe,py-tank-1000-pyvoid,False,,True,True,-7.0379366298104121e-33,7.0379366157345346e-33
3783,2477,__pr_graph_lp_or_to_or_and__: 9435:entity-build: cracker-mk01 --> entity: cracker-mk01:noncoproduct-route,,,True,entity-build: cracker-mk01 --> entity: cracker-mk01,False,False,-7.0232613376042235e-33,7.0232613235576967e-33
3784,2156,__pr_graph_lp_or_to_or_and__: 6591:item: cottongut-mk01 --> recipe-py-module: cottongut-cub-4,,,True,item: cottongut-mk01 --> recipe-py-module: cottongut-cub-4,False,False,-7.0148611639203836e-33,7.0148611498906573e-33
3785,1392,__pr_graph_lp_or_to_or_and__: 1869:item: py-coal-powerplant-mk01 --> entity-build-item: py-coal-powerplant-mk01,,,True,item: py-coal-powerplant-mk01 --> entity-build-item: py-coal-powerplant-mk01,False,False,7.01240332872088e-33,7.0124033146960692e-33
3786,394,__pr_graph_lp_or_cost_row__: item: caged-vrauks,,,True,node-cost:item: caged-vrauks,False,False,7.0095633814852121e-33,7.0095633674660818e-33
3787,2902,entity-build: fluid-drill-mk02,entity-build,fluid-drill-mk02,False,,False,False,7.0057996352909897e-33,7.0057996212793859e-33
3788,1391,__pr_graph_lp_or_to_or_and__: 1865:item: centrifuge-mk01 --> entity-build-item: centrifuge-mk01,,,True,item: centrifuge-mk01 --> entity-build-item: centrifuge-mk01,False,False,6.9968289741474103e-33,6.9968289601537483e-33
3789,2582,__pr_graph_lp_or_to_or_and__: 9645:entity-build: py-tank-6500 --> entity: py-tank-6500:noncoproduct-route,,,True,entity-build: py-tank-6500 --> entity: py-tank-6500,False,False,6.9872820813545541e-33,6.9872820673799861e-33
3790,2796,__pr_graph_lp_or_to_or_and__: 9940:fluid-temperature: creamy-latex: 10 --> fluid-temperature-range: creamy-latex: 10: 10:noncoproduct-route,,,True,fluid-temperature: creamy-latex: 10 --> fluid-temperature-range: creamy-latex: 10: 10,False,False,6.9845790293468131e-33,6.9845790153776505e-33
3791,51,__pr_graph_lp_explicit_zero_free_source__: 2416:room-autoplace: planet: nauvis --> entity: big-rock,,,True,explicit-zero:room-autoplace: planet: nauvis --> entity: big-rock,False,False,-6.984048468683668e-33,6.9840484547155673e-33
3792,850,__pr_graph_lp_or_to_or_and__: 10034:entity-operate: burner-mining-drill --> resource-category: basic-solid__0__0:noncoproduct-route,,,True,entity-operate: burner-mining-drill --> resource-category: basic-solid__0__0,False,False,6.9699115581735472e-33,6.9699115442337202e-33
3793,1078,__pr_graph_lp_or_to_or_and__: 10335:entity-operate: eaf-mk01 --> recipe-category: eaf__0__0:noncoproduct-route,,,True,entity-operate: eaf-mk01 --> recipe-category: eaf__0__0,False,False,6.9650045099114286e-33,6.9650044959814148e-33
3794,1074,__pr_graph_lp_or_to_or_and__: 10330:entity-operate: casting-unit-mk01 --> recipe-category: casting__3__0:noncoproduct-route,,,True,entity-operate: casting-unit-mk01 --> recipe-category: casting__3__0,False,False,6.9516984837365192e-33,6.9516984698331177e-33
3795,2544,__pr_graph_lp_or_to_or_and__: 9569:entity-build: locomotive --> entity: locomotive:noncoproduct-route,,,True,entity-build: locomotive --> entity: locomotive,False,False,-6.9254743708583628e-33,6.9254743570074101e-33
3796,4145,recipe: flask-pyvoid,recipe,flask-pyvoid,False,,True,True,6.8814719041252698e-33,6.8814718903623211e-33
3797,2062,__pr_graph_lp_or_to_or_and__: 4539:item-craft: stopper --> item: stopper,,,True,item-craft: stopper --> item: stopper,False,False,-6.8766387469990143e-33,6.8766387332457324e-33
3798,952,__pr_graph_lp_or_to_or_and__: 10174:entity-operate: gasifier --> recipe-category: gasifier__1__2:noncoproduct-route,,,True,entity-operate: gasifier --> recipe-category: gasifier__1__2,False,False,6.8758109030466164e-33,6.8758108892949903e-33
3799,21,__pr_graph_lp_explicit_zero_free_source__: 2251:room-autoplace: planet: nauvis --> entity: ore-lead,,,True,explicit-zero:room-autoplace: planet: nauvis --> entity: ore-lead,False,False,-6.8699127520307251e-33,6.8699127382908951e-33
3800,1580,__pr_graph_lp_or_to_or_and__: 2698:fluid-create-temperature: waste-water: 10 --> fluid-create: waste-water,,,True,fluid-create-temperature: waste-water: 10 --> fluid-create: waste-water,False,False,6.8665003029217592e-33,6.8665002891887551e-33
3801,2614,__pr_graph_lp_or_to_or_and__: 9700:fluid-temperature: steam: 150 --> fluid-temperature-range: steam: 150: 150:noncoproduct-route,,,True,fluid-temperature: steam: 150 --> fluid-temperature-range: steam: 150: 150,False,False,-6.8655746133145093e-33,6.8655745995833553e-33
3802,1156,__pr_graph_lp_or_to_or_and__: 10433:entity-operate: seaweed-crop-mk01 --> recipe-category: seaweed__2__0:noncoproduct-route,,,True,entity-operate: seaweed-crop-mk01 --> recipe-category: seaweed__2__0,False,False,6.8553570204428326e-33,6.8553570067321138e-33
3803,1006,__pr_graph_lp_or_to_or_and__: 10246:entity-operate: vacuum-pump-mk01 --> recipe-category: vacuum__0__1:noncoproduct-route,,,True,entity-operate: vacuum-pump-mk01 --> recipe-category: vacuum__0__1,False,False,6.84794207439376e-33,6.8479420606978711e-33
3804,209,__pr_graph_lp_or_cost_row__: entity: phosphate-rock,,,True,node-cost:entity: phosphate-rock,False,False,-6.845677495408989e-33,6.8456774817176297e-33
3805,1248,__pr_graph_lp_or_to_or_and__: 10572:logic-and: smart-farm-rennea-flowers-recipe-rennea-super-2 --> logic-or: smart-farm-rennea-flowers-recipe:noncoproduct-route,,,True,logic-and: smart-farm-rennea-flowers-recipe-rennea-super-2 --> logic-or: smart-farm-rennea-flowers-recipe,False,False,-6.8378683839981477e-33,6.8378683703224066e-33
3806,2541,__pr_graph_lp_or_to_or_and__: 9563:entity-build: nco-py-short-crane-mk1 --> entity: nco-py-short-crane-mk1:noncoproduct-route,,,True,entity-build: nco-py-short-crane-mk1 --> entity: nco-py-short-crane-mk1,False,False,6.8303258971675372e-33,6.8303258835068806e-33
3807,3516,fluid-temperature: blood: 10,fluid-temperature,blood: 10,False,,False,False,6.8221237324627091e-33,6.8221237188184575e-33
3808,2251,__pr_graph_lp_or_to_or_and__: 8686:item: aromatics-canister --> energy-source-burner: chemical__biomass__jerry__nuke_2_1,,,True,item: aromatics-canister --> energy-source-burner: chemical__biomass__jerry__nuke_2_1,False,False,-6.8206775839209915e-33,6.8206775702796328e-33
3809,2013,__pr_graph_lp_or_to_or_and__: 4347:item-craft: pyphoon-bay --> item: pyphoon-bay,,,True,item-craft: pyphoon-bay --> item: pyphoon-bay,False,False,-6.8185612851695904e-33,6.8185612715324644e-33
3810,1013,__pr_graph_lp_or_to_or_and__: 10255:entity-operate: mixer-mk01 --> recipe-category: mixer__3__1:noncoproduct-route,,,True,entity-operate: mixer-mk01 --> recipe-category: mixer__3__1,False,False,-6.7890984320532181e-33,6.7890984184750178e-33
3811,1728,__pr_graph_lp_or_to_or_and__: 2993:item: treated-wood --> fuel-category: biomass__0,,,True,item: treated-wood --> fuel-category: biomass__0,False,False,-6.7750477645109534e-33,6.7750477509608543e-33
3812,432,__pr_graph_lp_or_cost_row__: item: constant-combinator,,,True,node-cost:item: constant-combinator,False,False,6.7520277605029424e-33,6.7520277469988823e-33
3813,2005,__pr_graph_lp_or_to_or_and__: 4323:item-craft: vrauks-paddock-mk01 --> item: vrauks-paddock-mk01,,,True,item-craft: vrauks-paddock-mk01 --> item: vrauks-paddock-mk01,False,False,-6.7448541773999546e-33,6.7448541639102427e-33
3814,975,__pr_graph_lp_or_to_or_and__: 10203:entity-operate: olefin-plant --> recipe-category: olefin__2__1:noncoproduct-route,,,True,entity-operate: olefin-plant --> recipe-category: olefin__2__1,False,False,6.7430219389047775e-33,6.743021925418729e-33
3815,2164,__pr_graph_lp_or_to_or_and__: 6737:item: vrauks --> recipe-py-module: vrauks-cocoon-3,,,True,item: vrauks --> recipe-py-module: vrauks-cocoon-3,False,False,-6.7359637233913614e-33,6.7359637099194299e-33
3816,3066,entity-mine: copper-ore,entity-mine,copper-ore,False,,True,False,-6.7356150197824249e-33,6.7356150063111912e-33
3817,2450,__pr_graph_lp_or_to_or_and__: 9381:entity-build: glassworks-mk01 --> entity: glassworks-mk01:noncoproduct-route,,,True,entity-build: glassworks-mk01 --> entity: glassworks-mk01,False,False,-6.7348025724468417e-33,6.7348025589772324e-33
3818,2049,__pr_graph_lp_or_to_or_and__: 4497:item-craft: earth-shroom-sample --> item: earth-shroom-sample,,,True,item-craft: earth-shroom-sample --> item: earth-shroom-sample,False,False,-6.7197592187166233e-33,6.7197592052771009e-33
3819,1293,__pr_graph_lp_or_to_or_and__: 1579:item: ralesia --> entity-operate-py-module: ralesia-plantation-mk02,,,True,item: ralesia --> entity-operate-py-module: ralesia-plantation-mk02,False,False,6.7025566025054356e-33,6.7025565891003189e-33
3820,1784,__pr_graph_lp_or_to_or_and__: 3163:item-craft: steel-chest --> item: steel-chest,,,True,item-craft: steel-chest --> item: steel-chest,False,False,6.6875078554067525e-33,6.6875078420317323e-33
3821,1037,__pr_graph_lp_or_to_or_and__: 10283:entity-operate: bio-reactor-mk01 --> recipe-category: bio-reactor__2__2:noncoproduct-route,,,True,entity-operate: bio-reactor-mk01 --> recipe-category: bio-reactor__2__2,False,False,6.6598188612171336e-33,6.659818847897492e-33
3822,2974,entity-build: py-tank-8000,entity-build,py-tank-8000,False,,False,False,6.6411577981269942e-33,6.6411577848446745e-33
3823,1980,__pr_graph_lp_or_to_or_and__: 4252:item-craft: small-parts-01 --> item: small-parts-01,,,True,item-craft: small-parts-01 --> item: small-parts-01,False,False,-6.6203284343137154e-33,6.6203284210730542e-33
3824,706,__pr_graph_lp_or_cost_row__: item: repair-pack,,,True,node-cost:item: repair-pack,False,False,6.600150296962041e-33,6.6001502837617369e-33
3825,907,__pr_graph_lp_or_to_or_and__: 10124:entity-operate: chemical-plant-mk01 --> recipe-category: chemistry__1__2:noncoproduct-route,,,True,entity-operate: chemical-plant-mk01 --> recipe-category: chemistry__1__2,False,False,6.5654975264100137e-33,6.565497513279015e-33
3826,2645,__pr_graph_lp_or_to_or_and__: 9741:fluid-temperature: creosote: 10 --> fluid: creosote:noncoproduct-route,,,True,fluid-temperature: creosote: 10 --> fluid: creosote,False,False,-6.5654445989210638e-33,6.5654445857901706e-33
3827,2167,__pr_graph_lp_or_to_or_and__: 6740:item: vrauks-mk02 --> recipe-py-module: vrauks-cocoon-4,,,True,item: vrauks-mk02 --> recipe-py-module: vrauks-cocoon-4,False,False,6.5509228801068845e-33,6.5509228670050354e-33
3828,145,__pr_graph_lp_or_cost_row__: entity: fbreactor-mk01,,,True,node-cost:entity: fbreactor-mk01,False,False,-6.543555855304399e-33,6.543555842217284e-33
3829,2622,__pr_graph_lp_or_to_or_and__: 9710:fluid-temperature: steam: 500 --> fluid-temperature-range: steam: nil: 500:noncoproduct-route,,,True,fluid-temperature: steam: 500 --> fluid-temperature-range: steam: nil: 500,False,False,6.5418440192348732e-33,6.5418440061511807e-33
3830,1752,__pr_graph_lp_or_to_or_and__: 3071:item-craft: copper-plate --> item: copper-plate,,,True,item-craft: copper-plate --> item: copper-plate,False,False,-6.5387121429219535e-33,6.5387121298445258e-33
3831,1100,__pr_graph_lp_or_to_or_and__: 10363:entity-operate: pulp-mill-mk01 --> recipe-category: pulp__3__0:noncoproduct-route,,,True,entity-operate: pulp-mill-mk01 --> recipe-category: pulp__3__0,False,False,6.519437154247759e-33,6.5194371412088806e-33
3832,2678,__pr_graph_lp_or_to_or_and__: 9785:fluid-temperature: molten-glass: 10 --> fluid: molten-glass:noncoproduct-route,,,True,fluid-temperature: molten-glass: 10 --> fluid: molten-glass,False,False,-6.5097105754608346e-33,6.5097105624414089e-33
3833,2964,entity-build: py-sinkhole,entity-build,py-sinkhole,False,,False,False,-6.4962697474507087e-33,6.496269734458165e-33
3834,1233,__pr_graph_lp_or_to_or_and__: 10542:logic-and: smart-farm-grod-flower-recipe-grod-super-5 --> logic-or: smart-farm-grod-flower-recipe:noncoproduct-route,,,True,logic-and: smart-farm-grod-flower-recipe-grod-super-5 --> logic-or: smart-farm-grod-flower-recipe,False,False,6.4859748493964609e-33,6.4859748364245069e-33
3835,71,__pr_graph_lp_explicit_zero_free_source__: 2740:room-autoplace: planet: nauvis --> entity: dead-dry-hairy-tree,,,True,explicit-zero:room-autoplace: planet: nauvis --> entity: dead-dry-hairy-tree,False,False,6.4853198246783303e-33,6.4853198117076873e-33
3836,320,__pr_graph_lp_or_cost_row__: entity: uranium-ore,,,True,node-cost:entity: uranium-ore,False,False,6.4802397072190729e-33,6.4802396942585893e-33
3837,2875,entity-build: centrifuge-mk01,entity-build,centrifuge-mk01,False,,False,False,-6.4762100758489737e-33,6.4762100628965503e-33
3838,448,__pr_graph_lp_or_cost_row__: item: crushed-coal,,,True,node-cost:item: crushed-coal,False,False,-6.4668017130951352e-33,6.4668017001615281e-33
3839,2061,__pr_graph_lp_or_to_or_and__: 4537:item-craft: latex --> item: latex,,,True,item-craft: latex --> item: latex,False,False,-6.4655842454729753e-33,6.4655842325418027e-33
3840,2382,__pr_graph_lp_or_to_or_and__: 8817:item: aromatics-canister --> energy-source-burner: jerry_2_1,,,True,item: aromatics-canister --> energy-source-burner: jerry_2_1,False,False,6.4644338129984551e-33,6.4644338000695842e-33
3841,1176,__pr_graph_lp_or_to_or_and__: 10456:entity-operate: creature-chamber-mk01 --> recipe-category: creature-chamber__2__0:noncoproduct-route,,,True,entity-operate: creature-chamber-mk01 --> recipe-category: creature-chamber__2__0,False,False,-6.4638237210806626e-33,6.463823708153011e-33
3842,906,__pr_graph_lp_or_to_or_and__: 10123:entity-operate: chemical-plant-mk01 --> recipe-category: chemistry__3__1:noncoproduct-route,,,True,entity-operate: chemical-plant-mk01 --> recipe-category: chemistry__3__1,False,False,6.4637880217270709e-33,6.4637880087994904e-33
3843,504,__pr_graph_lp_or_cost_row__: item: gasifier,,,True,node-cost:item: gasifier,False,False,6.4580278259546772e-33,6.4580278130386177e-33
3844,2525,__pr_graph_lp_or_to_or_and__: 9531:entity-build: medium-electric-pole --> entity: medium-electric-pole:noncoproduct-route,,,True,entity-build: medium-electric-pole --> entity: medium-electric-pole,False,False,-6.4562315894397962e-33,6.456231576527329e-33
3845,148,__pr_graph_lp_or_cost_row__: entity: flora-collector-mk01,,,True,node-cost:entity: flora-collector-mk01,False,False,-6.4517825256243872e-33,6.4517825127208177e-33
3846,577,__pr_graph_lp_or_cost_row__: item: meat,,,True,node-cost:item: meat,False,False,-6.4451154985962773e-33,6.445115485706042e-33
3847,3667,recipe: agar-pyvoid,recipe,agar-pyvoid,False,,True,True,6.4327439264957938e-33,6.4327439136303015e-33
3848,4607,recipe: sand-casting-pyvoid,recipe,sand-casting-pyvoid,False,,True,True,-6.4277124730403673e-33,6.4277124601849387e-33
3849,662,__pr_graph_lp_or_cost_row__: item: py-gas-vent,,,True,node-cost:item: py-gas-vent,False,False,6.4265795104964567e-33,6.4265794976432942e-33
3850,3804,recipe: blade-mk01-pyvoid,recipe,blade-mk01-pyvoid,False,,True,True,-6.409551539970355e-33,6.4095515271512479e-33
3851,2028,__pr_graph_lp_or_to_or_and__: 4441:item-craft: agar --> item: agar,,,True,item-craft: agar --> item: agar,False,False,-6.4076984229226559e-33,6.4076984101072546e-33
3852,194,__pr_graph_lp_or_cost_row__: entity: oil-sand,,,True,node-cost:entity: oil-sand,False,False,6.402321108538959e-33,6.4023210957343124e-33
3853,3278,entity-operate: car,entity-operate,car,False,,False,False,6.395326173073425e-33,6.3953261602827681e-33
3854,646,__pr_graph_lp_or_cost_row__: item: power-switch,,,True,node-cost:item: power-switch,False,False,-6.3615341088559313e-33,6.3615340961328597e-33
3855,2393,__pr_graph_lp_or_to_or_and__: 8828:item: pitch-canister --> energy-source-burner: jerry_2_1,,,True,item: pitch-canister --> energy-source-burner: jerry_2_1,False,False,6.3480292244851277e-33,6.3480292117890653e-33
3856,3544,fluid-temperature: methane: 15,fluid-temperature,methane: 15,False,,False,False,-6.3415783983652187e-33,6.3415783856820581e-33
3857,1030,__pr_graph_lp_or_to_or_and__: 10276:entity-operate: bio-reactor-mk01 --> recipe-category: bio-reactor__1__0:noncoproduct-route,,,True,entity-operate: bio-reactor-mk01 --> recipe-category: bio-reactor__1__0,False,False,-6.3297857147155473e-33,6.3297857020559721e-33
3858,462,__pr_graph_lp_or_cost_row__: item: earth-bear-sample,,,True,node-cost:item: earth-bear-sample,False,False,-6.3230408052832016e-33,6.3230407926371165e-33
3859,2866,entity-build: boiler,entity-build,boiler,False,,False,False,-6.3185011757201429e-33,6.3185011630831362e-33
3860,679,__pr_graph_lp_or_cost_row__: item: py-tank-4000,,,True,node-cost:item: py-tank-4000,False,False,-6.3151754586529348e-33,6.3151754460225801e-33
3861,1862,__pr_graph_lp_or_to_or_and__: 3913:item-craft: fawogae-plantation-mk01 --> item: fawogae-plantation-mk01,,,True,item-craft: fawogae-plantation-mk01 --> item: fawogae-plantation-mk01,False,False,-6.3148114089410838e-33,6.3148113963114572e-33
3862,1099,__pr_graph_lp_or_to_or_and__: 10362:entity-operate: pulp-mill-mk01 --> recipe-category: pulp__1__2:noncoproduct-route,,,True,entity-operate: pulp-mill-mk01 --> recipe-category: pulp__1__2,False,False,-6.3094227291691796e-33,6.3094227165503309e-33
3863,2960,entity-build: py-overflow-valve,entity-build,py-overflow-valve,False,,False,False,-6.2790070846142653e-33,6.2790070720562472e-33
3864,1241,__pr_graph_lp_or_to_or_and__: 10558:logic-and: smart-farm-ralesia-flowers-recipe-ralesia-super-2 --> logic-or: smart-farm-ralesia-flowers-recipe:noncoproduct-route,,,True,logic-and: smart-farm-ralesia-flowers-recipe-ralesia-super-2 --> logic-or: smart-farm-ralesia-flowers-recipe,False,False,-6.2755932289146631e-33,6.2755932163634723e-33
3865,3293,entity-operate: cooling-tower-mk01,entity-operate,cooling-tower-mk01,False,,False,False,6.2745350326369577e-33,6.2745350200878838e-33
3866,138,__pr_graph_lp_or_cost_row__: entity: dry-tree,,,True,node-cost:entity: dry-tree,False,False,-6.2665277234354105e-33,6.2665277109023517e-33
3867,1855,__pr_graph_lp_or_to_or_and__: 3892:item-craft: evaporator --> item: evaporator,,,True,item-craft: evaporator --> item: evaporator,False,False,-6.2543252930999006e-33,6.2543252805912468e-33
3868,2003,__pr_graph_lp_or_to_or_and__: 4317:item-craft: incubator-mk01 --> item: incubator-mk01,,,True,item-craft: incubator-mk01 --> item: incubator-mk01,False,False,6.239205113122777e-33,6.2392051006443634e-33
3869,1207,__pr_graph_lp_or_to_or_and__: 10498:entity-operate: slaughterhouse-mk01 --> recipe-category: slaughterhouse__1__1:noncoproduct-route,,,True,entity-operate: slaughterhouse-mk01 --> recipe-category: slaughterhouse__1__1,False,False,-6.2339393514760786e-33,6.2339393390081966e-33
3870,969,__pr_graph_lp_or_to_or_and__: 10196:entity-operate: evaporator --> recipe-category: evaporator__1__1:noncoproduct-route,,,True,entity-operate: evaporator --> recipe-category: evaporator__1__1,False,False,-6.2317063322645175e-33,6.2317063198011007e-33
3871,4541,recipe: py-tank-8000-pyvoid,recipe,py-tank-8000-pyvoid,False,,True,True,-6.219704136723562e-33,6.2197041242841494e-33
3872,3,__pr_graph_lp_explicit_zero_free_source__: 1414:fluid: molten-salt --> entity-operate-fluid: lrf-panel-mk01,,,True,explicit-zero:fluid: molten-salt --> entity-operate-fluid: lrf-panel-mk01,False,False,6.1882669542298463e-33,6.1882669418533087e-33
3873,1762,__pr_graph_lp_or_to_or_and__: 3098:item-craft: inserter --> item: inserter,,,True,item-craft: inserter --> item: inserter,False,False,-6.179762749963434e-33,6.1797627376039049e-33
3874,1016,__pr_graph_lp_or_to_or_and__: 10258:entity-operate: mixer-mk01 --> recipe-category: mixer__2__3:noncoproduct-route,,,True,entity-operate: mixer-mk01 --> recipe-category: mixer__2__3,False,False,-6.1573231332621503e-33,6.1573231209475004e-33
3875,1230,__pr_graph_lp_or_to_or_and__: 10536:logic-and: smart-farm-grod-flower-recipe-grod-super-2 --> logic-or: smart-farm-grod-flower-recipe:noncoproduct-route,,,True,logic-and: smart-farm-grod-flower-recipe-grod-super-2 --> logic-or: smart-farm-grod-flower-recipe,False,False,6.1513503160909674e-33,6.1513503037882627e-33
3876,217,__pr_graph_lp_or_cost_row__: entity: programmable-speaker,,,True,node-cost:entity: programmable-speaker,False,False,-6.1266093042098215e-33,6.1266092919565995e-33
3877,1485,__pr_graph_lp_or_to_or_and__: 2361:item: py-tank-6500 --> entity-build-item: py-tank-6500,,,True,item: py-tank-6500 --> entity-build-item: py-tank-6500,False,False,-6.1200488316807202e-33,6.1200488194406189e-33
3878,1318,__pr_graph_lp_or_to_or_and__: 1673:item: bof-mk01 --> entity-build-item: bof-mk01,,,True,item: bof-mk01 --> entity-build-item: bof-mk01,False,False,-6.1175124267021627e-33,6.1175124144671343e-33
3879,2917,entity-build: hydroclassifier-mk01,entity-build,hydroclassifier-mk01,False,,False,False,6.1059938463369636e-33,6.1059938341249725e-33
3880,1327,__pr_graph_lp_or_to_or_and__: 1708:item: chipshooter-mk01 --> entity-build-item: chipshooter-mk01,,,True,item: chipshooter-mk01 --> entity-build-item: chipshooter-mk01,False,False,6.1051802944364106e-33,6.1051802822260465e-33
3881,2236,__pr_graph_lp_or_to_or_and__: 8671:item: raw-coal --> energy-source-burner: chemical__biomass__jerry__nuke_2_1,,,True,item: raw-coal --> energy-source-burner: chemical__biomass__jerry__nuke_2_1,False,False,-6.0824136290776304e-33,6.0824136169127997e-33
3882,201,__pr_graph_lp_or_cost_row__: entity: ore-nickel,,,True,node-cost:entity: ore-nickel,False,False,6.0788628643660004e-33,6.0788628522082713e-33
3883,1075,__pr_graph_lp_or_to_or_and__: 10331:entity-operate: casting-unit-mk01 --> recipe-category: casting__4__0:noncoproduct-route,,,True,entity-operate: casting-unit-mk01 --> recipe-category: casting__4__0,False,False,6.0636699587190499e-33,6.063669946591706e-33
3884,67,__pr_graph_lp_explicit_zero_free_source__: 2720:room-autoplace: planet: nauvis --> entity: tree-09-red,,,True,explicit-zero:room-autoplace: planet: nauvis --> entity: tree-09-red,False,False,-6.0461121530083923e-33,6.0461121409161643e-33
3885,2708,__pr_graph_lp_or_to_or_and__: 9824:fluid-temperature: molten-aluminium: 10 --> fluid-temperature-range: molten-aluminium: 10: 10:noncoproduct-route,,,True,fluid-temperature: molten-aluminium: 10 --> fluid-temperature-range: molten-aluminium: 10: 10,False,False,6.043373814224765e-33,6.0433738021380136e-33
3886,177,__pr_graph_lp_or_cost_row__: entity: lead-rock,,,True,node-cost:entity: lead-rock,False,False,-6.0287595276971735e-33,6.0287595156396509e-33
3887,40,__pr_graph_lp_explicit_zero_free_source__: 2325:room-autoplace: planet: nauvis --> entity: phosphate-rock,,,True,explicit-zero:room-autoplace: planet: nauvis --> entity: phosphate-rock,False,False,6.0266204047621451e-33,6.0266203927089003e-33
3888,518,__pr_graph_lp_or_cost_row__: item: grade-1-nickel,,,True,node-cost:item: grade-1-nickel,False,False,-6.0170962837488257e-33,6.0170962717146298e-33
3889,1256,__pr_graph_lp_or_to_or_and__: 10588:logic-and: smart-farm-tuuphra-tuber-recipe-tuuphra-super-3 --> logic-or: smart-farm-tuuphra-tuber-recipe:noncoproduct-route,,,True,logic-and: smart-farm-tuuphra-tuber-recipe-tuuphra-super-3 --> logic-or: smart-farm-tuuphra-tuber-recipe,False,False,-6.0169056046839764e-33,6.0169055926501616e-33
3890,2096,__pr_graph_lp_or_to_or_and__: 4617:item-craft: utility-box-mk01 --> item: utility-box-mk01,,,True,item-craft: utility-box-mk01 --> item: utility-box-mk01,False,False,-6.0078360662811447e-33,6.0078360542654688e-33
3891,4485,recipe: py-biomass-powerplant-mk01-pyvoid,recipe,py-biomass-powerplant-mk01-pyvoid,False,,True,True,-6.0066828850530744e-33,6.0066828730397051e-33
3892,790,__pr_graph_lp_or_cost_row__: item: tree-mk01,,,True,node-cost:item: tree-mk01,False,False,-5.9999419850069081e-33,5.9999419730070208e-33
3893,611,__pr_graph_lp_or_cost_row__: item: offshore-pump,,,True,node-cost:item: offshore-pump,False,False,-5.9989517415680468e-33,5.9989517295701396e-33
3894,4228,recipe: grenade-pyvoid,recipe,grenade-pyvoid,False,,True,True,-5.9920393273750871e-33,5.9920393153910047e-33
3895,597,__pr_graph_lp_or_cost_row__: item: moss-farm-mk01,,,True,node-cost:item: moss-farm-mk01,False,False,5.9538156078756626e-33,5.9538155959680277e-33
3896,1227,__pr_graph_lp_or_to_or_and__: 10530:logic-and: smart-farm-ore-bioreserve-recipe-bioreserve-super-2 --> logic-or: smart-farm-ore-bioreserve-recipe:noncoproduct-route,,,True,logic-and: smart-farm-ore-bioreserve-recipe-bioreserve-super-2 --> logic-or: smart-farm-ore-bioreserve-recipe,False,False,5.9508414922428207e-33,5.9508414803411344e-33
3897,618,__pr_graph_lp_or_cost_row__: item: ore-quartz,,,True,node-cost:item: ore-quartz,False,False,-5.946181725310903e-33,5.9461817134185359e-33
3898,1451,__pr_graph_lp_or_to_or_and__: 2086:item: borax-mine --> entity-build-item: borax-mine,,,True,item: borax-mine --> entity-build-item: borax-mine,False,False,-5.9150568041963435e-33,5.915056792366226e-33
3899,1759,__pr_graph_lp_or_to_or_and__: 3089:item-craft: burner-mining-drill --> item: burner-mining-drill,,,True,item-craft: burner-mining-drill --> item: burner-mining-drill,False,False,5.9037157193328558e-33,5.9037157075254205e-33
3900,583,__pr_graph_lp_or_cost_row__: item: methane-barrel,,,True,node-cost:item: methane-barrel,False,False,-5.8869863633882806e-33,5.8869863516143041e-33
3901,900,__pr_graph_lp_or_to_or_and__: 10117:entity-operate: chemical-plant-mk01 --> recipe-category: chemistry__2__1:noncoproduct-route,,,True,entity-operate: chemical-plant-mk01 --> recipe-category: chemistry__2__1,False,False,5.8723733842018355e-33,5.8723733724570851e-33
3902,2035,__pr_graph_lp_or_to_or_and__: 4456:item-craft: retrovirus --> item: retrovirus,,,True,item-craft: retrovirus --> item: retrovirus,False,False,-5.857141952540783e-33,5.8571419408264957e-33
3903,2617,__pr_graph_lp_or_to_or_and__: 9704:fluid-temperature: steam: 250 --> fluid-temperature-range: steam: nil: 500:noncoproduct-route,,,True,fluid-temperature: steam: 250 --> fluid-temperature-range: steam: nil: 500,False,False,5.8308855004981996e-33,5.8308854888364247e-33
3904,1965,__pr_graph_lp_or_to_or_and__: 4204:item-craft: pcb1 --> item: pcb1,,,True,item-craft: pcb1 --> item: pcb1,False,False,5.8247395584087482e-33,5.8247395467592656e-33
3905,2105,__pr_graph_lp_or_to_or_and__: 4635:item-craft: anemometer-mk01 --> item: anemometer-mk01,,,True,item-craft: anemometer-mk01 --> item: anemometer-mk01,False,False,-5.8190889850114937e-33,5.8190889733733124e-33
3906,1377,__pr_graph_lp_or_to_or_and__: 1831:item: pyphoon-bay --> entity-build-item: pyphoon-bay,,,True,item: pyphoon-bay --> entity-build-item: pyphoon-bay,False,False,5.7905623312899197e-33,5.7905623197087914e-33
3907,264,__pr_graph_lp_or_cost_row__: entity: research-center-mk01,,,True,node-cost:entity: research-center-mk01,False,False,-5.7634892681449707e-33,5.7634892566179887e-33
3908,2168,__pr_graph_lp_or_to_or_and__: 6741:item: vrauks --> recipe-py-module: vrauks-cocoon-5,,,True,item: vrauks --> recipe-py-module: vrauks-cocoon-5,False,False,5.7477648486273299e-33,5.7477648371317964e-33
3909,1048,__pr_graph_lp_or_to_or_and__: 10299:entity-operate: scrubber-mk01 --> recipe-category: scrubber__2__3:noncoproduct-route,,,True,entity-operate: scrubber-mk01 --> recipe-category: scrubber__2__3,False,False,5.7299621141943715e-33,5.7299621027344438e-33
3910,859,__pr_graph_lp_or_to_or_and__: 10049:item-burn: coal-dust --> item: ash:noncoproduct-route,,,True,item-burn: coal-dust --> item: ash,False,False,5.725646145908219e-33,5.7256461344569229e-33
3911,35,__pr_graph_lp_explicit_zero_free_source__: 2310:room-autoplace: planet: nauvis --> entity: tin-rock,,,True,explicit-zero:room-autoplace: planet: nauvis --> entity: tin-rock,False,False,-5.7256085604936092e-33,5.7256085490423884e-33
3912,133,__pr_graph_lp_or_cost_row__: entity: decider-combinator,,,True,node-cost:entity: decider-combinator,False,False,5.7233614810520701e-33,5.723361469605344e-33
3913,1171,__pr_graph_lp_or_to_or_and__: 10450:entity-operate: incubator-mk01 --> recipe-category: incubator__1__1:noncoproduct-route,,,True,entity-operate: incubator-mk01 --> recipe-category: incubator__1__1,False,False,5.7143256184409262e-33,5.7143256070122712e-33
3914,853,__pr_graph_lp_or_to_or_and__: 10038:entity-operate: fluid-drill-mk01 --> resource-category: basic-with-fluid__1__0:noncoproduct-route,,,True,entity-operate: fluid-drill-mk01 --> resource-category: basic-with-fluid__1__0,False,False,-5.7010950724600571e-33,5.7010950610578632e-33
3915,2491,__pr_graph_lp_or_to_or_and__: 9463:entity-build: data-array --> entity: data-array:noncoproduct-route,,,True,entity-build: data-array --> entity: data-array,False,False,5.6944587028885873e-33,5.6944586914996668e-33
3916,3027,entity-build: wpu-mk01,entity-build,wpu-mk01,False,,False,False,5.6938087657946414e-33,5.6938087544070203e-33
3917,1398,__pr_graph_lp_or_to_or_and__: 1889:item: moondrop --> entity-operate-py-module: moondrop-greenhouse-mk04,,,True,item: moondrop --> entity-operate-py-module: moondrop-greenhouse-mk04,False,False,-5.6877209151222077e-33,5.6877209037467623e-33
3918,2388,__pr_graph_lp_or_to_or_and__: 8823:item: scrude-canister --> energy-source-burner: jerry_2_1,,,True,item: scrude-canister --> energy-source-burner: jerry_2_1,False,False,5.6850269170678418e-33,5.6850269056977847e-33
3919,811,__pr_graph_lp_or_cost_row__: item: water-saline-barrel,,,True,node-cost:item: water-saline-barrel,False,False,-5.6707121603864839e-33,5.6707121490450563e-33
3920,2463,__pr_graph_lp_or_to_or_and__: 9407:entity-build: impact-crusher-mk01 --> entity: impact-crusher-mk01:noncoproduct-route,,,True,entity-build: impact-crusher-mk01 --> entity: impact-crusher-mk01,False,False,-5.6689182737109178e-33,5.6689182623730776e-33
3921,1808,__pr_graph_lp_or_to_or_and__: 3298:item-craft: selector-combinator --> item: selector-combinator,,,True,item-craft: selector-combinator --> item: selector-combinator,False,False,5.6686007262886175e-33,5.6686007149514123e-33
3922,266,__pr_graph_lp_or_cost_row__: entity: rhe,,,True,node-cost:entity: rhe,False,False,5.6631575563202442e-33,5.6631575449939258e-33
3923,1822,__pr_graph_lp_or_to_or_and__: 3764:item-craft: coarse --> item: coarse,,,True,item-craft: coarse --> item: coarse,False,False,-5.6540259194143279e-33,5.6540259081062728e-33
3924,2141,__pr_graph_lp_or_to_or_and__: 4861:item-craft: moondrop --> item: moondrop,,,True,item-craft: moondrop --> item: moondrop,False,False,5.6477736310438872e-33,5.6477736197483364e-33
3925,1017,__pr_graph_lp_or_to_or_and__: 10259:entity-operate: mixer-mk01 --> recipe-category: mixer__0__0:noncoproduct-route,,,True,entity-operate: mixer-mk01 --> recipe-category: mixer__0__0,False,False,-5.6477226995520773e-33,5.6477226882566284e-33
3926,2800,__pr_graph_lp_or_to_or_and__: 9946:fluid-temperature: subcritical-water: 10 --> fluid: subcritical-water:noncoproduct-route,,,True,fluid-temperature: subcritical-water: 10 --> fluid: subcritical-water,False,False,5.6388453583567855e-33,5.6388453470790917e-33
3927,1418,__pr_graph_lp_or_to_or_and__: 1963:item: decider-combinator --> entity-build-item: decider-combinator,,,True,item: decider-combinator --> entity-build-item: decider-combinator,False,False,5.6352620270516299e-33,5.6352620157811026e-33
3928,2748,__pr_graph_lp_or_to_or_and__: 9876:fluid-temperature: black-liquor: 10 --> fluid-temperature-range: black-liquor: 10: 10:noncoproduct-route,,,True,fluid-temperature: black-liquor: 10 --> fluid-temperature-range: black-liquor: 10: 10,False,False,-5.6159238521320496e-33,5.6159238409001983e-33
3929,2391,__pr_graph_lp_or_to_or_and__: 8826:item: carbolic-oil-canister --> energy-source-burner: jerry_2_1,,,True,item: carbolic-oil-canister --> energy-source-burner: jerry_2_1,False,False,5.6021496540004439e-33,5.602149642796141e-33
3930,3685,recipe: antimony-drill-mk01-pyvoid,recipe,antimony-drill-mk01-pyvoid,False,,True,True,-5.5733579107636207e-33,5.5733578996169018e-33
3931,507,__pr_graph_lp_or_cost_row__: item: gate,,,True,node-cost:item: gate,False,False,5.5661857119847899e-33,5.5661857008524151e-33
3932,2808,__pr_graph_lp_or_to_or_and__: 9956:fluid-temperature: geothermal-water: 10 --> fluid-temperature-range: geothermal-water: 10: 10:noncoproduct-route,,,True,fluid-temperature: geothermal-water: 10 --> fluid-temperature-range: geothermal-water: 10: 10,False,False,5.5480861265260903e-33,5.5480861154299146e-33
3933,3113,entity-mine: iron-ore,entity-mine,iron-ore,False,,True,False,-5.5340761218458341e-33,5.5340761107776782e-33
3934,2984,entity-build: ralesia-plantation-mk01,entity-build,ralesia-plantation-mk01,False,,False,False,-5.5245498167759071e-33,5.5245498057268042e-33
3935,2558,__pr_graph_lp_or_to_or_and__: 9597:entity-build: power-switch --> entity: power-switch:noncoproduct-route,,,True,entity-build: power-switch --> entity: power-switch,False,False,-5.4518085966187506e-33,5.4518085857151302e-33
3936,575,__pr_graph_lp_or_cost_row__: item: long-handed-inserter,,,True,node-cost:item: long-handed-inserter,False,False,5.4469426509387706e-33,5.446942640044882e-33
3937,2165,__pr_graph_lp_or_to_or_and__: 6738:item: vrauks-mk02 --> recipe-py-module: vrauks-cocoon-3,,,True,item: vrauks-mk02 --> recipe-py-module: vrauks-cocoon-3,False,False,-5.4453074481152154e-33,5.4453074372245974e-33
3938,512,__pr_graph_lp_or_cost_row__: item: geothermal-water-barrel,,,True,node-cost:item: geothermal-water-barrel,False,False,-5.4445409235301059e-33,5.4445409126410205e-33
3939,4279,recipe: iron-ore-pyvoid,recipe,iron-ore-pyvoid,False,,True,True,5.4347161521880817e-33,5.4347161413186461e-33
3940,639,__pr_graph_lp_or_cost_row__: item: plasmids,,,True,node-cost:item: plasmids,False,False,-5.4287213132377082e-33,5.4287213023802623e-33
3941,2814,__pr_graph_lp_or_to_or_and__: 9963:fluid-temperature: geothermal-water: 3000 --> fluid-temperature-range: geothermal-water: 3000: 3000:noncoproduct-route,,,True,fluid-temperature: geothermal-water: 3000 --> fluid-temperature-range: geothermal-water: 3000: 3000,False,False,5.4123925146623257e-33,5.4123925038375373e-33
3942,4223,recipe: graphite-pyvoid,recipe,graphite-pyvoid,False,,True,True,-5.4115464010666281e-33,5.4115463902435318e-33
3943,278,__pr_graph_lp_or_cost_row__: entity: small-worm-turret,,,True,node-cost:entity: small-worm-turret,False,False,-5.4001993452830161e-33,5.4001993344826143e-33
3944,1961,__pr_graph_lp_or_to_or_and__: 4196:item-craft: capacitor1 --> item: capacitor1,,,True,item-craft: capacitor1 --> item: capacitor1,False,False,-5.3997122800652597e-33,5.3997122692658321e-33
3945,386,__pr_graph_lp_or_cost_row__: item: boron-trioxide,,,True,node-cost:item: boron-trioxide,False,False,-5.39589455669625e-33,5.3958945459044578e-33
3946,73,__pr_graph_lp_explicit_zero_free_source__: 2750:room-autoplace: planet: nauvis --> entity: small-worm-turret,,,True,explicit-zero:room-autoplace: planet: nauvis --> entity: small-worm-turret,False,False,5.3820555972959715e-33,5.382055586531857e-33
3947,2095,__pr_graph_lp_or_to_or_and__: 4615:item-craft: vane-mk01 --> item: vane-mk01,,,True,item-craft: vane-mk01 --> item: vane-mk01,False,False,5.3783443572539462e-33,5.3783443464972542e-33
3948,1009,__pr_graph_lp_or_to_or_and__: 10250:entity-operate: plankton-farm --> recipe-category: plankton__2__1:noncoproduct-route,,,True,entity-operate: plankton-farm --> recipe-category: plankton__2__1,False,False,5.371629899955616e-33,5.3716298892123526e-33
3949,648,__pr_graph_lp_or_cost_row__: item: pressured-air-barrel,,,True,node-cost:item: pressured-air-barrel,False,False,5.3699408175792477e-33,5.3699408068393631e-33
3950,2352,__pr_graph_lp_or_to_or_and__: 8787:item: wood --> energy-source-burner: chemical__biomass__nuke_2_1,,,True,item: wood --> energy-source-burner: chemical__biomass__nuke_2_1,False,False,-5.3639635366236773e-33,5.3639635258957468e-33
3951,353,__pr_graph_lp_or_cost_row__: item: assembling-machine-2,,,True,node-cost:item: assembling-machine-2,False,False,-5.3457327419587464e-33,5.3457327312672777e-33
3952,1378,__pr_graph_lp_or_to_or_and__: 1835:item: prandium-lab-mk01 --> entity-build-item: prandium-lab-mk01,,,True,item: prandium-lab-mk01 --> entity-build-item: prandium-lab-mk01,False,False,-5.341560505502686e-33,5.3415604948195614e-33
3953,2528,__pr_graph_lp_or_to_or_and__: 9537:entity-build: steel-furnace --> entity: steel-furnace:noncoproduct-route,,,True,entity-build: steel-furnace --> entity: steel-furnace,False,False,5.3361110508904659e-33,5.3361110402182405e-33
3954,2739,__pr_graph_lp_or_to_or_and__: 9864:fluid-temperature: methanal: 10 --> fluid-temperature-range: methanal: 10: 10:noncoproduct-route,,,True,fluid-temperature: methanal: 10 --> fluid-temperature-range: methanal: 10: 10,False,False,5.3191487067264716e-33,5.3191486960881708e-33
3955,4314,recipe: lime-pyvoid,recipe,lime-pyvoid,False,,True,True,5.3055662421512769e-33,5.3055662315401414e-33
3956,757,__pr_graph_lp_or_cost_row__: item: steam-turbine-mk01,,,True,node-cost:item: steam-turbine-mk01,False,False,-5.2938046844518379e-33,5.2938046738642254e-33
3957,3577,item-ammo: shotgun-shell,item-ammo,shotgun-shell,False,,False,False,5.2779481820151944e-33,5.2779481714592952e-33
3958,915,__pr_graph_lp_or_to_or_and__: 10134:entity-operate: centrifuge-mk01 --> recipe-category: centrifuging__0__0:noncoproduct-route,,,True,entity-operate: centrifuge-mk01 --> recipe-category: centrifuging__0__0,False,False,5.2461325705237212e-33,5.2461325600314531e-33
3959,4272,recipe: inserter-pyvoid,recipe,inserter-pyvoid,False,,True,True,-5.2448888654104217e-33,5.2448888549206408e-33
3960,497,__pr_graph_lp_or_cost_row__: item: fluid-drill-mk02,,,True,node-cost:item: fluid-drill-mk02,False,False,-5.195293224629492e-33,5.1952932142389022e-33
3961,1607,__pr_graph_lp_or_to_or_and__: 2761:fluid-create-temperature: coke-oven-gas: 100 --> fluid-create: coke-oven-gas,,,True,fluid-create-temperature: coke-oven-gas: 100 --> fluid-create: coke-oven-gas,False,False,5.1934619560380481e-33,5.1934619456511209e-33
3962,2085,__pr_graph_lp_or_to_or_and__: 4595:item-craft: sb-oxide --> item: sb-oxide,,,True,item-craft: sb-oxide --> item: sb-oxide,False,False,5.1915574184211355e-33,5.1915574080380175e-33
3963,958,__pr_graph_lp_or_to_or_and__: 10181:entity-operate: tar-processing-unit --> recipe-category: tar__2__2:noncoproduct-route,,,True,entity-operate: tar-processing-unit --> recipe-category: tar__2__2,False,False,-5.1739740290915171e-33,5.1739740187435657e-33
3964,81,__pr_graph_lp_or_cost_row__: entity: aerial-blimp-mk01,,,True,node-cost:entity: aerial-blimp-mk01,False,False,-5.1713939923662704e-33,5.1713939820234793e-33
3965,4237,recipe: hawt-turbine-mk01-pyvoid,recipe,hawt-turbine-mk01-pyvoid,False,,True,True,-5.1707617256825891e-33,5.1707617153410625e-33
3966,2047,__pr_graph_lp_or_to_or_and__: 4493:item-craft: earth-generic-sample --> item: earth-generic-sample,,,True,item-craft: earth-generic-sample --> item: earth-generic-sample,False,False,-5.160698189842087e-33,5.1606981795206877e-33
3967,2728,__pr_graph_lp_or_to_or_and__: 9850:fluid-temperature: molten-iron: 10 --> fluid: molten-iron:noncoproduct-route,,,True,fluid-temperature: molten-iron: 10 --> fluid: molten-iron,False,False,5.1211142266048898e-33,5.1211142163626583e-33
3968,316,__pr_graph_lp_or_cost_row__: entity: tree-09-brown,,,True,node-cost:entity: tree-09-brown,False,False,5.1185210845897516e-33,5.1185210743527066e-33
3969,755,__pr_graph_lp_or_cost_row__: item: starch,,,True,node-cost:item: starch,False,False,-5.1067523307866871e-33,5.1067523205731796e-33
3970,2991,entity-build: salt-mine,entity-build,salt-mine,False,,False,False,5.1058544882900127e-33,5.1058544780783005e-33
3971,1052,__pr_graph_lp_or_to_or_and__: 10304:entity-operate: flotation-cell-mk01 --> recipe-category: flotation__3__3:noncoproduct-route,,,True,entity-operate: flotation-cell-mk01 --> recipe-category: flotation__3__3,False,False,5.0951628041355364e-33,5.0951627939452077e-33
3972,1109,__pr_graph_lp_or_to_or_and__: 10375:entity-operate: fbreactor-mk01 --> recipe-category: fbreactor__1__0:noncoproduct-route,,,True,entity-operate: fbreactor-mk01 --> recipe-category: fbreactor__1__0,False,False,5.0832242718482588e-33,5.083224261681807e-33
3973,2464,__pr_graph_lp_or_to_or_and__: 9409:entity-build: electrolyzer-mk01 --> entity: electrolyzer-mk01:noncoproduct-route,,,True,entity-build: electrolyzer-mk01 --> entity: electrolyzer-mk01,False,False,-5.0822420762449247e-33,5.0822420660804373e-33
3974,1280,__pr_graph_lp_or_to_or_and__: 1541:item: olefin-plant --> entity-build-item: olefin-plant,,,True,item: olefin-plant --> entity-build-item: olefin-plant,False,False,-5.0804799308828166e-33,5.0804799207218537e-33
3975,1025,__pr_graph_lp_or_to_or_and__: 10270:entity-operate: genlab-mk01 --> recipe-category: genlab__3__0:noncoproduct-route,,,True,entity-operate: genlab-mk01 --> recipe-category: genlab__3__0,False,False,-5.0727851499869484e-33,5.0727851398413751e-33
3976,1261,__pr_graph_lp_or_to_or_and__: 10598:logic-and: smart-farm-yotoi-tree-fruit-recipe-yotoi-fruit-super-5 --> logic-or: smart-farm-yotoi-tree-fruit-recipe:noncoproduct-route,,,True,logic-and: smart-farm-yotoi-tree-fruit-recipe-yotoi-fruit-super-5 --> logic-or: smart-farm-yotoi-tree-fruit-recipe,False,False,5.0703092612602752e-33,5.0703092511196536e-33
3977,1816,__pr_graph_lp_or_to_or_and__: 3735:item-craft: iron-oxide --> item: iron-oxide,,,True,item-craft: iron-oxide --> item: iron-oxide,False,False,5.0675690010660013e-33,5.0675689909308604e-33
3978,1348,__pr_graph_lp_or_to_or_and__: 1770:item: incubator-mk01 --> entity-build-item: incubator-mk01,,,True,item: incubator-mk01 --> entity-build-item: incubator-mk01,False,False,5.0324860522325236e-33,5.0324860421675482e-33
3979,2794,__pr_graph_lp_or_to_or_and__: 9938:fluid-temperature: creamy-latex: 10 --> fluid: creamy-latex:noncoproduct-route,,,True,fluid-temperature: creamy-latex: 10 --> fluid: creamy-latex,False,False,5.0256028241656649e-33,5.0256028141144561e-33
3980,445,__pr_graph_lp_or_cost_row__: item: creamy-latex-barrel,,,True,node-cost:item: creamy-latex-barrel,False,False,5.0243286506767833e-33,5.0243286406281227e-33
3981,569,__pr_graph_lp_or_cost_row__: item: lime,,,True,node-cost:item: lime,False,False,5.0157755665600299e-33,5.0157755565284757e-33
3982,1085,__pr_graph_lp_or_to_or_and__: 10344:entity-operate: clay-pit-mk01 --> recipe-category: clay__1__0:noncoproduct-route,,,True,entity-operate: clay-pit-mk01 --> recipe-category: clay__1__0,False,False,-5.0114234679168042e-33,5.011423457893954e-33
3983,232,__pr_graph_lp_or_cost_row__: entity: py-recharge-station-mk01,,,True,node-cost:entity: py-recharge-station-mk01,False,False,5.0093859562184538e-33,5.0093859461996789e-33
3984,3698,recipe: atomizer-mk01-pyvoid,recipe,atomizer-mk01-pyvoid,False,,True,True,-5.0059326333644656e-33,5.0059326233525972e-33
3985,1707,__pr_graph_lp_or_to_or_and__: 2971:item: kerogen --> fuel-category: chemical__1,,,True,item: kerogen --> fuel-category: chemical__1,False,False,-4.9977196340662169e-33,4.9977196240707748e-33
3986,1412,__pr_graph_lp_or_to_or_and__: 1939:item: steel-chest --> entity-build-item: steel-chest,,,True,item: steel-chest --> entity-build-item: steel-chest,False,False,4.9903669156976169e-33,4.9903669057168802e-33
3987,165,__pr_graph_lp_or_cost_row__: entity: heavy-oil-refinery-mk01,,,True,node-cost:entity: heavy-oil-refinery-mk01,False,False,-4.9456123969967961e-33,4.9456123871055681e-33
3988,2495,__pr_graph_lp_or_to_or_and__: 9471:entity-build: sap-extractor-mk01 --> entity: sap-extractor-mk01:noncoproduct-route,,,True,entity-build: sap-extractor-mk01 --> entity: sap-extractor-mk01,False,False,4.9453520278838782e-33,4.9453520179931708e-33
3989,1384,__pr_graph_lp_or_to_or_and__: 1848:item: rc-mk01 --> entity-build-item: rc-mk01,,,True,item: rc-mk01 --> entity-build-item: rc-mk01,False,False,-4.9394372715501316e-33,4.9394372616712538e-33
3990,132,__pr_graph_lp_or_cost_row__: entity: dead-tree-desert,,,True,node-cost:entity: dead-tree-desert,False,False,-4.931682303150242e-33,4.9316822932868743e-33
3991,727,__pr_graph_lp_or_cost_row__: item: sb-oxide,,,True,node-cost:item: sb-oxide,False,False,4.9252367154049447e-33,4.9252367055544686e-33
3992,2999,entity-build: small-lamp,entity-build,small-lamp,False,,False,False,-4.8861194260629725e-33,4.886119416290731e-33
3993,1950,__pr_graph_lp_or_to_or_and__: 4168:item-craft: electrolyzer-mk01 --> item: electrolyzer-mk01,,,True,item-craft: electrolyzer-mk01 --> item: electrolyzer-mk01,False,False,4.8670613342470914e-33,4.8670613245129654e-33
3994,248,__pr_graph_lp_or_cost_row__: entity: py-warehouse-basic,,,True,node-cost:entity: py-warehouse-basic,False,False,4.8589393269903972e-33,4.8589393172725155e-33
3995,2446,__pr_graph_lp_or_to_or_and__: 9373:entity-build: automated-factory-mk01 --> entity: automated-factory-mk01:noncoproduct-route,,,True,entity-build: automated-factory-mk01 --> entity: automated-factory-mk01,False,False,-4.8573470591192274e-33,4.8573470494045301e-33
3996,1086,__pr_graph_lp_or_to_or_and__: 10346:entity-operate: moondrop-greenhouse-mk01 --> recipe-category: moon__2__1:noncoproduct-route,,,True,entity-operate: moondrop-greenhouse-mk01 --> recipe-category: moon__2__1,False,False,-4.8450152228496966e-33,4.8450152131596629e-33
3997,2029,__pr_graph_lp_or_to_or_and__: 4443:item-craft: moss-gen --> item: moss-gen,,,True,item-craft: moss-gen --> item: moss-gen,False,False,-4.8419009973648752e-33,4.8419009876810701e-33
3998,2100,__pr_graph_lp_or_to_or_and__: 4625:item-craft: nacelle-mk01 --> item: nacelle-mk01,,,True,item-craft: nacelle-mk01 --> item: nacelle-mk01,False,False,4.8390029973565174e-33,4.8390029876785084e-33
3999,1101,__pr_graph_lp_or_to_or_and__: 10364:entity-operate: pulp-mill-mk01 --> recipe-category: pulp__0__1:noncoproduct-route,,,True,entity-operate: pulp-mill-mk01 --> recipe-category: pulp__0__1,False,False,4.811112431849755e-33,4.811112422227527e-33
4000,430,__pr_graph_lp_or_cost_row__: item: condensates-barrel,,,True,node-cost:item: condensates-barrel,False,False,-4.7948732473091985e-33,4.7948732377194494e-33
4001,141,__pr_graph_lp_or_cost_row__: entity: electrolyzer-mk01,,,True,node-cost:entity: electrolyzer-mk01,False,False,-4.7898390849179906e-33,4.7898390753383092e-33
4002,1288,__pr_graph_lp_or_to_or_and__: 1570:item: fawogae --> entity-operate-py-module: fawogae-plantation-mk02,,,True,item: fawogae --> entity-operate-py-module: fawogae-plantation-mk02,False,False,4.7898255668258316e-33,4.7898255572461776e-33
4003,2791,__pr_graph_lp_or_to_or_and__: 9934:fluid-temperature: liquid-manure: 10 --> fluid: liquid-manure:noncoproduct-route,,,True,fluid-temperature: liquid-manure: 10 --> fluid: liquid-manure,False,False,4.7870991842494254e-33,4.7870991746752241e-33
4004,4112,recipe: fenxsb-alloy-pyvoid,recipe,fenxsb-alloy-pyvoid,False,,True,True,4.7746832295167059e-33,4.7746832199673365e-33
4005,56,__pr_graph_lp_explicit_zero_free_source__: 2665:room-autoplace: planet: nauvis --> entity: tree-03,,,True,explicit-zero:room-autoplace: planet: nauvis --> entity: tree-03,False,False,-4.7689432516361087e-33,4.7689432420982193e-33
4006,158,__pr_graph_lp_or_cost_row__: entity: generator-1,,,True,node-cost:entity: generator-1,False,False,4.7671584438952923e-33,4.7671584343609725e-33
4007,1120,__pr_graph_lp_or_to_or_and__: 10387:entity-operate: upgrader-mk01 --> recipe-category: upgrader__3__1:noncoproduct-route,,,True,entity-operate: upgrader-mk01 --> recipe-category: upgrader__3__1,False,False,4.7596114098068942e-33,4.7596114002876684e-33
4008,2460,__pr_graph_lp_or_to_or_and__: 9401:entity-build: scrubber-mk01 --> entity: scrubber-mk01:noncoproduct-route,,,True,entity-build: scrubber-mk01 --> entity: scrubber-mk01,False,False,-4.7576749434635183e-33,4.7576749339481653e-33
4009,259,__pr_graph_lp_or_cost_row__: entity: rc-mk01,,,True,node-cost:entity: rc-mk01,False,False,4.7536813654729173e-33,4.753681355965552e-33
4010,1273,__pr_graph_lp_or_to_or_and__: 1513:item: gasifier --> entity-build-item: gasifier,,,True,item: gasifier --> entity-build-item: gasifier,False,False,-4.745328858320329e-33,4.7453288488296684e-33
4011,1315,__pr_graph_lp_or_to_or_and__: 1661:item: impact-crusher-mk01 --> entity-build-item: impact-crusher-mk01,,,True,item: impact-crusher-mk01 --> entity-build-item: impact-crusher-mk01,False,False,4.7325669180248252e-33,4.7325669085596883e-33
4012,150,__pr_graph_lp_or_cost_row__: entity: fluid-drill-mk01,,,True,node-cost:entity: fluid-drill-mk01,False,False,-4.7261258964653614e-33,4.7261258870131065e-33
4013,5,__pr_graph_lp_explicit_zero_free_source__: 1461:entity-character: character --> entity: character,,,True,explicit-zero:entity-character: character --> entity: character,False,False,-4.7167376884921585e-33,4.7167376790586802e-33
4014,3022,entity-build: vawt-turbine-mk01,entity-build,vawt-turbine-mk01,False,,False,False,-4.6902524932869773e-33,4.6902524839064691e-33
4015,2836,__pr_graph_lp_or_to_or_and__: 9989:entity-operate: assembling-machine-2 --> recipe-category: advanced-crafting__0__1:noncoproduct-route,,,True,entity-operate: assembling-machine-2 --> recipe-category: advanced-crafting__0__1,False,False,-4.6670145513673908e-33,4.6670145420333589e-33
4016,32,__pr_graph_lp_explicit_zero_free_source__: 2301:room-autoplace: planet: nauvis --> entity: coal-rock,,,True,explicit-zero:room-autoplace: planet: nauvis --> entity: coal-rock,False,False,-4.6661363057509753e-33,4.6661362964186997e-33
4017,2384,__pr_graph_lp_or_to_or_and__: 8819:item: acetylene-canister --> energy-source-burner: jerry_2_1,,,True,item: acetylene-canister --> energy-source-burner: jerry_2_1,False,False,4.6640294814201977e-33,4.6640294720921356e-33
4018,1128,__pr_graph_lp_or_to_or_and__: 10396:entity-operate: cracker-mk01 --> recipe-category: cracker__1__3:noncoproduct-route,,,True,entity-operate: cracker-mk01 --> recipe-category: cracker__1__3,False,False,-4.6541855244521936e-33,4.6541855151438195e-33
4019,4703,recipe: stone-furnace-pyvoid,recipe,stone-furnace-pyvoid,False,,True,True,-4.6533362856299575e-33,4.6533362763232823e-33
4020,249,__pr_graph_lp_or_cost_row__: entity: py-ze,,,True,node-cost:entity: py-ze,False,False,-4.6436097793562396e-33,4.643609770069017e-33
4021,631,__pr_graph_lp_or_cost_row__: item: phytoplankton-barrel,,,True,node-cost:item: phytoplankton-barrel,False,False,-4.6428628621035552e-33,4.6428628528178269e-33
4022,3973,recipe: dino-dig-site-pyvoid,recipe,dino-dig-site-pyvoid,False,,True,True,-4.6281075705177542e-33,4.628107561261536e-33
4023,1942,__pr_graph_lp_or_to_or_and__: 4147:item-craft: duralumin --> item: duralumin,,,True,item-craft: duralumin --> item: duralumin,False,False,4.6223702943053448e-33,4.6223702850606011e-33
4024,31,__pr_graph_lp_explicit_zero_free_source__: 2298:room-autoplace: planet: nauvis --> entity: iron-rock,,,True,explicit-zero:room-autoplace: planet: nauvis --> entity: iron-rock,False,False,4.617321762925653e-33,4.6173217536910065e-33
4025,1406,__pr_graph_lp_or_to_or_and__: 1913:item: car --> entity-build-item: car,,,True,item: car --> entity-build-item: car,False,False,4.6156992209145399e-33,4.6156992116831386e-33
4026,1051,__pr_graph_lp_or_to_or_and__: 10303:entity-operate: flotation-cell-mk01 --> recipe-category: flotation__2__1:noncoproduct-route,,,True,entity-operate: flotation-cell-mk01 --> recipe-category: flotation__2__1,False,False,-4.6106751806726215e-33,4.6106751714512682e-33
4027,2177,__pr_graph_lp_or_to_or_and__: 7647:item: vrauks-mk02 --> recipe-py-module: vrauks-cocoon-1-no-water,,,True,item: vrauks-mk02 --> recipe-py-module: vrauks-cocoon-1-no-water,False,False,4.6050475418446441e-33,4.6050475326345463e-33
4028,2259,__pr_graph_lp_or_to_or_and__: 8694:item: anthracene-oil-canister --> energy-source-burner: chemical__biomass__jerry__nuke_2_1,,,True,item: anthracene-oil-canister --> energy-source-burner: chemical__biomass__jerry__nuke_2_1,False,False,-4.6025197835414602e-33,4.6025197743364182e-33
4029,188,__pr_graph_lp_or_cost_row__: entity: nco-py-crane-mk1,,,True,node-cost:entity: nco-py-crane-mk1,False,False,4.5856327718487569e-33,4.5856327626774884e-33
4030,2381,__pr_graph_lp_or_to_or_and__: 8816:item: tar-canister --> energy-source-burner: jerry_2_1,,,True,item: tar-canister --> energy-source-burner: jerry_2_1,False,False,4.5747475604705366e-33,4.5747475513210388e-33
4031,2950,entity-build: py-burner,entity-build,py-burner,False,,False,False,-4.5597466551455895e-33,4.5597466460260937e-33
4032,2572,__pr_graph_lp_or_to_or_and__: 9625:entity-build: multiblade-turbine-mk01 --> entity: multiblade-turbine-mk01:noncoproduct-route,,,True,entity-build: multiblade-turbine-mk01 --> entity: multiblade-turbine-mk01,False,False,4.5537036934547814e-33,4.5537036843473711e-33
4033,4501,recipe: py-heat-exchanger-pyvoid,recipe,py-heat-exchanger-pyvoid,False,,True,True,-4.5364651897975229e-33,4.5364651807245895e-33
4034,2479,__pr_graph_lp_or_to_or_and__: 9439:entity-build: rhe --> entity: rhe:noncoproduct-route,,,True,entity-build: rhe --> entity: rhe,False,False,-4.523063114389623e-33,4.5230631053434942e-33
4035,2385,__pr_graph_lp_or_to_or_and__: 8820:item: kerosene-canister --> energy-source-burner: jerry_2_1,,,True,item: kerosene-canister --> energy-source-burner: jerry_2_1,False,False,4.5203743624959826e-33,4.5203743534552312e-33
4036,1185,__pr_graph_lp_or_to_or_and__: 10467:entity-operate: rc-mk01 --> recipe-category: rc__1__0:noncoproduct-route,,,True,entity-operate: rc-mk01 --> recipe-category: rc__1__0,False,False,-4.5177151279593509e-33,4.517715118923918e-33
4037,487,__pr_graph_lp_or_cost_row__: item: firearm-magazine,,,True,node-cost:item: firearm-magazine,False,False,4.5078195649067414e-33,4.5078195558910998e-33
4038,317,__pr_graph_lp_or_cost_row__: entity: tree-09-red,,,True,node-cost:entity: tree-09-red,False,False,-4.5006583451639692e-33,4.5006583361626498e-33
4039,1687,__pr_graph_lp_or_to_or_and__: 2934:fluid-craft-temperature: subcritical-water: 10 --> fluid-create-temperature: subcritical-water: 10,,,True,fluid-craft-temperature: subcritical-water: 10 --> fluid-create-temperature: subcritical-water: 10,False,False,4.4950177316480081e-33,4.4950177226579696e-33
4040,1853,__pr_graph_lp_or_to_or_and__: 3886:item-craft: hpf --> item: hpf,,,True,item-craft: hpf --> item: hpf,False,False,-4.4841803268125903e-33,4.4841803178442267e-33
4041,222,__pr_graph_lp_or_cost_row__: entity: py-check-valve,,,True,node-cost:entity: py-check-valve,False,False,4.4807292995801842e-33,4.4807292906187231e-33
4042,2088,__pr_graph_lp_or_to_or_and__: 4601:item-craft: fenxsb-alloy --> item: fenxsb-alloy,,,True,item-craft: fenxsb-alloy --> item: fenxsb-alloy,False,False,-4.4682944590290194e-33,4.468294450092428e-33
4043,4,__pr_graph_lp_explicit_zero_free_source__: 1418:fluid: molten-salt --> entity-operate-fluid: stirling-concentrator,,,True,explicit-zero:fluid: molten-salt --> entity-operate-fluid: stirling-concentrator,False,False,4.4624583737541565e-33,4.4624583648292373e-33
4044,656,__pr_graph_lp_or_cost_row__: item: py-burner,,,True,node-cost:item: py-burner,False,False,4.4571458374206203e-33,4.4571458285063258e-33
4045,202,__pr_graph_lp_or_cost_row__: entity: ore-quartz,,,True,node-cost:entity: ore-quartz,False,False,-4.4518625531128425e-33,4.4518625442091145e-33
4046,1457,__pr_graph_lp_or_to_or_and__: 2112:item: antimony-drill-mk01 --> entity-build-item: antimony-drill-mk01,,,True,item: antimony-drill-mk01 --> entity-build-item: antimony-drill-mk01,False,False,-4.4305478442842974e-33,4.4305478354231989e-33
4047,1121,__pr_graph_lp_or_to_or_and__: 10388:entity-operate: upgrader-mk01 --> recipe-category: upgrader__1__2:noncoproduct-route,,,True,entity-operate: upgrader-mk01 --> recipe-category: upgrader__1__2,False,False,-4.4293423387571044e-33,4.4293423298984171e-33
4048,2176,__pr_graph_lp_or_to_or_and__: 7646:item: vrauks --> recipe-py-module: vrauks-cocoon-1-no-water,,,True,item: vrauks --> recipe-py-module: vrauks-cocoon-1-no-water,False,False,4.4239722999267545e-33,4.4239722910788075e-33
4049,2955,entity-build: py-electric-boiler,entity-build,py-electric-boiler,False,,False,False,-4.4164697847105663e-33,4.4164697758776238e-33
4050,665,__pr_graph_lp_or_cost_row__: item: py-limestone,,,True,node-cost:item: py-limestone,False,False,4.4150571838497925e-33,4.4150571750196751e-33
4051,704,__pr_graph_lp_or_cost_row__: item: refined-hazard-concrete,,,True,node-cost:item: refined-hazard-concrete,False,False,-4.4042557347372317e-33,4.4042557259287175e-33
4052,2121,__pr_graph_lp_or_to_or_and__: 4789:item-craft: nco-py-crane-mk1 --> item: nco-py-crane-mk1,,,True,item-craft: nco-py-crane-mk1 --> item: nco-py-crane-mk1,False,False,-4.388116424125205e-33,4.3881164153489692e-33
4053,688,__pr_graph_lp_or_cost_row__: item: pyphoon-bay,,,True,node-cost:item: pyphoon-bay,False,False,4.385860067559713e-33,4.3858600587879903e-33
4054,1221,__pr_graph_lp_or_to_or_and__: 10522:entity-operate: offshore-pump --> tile-fluid-pump: deepwater-green:noncoproduct-route,,,True,entity-operate: offshore-pump --> tile-fluid-pump: deepwater-green,False,False,4.3674508258993793e-33,4.3674508171644749e-33
4055,1284,__pr_graph_lp_or_to_or_and__: 1557:item: classifier --> entity-build-item: classifier,,,True,item: classifier --> entity-build-item: classifier,False,False,4.3649995632767368e-33,4.3649995545467349e-33
4056,2835,__pr_graph_lp_or_to_or_and__: 9988:entity-operate: assembling-machine-2 --> recipe-category: advanced-crafting__0__0:noncoproduct-route,,,True,entity-operate: assembling-machine-2 --> recipe-category: advanced-crafting__0__0,False,False,4.3586795580981202e-33,4.3586795493807587e-33
4057,2031,__pr_graph_lp_or_to_or_and__: 4447:item-craft: bio-sample --> item: bio-sample,,,True,item-craft: bio-sample --> item: bio-sample,False,False,4.3545941467172979e-33,4.3545941380081069e-33
4058,155,__pr_graph_lp_or_cost_row__: entity: gas-refinery-mk01,,,True,node-cost:entity: gas-refinery-mk01,False,False,-4.3486376402874594e-33,4.3486376315901815e-33
4059,2886,entity-build: data-array,entity-build,data-array,False,,False,False,4.3467740606559524e-33,4.3467740519624014e-33
4060,2377,__pr_graph_lp_or_to_or_and__: 8812:item: heavy-oil-canister --> energy-source-burner: jerry_2_1,,,True,item: heavy-oil-canister --> energy-source-burner: jerry_2_1,False,False,4.3467473041581777e-33,4.3467472954646808e-33
4061,2604,__pr_graph_lp_or_to_or_and__: 9686:fluid-temperature: water: 15 --> fluid-temperature-range: water: 15: 15:noncoproduct-route,,,True,fluid-temperature: water: 15 --> fluid-temperature-range: water: 15: 15,False,False,-4.3289307877076029e-33,4.3289307790497385e-33
4062,2757,__pr_graph_lp_or_to_or_and__: 9888:fluid-temperature: blood: 10 --> fluid-temperature-range: blood: 10: 10:noncoproduct-route,,,True,fluid-temperature: blood: 10 --> fluid-temperature-range: blood: 10: 10,False,False,4.312409202601349e-33,4.312409193976528e-33
4063,59,__pr_graph_lp_explicit_zero_free_source__: 2680:room-autoplace: planet: nauvis --> entity: tree-06,,,True,explicit-zero:room-autoplace: planet: nauvis --> entity: tree-06,False,False,4.3014262071037342e-33,4.3014261985008789e-33
4064,2087,__pr_graph_lp_or_to_or_and__: 4599:item-craft: battery-mk00 --> item: battery-mk00,,,True,item-craft: battery-mk00 --> item: battery-mk00,False,False,4.2916942955962121e-33,4.2916942870128211e-33
4065,2427,__pr_graph_lp_or_to_or_and__: 9249:entity-build: assembling-machine-2 --> entity: assembling-machine-2:noncoproduct-route,,,True,entity-build: assembling-machine-2 --> entity: assembling-machine-2,False,False,4.2908898057448259e-33,4.2908897971630435e-33
4066,1803,__pr_graph_lp_or_to_or_and__: 3284:item-craft: personal-roboport-equipment --> item: personal-roboport-equipment,,,True,item-craft: personal-roboport-equipment --> item: personal-roboport-equipment,False,False,4.2685797872072883e-33,4.2685797786701265e-33
4067,586,__pr_graph_lp_or_cost_row__: item: middle-oil-barrel,,,True,node-cost:item: middle-oil-barrel,False,False,-4.2598582235758204e-33,4.2598582150561016e-33
4068,1764,__pr_graph_lp_or_to_or_and__: 3104:item-craft: offshore-pump --> item: offshore-pump,,,True,item-craft: offshore-pump --> item: offshore-pump,False,False,-4.2532857479935702e-33,4.2532857394869961e-33
4069,2429,__pr_graph_lp_or_to_or_and__: 9339:entity-build: gasifier --> entity: gasifier:noncoproduct-route,,,True,entity-build: gasifier --> entity: gasifier,False,False,-4.2473425932362544e-33,4.2473425847415667e-33
4070,669,__pr_graph_lp_or_cost_row__: item: py-recharge-station-mk01,,,True,node-cost:item: py-recharge-station-mk01,False,False,4.2364874395645435e-33,4.2364874310915664e-33
4071,916,__pr_graph_lp_or_to_or_and__: 10135:entity-operate: centrifuge-mk01 --> recipe-category: centrifuging__1__2:noncoproduct-route,,,True,entity-operate: centrifuge-mk01 --> recipe-category: centrifuging__1__2,False,False,-4.2320513722415262e-33,4.2320513637774207e-33
4072,2712,__pr_graph_lp_or_to_or_and__: 9830:fluid-temperature: chlorine: 15 --> fluid: chlorine:noncoproduct-route,,,True,fluid-temperature: chlorine: 15 --> fluid: chlorine,False,False,4.2226485520628659e-33,4.2226485436175665e-33
4073,50,__pr_graph_lp_explicit_zero_free_source__: 2411:room-autoplace: planet: nauvis --> entity: huge-rock,,,True,explicit-zero:room-autoplace: planet: nauvis --> entity: huge-rock,False,False,4.2086915778776337e-33,4.208691569460248e-33
4074,1297,__pr_graph_lp_or_to_or_and__: 1587:item: ball-mill-mk01 --> entity-build-item: ball-mill-mk01,,,True,item: ball-mill-mk01 --> entity-build-item: ball-mill-mk01,False,False,4.1782914737690069e-33,4.1782914654124217e-33
4075,2166,__pr_graph_lp_or_to_or_and__: 6739:item: vrauks --> recipe-py-module: vrauks-cocoon-4,,,True,item: vrauks --> recipe-py-module: vrauks-cocoon-4,False,False,4.1544622263770836e-33,4.1544622180681569e-33
4076,3903,recipe: coarse-pyvoid,recipe,coarse-pyvoid,False,,True,True,4.1215848635480499e-33,4.1215848553048775e-33
4077,2626,__pr_graph_lp_or_to_or_and__: 9715:entity-operate: boiler --> fluid-create-temperature: steam: 250:noncoproduct-route,,,True,entity-operate: boiler --> fluid-create-temperature: steam: 250,False,False,4.1063648330644962e-33,4.1063648248517644e-33
4078,1904,__pr_graph_lp_or_to_or_and__: 4037:item-craft: py-construction-robot-mk01 --> item: py-construction-robot-mk01,,,True,item-craft: py-construction-robot-mk01 --> item: py-construction-robot-mk01,False,False,-4.0950078510493649e-33,4.0950078428593467e-33
4079,1276,__pr_graph_lp_or_to_or_and__: 1525:item: quenching-tower --> entity-build-item: quenching-tower,,,True,item: quenching-tower --> entity-build-item: quenching-tower,False,False,-4.0762946000567382e-33,4.0762945919041466e-33
4080,514,__pr_graph_lp_or_cost_row__: item: glassworks-mk01,,,True,node-cost:item: glassworks-mk01,False,False,-4.0754679330807994e-33,4.0754679249298609e-33
4081,247,__pr_graph_lp_or_cost_row__: entity: py-underflow-valve,,,True,node-cost:entity: py-underflow-valve,False,False,-4.0714371302386236e-33,4.0714371220957466e-33
4082,144,__pr_graph_lp_or_cost_row__: entity: fawogae-plantation-mk01,,,True,node-cost:entity: fawogae-plantation-mk01,False,False,-4.0686179526868005e-33,4.0686179445495622e-33
4083,397,__pr_graph_lp_or_cost_row__: item: car,,,True,node-cost:item: car,False,False,-4.0556358412865119e-33,4.055635833175238e-33
4084,2930,entity-build: moss-farm-mk01,entity-build,moss-farm-mk01,False,,False,False,-4.05139583841476e-33,4.0513958303119658e-33
4085,271,__pr_graph_lp_or_cost_row__: entity: seaweed,,,True,node-cost:entity: seaweed,False,False,-4.0426208243932134e-33,4.0426208163079697e-33
4086,1167,__pr_graph_lp_or_to_or_and__: 10445:entity-operate: biofactory-mk01 --> recipe-category: biofactory__2__2:noncoproduct-route,,,True,entity-operate: biofactory-mk01 --> recipe-category: biofactory__2__2,False,False,-4.0395069726701362e-33,4.0395069645911196e-33
4087,2074,__pr_graph_lp_or_to_or_and__: 4566:item-craft: workers-food --> item: workers-food,,,True,item-craft: workers-food --> item: workers-food,False,False,-4.03922411580716e-33,4.0392241077287093e-33
4088,2182,__pr_graph_lp_or_to_or_and__: 7652:item: vrauks --> recipe-py-module: vrauks-cocoon-4-no-water,,,True,item: vrauks --> recipe-py-module: vrauks-cocoon-4-no-water,False,False,4.0379855044751864e-33,4.0379854963992133e-33
4089,2931,entity-build: multiblade-turbine-mk01,entity-build,multiblade-turbine-mk01,False,,False,False,4.0373798581416999e-33,4.0373798500669378e-33
4090,1708,__pr_graph_lp_or_to_or_and__: 2973:item: heavy-oil-canister --> fuel-category: jerry__1,,,True,item: heavy-oil-canister --> fuel-category: jerry__1,False,False,4.0319145067591715e-33,4.03191449869534e-33
4091,2632,__pr_graph_lp_or_to_or_and__: 9723:fluid-temperature: heavy-oil: 25 --> fluid-temperature-range: heavy-oil: 25: 25:noncoproduct-route,,,True,fluid-temperature: heavy-oil: 25 --> fluid-temperature-range: heavy-oil: 25: 25,False,False,-4.0238513335782948e-33,4.0238513255305898e-33
4092,129,__pr_graph_lp_or_cost_row__: entity: data-array,,,True,node-cost:entity: data-array,False,False,-4.0135249143868252e-33,4.013524906359773e-33
4093,4712,recipe: storage-chest-pyvoid,recipe,storage-chest-pyvoid,False,,True,True,-4.0091073715568104e-33,4.0091073635385929e-33
4094,2089,__pr_graph_lp_or_to_or_and__: 4603:item-craft: vitreloy --> item: vitreloy,,,True,item-craft: vitreloy --> item: vitreloy,False,False,-3.9992920715072217e-33,3.9992920635086354e-33
4095,908,__pr_graph_lp_or_to_or_and__: 10125:entity-operate: chemical-plant-mk01 --> recipe-category: chemistry__3__0:noncoproduct-route,,,True,entity-operate: chemical-plant-mk01 --> recipe-category: chemistry__3__0,False,False,3.9928052591788935e-33,3.9928052511932808e-33
4096,326,__pr_graph_lp_or_cost_row__: entity: washer,,,True,node-cost:entity: washer,False,False,3.9619936361282158e-33,3.9619936282042261e-33
4097,1178,__pr_graph_lp_or_to_or_and__: 10458:entity-operate: creature-chamber-mk01 --> recipe-category: creature-chamber__3__0:noncoproduct-route,,,True,entity-operate: creature-chamber-mk01 --> recipe-category: creature-chamber__3__0,False,False,-3.955493058784857e-33,3.9554930508738683e-33
4098,172,__pr_graph_lp_or_cost_row__: entity: iron-chest,,,True,node-cost:entity: iron-chest,False,False,-3.9397630177433718e-33,3.9397630098638432e-33
4099,802,__pr_graph_lp_or_cost_row__: item: vrauks,,,True,node-cost:item: vrauks,False,False,3.9380956812407119e-33,3.9380956733645182e-33
4100,3512,fluid-temperature: ammonia: 15,fluid-temperature,ammonia: 15,False,,False,False,3.9074748435999365e-33,3.9074748357849846e-33
4101,1002,__pr_graph_lp_or_to_or_and__: 10241:entity-operate: glassworks-mk01 --> recipe-category: glassworks__1__1:noncoproduct-route,,,True,entity-operate: glassworks-mk01 --> recipe-category: glassworks__1__1,False,False,3.9039493115976803e-33,3.9039493037897793e-33
4102,64,__pr_graph_lp_explicit_zero_free_source__: 2705:room-autoplace: planet: nauvis --> entity: tree-08-red,,,True,explicit-zero:room-autoplace: planet: nauvis --> entity: tree-08-red,False,False,3.8861623580832366e-33,3.8861623503109094e-33
4103,2482,__pr_graph_lp_or_to_or_and__: 9445:entity-build: moss-farm-mk01 --> entity: moss-farm-mk01:noncoproduct-route,,,True,entity-build: moss-farm-mk01 --> entity: moss-farm-mk01,False,False,-3.8823765228432914e-33,3.8823765150785358e-33
4104,2134,__pr_graph_lp_or_to_or_and__: 4830:item-craft: sap-tree --> item: sap-tree,,,True,item-craft: sap-tree --> item: sap-tree,False,False,-3.8691543597665108e-33,3.8691543520282e-33
4105,1626,__pr_graph_lp_or_to_or_and__: 2797:fluid-craft-temperature: ammonia: 15 --> fluid-craft-temperature: ammonia,,,True,fluid-craft-temperature: ammonia: 15 --> fluid-craft-temperature: ammonia,False,False,-3.8651740484686981e-33,3.8651740407383475e-33
4106,333,__pr_graph_lp_or_cost_row__: item: acetylene-barrel,,,True,node-cost:item: acetylene-barrel,False,False,-3.8624079305944472e-33,3.8624079228696293e-33
4107,2437,__pr_graph_lp_or_to_or_and__: 9355:entity-build: soil-extractor-mk01 --> entity: soil-extractor-mk01:noncoproduct-route,,,True,entity-build: soil-extractor-mk01 --> entity: soil-extractor-mk01,False,False,-3.8623079256208921e-33,3.862307917896274e-33
4108,2889,entity-build: display-panel,entity-build,display-panel,False,,False,False,3.86144596113699e-33,3.8614459534140955e-33
4109,2004,__pr_graph_lp_or_to_or_and__: 4320:item-craft: creature-chamber-mk01 --> item: creature-chamber-mk01,,,True,item-craft: creature-chamber-mk01 --> item: creature-chamber-mk01,False,False,3.8560922995308919e-33,3.8560922918187048e-33
4110,88,__pr_graph_lp_or_cost_row__: entity: atomizer-mk01,,,True,node-cost:entity: atomizer-mk01,False,False,3.8462535401971455e-33,3.8462535325046362e-33
4111,55,__pr_graph_lp_explicit_zero_free_source__: 2660:room-autoplace: planet: nauvis --> entity: tree-02-red,,,True,explicit-zero:room-autoplace: planet: nauvis --> entity: tree-02-red,False,False,-3.8382154179689607e-33,3.8382154102925273e-33
4112,967,__pr_graph_lp_or_to_or_and__: 10193:entity-operate: cooling-tower-mk01 --> recipe-category: cooling__1__1:noncoproduct-route,,,True,entity-operate: cooling-tower-mk01 --> recipe-category: cooling__1__1,False,False,3.8288057133110491e-33,3.8288057056534354e-33
4113,1734,__pr_graph_lp_or_to_or_and__: 3000:item: meat --> fuel-category: dingrit-food__0,,,True,item: meat --> fuel-category: dingrit-food__0,False,False,-3.8018629604492817e-33,3.8018629528455536e-33
4114,1229,__pr_graph_lp_or_to_or_and__: 10534:logic-and: smart-farm-grod-flower-recipe-grod-super-1 --> logic-or: smart-farm-grod-flower-recipe:noncoproduct-route,,,True,logic-and: smart-farm-grod-flower-recipe-grod-super-1 --> logic-or: smart-farm-grod-flower-recipe,False,False,3.7962791575850901e-33,3.7962791499925293e-33
4115,127,__pr_graph_lp_or_cost_row__: entity: cracker-mk01,,,True,node-cost:entity: cracker-mk01,False,False,3.7951687923200592e-33,3.7951687847297194e-33
4116,4837,recipe: zinc-plate-pyvoid,recipe,zinc-plate-pyvoid,False,,True,True,-3.7806408670960037e-33,3.7806408595347197e-33
4117,285,__pr_graph_lp_or_cost_row__: entity: steam-engine,,,True,node-cost:entity: steam-engine,False,False,3.7708008021474649e-33,3.7708007946058613e-33
4118,2609,__pr_graph_lp_or_to_or_and__: 9693:tile-fluid: deepwater --> fluid-create-offshore-temperature: water: 15:noncoproduct-route,,,True,tile-fluid: deepwater --> fluid-create-offshore-temperature: water: 15,False,False,-3.7694444685791637e-33,3.7694444610402724e-33
4119,1122,__pr_graph_lp_or_to_or_and__: 10389:entity-operate: upgrader-mk01 --> recipe-category: upgrader__0__0:noncoproduct-route,,,True,entity-operate: upgrader-mk01 --> recipe-category: upgrader__0__0,False,False,3.7601894141703355e-33,3.7601894066499546e-33
4120,1447,__pr_graph_lp_or_to_or_and__: 2069:item: locomotive --> entity-build-item: locomotive,,,True,item: locomotive --> entity-build-item: locomotive,False,False,3.758855782690573e-33,3.7588557751728592e-33
4121,269,__pr_graph_lp_or_cost_row__: entity: sap-extractor-mk01,,,True,node-cost:entity: sap-extractor-mk01,False,False,-3.7551909671916887e-33,3.7551909596813044e-33
4122,244,__pr_graph_lp_or_cost_row__: entity: py-tank-7000,,,True,node-cost:entity: py-tank-7000,False,False,3.7514613049855698e-33,3.7514612974826449e-33
4123,17,__pr_graph_lp_explicit_zero_free_source__: 2229:room-autoplace: planet: nauvis --> entity: ore-quartz,,,True,explicit-zero:room-autoplace: planet: nauvis --> entity: ore-quartz,False,False,3.7422438612100854e-33,3.7422438537255956e-33
4124,2718,__pr_graph_lp_or_to_or_and__: 9838:fluid-temperature: coke-oven-gas: 100 --> fluid: coke-oven-gas:noncoproduct-route,,,True,fluid-temperature: coke-oven-gas: 100 --> fluid: coke-oven-gas,False,False,3.7293961355678905e-33,3.7293961281090963e-33
4125,3021,entity-build: vacuum-pump-mk01,entity-build,vacuum-pump-mk01,False,,False,False,-3.7045764002606368e-33,3.7045763928514819e-33
4126,152,__pr_graph_lp_or_cost_row__: entity: fluid-wagon,,,True,node-cost:entity: fluid-wagon,False,False,3.7013069548126744e-33,3.701306947410058e-33
4127,748,__pr_graph_lp_or_cost_row__: item: soil-extractor-mk01,,,True,node-cost:item: soil-extractor-mk01,False,False,3.6953209889216467e-33,3.6953209815310022e-33
4128,4497,recipe: py-electric-boiler-pyvoid,recipe,py-electric-boiler-pyvoid,False,,True,True,3.6492577806529874e-33,3.6492577733544694e-33
4129,3826,recipe: boron-trioxide-pyvoid,recipe,boron-trioxide-pyvoid,False,,True,True,-3.6287589228139435e-33,3.6287589155564238e-33
4130,955,__pr_graph_lp_or_to_or_and__: 10178:entity-operate: tar-processing-unit --> recipe-category: tar__1__1:noncoproduct-route,,,True,entity-operate: tar-processing-unit --> recipe-category: tar__1__1,False,False,-3.6279254223237486e-33,3.6279254150678956e-33
4131,673,__pr_graph_lp_or_cost_row__: item: py-sinkhole,,,True,node-cost:item: py-sinkhole,False,False,-3.6146249418359858e-33,3.6146249346067336e-33
4132,4423,recipe: pbsb-alloy-pyvoid,recipe,pbsb-alloy-pyvoid,False,,True,True,3.6087096327832861e-33,3.6087096255658648e-33
4133,2944,entity-build: power-switch,entity-build,power-switch,False,,False,False,-3.5995250850127995e-33,3.599525077813747e-33
4134,1396,__pr_graph_lp_or_to_or_and__: 1887:item: moondrop --> entity-operate-py-module: moondrop-greenhouse-mk02,,,True,item: moondrop --> entity-operate-py-module: moondrop-greenhouse-mk02,False,False,-3.5934560742649841e-33,3.5934560670780699e-33
4135,919,__pr_graph_lp_or_to_or_and__: 10138:entity-operate: centrifuge-mk01 --> recipe-category: centrifuging__1__1:noncoproduct-route,,,True,entity-operate: centrifuge-mk01 --> recipe-category: centrifuging__1__1,False,False,-3.5916291115843844e-33,3.5916291044011239e-33
4136,1910,__pr_graph_lp_or_to_or_and__: 4056:item-craft: ore-aluminium --> item: ore-aluminium,,,True,item-craft: ore-aluminium --> item: ore-aluminium,False,False,3.5870858658273708e-33,3.5870858586531969e-33
4137,1350,__pr_graph_lp_or_to_or_and__: 1778:item: vrauks-paddock-mk01 --> entity-build-item: vrauks-paddock-mk01,,,True,item: vrauks-paddock-mk01 --> entity-build-item: vrauks-paddock-mk01,False,False,3.5866114149905806e-33,3.5866114078173556e-33
4138,2989,entity-build: retorter,entity-build,retorter,False,,False,False,-3.5840252311192899e-33,3.5840252239512371e-33
4139,2995,entity-build: secondary-crusher-mk01,entity-build,secondary-crusher-mk01,False,,False,False,-3.5825133286566342e-33,3.5825133214916056e-33
4140,1367,__pr_graph_lp_or_to_or_and__: 1813:item: fish-farm-mk01 --> entity-build-item: fish-farm-mk01,,,True,item: fish-farm-mk01 --> entity-build-item: fish-farm-mk01,False,False,3.555088106828947e-33,3.5550880997187689e-33
4141,101,__pr_graph_lp_or_cost_row__: entity: bitumen-seep,,,True,node-cost:entity: bitumen-seep,False,False,-3.5467720189470159e-33,3.54677201185347e-33
4142,516,__pr_graph_lp_or_cost_row__: item: grade-1-copper,,,True,node-cost:item: grade-1-copper,False,False,-3.543485460935486e-33,3.5434854538485127e-33
4143,1335,__pr_graph_lp_or_to_or_and__: 1740:item: moss-farm-mk01 --> entity-build-item: moss-farm-mk01,,,True,item: moss-farm-mk01 --> entity-build-item: moss-farm-mk01,False,False,3.5304925464844729e-33,3.5304925394234859e-33
4144,2440,__pr_graph_lp_or_to_or_and__: 9361:entity-build: classifier --> entity: classifier:noncoproduct-route,,,True,entity-build: classifier --> entity: classifier,False,False,-3.5229478321524373e-33,3.5229478251065396e-33
4145,3225,entity-mine: tree-02,entity-mine,tree-02,False,,True,False,3.5207841797306726e-33,3.520784172689102e-33
4146,1905,__pr_graph_lp_or_to_or_and__: 4040:item-craft: py-ze --> item: py-ze,,,True,item-craft: py-ze --> item: py-ze,False,False,3.5052932567921231e-33,3.5052932497815343e-33
4147,2056,__pr_graph_lp_or_to_or_and__: 4512:item-craft: vrauks-food-01 --> item: vrauks-food-01,,,True,item-craft: vrauks-food-01 --> item: vrauks-food-01,False,False,-3.4905307363177953e-33,3.4905307293367316e-33
4148,2755,__pr_graph_lp_or_to_or_and__: 9886:fluid-temperature: blood: 10 --> fluid: blood:noncoproduct-route,,,True,fluid-temperature: blood: 10 --> fluid: blood,False,False,-3.4845970806956535e-33,3.484597073726457e-33
4149,600,__pr_graph_lp_or_cost_row__: item: mukmoux-fat,,,True,node-cost:item: mukmoux-fat,False,False,-3.4766205071865931e-33,3.4766205002333502e-33
4150,2073,__pr_graph_lp_or_to_or_and__: 4564:item-craft: animal-sample-01 --> item: animal-sample-01,,,True,item-craft: animal-sample-01 --> item: animal-sample-01,False,False,-3.4747718024564059e-33,3.4747717955068605e-33
4151,4161,recipe: fluidavan-pyvoid,recipe,fluidavan-pyvoid,False,,True,True,3.4693674669563864e-33,3.4693674600176491e-33
4152,1395,__pr_graph_lp_or_to_or_and__: 1884:item: py-electric-boiler --> entity-build-item: py-electric-boiler,,,True,item: py-electric-boiler --> entity-build-item: py-electric-boiler,False,False,-3.4624351648884319e-33,3.4624351579635597e-33
4153,3842,recipe: caged-auog-pyvoid,recipe,caged-auog-pyvoid,False,,True,True,-3.4560309442524143e-33,3.4560309373403502e-33
4154,2662,__pr_graph_lp_or_to_or_and__: 9763:fluid-temperature: flue-gas: 15 --> fluid-temperature-range: flue-gas: 15: 15:noncoproduct-route,,,True,fluid-temperature: flue-gas: 15 --> fluid-temperature-range: flue-gas: 15: 15,False,False,3.427754445603986e-33,3.4277544387484747e-33
4155,1087,__pr_graph_lp_or_to_or_and__: 10347:entity-operate: moondrop-greenhouse-mk01 --> recipe-category: moon__1__1:noncoproduct-route,,,True,entity-operate: moondrop-greenhouse-mk01 --> recipe-category: moon__1__1,False,False,-3.4183714995320521e-33,3.4183714926953071e-33
4156,182,__pr_graph_lp_or_cost_row__: entity: micro-mine-mk01,,,True,node-cost:entity: micro-mine-mk01,False,False,-3.4104942855245748e-33,3.4104942787035842e-33
4157,693,__pr_graph_lp_or_cost_row__: item: rail-signal,,,True,node-cost:item: rail-signal,False,False,3.3966615091624484e-33,3.3966615023691231e-33
4158,901,__pr_graph_lp_or_to_or_and__: 10118:entity-operate: chemical-plant-mk01 --> recipe-category: chemistry__1__1:noncoproduct-route,,,True,entity-operate: chemical-plant-mk01 --> recipe-category: chemistry__1__1,False,False,-3.3956925524981717e-33,3.3956925457067849e-33
4159,2923,entity-build: lab,entity-build,lab,False,,False,False,-3.3911216881214892e-33,3.3911216813392436e-33
4160,1250,__pr_graph_lp_or_to_or_and__: 10576:logic-and: smart-farm-rennea-flowers-recipe-rennea-super-4 --> logic-or: smart-farm-rennea-flowers-recipe:noncoproduct-route,,,True,logic-and: smart-farm-rennea-flowers-recipe-rennea-super-4 --> logic-or: smart-farm-rennea-flowers-recipe,False,False,-3.3906731042445315e-33,3.3906730974631829e-33
4161,1369,__pr_graph_lp_or_to_or_and__: 1818:item: fish --> entity-operate-py-module: fish-farm-mk02,,,True,item: fish --> entity-operate-py-module: fish-farm-mk02,False,False,-3.3831832500655644e-33,3.3831832432991957e-33
4162,324,__pr_graph_lp_or_cost_row__: entity: volcanic-pipe,,,True,node-cost:entity: volcanic-pipe,False,False,3.3737180462795081e-33,3.3737180395320699e-33
4163,2962,entity-build: py-roboport-mk01,entity-build,py-roboport-mk01,False,,False,False,3.3689953655501787e-33,3.3689953588121863e-33
4164,490,__pr_graph_lp_or_cost_row__: item: fish-farm-mk01,,,True,node-cost:item: fish-farm-mk01,False,False,3.3652945454129404e-33,3.3652945386823492e-33
4165,18,__pr_graph_lp_explicit_zero_free_source__: 2234:room-autoplace: planet: nauvis --> entity: raw-coal,,,True,explicit-zero:room-autoplace: planet: nauvis --> entity: raw-coal,False,False,3.3585790508748054e-33,3.358579044157645e-33
4166,3665,recipe: aerial-blimp-mk01-pyvoid,recipe,aerial-blimp-mk01-pyvoid,False,,True,True,3.3502286534967771e-33,3.350228646796318e-33
4167,999,__pr_graph_lp_or_to_or_and__: 10237:entity-operate: wpu-mk01 --> recipe-category: wpu-handcrafting__0__0:noncoproduct-route,,,True,entity-operate: wpu-mk01 --> recipe-category: wpu-handcrafting__0__0,False,False,-3.3426920187953532e-33,3.3426920121099669e-33
4168,590,__pr_graph_lp_or_cost_row__: item: molten-glass-barrel,,,True,node-cost:item: molten-glass-barrel,False,False,-3.3381815499124535e-33,3.3381815432360881e-33
4169,1868,__pr_graph_lp_or_to_or_and__: 3931:item-craft: botanical-nursery --> item: botanical-nursery,,,True,item-craft: botanical-nursery --> item: botanical-nursery,False,False,3.3319717185386477e-33,3.3319717118747024e-33
4170,3007,entity-build: steel-chest,entity-build,steel-chest,False,,False,False,3.3316567717594935e-33,3.3316567650961776e-33
4171,1894,__pr_graph_lp_or_to_or_and__: 4008:item-craft: py-tank-6500 --> item: py-tank-6500,,,True,item-craft: py-tank-6500 --> item: py-tank-6500,False,False,3.3269026857336652e-33,3.3269026790798581e-33
4172,19,__pr_graph_lp_explicit_zero_free_source__: 2239:room-autoplace: planet: nauvis --> entity: ore-aluminium,,,True,explicit-zero:room-autoplace: planet: nauvis --> entity: ore-aluminium,False,False,3.322253403136827e-33,3.3222533964923179e-33
4173,3361,entity-operate: offshore-pump,entity-operate,offshore-pump,False,,False,False,3.3162666242286184e-33,3.3162666175960833e-33
4174,1370,__pr_graph_lp_or_to_or_and__: 1819:item: fish --> entity-operate-py-module: fish-farm-mk03,,,True,item: fish --> entity-operate-py-module: fish-farm-mk03,False,False,3.3010603273833962e-33,3.3010603207812736e-33
4175,2472,__pr_graph_lp_or_to_or_and__: 9425:entity-build: pulp-mill-mk01 --> entity: pulp-mill-mk01:noncoproduct-route,,,True,entity-build: pulp-mill-mk01 --> entity: pulp-mill-mk01,False,False,-3.2861198677699267e-33,3.286119861197685e-33
4176,2714,__pr_graph_lp_or_to_or_and__: 9832:fluid-temperature: chlorine: 15 --> fluid-temperature-range: chlorine: 15: 15:noncoproduct-route,,,True,fluid-temperature: chlorine: 15 --> fluid-temperature-range: chlorine: 15: 15,False,False,3.2838728748260409e-33,3.2838728682582932e-33
4177,3529,fluid-temperature: diborane: 15,fluid-temperature,diborane: 15,False,,False,False,-3.2664068286863769e-33,3.2664068221535611e-33
4178,1015,__pr_graph_lp_or_to_or_and__: 10257:entity-operate: mixer-mk01 --> recipe-category: mixer__1__2:noncoproduct-route,,,True,entity-operate: mixer-mk01 --> recipe-category: mixer__1__2,False,False,3.250101257797142e-33,3.2501012512969378e-33
4179,1090,__pr_graph_lp_or_to_or_and__: 10350:entity-operate: moondrop-greenhouse-mk01 --> recipe-category: moon__1__2:noncoproduct-route,,,True,entity-operate: moondrop-greenhouse-mk01 --> recipe-category: moon__1__2,False,False,3.2409865456603577e-33,3.2409865391783828e-33
4180,3327,entity-operate: generator-1,entity-operate,generator-1,False,,False,False,3.1752245183466154e-33,3.1752245119961648e-33
4181,889,__pr_graph_lp_or_to_or_and__: 10103:entity-operate: automated-factory-mk01 --> recipe-category: crafting-with-fluid__0__0:noncoproduct-route,,,True,entity-operate: automated-factory-mk01 --> recipe-category: crafting-with-fluid__0__0,False,False,3.1728724451519367e-33,3.1728724388061902e-33
4182,2386,__pr_graph_lp_or_to_or_and__: 8821:item: methane-canister --> energy-source-burner: jerry_2_1,,,True,item: methane-canister --> energy-source-burner: jerry_2_1,False,False,3.1719242593216876e-33,3.1719242529778371e-33
4183,4999,tile-fluid: deepwater,tile-fluid,deepwater,False,,False,False,3.1536349086782617e-33,3.15363490237099e-33
4184,1472,__pr_graph_lp_or_to_or_and__: 2309:item: tidal-mk01 --> entity-build-item: tidal-mk01,,,True,item: tidal-mk01 --> entity-build-item: tidal-mk01,False,False,3.1483617681802404e-33,3.1483617618835147e-33
4185,3572,fluid-temperature: water: 100,fluid-temperature,water: 100,False,,False,False,3.146524610202637e-33,3.1465246039095855e-33
4186,1952,__pr_graph_lp_or_to_or_and__: 4174:item-craft: bof-mk01 --> item: bof-mk01,,,True,item-craft: bof-mk01 --> item: bof-mk01,False,False,-3.1341194816659919e-33,3.1341194753977513e-33
4187,1319,__pr_graph_lp_or_to_or_and__: 1678:item: eaf-mk01 --> entity-build-item: eaf-mk01,,,True,item: eaf-mk01 --> entity-build-item: eaf-mk01,False,False,-3.1220434525795989e-33,3.1220434463355101e-33
4188,338,__pr_graph_lp_or_cost_row__: item: agar,,,True,node-cost:item: agar,False,False,3.1189072173562146e-33,3.1189072111183982e-33
4189,3183,entity-mine: rail-chain-signal,entity-mine,rail-chain-signal,False,,True,False,-3.107102115013128e-33,3.1071021087989222e-33
4190,2086,__pr_graph_lp_or_to_or_and__: 4597:item-craft: battery-mk01 --> item: battery-mk01,,,True,item-craft: battery-mk01 --> item: battery-mk01,False,False,3.1038366338812944e-33,3.1038366276736195e-33
4191,2433,__pr_graph_lp_or_to_or_and__: 9347:entity-build: hpf --> entity: hpf:noncoproduct-route,,,True,entity-build: hpf --> entity: hpf,False,False,3.0878749001300087e-33,3.0878748939542571e-33
4192,1018,__pr_graph_lp_or_to_or_and__: 10260:entity-operate: mixer-mk01 --> recipe-category: mixer__1__0:noncoproduct-route,,,True,entity-operate: mixer-mk01 --> recipe-category: mixer__1__0,False,False,-3.0865957263937334e-33,3.0865957202205402e-33
4193,1309,__pr_graph_lp_or_to_or_and__: 1636:item: bio-reactor-mk01 --> entity-build-item: bio-reactor-mk01,,,True,item: bio-reactor-mk01 --> entity-build-item: bio-reactor-mk01,False,False,3.0831318175653571e-33,3.0831318113990916e-33
4194,1898,__pr_graph_lp_or_to_or_and__: 4020:item-craft: py-underflow-valve --> item: py-underflow-valve,,,True,item-craft: py-underflow-valve --> item: py-underflow-valve,False,False,3.0726071015989586e-33,3.0726070954537424e-33
4195,2865,entity-build: bof-mk01,entity-build,bof-mk01,False,,False,False,-3.0715471519152442e-33,3.0715471457721481e-33
4196,3004,entity-build: spore-collector-mk01,entity-build,spore-collector-mk01,False,,False,False,-3.0710927889190209e-33,3.0710927827768334e-33
4197,591,__pr_graph_lp_or_cost_row__: item: molten-iron-barrel,,,True,node-cost:item: molten-iron-barrel,False,False,-3.0635064814899641e-33,3.0635064753629494e-33
4198,2169,__pr_graph_lp_or_to_or_and__: 6742:item: vrauks-mk02 --> recipe-py-module: vrauks-cocoon-5,,,True,item: vrauks-mk02 --> recipe-py-module: vrauks-cocoon-5,False,False,-3.0589268161968143e-33,3.0589268100789587e-33
4199,1388,__pr_graph_lp_or_to_or_and__: 1861:item: seaweed --> entity-operate-py-module: seaweed-crop-mk02,,,True,item: seaweed --> entity-operate-py-module: seaweed-crop-mk02,False,False,3.0535628332541958e-33,3.0535628271470682e-33
4200,282,__pr_graph_lp_or_cost_row__: entity: spitter-spawner,,,True,node-cost:entity: spitter-spawner,False,False,-3.0511274919395872e-33,3.0511274858373303e-33
4201,536,__pr_graph_lp_or_cost_row__: item: heavy-armor,,,True,node-cost:item: heavy-armor,False,False,3.0492592741475415e-33,3.0492592680490212e-33
4202,1805,__pr_graph_lp_or_to_or_and__: 3289:item-craft: arithmetic-combinator --> item: arithmetic-combinator,,,True,item-craft: arithmetic-combinator --> item: arithmetic-combinator,False,False,3.0450748175236521e-33,3.0450748114335005e-33
4203,1222,__pr_graph_lp_or_to_or_and__: 10523:entity-operate: offshore-pump --> tile-fluid-pump: water:noncoproduct-route,,,True,entity-operate: offshore-pump --> tile-fluid-pump: water,False,False,3.0311907697938296e-33,3.0311907637314464e-33
4204,1858,__pr_graph_lp_or_to_or_and__: 3901:item-craft: solid-separator --> item: solid-separator,,,True,item-craft: solid-separator --> item: solid-separator,False,False,-3.0294740743151157e-33,3.0294740682561656e-33
4205,2487,__pr_graph_lp_or_to_or_and__: 9455:entity-build: incubator-mk01 --> entity: incubator-mk01:noncoproduct-route,,,True,entity-build: incubator-mk01 --> entity: incubator-mk01,False,False,3.0222655395849505e-33,3.0222655335404178e-33
4206,561,__pr_graph_lp_or_cost_row__: item: landfill,,,True,node-cost:item: landfill,False,False,3.0099731824740092e-33,3.0099731764540611e-33
4207,205,__pr_graph_lp_or_cost_row__: entity: ore-zinc,,,True,node-cost:entity: ore-zinc,False,False,-3.009750869150745e-33,3.0097508631312413e-33
4208,1496,__pr_graph_lp_or_to_or_and__: 2473:item: fluidavan --> entity-build-item: fluidavan,,,True,item: fluidavan --> entity-build-item: fluidavan,False,False,-3.0061449174810934e-33,3.0061449114688018e-33
4209,709,__pr_graph_lp_or_cost_row__: item: retorter,,,True,node-cost:item: retorter,False,False,-2.9968333292850845e-33,2.9968333232914159e-33
4210,2131,__pr_graph_lp_or_to_or_and__: 4819:item-craft: tree-mk01 --> item: tree-mk01,,,True,item-craft: tree-mk01 --> item: tree-mk01,False,False,-2.9963596119730866e-33,2.9963596059803656e-33
4211,954,__pr_graph_lp_or_to_or_and__: 10177:entity-operate: tar-processing-unit --> recipe-category: tar__1__0:noncoproduct-route,,,True,entity-operate: tar-processing-unit --> recipe-category: tar__1__0,False,False,-2.9961800671809561e-33,2.996180061188594e-33
4212,2161,__pr_graph_lp_or_to_or_and__: 6727:item: vrauks-mk02 --> recipe-py-module: vrauks-cocoon-1,,,True,item: vrauks-mk02 --> recipe-py-module: vrauks-cocoon-1,False,False,-2.99016272340771e-33,2.9901627174273828e-33
4213,69,__pr_graph_lp_explicit_zero_free_source__: 2730:room-autoplace: planet: nauvis --> entity: dead-tree-desert,,,True,explicit-zero:room-autoplace: planet: nauvis --> entity: dead-tree-desert,False,False,2.9803742305817482e-33,2.9803742246209978e-33
4214,346,__pr_graph_lp_or_cost_row__: item: antimonium-ore,,,True,node-cost:item: antimonium-ore,False,False,-2.9762271338584418e-33,2.9762271279059855e-33
4215,1243,__pr_graph_lp_or_to_or_and__: 10562:logic-and: smart-farm-ralesia-flowers-recipe-ralesia-super-4 --> logic-or: smart-farm-ralesia-flowers-recipe:noncoproduct-route,,,True,logic-and: smart-farm-ralesia-flowers-recipe-ralesia-super-4 --> logic-or: smart-farm-ralesia-flowers-recipe,False,False,-2.972052429185893e-33,2.9720524232417864e-33
4216,1195,__pr_graph_lp_or_to_or_and__: 10482:entity-operate: pyphoon-bay --> recipe-category: bay__0__1:noncoproduct-route,,,True,entity-operate: pyphoon-bay --> recipe-category: bay__0__1,False,False,2.9695945972349147e-33,2.9695945912957236e-33
4217,571,__pr_graph_lp_or_cost_row__: item: liquid-manure-barrel,,,True,node-cost:item: liquid-manure-barrel,False,False,-2.964629177620227e-33,2.9646291716909668e-33
4218,1739,__pr_graph_lp_or_to_or_and__: 3012:item-craft: light-armor --> item: light-armor,,,True,item-craft: light-armor --> item: light-armor,False,False,-2.9551298490657557e-33,2.9551298431554941e-33
4219,2071,__pr_graph_lp_or_to_or_and__: 4559:item-craft: empty-planter-box --> item: empty-planter-box,,,True,item-craft: empty-planter-box --> item: empty-planter-box,False,False,2.9532263088484401e-33,2.9532263029419856e-33
4220,3154,entity-mine: py-construction-robot-mk01,entity-mine,py-construction-robot-mk01,False,,True,False,-2.9508581012992067e-33,2.9508580953974887e-33
4221,951,__pr_graph_lp_or_to_or_and__: 10173:entity-operate: gasifier --> recipe-category: gasifier__2__1:noncoproduct-route,,,True,entity-operate: gasifier --> recipe-category: gasifier__2__1,False,False,2.940740194714734e-33,2.9407401888332517e-33
4222,12,__pr_graph_lp_explicit_zero_free_source__: 2211:room-autoplace: planet: nauvis --> entity: borax,,,True,explicit-zero:room-autoplace: planet: nauvis --> entity: borax,False,False,-2.9391143671788296e-33,2.9391143613005991e-33
4223,378,__pr_graph_lp_or_cost_row__: item: bof-mk01,,,True,node-cost:item: bof-mk01,False,False,-2.9315065528289203e-33,2.9315065469659053e-33
4224,854,__pr_graph_lp_or_to_or_and__: 10040:entity-operate: py-biomass-powerplant-mk01 --> fuel-category-burn: biomass:noncoproduct-route,,,True,entity-operate: py-biomass-powerplant-mk01 --> fuel-category-burn: biomass,False,False,2.9020783501580408e-33,2.9020783443538824e-33
4225,1127,__pr_graph_lp_or_to_or_and__: 10395:entity-operate: cracker-mk01 --> recipe-category: cracker__1__0:noncoproduct-route,,,True,entity-operate: cracker-mk01 --> recipe-category: cracker__1__0,False,False,2.9000496126668075e-33,2.9000496068667066e-33
4226,2775,__pr_graph_lp_or_to_or_and__: 9912:fluid-temperature: carbolic-oil: 10 --> fluid-temperature-range: carbolic-oil: 10: 10:noncoproduct-route,,,True,fluid-temperature: carbolic-oil: 10 --> fluid-temperature-range: carbolic-oil: 10: 10,False,False,-2.8923425086251788e-33,2.8923425028404921e-33
4227,1840,__pr_graph_lp_or_to_or_and__: 3810:item-craft: ralesia-seeds --> item: ralesia-seeds,,,True,item-craft: ralesia-seeds --> item: ralesia-seeds,False,False,-2.8733413185775973e-33,2.873341312830913e-33
4228,768,__pr_graph_lp_or_cost_row__: item: subcritical-water-barrel,,,True,node-cost:item: subcritical-water-barrel,False,False,2.8661386011686023e-33,2.8661385954363234e-33
4229,696,__pr_graph_lp_or_cost_row__: item: ralesia-plantation-mk01,,,True,node-cost:item: ralesia-plantation-mk01,False,False,-2.8542550887031327e-33,2.8542550829946208e-33
4230,470,__pr_graph_lp_or_cost_row__: item: electronics-factory-mk01,,,True,node-cost:item: electronics-factory-mk01,False,False,-2.8475270136502769e-33,2.847527007955221e-33
4231,2043,__pr_graph_lp_or_to_or_and__: 4485:item-craft: chitin --> item: chitin,,,True,item-craft: chitin --> item: chitin,False,False,-2.8381633914461441e-33,2.8381633857698156e-33
4232,157,__pr_graph_lp_or_cost_row__: entity: gate,,,True,node-cost:entity: gate,False,False,2.8309913644049149e-33,2.8309913587429305e-33
4233,1047,__pr_graph_lp_or_to_or_and__: 10298:entity-operate: scrubber-mk01 --> recipe-category: scrubber__3__1:noncoproduct-route,,,True,entity-operate: scrubber-mk01 --> recipe-category: scrubber__3__1,False,False,2.808791048316047e-33,2.8087910426984632e-33
4234,164,__pr_graph_lp_or_cost_row__: entity: hawt-turbine-mk01,,,True,node-cost:entity: hawt-turbine-mk01,False,False,2.7896587714073643e-33,2.7896587658280452e-33
4235,8,__pr_graph_lp_explicit_zero_free_source__: 2193:room-autoplace: planet: nauvis --> entity: iron-ore,,,True,explicit-zero:room-autoplace: planet: nauvis --> entity: iron-ore,False,False,2.7872519676385037e-33,2.7872519620639981e-33
4236,2108,__pr_graph_lp_or_to_or_and__: 4643:item-craft: steam-turbine-mk01 --> item: steam-turbine-mk01,,,True,item-craft: steam-turbine-mk01 --> item: steam-turbine-mk01,False,False,-2.7872079858917515e-33,2.7872079803173339e-33
4237,1615,__pr_graph_lp_or_to_or_and__: 2772:fluid-craft-temperature: molten-iron: 10 --> fluid-create-temperature: molten-iron: 10,,,True,fluid-craft-temperature: molten-iron: 10 --> fluid-create-temperature: molten-iron: 10,False,False,2.7869835955467773e-33,2.7869835899728086e-33
4238,235,__pr_graph_lp_or_cost_row__: entity: py-sinkhole,,,True,node-cost:entity: py-sinkhole,False,False,2.7846192079103565e-33,2.7846192023411164e-33
4239,2994,entity-build: seaweed-crop-mk01,entity-build,seaweed-crop-mk01,False,,False,False,-2.7824200793376012e-33,2.7824200737727594e-33
4240,1766,__pr_graph_lp_or_to_or_and__: 3110:item-craft: boiler --> item: boiler,,,True,item-craft: boiler --> item: boiler,False,False,2.7820054743527929e-33,2.7820054687887803e-33
4241,363,__pr_graph_lp_or_cost_row__: item: ball-mill-mk01,,,True,node-cost:item: ball-mill-mk01,False,False,-2.768210543643764e-33,2.7682105381073412e-33
4242,1988,__pr_graph_lp_or_to_or_and__: 4272:item-craft: heavy-oil-refinery-mk01 --> item: heavy-oil-refinery-mk01,,,True,item-craft: heavy-oil-refinery-mk01 --> item: heavy-oil-refinery-mk01,False,False,2.7680757199053775e-33,2.7680757143692243e-33
4243,455,__pr_graph_lp_or_cost_row__: item: digosaurus,,,True,node-cost:item: digosaurus,False,False,-2.7631028082815115e-33,2.7631028027553042e-33
4244,1505,__pr_graph_lp_or_to_or_and__: 2511:fluid-create-temperature: water: 100 --> fluid-create: water,,,True,fluid-create-temperature: water: 100 --> fluid-create: water,False,False,-2.7489206433041937e-33,2.7489206378063507e-33
4245,1150,__pr_graph_lp_or_to_or_and__: 10424:entity-operate: fwf-mk01 --> recipe-category: fwf__2__0:noncoproduct-route,,,True,entity-operate: fwf-mk01 --> recipe-category: fwf__2__0,False,False,-2.7428920561140316e-33,2.7428920506282457e-33
4246,2448,__pr_graph_lp_or_to_or_and__: 9377:entity-build: wpu-mk01 --> entity: wpu-mk01:noncoproduct-route,,,True,entity-build: wpu-mk01 --> entity: wpu-mk01,False,False,2.7392452447391961e-33,2.7392452392607041e-33
4247,2988,entity-build: research-center-mk01,entity-build,research-center-mk01,False,,False,False,2.7320469518274886e-33,2.7320469463633931e-33
4248,3828,recipe: botanical-nursery-pyvoid,recipe,botanical-nursery-pyvoid,False,,True,True,2.7245061053614536e-33,2.7245060999124399e-33
4249,2918,entity-build: impact-crusher-mk01,entity-build,impact-crusher-mk01,False,,False,False,-2.711813195638212e-33,2.7118131902145838e-33
4250,365,__pr_graph_lp_or_cost_row__: item: barrel-machine-mk01,,,True,node-cost:item: barrel-machine-mk01,False,False,2.6925681133640481e-33,2.6925681079789101e-33
4251,1359,__pr_graph_lp_or_to_or_and__: 1791:item: slaughterhouse-mk01 --> entity-build-item: slaughterhouse-mk01,,,True,item: slaughterhouse-mk01 --> entity-build-item: slaughterhouse-mk01,False,False,2.6909771107058078e-33,2.6909771053238518e-33
4252,2772,__pr_graph_lp_or_to_or_and__: 9908:fluid-temperature: anthracene-oil: 10 --> fluid-temperature-range: anthracene-oil: 10: 10:noncoproduct-route,,,True,fluid-temperature: anthracene-oil: 10 --> fluid-temperature-range: anthracene-oil: 10: 10,False,False,2.6844476026242692e-33,2.6844475972553724e-33
4253,195,__pr_graph_lp_or_cost_row__: entity: olefin-plant,,,True,node-cost:entity: olefin-plant,False,False,2.6801792417711691e-33,2.680179236410809e-33
4254,1415,__pr_graph_lp_or_to_or_and__: 1951:item: py-warehouse-basic --> entity-build-item: py-warehouse-basic,,,True,item: py-warehouse-basic --> entity-build-item: py-warehouse-basic,False,False,2.6798460713993546e-33,2.679846066039661e-33
4255,2184,__pr_graph_lp_or_to_or_and__: 7654:item: vrauks --> recipe-py-module: vrauks-cocoon-5-no-water,,,True,item: vrauks --> recipe-py-module: vrauks-cocoon-5-no-water,False,False,2.6761679829649419e-33,2.6761679776126044e-33
4256,2639,__pr_graph_lp_or_to_or_and__: 9733:fluid-temperature: carbon-dioxide: 15 --> fluid: carbon-dioxide:noncoproduct-route,,,True,fluid-temperature: carbon-dioxide: 15 --> fluid: carbon-dioxide,False,False,2.6736319367633092e-33,2.6736319314160436e-33
4257,409,__pr_graph_lp_or_cost_row__: item: chemical-plant-mk01,,,True,node-cost:item: chemical-plant-mk01,False,False,-2.6721315100935233e-33,2.6721315047492587e-33
4258,2426,__pr_graph_lp_or_to_or_and__: 9247:entity-build: assembling-machine-1 --> entity: assembling-machine-1:noncoproduct-route,,,True,entity-build: assembling-machine-1 --> entity: assembling-machine-1,False,False,2.6515491896139444e-33,2.6515491843108443e-33
4259,2080,__pr_graph_lp_or_to_or_and__: 4581:item-craft: seaweed-crop-mk01 --> item: seaweed-crop-mk01,,,True,item-craft: seaweed-crop-mk01 --> item: seaweed-crop-mk01,False,False,-2.6502405995774537e-33,2.6502405942769708e-33
4260,2123,__pr_graph_lp_or_to_or_and__: 4795:item-craft: car --> item: car,,,True,item-craft: car --> item: car,False,False,2.6469106460683451e-33,2.6469106407745221e-33
4261,427,__pr_graph_lp_or_cost_row__: item: compost-plant-mk01,,,True,node-cost:item: compost-plant-mk01,False,False,-2.641803205801604e-33,2.6418032005179958e-33
4262,2920,entity-build: inserter,entity-build,inserter,False,,False,False,-2.6383439746138983e-33,2.6383439693372087e-33
4263,1163,__pr_graph_lp_or_to_or_and__: 10441:entity-operate: biofactory-mk01 --> recipe-category: biofactory__2__1:noncoproduct-route,,,True,entity-operate: biofactory-mk01 --> recipe-category: biofactory__2__1,False,False,-2.6372107052990155e-33,2.6372107000245924e-33
4264,2619,__pr_graph_lp_or_to_or_and__: 9706:fluid-temperature: steam: 250 --> fluid-temperature-range: steam: 250: 250:noncoproduct-route,,,True,fluid-temperature: steam: 250 --> fluid-temperature-range: steam: 250: 250,False,False,-2.6277122906954273e-33,2.6277122854400011e-33
4265,3604,item-capsule: grenade,item-capsule,grenade,False,,False,False,-2.617370014817406e-33,2.6173700095826643e-33
4266,1055,__pr_graph_lp_or_to_or_and__: 10307:entity-operate: flotation-cell-mk01 --> recipe-category: flotation__1__1:noncoproduct-route,,,True,entity-operate: flotation-cell-mk01 --> recipe-category: flotation__1__1,False,False,2.5957134094731454e-33,2.5957134042817171e-33
4267,34,__pr_graph_lp_explicit_zero_free_source__: 2307:room-autoplace: planet: nauvis --> entity: nickel-rock,,,True,explicit-zero:room-autoplace: planet: nauvis --> entity: nickel-rock,False,False,-2.5930771442111041e-33,2.5930771390249481e-33
4268,1486,__pr_graph_lp_or_to_or_and__: 2365:item: py-tank-8000 --> entity-build-item: py-tank-8000,,,True,item: py-tank-8000 --> entity-build-item: py-tank-8000,False,False,2.5827483306926064e-33,2.5827483255271082e-33
4269,1782,__pr_graph_lp_or_to_or_and__: 3157:item-craft: steel-furnace --> item: steel-furnace,,,True,item-craft: steel-furnace --> item: steel-furnace,False,False,2.5806076799182715e-33,2.5806076747570546e-33
4270,660,__pr_graph_lp_or_cost_row__: item: py-deposit-basic,,,True,node-cost:item: py-deposit-basic,False,False,-2.5747983839155605e-33,2.5747983787659621e-33
4271,3522,fluid-temperature: coke-oven-gas: 100,fluid-temperature,coke-oven-gas: 100,False,,False,False,2.5668093548109463e-33,2.5668093496773259e-33
4272,2390,__pr_graph_lp_or_to_or_and__: 8825:item: anthracene-oil-canister --> energy-source-burner: jerry_2_1,,,True,item: anthracene-oil-canister --> energy-source-burner: jerry_2_1,False,False,2.5611589952894439e-33,2.5611589901671243e-33
4273,2072,__pr_graph_lp_or_to_or_and__: 4561:item-craft: planter-box --> item: planter-box,,,True,item-craft: planter-box --> item: planter-box,False,False,2.5442318936100205e-33,2.5442318885215551e-33
4274,1620,__pr_graph_lp_or_to_or_and__: 2784:fluid-craft-temperature: methane: 15 --> fluid-craft-temperature: methane,,,True,fluid-craft-temperature: methane: 15 --> fluid-craft-temperature: methane,False,False,2.5432534076951079e-33,2.5432534026085994e-33
4275,2459,__pr_graph_lp_or_to_or_and__: 9399:entity-build: smelter-mk01 --> entity: smelter-mk01:noncoproduct-route,,,True,entity-build: smelter-mk01 --> entity: smelter-mk01,False,False,2.5407689479315805e-33,2.5407689428500412e-33
4276,1903,__pr_graph_lp_or_to_or_and__: 4034:item-craft: py-recharge-station-mk01 --> item: py-recharge-station-mk01,,,True,item-craft: py-recharge-station-mk01 --> item: py-recharge-station-mk01,False,False,2.5316869177421571e-33,2.5316869126787816e-33
4277,2436,__pr_graph_lp_or_to_or_and__: 9353:entity-build: olefin-plant --> entity: olefin-plant:noncoproduct-route,,,True,entity-build: olefin-plant --> entity: olefin-plant,False,False,2.5261289424372605e-33,2.5261289373850011e-33
4278,146,__pr_graph_lp_or_cost_row__: entity: fish,,,True,node-cost:entity: fish,False,False,2.5250899171306908e-33,2.5250899120805093e-33
4279,2802,__pr_graph_lp_or_to_or_and__: 9948:fluid-temperature: subcritical-water: 10 --> fluid-temperature-range: subcritical-water: 10: 10:noncoproduct-route,,,True,fluid-temperature: subcritical-water: 10 --> fluid-temperature-range: subcritical-water: 10: 10,False,False,-2.5242726669944273e-33,2.5242726619458804e-33
4280,691,__pr_graph_lp_or_cost_row__: item: rail,,,True,node-cost:item: rail,False,False,2.5215948424643789e-33,2.5215948374211879e-33
4281,1291,__pr_graph_lp_or_to_or_and__: 1574:item: ralesia-plantation-mk01 --> entity-build-item: ralesia-plantation-mk01,,,True,item: ralesia-plantation-mk01 --> entity-build-item: ralesia-plantation-mk01,False,False,2.5053947771650502e-33,2.505394772154259e-33
4282,96,__pr_graph_lp_or_cost_row__: entity: big-sand-rock,,,True,node-cost:entity: big-sand-rock,False,False,2.4980552523223665e-33,2.4980552473262544e-33
4283,1228,__pr_graph_lp_or_to_or_and__: 10532:logic-and: smart-farm-ore-bioreserve-recipe-bioreserve-super-3 --> logic-or: smart-farm-ore-bioreserve-recipe:noncoproduct-route,,,True,logic-and: smart-farm-ore-bioreserve-recipe-bioreserve-super-3 --> logic-or: smart-farm-ore-bioreserve-recipe,False,False,-2.493112061282102e-33,2.4931120562958764e-33
4284,3533,fluid-temperature: gasoline: 10,fluid-temperature,gasoline: 10,False,,False,False,2.4930203541137907e-33,2.4930203491277484e-33
4285,4830,recipe: workers-food-pyvoid,recipe,workers-food-pyvoid,False,,True,True,-2.4921575028290655e-33,2.4921574978447491e-33
4286,500,__pr_graph_lp_or_cost_row__: item: formic-acid-barrel,,,True,node-cost:item: formic-acid-barrel,False,False,2.4889727446505352e-33,2.4889727396725883e-33
4287,547,__pr_graph_lp_or_cost_row__: item: inserter,,,True,node-cost:item: inserter,False,False,-2.484311467951997e-33,2.4843114629833723e-33
4288,105,__pr_graph_lp_or_cost_row__: entity: borax-mine,,,True,node-cost:entity: borax-mine,False,False,-2.4751934281326376e-33,2.4751934231822494e-33
4289,1214,__pr_graph_lp_or_to_or_and__: 10509:entity-operate: borax-mine --> resource-category: borax__0__0:noncoproduct-route,,,True,entity-operate: borax-mine --> resource-category: borax__0__0,False,False,-2.4662614334755188e-33,2.4662614285429944e-33
4290,1777,__pr_graph_lp_or_to_or_and__: 3143:item-craft: logistic-science-pack --> item: logistic-science-pack,,,True,item-craft: logistic-science-pack --> item: logistic-science-pack,False,False,-2.4501611467083769e-33,2.4501611418080533e-33
4291,622,__pr_graph_lp_or_cost_row__: item: outpost,,,True,node-cost:item: outpost,False,False,2.4456704352977328e-33,2.4456704304063903e-33
4292,1857,__pr_graph_lp_or_to_or_and__: 3898:item-craft: soil-extractor-mk01 --> item: soil-extractor-mk01,,,True,item-craft: soil-extractor-mk01 --> item: soil-extractor-mk01,False,False,2.4367840740951777e-33,2.4367840692216081e-33
4293,806,__pr_graph_lp_or_cost_row__: item: vrauks-paddock-mk01,,,True,node-cost:item: vrauks-paddock-mk01,False,False,-2.4324837018207271e-33,2.4324836969557582e-33
4294,1372,__pr_graph_lp_or_to_or_and__: 1822:item: sap-extractor-mk01 --> entity-build-item: sap-extractor-mk01,,,True,item: sap-extractor-mk01 --> entity-build-item: sap-extractor-mk01,False,False,-2.4200301789069152e-33,2.4200301740668532e-33
4295,2790,__pr_graph_lp_or_to_or_and__: 9932:fluid-temperature: fish-oil: 10 --> fluid-temperature-range: fish-oil: 10: 10:noncoproduct-route,,,True,fluid-temperature: fish-oil: 10 --> fluid-temperature-range: fish-oil: 10: 10,False,False,2.4155965980772244e-33,2.4155965932460297e-33
4296,4093,recipe: evaporator-pyvoid,recipe,evaporator-pyvoid,False,,True,True,-2.4082263105798036e-33,2.4082263057633495e-33
4297,447,__pr_graph_lp_or_cost_row__: item: creosote-barrel,,,True,node-cost:item: creosote-barrel,False,False,-2.4061895505657045e-33,2.406189545753324e-33
4298,981,__pr_graph_lp_or_to_or_and__: 10213:entity-operate: classifier --> recipe-category: classifier__0__0:noncoproduct-route,,,True,entity-operate: classifier --> recipe-category: classifier__0__0,False,False,2.3975472748735136e-33,2.3975472700784177e-33
4299,799,__pr_graph_lp_or_cost_row__: item: vane-mk01,,,True,node-cost:item: vane-mk01,False,False,-2.3968017622916654e-33,2.3968017574980604e-33
4300,306,__pr_graph_lp_or_cost_row__: entity: tree-03,,,True,node-cost:entity: tree-03,False,False,2.3858145730371347e-33,2.3858145682655041e-33
4301,199,__pr_graph_lp_or_cost_row__: entity: ore-lead,,,True,node-cost:entity: ore-lead,False,False,-2.3741783665910358e-33,2.3741783618426778e-33
4302,2864,entity-build: biofactory-mk01,entity-build,biofactory-mk01,False,,False,False,-2.3721621643879658e-33,2.3721621596436399e-33
4303,2973,entity-build: py-tank-7000,entity-build,py-tank-7000,False,,False,False,-2.3679214986635984e-33,2.3679214939277539e-33
4304,1038,__pr_graph_lp_or_to_or_and__: 10285:entity-operate: py-heat-exchanger --> recipe-category: heat-exchanger__2__2:noncoproduct-route,,,True,entity-operate: py-heat-exchanger --> recipe-category: heat-exchanger__2__2,False,False,-2.352992756921758e-33,2.3529927522157711e-33
4305,1914,__pr_graph_lp_or_to_or_and__: 4068:item-craft: grade-1-ti --> item: grade-1-ti,,,True,item-craft: grade-1-ti --> item: grade-1-ti,False,False,2.3507706207044431e-33,2.3507706160029003e-33
4306,1740,__pr_graph_lp_or_to_or_and__: 3014:item-craft: heavy-armor --> item: heavy-armor,,,True,item-craft: heavy-armor --> item: heavy-armor,False,False,-2.342981559257856e-33,2.3429815545718914e-33
4307,332,__pr_graph_lp_or_cost_row__: item: acetone-barrel,,,True,node-cost:item: acetone-barrel,False,False,-2.3315385995763545e-33,2.3315385949132759e-33
4308,2966,entity-build: py-tank-1000,entity-build,py-tank-1000,False,,False,False,-2.3302707156093477e-33,2.3302707109488049e-33
4309,2770,__pr_graph_lp_or_to_or_and__: 9906:fluid-temperature: anthracene-oil: 10 --> fluid: anthracene-oil:noncoproduct-route,,,True,fluid-temperature: anthracene-oil: 10 --> fluid: anthracene-oil,False,False,-2.3275181602899624e-33,2.3275181556349245e-33
4310,1426,__pr_graph_lp_or_to_or_and__: 2003:item: py-burner --> entity-build-item: py-burner,,,True,item: py-burner --> entity-build-item: py-burner,False,False,2.3237910218131297e-33,2.3237910171655461e-33
4311,1996,__pr_graph_lp_or_to_or_and__: 4296:item-craft: retorter --> item: retorter,,,True,item-craft: retorter --> item: retorter,False,False,-2.3116778745475832e-33,2.3116778699242261e-33
4312,66,__pr_graph_lp_explicit_zero_free_source__: 2715:room-autoplace: planet: nauvis --> entity: tree-09-brown,,,True,explicit-zero:room-autoplace: planet: nauvis --> entity: tree-09-brown,False,False,-2.3090449429300419e-33,2.3090449383119506e-33
4313,1469,__pr_graph_lp_or_to_or_and__: 2288:item: py-recharge-station-mk01 --> entity-build-item: py-recharge-station-mk01,,,True,item: py-recharge-station-mk01 --> entity-build-item: py-recharge-station-mk01,False,False,-2.3056213408460323e-33,2.3056213362347881e-33
4314,1220,__pr_graph_lp_or_to_or_and__: 10521:entity-operate: offshore-pump --> tile-fluid-pump: deepwater:noncoproduct-route,,,True,entity-operate: offshore-pump --> tile-fluid-pump: deepwater,False,False,2.2977303310680276e-33,2.2977303264725654e-33
4315,4637,recipe: seaweed-pyvoid,recipe,seaweed-pyvoid,False,,True,True,2.2806978355805912e-33,2.280697831019194e-33
4316,1073,__pr_graph_lp_or_to_or_and__: 10329:entity-operate: casting-unit-mk01 --> recipe-category: casting__0__0:noncoproduct-route,,,True,entity-operate: casting-unit-mk01 --> recipe-category: casting__0__0,False,False,2.2797529013342334e-33,2.2797528967747264e-33
4317,2104,__pr_graph_lp_or_to_or_and__: 4633:item-craft: brake-mk01 --> item: brake-mk01,,,True,item-craft: brake-mk01 --> item: brake-mk01,False,False,2.2600288091922639e-33,2.260028804672205e-33
4318,2365,__pr_graph_lp_or_to_or_and__: 8800:item: gasoline-canister --> energy-source-burner: jerry__nuke_2_1,,,True,item: gasoline-canister --> energy-source-burner: jerry__nuke_2_1,False,False,2.243519361010497e-33,2.2435193565234569e-33
4319,2891,entity-build: eaf-mk01,entity-build,eaf-mk01,False,,False,False,2.2431029922923481e-33,2.2431029878061407e-33
4320,119,__pr_graph_lp_or_cost_row__: entity: clay-pit-mk01,,,True,node-cost:entity: clay-pit-mk01,False,False,2.2428192306572169e-33,2.242819226171577e-33
4321,2919,entity-build: incubator-mk01,entity-build,incubator-mk01,False,,False,False,2.2345764031618451e-33,2.2345763986926911e-33
4322,1945,__pr_graph_lp_or_to_or_and__: 4153:item-craft: smelter-mk01 --> item: smelter-mk01,,,True,item-craft: smelter-mk01 --> item: smelter-mk01,False,False,-2.2285930233357095e-33,2.2285930188785222e-33
4323,2853,entity-build: antimony-drill-mk01,entity-build,antimony-drill-mk01,False,,False,False,2.2238949575749351e-33,2.223894953127144e-33
4324,3023,entity-build: vrauks-paddock-mk01,entity-build,vrauks-paddock-mk01,False,,False,False,-2.2116591281048042e-33,2.2116591236814845e-33
4325,1191,__pr_graph_lp_or_to_or_and__: 10476:entity-operate: fish-farm-mk01 --> recipe-category: fish-farm__1__0:noncoproduct-route,,,True,entity-operate: fish-farm-mk01 --> recipe-category: fish-farm__1__0,False,False,2.1841228990101055e-33,2.1841228946418582e-33
4326,937,__pr_graph_lp_or_to_or_and__: 10157:entity-operate: distilator --> recipe-category: distilator__0__0:noncoproduct-route,,,True,entity-operate: distilator --> recipe-category: distilator__0__0,False,False,2.1774496317283085e-33,2.1774496273734078e-33
4327,1223,__pr_graph_lp_or_to_or_and__: 10524:entity-operate: offshore-pump --> tile-fluid-pump: water-green:noncoproduct-route,,,True,entity-operate: offshore-pump --> tile-fluid-pump: water-green,False,False,2.1710480589505942e-33,2.1710480546084967e-33
4328,1845,__pr_graph_lp_or_to_or_and__: 3861:item-craft: crushed-quartz --> item: crushed-quartz,,,True,item-craft: crushed-quartz --> item: crushed-quartz,False,False,2.1624521850390115e-33,2.162452180714106e-33
4329,1283,__pr_graph_lp_or_to_or_and__: 1553:item: washer --> entity-build-item: washer,,,True,item: washer --> entity-build-item: washer,False,False,-2.1622500330751362e-33,2.1622500287506347e-33
4330,1920,__pr_graph_lp_or_to_or_and__: 4084:item-craft: grade-1-copper --> item: grade-1-copper,,,True,item-craft: grade-1-copper --> item: grade-1-copper,False,False,2.1596949873369582e-33,2.1596949830175668e-33
4331,2170,__pr_graph_lp_or_to_or_and__: 6752:item: vrauks --> recipe-py-module: vrauks-mk02,,,True,item: vrauks --> recipe-py-module: vrauks-mk02,False,False,-2.1594743415770845e-33,2.1594743372581345e-33
4332,4720,recipe: sulfur-pyvoid,recipe,sulfur-pyvoid,False,,True,True,-2.1508669965228389e-33,2.1508669922211037e-33
4333,240,__pr_graph_lp_or_cost_row__: entity: py-tank-3000,,,True,node-cost:entity: py-tank-3000,False,False,-2.149896486879015e-33,2.1498964825792207e-33
4334,2540,__pr_graph_lp_or_to_or_and__: 9561:entity-build: nco-py-crane-mk1 --> entity: nco-py-crane-mk1:noncoproduct-route,,,True,entity-build: nco-py-crane-mk1 --> entity: nco-py-crane-mk1,False,False,2.1401486749631366e-33,2.1401486706828379e-33
4335,1193,__pr_graph_lp_or_to_or_and__: 10479:entity-operate: dino-dig-site --> recipe-category: dino-dig-site__0__0:noncoproduct-route,,,True,entity-operate: dino-dig-site --> recipe-category: dino-dig-site__0__0,False,False,-2.1164448757693952e-33,2.1164448715365043e-33
4336,809,__pr_graph_lp_or_cost_row__: item: waste-water-barrel,,,True,node-cost:item: waste-water-barrel,False,False,-2.0883768026289748e-33,2.0883767984522199e-33
4337,2938,entity-build: outpost-fluid,entity-build,outpost-fluid,False,,False,False,-2.0876405124693488e-33,2.0876405082940664e-33
4338,678,__pr_graph_lp_or_cost_row__: item: py-tank-3000,,,True,node-cost:item: py-tank-3000,False,False,2.0661099466058776e-33,2.0661099424736564e-33
4339,2011,__pr_graph_lp_or_to_or_and__: 4341:item-craft: sap-extractor-mk01 --> item: sap-extractor-mk01,,,True,item-craft: sap-extractor-mk01 --> item: sap-extractor-mk01,False,False,2.0646460316321747e-33,2.0646460275028813e-33
4340,1046,__pr_graph_lp_or_to_or_and__: 10297:entity-operate: scrubber-mk01 --> recipe-category: scrubber__1__1:noncoproduct-route,,,True,entity-operate: scrubber-mk01 --> recipe-category: scrubber__1__1,False,False,2.0620061088203261e-33,2.0620061046963125e-33
4341,2044,__pr_graph_lp_or_to_or_and__: 4487:item-craft: vrauks-codex --> item: vrauks-codex,,,True,item-craft: vrauks-codex --> item: vrauks-codex,False,False,2.0596194248470544e-33,2.0596194207278144e-33
4342,1019,__pr_graph_lp_or_to_or_and__: 10261:entity-operate: mixer-mk01 --> recipe-category: mixer__2__0:noncoproduct-route,,,True,entity-operate: mixer-mk01 --> recipe-category: mixer__2__0,False,False,2.0406987247282004e-33,2.0406987206468017e-33
4343,3853,recipe: caravan-pyvoid,recipe,caravan-pyvoid,False,,True,True,-2.0395535455710504e-33,2.0395535414919421e-33
4344,740,__pr_graph_lp_or_cost_row__: item: slaughterhouse-mk01,,,True,node-cost:item: slaughterhouse-mk01,False,False,-2.0387268406426594e-33,2.0387268365652045e-33
4345,1767,__pr_graph_lp_or_to_or_and__: 3113:item-craft: steam-engine --> item: steam-engine,,,True,item-craft: steam-engine --> item: steam-engine,False,False,-2.0379390482482337e-33,2.0379390441723542e-33
4346,1203,__pr_graph_lp_or_to_or_and__: 10493:entity-operate: compost-plant-mk01 --> recipe-category: compost__1__0:noncoproduct-route,,,True,entity-operate: compost-plant-mk01 --> recipe-category: compost__1__0,False,False,2.0356628972561279e-33,2.0356628931848009e-33
4347,776,__pr_graph_lp_or_cost_row__: item: tall-oil-barrel,,,True,node-cost:item: tall-oil-barrel,False,False,2.0337262735531322e-33,2.0337262694856783e-33
4348,2900,entity-build: flotation-cell-mk01,entity-build,flotation-cell-mk01,False,,False,False,2.0205565977199042e-33,2.0205565936787897e-33
4349,46,__pr_graph_lp_explicit_zero_free_source__: 2345:room-autoplace: planet: nauvis --> entity: ore-nexelit,,,True,explicit-zero:room-autoplace: planet: nauvis --> entity: ore-nexelit,False,False,2.0153509544801916e-33,2.0153509504494886e-33
4350,1906,__pr_graph_lp_or_to_or_and__: 4043:item-craft: py-burner --> item: py-burner,,,True,item-craft: py-burner --> item: py-burner,False,False,-2.0052907595136528e-33,2.0052907555030703e-33
4351,730,__pr_graph_lp_or_cost_row__: item: scrude-canister,,,True,node-cost:item: scrude-canister,False,False,2.0004789782402482e-33,2.000478974239289e-33
4352,1427,__pr_graph_lp_or_to_or_and__: 2008:item: py-sinkhole --> entity-build-item: py-sinkhole,,,True,item: py-sinkhole --> entity-build-item: py-sinkhole,False,False,-1.9985568217975169e-33,1.998556817800402e-33
4353,169,__pr_graph_lp_or_cost_row__: entity: impact-crusher-mk01,,,True,node-cost:entity: impact-crusher-mk01,False,False,1.9938287068753347e-33,1.9938287028876761e-33
4354,102,__pr_graph_lp_or_cost_row__: entity: bof-mk01,,,True,node-cost:entity: bof-mk01,False,False,1.9862796263759257e-33,1.9862796224033653e-33
4355,2556,__pr_graph_lp_or_to_or_and__: 9593:entity-build: pipe --> entity: pipe:noncoproduct-route,,,True,entity-build: pipe --> entity: pipe,False,False,1.9807385741194461e-33,1.9807385701579678e-33
4356,739,__pr_graph_lp_or_cost_row__: item: slacked-lime-barrel,,,True,node-cost:item: slacked-lime-barrel,False,False,1.9780754394807072e-33,1.9780754355245553e-33
4357,1577,__pr_graph_lp_or_to_or_and__: 2692:fluid-create-temperature: pressured-water: 10 --> fluid-create: pressured-water,,,True,fluid-create-temperature: pressured-water: 10 --> fluid-create: pressured-water,False,False,-1.9777229496081886e-33,1.9777229456527415e-33
4358,2379,__pr_graph_lp_or_to_or_and__: 8814:item: coal-gas-canister --> energy-source-burner: jerry_2_1,,,True,item: coal-gas-canister --> energy-source-burner: jerry_2_1,False,False,1.9751769501068487e-33,1.9751769461564936e-33
4359,579,__pr_graph_lp_or_cost_row__: item: medium-electric-pole,,,True,node-cost:item: medium-electric-pole,False,False,-1.9675518161019014e-33,1.9675518121667967e-33
4360,1346,__pr_graph_lp_or_to_or_and__: 1762:item: micro-mine-mk01 --> entity-build-item: micro-mine-mk01,,,True,item: micro-mine-mk01 --> entity-build-item: micro-mine-mk01,False,False,-1.9557870276418985e-33,1.9557870237303233e-33
4361,902,__pr_graph_lp_or_to_or_and__: 10119:entity-operate: chemical-plant-mk01 --> recipe-category: chemistry__1__0:noncoproduct-route,,,True,entity-operate: chemical-plant-mk01 --> recipe-category: chemistry__1__0,False,False,-1.9541892051542537e-33,1.9541892012458742e-33
4362,3454,entity-operate: steam-engine,entity-operate,steam-engine,False,,False,False,1.9516366146747684e-33,1.951636610771494e-33
4363,2016,__pr_graph_lp_or_to_or_and__: 4356:item-craft: research-center-mk01 --> item: research-center-mk01,,,True,item-craft: research-center-mk01 --> item: research-center-mk01,False,False,1.9475651761978256e-33,1.9475651723026941e-33
4364,800,__pr_graph_lp_or_cost_row__: item: vawt-turbine-mk01,,,True,node-cost:item: vawt-turbine-mk01,False,False,-1.9448275497290855e-33,1.9448275458394293e-33
4365,1860,__pr_graph_lp_or_to_or_and__: 3907:item-craft: classifier --> item: classifier,,,True,item-craft: classifier --> item: classifier,False,False,1.9412966864799822e-33,1.9412966825973875e-33
4366,480,__pr_graph_lp_or_cost_row__: item: fawogae-plantation-mk01,,,True,node-cost:item: fawogae-plantation-mk01,False,False,-1.9306778037933676e-33,1.9306777999320107e-33
4367,387,__pr_graph_lp_or_cost_row__: item: botanical-nursery,,,True,node-cost:item: botanical-nursery,False,False,-1.9296928334896443e-33,1.9296928296302575e-33
4368,1755,__pr_graph_lp_or_to_or_and__: 3078:item-craft: iron-gear-wheel --> item: iron-gear-wheel,,,True,item-craft: iron-gear-wheel --> item: iron-gear-wheel,False,False,1.9255613447955304e-33,1.9255613409444064e-33
4369,603,__pr_graph_lp_or_cost_row__: item: naphthalene-oil-barrel,,,True,node-cost:item: naphthalene-oil-barrel,False,False,-1.9243923298505412e-33,1.9243923260017553e-33
4370,2745,__pr_graph_lp_or_to_or_and__: 9872:fluid-temperature: cyanic-acid: 10 --> fluid-temperature-range: cyanic-acid: 10: 10:noncoproduct-route,,,True,fluid-temperature: cyanic-acid: 10 --> fluid-temperature-range: cyanic-acid: 10: 10,False,False,-1.9241660182367865e-33,1.9241660143884532e-33
4371,1763,__pr_graph_lp_or_to_or_and__: 3101:item-craft: long-handed-inserter --> item: long-handed-inserter,,,True,item-craft: long-handed-inserter --> item: long-handed-inserter,False,False,-1.9215369301010898e-33,1.9215369262580147e-33
4372,2577,__pr_graph_lp_or_to_or_and__: 9635:entity-build: py-tank-1500 --> entity: py-tank-1500:noncoproduct-route,,,True,entity-build: py-tank-1500 --> entity: py-tank-1500,False,False,1.9086772139833164e-33,1.9086772101659607e-33
4373,3059,entity-mine: chipshooter-mk01,entity-mine,chipshooter-mk01,False,,True,False,-1.9047072891538977e-33,1.9047072853444818e-33
4374,1236,__pr_graph_lp_or_to_or_and__: 10548:logic-and: smart-farm-kicalk-tree-recipe-kicalk-super-3 --> logic-or: smart-farm-kicalk-tree-recipe:noncoproduct-route,,,True,logic-and: smart-farm-kicalk-tree-recipe-kicalk-super-3 --> logic-or: smart-farm-kicalk-tree-recipe,False,False,1.8957368632678843e-33,1.8957368594764096e-33
4375,4559,recipe: rail-pyvoid,recipe,rail-pyvoid,False,,True,True,-1.895260254462445e-33,1.8952602506719234e-33
4376,54,__pr_graph_lp_explicit_zero_free_source__: 2655:room-autoplace: planet: nauvis --> entity: tree-02,,,True,explicit-zero:room-autoplace: planet: nauvis --> entity: tree-02,False,False,-1.8570663763247658e-33,1.8570663726106321e-33
4377,1343,__pr_graph_lp_or_to_or_and__: 1758:item: tree-mk01 --> entity-operate-py-module: fwf-mk02,,,True,item: tree-mk01 --> entity-operate-py-module: fwf-mk02,False,False,-1.8316105555172127e-33,1.8316105518539903e-33
4378,3194,entity-mine: salt-rock,entity-mine,salt-rock,False,,True,False,-1.8296320317630588e-33,1.8296320281037936e-33
4379,1035,__pr_graph_lp_or_to_or_and__: 10281:entity-operate: bio-reactor-mk01 --> recipe-category: bio-reactor__2__1:noncoproduct-route,,,True,entity-operate: bio-reactor-mk01 --> recipe-category: bio-reactor__2__1,False,False,1.8244142311562577e-33,1.824414227507428e-33
4380,511,__pr_graph_lp_or_cost_row__: item: geothermal-plant-mk01,,,True,node-cost:item: geothermal-plant-mk01,False,False,1.8208206491808032e-33,1.8208206455391607e-33
4381,2736,__pr_graph_lp_or_to_or_and__: 9860:fluid-temperature: methane: 15 --> fluid-temperature-range: methane: 15: 15:noncoproduct-route,,,True,fluid-temperature: methane: 15 --> fluid-temperature-range: methane: 15: 15,False,False,1.8185164287956406e-33,1.8185164251586067e-33
4382,2653,__pr_graph_lp_or_to_or_and__: 9751:fluid-temperature: tar: 10 --> fluid-temperature-range: tar: 10: 10:noncoproduct-route,,,True,fluid-temperature: tar: 10 --> fluid-temperature-range: tar: 10: 10,False,False,1.8120061761318314e-33,1.812006172507818e-33
4383,2442,__pr_graph_lp_or_to_or_and__: 9365:entity-build: fawogae-plantation-mk01 --> entity: fawogae-plantation-mk01:noncoproduct-route,,,True,entity-build: fawogae-plantation-mk01 --> entity: fawogae-plantation-mk01,False,False,-1.7877326301709966e-33,1.7877326265955302e-33
4384,2978,entity-build: py-ze,entity-build,py-ze,False,,False,False,-1.7802864817664662e-33,1.780286478205892e-33
4385,344,__pr_graph_lp_or_cost_row__: item: anthracene-oil-barrel,,,True,node-cost:item: anthracene-oil-barrel,False,False,-1.7629306598918767e-33,1.7629306563660145e-33
4386,224,__pr_graph_lp_or_cost_row__: entity: py-construction-robot-mk01,,,True,node-cost:entity: py-construction-robot-mk01,False,False,-1.7557810537180657e-33,1.7557810502065024e-33
4387,53,__pr_graph_lp_explicit_zero_free_source__: 2650:room-autoplace: planet: nauvis --> entity: tree-01,,,True,explicit-zero:room-autoplace: planet: nauvis --> entity: tree-01,False,False,-1.7372254096628994e-33,1.7372254061884476e-33
4388,1386,__pr_graph_lp_or_to_or_and__: 1856:item: seaweed-crop-mk01 --> entity-build-item: seaweed-crop-mk01,,,True,item: seaweed-crop-mk01 --> entity-build-item: seaweed-crop-mk01,False,False,-1.7291490326091982e-33,1.729149029150899e-33
4389,1430,__pr_graph_lp_or_to_or_and__: 2020:item: gate --> entity-build-item: gate,,,True,item: gate --> entity-build-item: gate,False,False,1.7164899680884733e-33,1.7164899646554922e-33
4390,2945,entity-build: prandium-lab-mk01,entity-build,prandium-lab-mk01,False,,False,False,1.7085122700914e-33,1.7085122666743745e-33
4391,1417,__pr_graph_lp_or_to_or_and__: 1959:item: outpost --> entity-build-item: outpost,,,True,item: outpost --> entity-build-item: outpost,False,False,-1.6998150719577964e-33,1.6998150685581652e-33
4392,2746,__pr_graph_lp_or_to_or_and__: 9874:fluid-temperature: black-liquor: 10 --> fluid: black-liquor:noncoproduct-route,,,True,fluid-temperature: black-liquor: 10 --> fluid: black-liquor,False,False,1.6951278972136083e-33,1.6951278938233514e-33
4393,1295,__pr_graph_lp_or_to_or_and__: 1581:item: ralesia --> entity-operate-py-module: ralesia-plantation-mk04,,,True,item: ralesia --> entity-operate-py-module: ralesia-plantation-mk04,False,False,-1.6950500958136135e-33,1.6950500924235123e-33
4394,1353,__pr_graph_lp_or_to_or_and__: 1784:item: vrauks --> entity-operate-py-module: vrauks-paddock-mk02,,,True,item: vrauks --> entity-operate-py-module: vrauks-paddock-mk02,False,False,-1.6816040330834343e-33,1.6816040297202252e-33
4395,924,__pr_graph_lp_or_to_or_and__: 10144:entity-operate: distilator --> recipe-category: distilator__1__2:noncoproduct-route,,,True,entity-operate: distilator --> recipe-category: distilator__1__2,False,False,-1.663881026242534e-33,1.6638810229147711e-33
4396,587,__pr_graph_lp_or_cost_row__: item: middle-oil-canister,,,True,node-cost:item: middle-oil-canister,False,False,1.6416242658731177e-33,1.6416242625898682e-33
4397,1341,__pr_graph_lp_or_to_or_and__: 1753:item: fwf-mk01 --> entity-build-item: fwf-mk01,,,True,item: fwf-mk01 --> entity-build-item: fwf-mk01,False,False,-1.6398606950557554e-33,1.6398606917760331e-33
4398,964,__pr_graph_lp_or_to_or_and__: 10189:entity-operate: quenching-tower --> recipe-category: quenching-tower__1__1:noncoproduct-route,,,True,entity-operate: quenching-tower --> recipe-category: quenching-tower__1__1,False,False,-1.6333738857208532e-33,1.6333738824541045e-33
4399,4296,recipe: lab-pyvoid,recipe,lab-pyvoid,False,,True,True,-1.6317605155104254e-33,1.6317605122469033e-33
4400,2571,__pr_graph_lp_or_to_or_and__: 9623:entity-build: vawt-turbine-mk01 --> entity: vawt-turbine-mk01:noncoproduct-route,,,True,entity-build: vawt-turbine-mk01 --> entity: vawt-turbine-mk01,False,False,-1.6303590924394431e-33,1.6303590891787239e-33
4401,2160,__pr_graph_lp_or_to_or_and__: 6726:item: vrauks --> recipe-py-module: vrauks-cocoon-1,,,True,item: vrauks --> recipe-py-module: vrauks-cocoon-1,False,False,-1.6295498460896614e-33,1.6295498428305607e-33
4402,44,__pr_graph_lp_explicit_zero_free_source__: 2337:room-autoplace: planet: nauvis --> entity: bitumen-seep,,,True,explicit-zero:room-autoplace: planet: nauvis --> entity: bitumen-seep,False,False,1.6294692704726251e-33,1.6294692672136856e-33
4403,1308,__pr_graph_lp_or_to_or_and__: 1632:item: genlab-mk01 --> entity-build-item: genlab-mk01,,,True,item: genlab-mk01 --> entity-build-item: genlab-mk01,False,False,1.5889884759846506e-33,1.5889884728066727e-33
4404,834,__pr_graph_lp_or_to_or_and__: 10013:entity-operate: atomizer-mk01 --> recipe-category: atomizer__2__1:noncoproduct-route,,,True,entity-operate: atomizer-mk01 --> recipe-category: atomizer__2__1,False,False,1.5871599061132377e-33,1.5871599029389169e-33
4405,885,__pr_graph_lp_or_to_or_and__: 10099:entity-operate: automated-factory-mk01 --> recipe-category: advanced-crafting__2__0:noncoproduct-route,,,True,entity-operate: automated-factory-mk01 --> recipe-category: advanced-crafting__2__0,False,False,-1.5839469961618489e-33,1.583946992993954e-33
4406,1425,__pr_graph_lp_or_to_or_and__: 1999:item: barrel-machine-mk01 --> entity-build-item: barrel-machine-mk01,,,True,item: barrel-machine-mk01 --> entity-build-item: barrel-machine-mk01,False,False,-1.5775165097110009e-33,1.5775165065559668e-33
4407,1998,__pr_graph_lp_or_to_or_and__: 4302:item-craft: moss-farm-mk01 --> item: moss-farm-mk01,,,True,item-craft: moss-farm-mk01 --> item: moss-farm-mk01,False,False,-1.5767299344917022e-33,1.5767299313382414e-33
4408,2185,__pr_graph_lp_or_to_or_and__: 7655:item: vrauks-mk02 --> recipe-py-module: vrauks-cocoon-5-no-water,,,True,item: vrauks-mk02 --> recipe-py-module: vrauks-cocoon-5-no-water,False,False,1.567531113332836e-33,1.5675311101977728e-33
4409,719,__pr_graph_lp_or_cost_row__: item: sap-extractor-mk01,,,True,node-cost:item: sap-extractor-mk01,False,False,1.5620167174582146e-33,1.5620167143341801e-33
4410,1589,__pr_graph_lp_or_to_or_and__: 2716:fluid-create-temperature: gasoline: 10 --> fluid-create: gasoline,,,True,fluid-create-temperature: gasoline: 10 --> fluid-create: gasoline,False,False,1.5597915807705082e-33,1.5597915776509239e-33
4411,2115,__pr_graph_lp_or_to_or_and__: 4664:item-craft: py-biomass-powerplant-mk01 --> item: py-biomass-powerplant-mk01,,,True,item-craft: py-biomass-powerplant-mk01 --> item: py-biomass-powerplant-mk01,False,False,1.5597160640672593e-33,1.5597160609478263e-33
4412,62,__pr_graph_lp_explicit_zero_free_source__: 2695:room-autoplace: planet: nauvis --> entity: tree-08,,,True,explicit-zero:room-autoplace: planet: nauvis --> entity: tree-08,False,False,-1.5585577550367856e-33,1.558557751919669e-33
4413,2473,__pr_graph_lp_or_to_or_and__: 9427:entity-build: pcb-factory-mk01 --> entity: pcb-factory-mk01:noncoproduct-route,,,True,entity-build: pcb-factory-mk01 --> entity: pcb-factory-mk01,False,False,1.5570096197759934e-33,1.5570096166619733e-33
4414,567,__pr_graph_lp_or_cost_row__: item: light-oil-barrel,,,True,node-cost:item: light-oil-barrel,False,False,1.5549994542026621e-33,1.5549994510926621e-33
4415,736,__pr_graph_lp_or_cost_row__: item: shotgun,,,True,node-cost:item: shotgun,False,False,1.5505142222610287e-33,1.5505142191599994e-33
4416,624,__pr_graph_lp_or_cost_row__: item: oxygen-barrel,,,True,node-cost:item: oxygen-barrel,False,False,-1.5473182391200557e-33,1.5473182360254184e-33
4417,1424,__pr_graph_lp_or_to_or_and__: 1994:item: steel-furnace --> entity-build-item: steel-furnace,,,True,item: steel-furnace --> entity-build-item: steel-furnace,False,False,-1.5323372860889297e-33,1.5323372830242542e-33
4418,3876,recipe: chitin-pyvoid,recipe,chitin-pyvoid,False,,True,True,-1.5172102626205616e-33,1.5172102595861401e-33
4419,1924,__pr_graph_lp_or_to_or_and__: 4098:item-craft: crushed-coal --> item: crushed-coal,,,True,item-craft: crushed-coal --> item: crushed-coal,False,False,1.5121647877494333e-33,1.5121647847251027e-33
4420,431,__pr_graph_lp_or_cost_row__: item: condensates-canister,,,True,node-cost:item: condensates-canister,False,False,1.5119170962607695e-33,1.5119170932369344e-33
4421,2489,__pr_graph_lp_or_to_or_and__: 9459:entity-build: vrauks-paddock-mk01 --> entity: vrauks-paddock-mk01:noncoproduct-route,,,True,entity-build: vrauks-paddock-mk01 --> entity: vrauks-paddock-mk01,False,False,-1.5025895162184623e-33,1.5025895132132823e-33
4422,1882,__pr_graph_lp_or_to_or_and__: 3972:item-craft: wood-fence --> item: wood-fence,,,True,item-craft: wood-fence --> item: wood-fence,False,False,1.5024154359590935e-33,1.5024154329542618e-33
4423,1011,__pr_graph_lp_or_to_or_and__: 10253:entity-operate: mixer-mk01 --> recipe-category: mixer__3__0:noncoproduct-route,,,True,entity-operate: mixer-mk01 --> recipe-category: mixer__3__0,False,False,-1.4997283059173204e-33,1.4997283029178629e-33
4424,2439,__pr_graph_lp_or_to_or_and__: 9359:entity-build: washer --> entity: washer:noncoproduct-route,,,True,entity-build: washer --> entity: washer,False,False,-1.4987935644153458e-33,1.4987935614177578e-33
4425,4166,recipe: formica-pyvoid,recipe,formica-pyvoid,False,,True,True,-1.4955664248231723e-33,1.4955664218320384e-33
4426,636,__pr_graph_lp_or_cost_row__: item: pitch-canister,,,True,node-cost:item: pitch-canister,False,False,-1.4953282639661296e-33,1.4953282609754722e-33
4427,2884,entity-build: cracker-mk01,entity-build,cracker-mk01,False,,False,False,-1.4815793468082178e-33,1.4815793438450583e-33
4428,2761,__pr_graph_lp_or_to_or_and__: 9894:fluid-temperature: polybutadiene: 10 --> fluid: polybutadiene:noncoproduct-route,,,True,fluid-temperature: polybutadiene: 10 --> fluid: polybutadiene,False,False,-1.4808010760494253e-33,1.4808010730878222e-33
4429,2002,__pr_graph_lp_or_to_or_and__: 4314:item-craft: biofactory-mk01 --> item: biofactory-mk01,,,True,item-craft: biofactory-mk01 --> item: biofactory-mk01,False,False,1.4769943371241426e-33,1.4769943341701531e-33
4430,1339,__pr_graph_lp_or_to_or_and__: 1747:item: moss --> entity-operate-py-module: moss-farm-mk04,,,True,item: moss --> entity-operate-py-module: moss-farm-mk04,False,False,-1.474777930873666e-33,1.4747779279241092e-33
4431,2936,entity-build: olefin-plant,entity-build,olefin-plant,False,,False,False,1.4678077570239356e-33,1.4678077540883192e-33
4432,2872,entity-build: caravan,entity-build,caravan,False,,False,False,-1.4656485583775929e-33,1.465648555446295e-33
4433,2257,__pr_graph_lp_or_to_or_and__: 8692:item: scrude-canister --> energy-source-burner: chemical__biomass__jerry__nuke_2_1,,,True,item: scrude-canister --> energy-source-burner: chemical__biomass__jerry__nuke_2_1,False,False,-1.4635452421446584e-33,1.4635452392175671e-33
4434,170,__pr_graph_lp_or_cost_row__: entity: incubator-mk01,,,True,node-cost:entity: incubator-mk01,False,False,-1.4628313419368396e-33,1.4628313390111761e-33
4435,1812,__pr_graph_lp_or_to_or_and__: 3310:item-craft: ash --> item: ash,,,True,item-craft: ash --> item: ash,False,False,1.4562780043539831e-33,1.4562780014414261e-33
4436,2083,__pr_graph_lp_or_to_or_and__: 4590:item-craft: sb-grade-03 --> item: sb-grade-03,,,True,item-craft: sb-grade-03 --> item: sb-grade-03,False,False,1.4516442404132782e-33,1.4516442375099888e-33
4437,918,__pr_graph_lp_or_to_or_and__: 10137:entity-operate: centrifuge-mk01 --> recipe-category: centrifuging__2__1:noncoproduct-route,,,True,entity-operate: centrifuge-mk01 --> recipe-category: centrifuging__2__1,False,False,1.4465161584647329e-33,1.4465161555716997e-33
4438,2536,__pr_graph_lp_or_to_or_and__: 9553:entity-build: steam-turbine-mk01 --> entity: steam-turbine-mk01:noncoproduct-route,,,True,entity-build: steam-turbine-mk01 --> entity: steam-turbine-mk01,False,False,1.432957189886365e-33,1.4329571870204498e-33
4439,676,__pr_graph_lp_or_cost_row__: item: py-tank-10000,,,True,node-cost:item: py-tank-10000,False,False,-1.4327302851715002e-33,1.4327302823060388e-33
4440,729,__pr_graph_lp_or_cost_row__: item: scrude-barrel,,,True,node-cost:item: scrude-barrel,False,False,-1.4326171308557202e-33,1.4326171279904851e-33
4441,1890,__pr_graph_lp_or_to_or_and__: 3996:item-craft: py-tank-3000 --> item: py-tank-3000,,,True,item-craft: py-tank-3000 --> item: py-tank-3000,False,False,-1.4244005190765877e-33,1.4244005162277858e-33
4442,23,__pr_graph_lp_explicit_zero_free_source__: 2263:room-autoplace: planet: nauvis --> entity: ore-tin,,,True,explicit-zero:room-autoplace: planet: nauvis --> entity: ore-tin,False,False,1.4135590009898694e-33,1.4135589981627506e-33
4443,1262,__pr_graph_lp_or_to_or_and__: 10600:logic-and: smart-farm-yotoi-tree-recipe-yotoi-super-1 --> logic-or: smart-farm-yotoi-tree-recipe:noncoproduct-route,,,True,logic-and: smart-farm-yotoi-tree-recipe-yotoi-super-1 --> logic-or: smart-farm-yotoi-tree-recipe,False,False,1.4117188693874474e-33,1.4117188665640088e-33
4444,2378,__pr_graph_lp_or_to_or_and__: 8813:item: light-oil-canister --> energy-source-burner: jerry_2_1,,,True,item: light-oil-canister --> energy-source-burner: jerry_2_1,False,False,-1.4047664569028202e-33,1.4047664540932864e-33
4445,635,__pr_graph_lp_or_cost_row__: item: pitch-barrel,,,True,node-cost:item: pitch-barrel,False,False,1.4014477827972117e-33,1.4014477799943153e-33
4446,2157,__pr_graph_lp_or_to_or_and__: 6606:item: cottongut-mk01 --> recipe-py-module: cottongut-mk02,,,True,item: cottongut-mk01 --> recipe-py-module: cottongut-mk02,False,False,1.3944857367146005e-33,1.3944857339256282e-33
4447,1126,__pr_graph_lp_or_to_or_and__: 10394:entity-operate: cracker-mk01 --> recipe-category: cracker__2__2:noncoproduct-route,,,True,entity-operate: cracker-mk01 --> recipe-category: cracker__2__2,False,False,1.382292791597156e-33,1.3822927888325696e-33
4448,260,__pr_graph_lp_or_cost_row__: entity: rectisol,,,True,node-cost:entity: rectisol,False,False,-1.3799326713597963e-33,1.37993266859993e-33
4449,1264,__pr_graph_lp_or_to_or_and__: 10604:logic-and: smart-farm-yotoi-tree-recipe-yotoi-super-3 --> logic-or: smart-farm-yotoi-tree-recipe:noncoproduct-route,,,True,logic-and: smart-farm-yotoi-tree-recipe-yotoi-super-3 --> logic-or: smart-farm-yotoi-tree-recipe,False,False,1.3775754511443926e-33,1.3775754483892408e-33
4450,3005,entity-build: steam-engine,entity-build,steam-engine,False,,False,False,1.3613068362382071e-33,1.3613068335155926e-33
4451,2871,entity-build: car,entity-build,car,False,,False,False,-1.3342874167847597e-33,1.3342874141161841e-33
4452,2520,__pr_graph_lp_or_to_or_and__: 9521:entity-build: py-deposit-basic --> entity: py-deposit-basic:noncoproduct-route,,,True,entity-build: py-deposit-basic --> entity: py-deposit-basic,False,False,-1.3313489754669279e-33,1.3313489728042292e-33
4453,903,__pr_graph_lp_or_to_or_and__: 10120:entity-operate: chemical-plant-mk01 --> recipe-category: chemistry__2__0:noncoproduct-route,,,True,entity-operate: chemical-plant-mk01 --> recipe-category: chemistry__2__0,False,False,1.3278994314285232e-33,1.3278994287727236e-33
4454,1676,__pr_graph_lp_or_to_or_and__: 2914:fluid-create-temperature: liquid-manure: 10 --> fluid-create: liquid-manure,,,True,fluid-create-temperature: liquid-manure: 10 --> fluid-create: liquid-manure,False,False,1.3178682582905741e-33,1.3178682556548367e-33
4455,1930,__pr_graph_lp_or_to_or_and__: 4116:item-craft: nickel-plate --> item: nickel-plate,,,True,item-craft: nickel-plate --> item: nickel-plate,False,False,-1.3170801446780717e-33,1.3170801420439106e-33
4456,2901,entity-build: fluid-drill-mk01,entity-build,fluid-drill-mk01,False,,False,False,1.3167695097180161e-33,1.3167695070844762e-33
4457,2969,entity-build: py-tank-3000,entity-build,py-tank-3000,False,,False,False,-1.3146983430230929e-33,1.3146983403936954e-33
4458,2773,__pr_graph_lp_or_to_or_and__: 9910:fluid-temperature: carbolic-oil: 10 --> fluid: carbolic-oil:noncoproduct-route,,,True,fluid-temperature: carbolic-oil: 10 --> fluid: carbolic-oil,False,False,-1.3075163391149231e-33,1.3075163364998896e-33
4459,25,__pr_graph_lp_explicit_zero_free_source__: 2275:room-autoplace: planet: nauvis --> entity: ore-zinc,,,True,explicit-zero:room-autoplace: planet: nauvis --> entity: ore-zinc,False,False,1.3055018507544668e-33,1.3055018481434623e-33
4460,123,__pr_graph_lp_or_cost_row__: entity: constant-combinator,,,True,node-cost:entity: constant-combinator,False,False,-1.300425654999418e-33,1.3004256523985659e-33
4461,2858,entity-build: auog-paddock-mk01,entity-build,auog-paddock-mk01,False,,False,False,1.2939691666080293e-33,1.2939691640200902e-33
4462,347,__pr_graph_lp_or_cost_row__: item: antimony-drill-mk01,,,True,node-cost:item: antimony-drill-mk01,False,False,1.2846405718987908e-33,1.2846405693295089e-33
4463,2580,__pr_graph_lp_or_to_or_and__: 9641:entity-build: py-tank-5000 --> entity: py-tank-5000:noncoproduct-route,,,True,entity-build: py-tank-5000 --> entity: py-tank-5000,False,False,1.2694616103179578e-33,1.2694616077790339e-33
4464,2022,__pr_graph_lp_or_to_or_and__: 4428:item-craft: fawogae-spore --> item: fawogae-spore,,,True,item-craft: fawogae-spore --> item: fawogae-spore,False,False,1.2666743428308367e-33,1.2666743402974873e-33
4465,2961,entity-build: py-recharge-station-mk01,entity-build,py-recharge-station-mk01,False,,False,False,1.2631666683706046e-33,1.2631666658442704e-33
4466,1197,__pr_graph_lp_or_to_or_and__: 10485:entity-operate: sap-extractor-mk01 --> recipe-category: sap-extractor__1__0:noncoproduct-route,,,True,entity-operate: sap-extractor-mk01 --> recipe-category: sap-extractor__1__0,False,False,-1.2473523752191669e-33,1.2473523727244614e-33
4467,922,__pr_graph_lp_or_to_or_and__: 10141:entity-operate: centrifuge-mk01 --> recipe-category: centrifuging__0__1:noncoproduct-route,,,True,entity-operate: centrifuge-mk01 --> recipe-category: centrifuging__0__1,False,False,1.2409281195130577e-33,1.2409281170312008e-33
4468,77,__pr_graph_lp_explicit_zero_free_source__: 2815:room-autoplace: planet: nauvis --> entity: biter-spawner,,,True,explicit-zero:room-autoplace: planet: nauvis --> entity: biter-spawner,False,False,-1.2321791714982311e-33,1.2321791690338721e-33
4469,1337,__pr_graph_lp_or_to_or_and__: 1745:item: moss --> entity-operate-py-module: moss-farm-mk02,,,True,item: moss --> entity-operate-py-module: moss-farm-mk02,False,False,1.1927959380476175e-33,1.1927959356620249e-33
4470,2505,__pr_graph_lp_or_to_or_and__: 9491:entity-build: py-biomass-powerplant-mk01 --> entity: py-biomass-powerplant-mk01:noncoproduct-route,,,True,entity-build: py-biomass-powerplant-mk01 --> entity: py-biomass-powerplant-mk01,False,False,-1.1913665743257741e-33,1.1913665719430402e-33
4471,104,__pr_graph_lp_or_cost_row__: entity: borax,,,True,node-cost:entity: borax,False,False,1.1829834080313621e-33,1.1829834056653945e-33
4472,83,__pr_graph_lp_or_cost_row__: entity: antimonium,,,True,node-cost:entity: antimonium,False,False,-1.1819894331000394e-33,1.1819894307360598e-33
4473,1461,__pr_graph_lp_or_to_or_and__: 2129:item: power-switch --> entity-build-item: power-switch,,,True,item: power-switch --> entity-build-item: power-switch,False,False,-1.1748141585357614e-33,1.1748141561861323e-33
4474,444,__pr_graph_lp_or_cost_row__: item: cracker-mk01,,,True,node-cost:item: cracker-mk01,False,False,1.1708094416851703e-33,1.1708094393435508e-33
4475,531,__pr_graph_lp_or_cost_row__: item: gun-turret,,,True,node-cost:item: gun-turret,False,False,-1.1707531005086302e-33,1.1707530981671233e-33
4476,2509,__pr_graph_lp_or_to_or_and__: 9499:entity-build: generator-1 --> entity: generator-1:noncoproduct-route,,,True,entity-build: generator-1 --> entity: generator-1,False,False,1.1629009952946002e-33,1.1629009929687974e-33
4477,2910,entity-build: genlab-mk01,entity-build,genlab-mk01,False,,False,False,-1.1575500638909613e-33,1.1575500615758604e-33
4478,2128,__pr_graph_lp_or_to_or_and__: 4810:item-craft: fluidavan --> item: fluidavan,,,True,item-craft: fluidavan --> item: fluidavan,False,False,1.1562137515754399e-33,1.1562137492630118e-33
4479,2124,__pr_graph_lp_or_to_or_and__: 4798:item-craft: locomotive --> item: locomotive,,,True,item-craft: locomotive --> item: locomotive,False,False,1.1123339393228491e-33,1.1123339370981806e-33
4480,1389,__pr_graph_lp_or_to_or_and__: 1862:item: seaweed --> entity-operate-py-module: seaweed-crop-mk03,,,True,item: seaweed --> entity-operate-py-module: seaweed-crop-mk03,False,False,1.0948351604017022e-33,1.0948351582120312e-33
4481,1371,__pr_graph_lp_or_to_or_and__: 1820:item: fish --> entity-operate-py-module: fish-farm-mk04,,,True,item: fish --> entity-operate-py-module: fish-farm-mk04,False,False,1.094099398292298e-33,1.0940993961040986e-33
4482,2607,__pr_graph_lp_or_to_or_and__: 9690:fluid-temperature: water: 100 --> fluid-temperature-range: water: nil: 101:noncoproduct-route,,,True,fluid-temperature: water: 100 --> fluid-temperature-range: water: nil: 101,False,False,1.0788596671986231e-33,1.0788596650409032e-33
4483,529,__pr_graph_lp_or_cost_row__: item: grenade,,,True,node-cost:item: grenade,False,False,1.0787835306239056e-33,1.0787835284663379e-33
4484,253,__pr_graph_lp_or_cost_row__: entity: radar,,,True,node-cost:entity: radar,False,False,-1.0773005902872412e-33,1.0773005881326395e-33
4485,1084,__pr_graph_lp_or_to_or_and__: 10342:entity-operate: smelter-mk01 --> recipe-category: py-rawores-smelter__3__1:noncoproduct-route,,,True,entity-operate: smelter-mk01 --> recipe-category: py-rawores-smelter__3__1,False,False,-1.0767694764392173e-33,1.0767694742856777e-33
4486,1900,__pr_graph_lp_or_to_or_and__: 4025:item-craft: py-local-radar --> item: py-local-radar,,,True,item-craft: py-local-radar --> item: py-local-radar,False,False,1.0764070963069917e-33,1.0764070941541768e-33
4487,1744,__pr_graph_lp_or_to_or_and__: 3024:item-craft: shotgun --> item: shotgun,,,True,item-craft: shotgun --> item: shotgun,False,False,-1.0663728484962548e-33,1.0663728463635085e-33
4488,803,__pr_graph_lp_or_cost_row__: item: vrauks-codex,,,True,node-cost:item: vrauks-codex,False,False,-1.0653575523590818e-33,1.0653575502283661e-33
4489,2447,__pr_graph_lp_or_to_or_and__: 9375:entity-build: botanical-nursery --> entity: botanical-nursery:noncoproduct-route,,,True,entity-build: botanical-nursery --> entity: botanical-nursery,False,False,-1.0606909354319386e-33,1.0606909333105561e-33
4490,2892,entity-build: electric-mining-drill,entity-build,electric-mining-drill,False,,False,False,1.0503418056500203e-33,1.0503418035493361e-33
4491,2935,entity-build: oil-boiler-mk01,entity-build,oil-boiler-mk01,False,,False,False,-1.0413549381728198e-33,1.0413549360901093e-33
4492,1237,__pr_graph_lp_or_to_or_and__: 10550:logic-and: smart-farm-kicalk-tree-recipe-kicalk-super-4 --> logic-or: smart-farm-kicalk-tree-recipe:noncoproduct-route,,,True,logic-and: smart-farm-kicalk-tree-recipe-kicalk-super-4 --> logic-or: smart-farm-kicalk-tree-recipe,False,False,-1.0274050328288205e-33,1.0274050307740098e-33
4493,98,__pr_graph_lp_or_cost_row__: entity: bio-reactor-mk01,,,True,node-cost:entity: bio-reactor-mk01,False,False,-1.0272013183500248e-33,1.0272013162956215e-33
4494,2514,__pr_graph_lp_or_to_or_and__: 9509:entity-build: wooden-chest --> entity: wooden-chest:noncoproduct-route,,,True,entity-build: wooden-chest --> entity: wooden-chest,False,False,1.0207067060346525e-33,1.0207067039932384e-33
4495,764,__pr_graph_lp_or_cost_row__: item: stone-wall,,,True,node-cost:item: stone-wall,False,False,1.0089346475688647e-33,1.0089346455509947e-33
4496,1773,__pr_graph_lp_or_to_or_and__: 3132:item-craft: assembling-machine-2 --> item: assembling-machine-2,,,True,item-craft: assembling-machine-2 --> item: assembling-machine-2,False,False,1.0015814589244381e-33,1.0015814569212746e-33
4497,1071,__pr_graph_lp_or_to_or_and__: 10327:entity-operate: casting-unit-mk01 --> recipe-category: casting__1__0:noncoproduct-route,,,True,entity-operate: casting-unit-mk01 --> recipe-category: casting__1__0,False,False,-9.9679060772458843e-34,9.9679060573100667e-34
4498,1265,__pr_graph_lp_or_to_or_and__: 10606:logic-and: smart-farm-yotoi-tree-recipe-yotoi-super-4 --> logic-or: smart-farm-yotoi-tree-recipe:noncoproduct-route,,,True,logic-and: smart-farm-yotoi-tree-recipe-yotoi-super-4 --> logic-or: smart-farm-yotoi-tree-recipe,False,False,9.7235489181763755e-34,9.723548898729271e-34
4499,11,__pr_graph_lp_explicit_zero_free_source__: 2208:room-autoplace: planet: nauvis --> entity: uranium-ore,,,True,explicit-zero:room-autoplace: planet: nauvis --> entity: uranium-ore,False,False,-9.6482392727682979e-34,9.6482392534718143e-34
4500,562,__pr_graph_lp_or_cost_row__: item: latex,,,True,node-cost:item: latex,False,False,9.4699267707859492e-34,9.4699267518460902e-34
4501,2925,entity-build: long-handed-inserter,entity-build,long-handed-inserter,False,,False,False,-9.4506780582198267e-34,9.450678039318464e-34
4502,1225,__pr_graph_lp_or_to_or_and__: 10526:entity-operate: offshore-pump --> tile-fluid-pump: water-mud:noncoproduct-route,,,True,entity-operate: offshore-pump --> tile-fluid-pump: water-mud,False,False,-9.4350432028205328e-34,9.435043183950441e-34
4503,2530,__pr_graph_lp_or_to_or_and__: 9541:entity-build: py-burner --> entity: py-burner:noncoproduct-route,,,True,entity-build: py-burner --> entity: py-burner,False,False,-9.3591005513990138e-34,9.3591005326808069e-34
4504,1160,__pr_graph_lp_or_to_or_and__: 10437:entity-operate: seaweed-crop-mk01 --> recipe-category: seaweed__0__0:noncoproduct-route,,,True,entity-operate: seaweed-crop-mk01 --> recipe-category: seaweed__0__0,False,False,-9.3323186659090933e-34,9.3323186472444495e-34
4505,230,__pr_graph_lp_or_cost_row__: entity: py-oil-powerplant-mk01,,,True,node-cost:entity: py-oil-powerplant-mk01,False,False,-9.297674539168489e-34,9.2976745205731336e-34
4506,681,__pr_graph_lp_or_cost_row__: item: py-tank-6500,,,True,node-cost:item: py-tank-6500,False,False,-9.2419116357880135e-34,9.2419116173041854e-34
4507,2441,__pr_graph_lp_or_to_or_and__: 9363:entity-build: advanced-foundry-mk01 --> entity: advanced-foundry-mk01:noncoproduct-route,,,True,entity-build: advanced-foundry-mk01 --> entity: advanced-foundry-mk01,False,False,9.2247377701263241e-34,9.2247377516768425e-34
4508,1949,__pr_graph_lp_or_to_or_and__: 4165:item-craft: impact-crusher-mk01 --> item: impact-crusher-mk01,,,True,item-craft: impact-crusher-mk01 --> item: impact-crusher-mk01,False,False,9.1591277362348195e-34,9.1591277179165591e-34
4509,3013,entity-build: straight-rail,entity-build,straight-rail,False,,False,False,9.1272587626285214e-34,9.1272587443739986e-34
4510,1481,__pr_graph_lp_or_to_or_and__: 2345:item: py-tank-3000 --> entity-build-item: py-tank-3000,,,True,item: py-tank-3000 --> entity-build-item: py-tank-3000,False,False,-9.0403055766388454e-34,9.0403055585582293e-34
4511,20,__pr_graph_lp_explicit_zero_free_source__: 2245:room-autoplace: planet: nauvis --> entity: ore-chromium,,,True,explicit-zero:room-autoplace: planet: nauvis --> entity: ore-chromium,False,False,8.977513722987441e-34,8.9775137050324081e-34
4512,1168,__pr_graph_lp_or_to_or_and__: 10446:entity-operate: biofactory-mk01 --> recipe-category: biofactory__3__1:noncoproduct-route,,,True,entity-operate: biofactory-mk01 --> recipe-category: biofactory__3__1,False,False,-8.9307726332991143e-34,8.930772615437564e-34
4513,214,__pr_graph_lp_or_cost_row__: entity: poorman-wood-fence,,,True,node-cost:entity: poorman-wood-fence,False,False,8.8600240655602818e-34,8.8600240478402281e-34
4514,1907,__pr_graph_lp_or_to_or_and__: 4046:item-craft: py-sinkhole --> item: py-sinkhole,,,True,item-craft: py-sinkhole --> item: py-sinkhole,False,False,8.8330906209966698e-34,8.8330906033304837e-34
4515,2496,__pr_graph_lp_or_to_or_and__: 9473:entity-build: pyphoon-bay --> entity: pyphoon-bay:noncoproduct-route,,,True,entity-build: pyphoon-bay --> entity: pyphoon-bay,False,False,8.8174112544288364e-34,8.8174112367940084e-34
4516,328,__pr_graph_lp_or_cost_row__: entity: wooden-chest,,,True,node-cost:entity: wooden-chest,False,False,8.7867394988144459e-34,8.7867394812409623e-34
4517,2180,__pr_graph_lp_or_to_or_and__: 7650:item: vrauks --> recipe-py-module: vrauks-cocoon-3-no-water,,,True,item: vrauks --> recipe-py-module: vrauks-cocoon-3-no-water,False,False,8.7676925813256136e-34,8.7676925637902227e-34
4518,1847,__pr_graph_lp_or_to_or_and__: 3868:item-craft: distilator --> item: distilator,,,True,item-craft: distilator --> item: distilator,False,False,-8.6078297609235446e-34,8.6078297437078796e-34
4519,2893,entity-build: electrolyzer-mk01,entity-build,electrolyzer-mk01,False,,False,False,8.5285268800620205e-34,8.5285268630049612e-34
4520,1456,__pr_graph_lp_or_to_or_and__: 2108:item: geothermal-plant-mk01 --> entity-build-item: geothermal-plant-mk01,,,True,item: geothermal-plant-mk01 --> entity-build-item: geothermal-plant-mk01,False,False,-8.5282870837063865e-34,8.5282870666498079e-34
4521,1375,__pr_graph_lp_or_to_or_and__: 1828:item: sap-tree --> entity-operate-py-module: sap-extractor-mk03,,,True,item: sap-tree --> entity-operate-py-module: sap-extractor-mk03,False,False,8.2846305178152644e-34,8.284630501245998e-34
4522,2695,__pr_graph_lp_or_to_or_and__: 9807:fluid-temperature: pressured-air: 15 --> fluid-temperature-range: pressured-air: 15: 15:noncoproduct-route,,,True,fluid-temperature: pressured-air: 15 --> fluid-temperature-range: pressured-air: 15: 15,False,False,-8.2519956922185955e-34,8.2519956757145993e-34
4523,174,__pr_graph_lp_or_cost_row__: entity: iron-rock,,,True,node-cost:entity: iron-rock,False,False,8.1684427938695449e-34,8.1684427775326542e-34
4524,1859,__pr_graph_lp_or_to_or_and__: 3904:item-craft: washer --> item: washer,,,True,item-craft: washer --> item: washer,False,False,8.1363210403043822e-34,8.1363210240317354e-34
4525,84,__pr_graph_lp_or_cost_row__: entity: antimony-drill-mk01,,,True,node-cost:entity: antimony-drill-mk01,False,False,-8.0958045335317436e-34,8.0958045173401298e-34
4526,1458,__pr_graph_lp_or_to_or_and__: 2117:item: offshore-pump --> entity-build-item: offshore-pump,,,True,item: offshore-pump --> entity-build-item: offshore-pump,False,False,8.0466586056981558e-34,8.0466585896048331e-34
4527,1345,__pr_graph_lp_or_to_or_and__: 1760:item: tree-mk01 --> entity-operate-py-module: fwf-mk04,,,True,item: tree-mk01 --> entity-operate-py-module: fwf-mk04,False,False,-8.0415578787822015e-34,8.0415578626990806e-34
4528,2017,__pr_graph_lp_or_to_or_and__: 4359:item-craft: compost-plant-mk01 --> item: compost-plant-mk01,,,True,item-craft: compost-plant-mk01 --> item: compost-plant-mk01,False,False,8.027329474240338e-34,8.0273294581856741e-34
4529,959,__pr_graph_lp_or_to_or_and__: 10183:entity-operate: hpf --> recipe-category: hpf__0__1:noncoproduct-route,,,True,entity-operate: hpf --> recipe-category: hpf__0__1,False,False,-7.9699824284358462e-34,7.969982412495876e-34
4530,358,__pr_graph_lp_or_cost_row__: item: auog-paddock-mk01,,,True,node-cost:item: auog-paddock-mk01,False,False,-7.9544900774554733e-34,7.9544900615464884e-34
4531,1118,__pr_graph_lp_or_to_or_and__: 10385:entity-operate: upgrader-mk01 --> recipe-category: upgrader__2__0:noncoproduct-route,,,True,entity-operate: upgrader-mk01 --> recipe-category: upgrader__2__0,False,False,7.8824133193608656e-34,7.8824133035960338e-34
4532,2034,__pr_graph_lp_or_to_or_and__: 4454:item-craft: plasmids --> item: plasmids,,,True,item-craft: plasmids --> item: plasmids,False,False,-7.8508474303706334e-34,7.8508474146689335e-34
4533,2112,__pr_graph_lp_or_to_or_and__: 4655:item-craft: tidal-mk01 --> item: tidal-mk01,,,True,item-craft: tidal-mk01 --> item: tidal-mk01,False,False,-7.7534213715685272e-34,7.75342135606168e-34
4534,2527,__pr_graph_lp_or_to_or_and__: 9535:entity-build: stone-furnace --> entity: stone-furnace:noncoproduct-route,,,True,entity-build: stone-furnace --> entity: stone-furnace,False,False,7.6368589740045677e-34,7.6368589587308455e-34
4535,1947,__pr_graph_lp_or_to_or_and__: 4159:item-craft: flotation-cell-mk01 --> item: flotation-cell-mk01,,,True,item-craft: flotation-cell-mk01 --> item: flotation-cell-mk01,False,False,-7.6073995000148873e-34,7.6073994848000839e-34
4536,683,__pr_graph_lp_or_cost_row__: item: py-tank-8000,,,True,node-cost:item: py-tank-8000,False,False,-7.5831579848272903e-34,7.5831579696609696e-34
4537,1307,__pr_graph_lp_or_to_or_and__: 1628:item: secondary-crusher-mk01 --> entity-build-item: secondary-crusher-mk01,,,True,item: secondary-crusher-mk01 --> entity-build-item: secondary-crusher-mk01,False,False,7.5647488814557842e-34,7.5647488663262818e-34
4538,6,__pr_graph_lp_explicit_zero_free_source__: 1613:room-autoplace: planet: nauvis --> entity: fish,,,True,explicit-zero:room-autoplace: planet: nauvis --> entity: fish,False,False,7.5134342927080948e-34,7.5134342776812214e-34
4539,4366,recipe: moondrop-codex-pyvoid,recipe,moondrop-codex-pyvoid,False,,True,True,-7.3447261431823929e-34,7.3447261284929363e-34
4540,348,__pr_graph_lp_or_cost_row__: item: arithmetic-combinator,,,True,node-cost:item: arithmetic-combinator,False,False,-7.2400732171160416e-34,7.240073202635891e-34
4541,2030,__pr_graph_lp_or_to_or_and__: 4445:item-craft: bio-container --> item: bio-container,,,True,item-craft: bio-container --> item: bio-container,False,False,7.0590141477284549e-34,7.0590141336104224e-34
4542,598,__pr_graph_lp_or_cost_row__: item: moss-gen,,,True,node-cost:item: moss-gen,False,False,7.0400757585088243e-34,7.0400757444286682e-34
4543,47,__pr_graph_lp_explicit_zero_free_source__: 2348:room-autoplace: planet: nauvis --> entity: geothermal-crack,,,True,explicit-zero:room-autoplace: planet: nauvis --> entity: geothermal-crack,False,False,7.0311684652310901e-34,7.0311684511687487e-34
4544,946,__pr_graph_lp_or_to_or_and__: 10168:entity-operate: gasifier --> recipe-category: gasifier__2__2:noncoproduct-route,,,True,entity-operate: gasifier --> recipe-category: gasifier__2__2,False,False,-6.8633984870417435e-34,6.8633984733149423e-34
4545,2566,__pr_graph_lp_or_to_or_and__: 9613:entity-build: py-recharge-station-mk01 --> entity: py-recharge-station-mk01:noncoproduct-route,,,True,entity-build: py-recharge-station-mk01 --> entity: py-recharge-station-mk01,False,False,-6.7341749609104376e-34,6.7341749474420837e-34
4546,1478,__pr_graph_lp_or_to_or_and__: 2333:item: tailings-pond --> entity-build-item: tailings-pond,,,True,item: tailings-pond --> entity-build-item: tailings-pond,False,False,6.7199719709456476e-34,6.7199719575056994e-34
4547,453,__pr_graph_lp_or_cost_row__: item: depolymerized-organics-barrel,,,True,node-cost:item: depolymerized-organics-barrel,False,False,-6.6798185135326159e-34,6.6798185001729747e-34
4548,2312,__pr_graph_lp_or_to_or_and__: 8747:item: meat --> energy-source-burner: dingrit-food_2_0,,,True,item: meat --> energy-source-burner: dingrit-food_2_0,False,False,6.674796784583594e-34,6.6747967712339964e-34
4549,1441,__pr_graph_lp_or_to_or_and__: 2045:item: long-handed-inserter --> entity-build-item: long-handed-inserter,,,True,item: long-handed-inserter --> entity-build-item: long-handed-inserter,False,False,-6.6227704950198952e-34,6.6227704817743498e-34
4550,2424,__pr_graph_lp_or_to_or_and__: 9243:entity-build: gun-turret --> entity: gun-turret:noncoproduct-route,,,True,entity-build: gun-turret --> entity: gun-turret,False,False,6.5297935211797857e-34,6.5297935081201946e-34
4551,15,__pr_graph_lp_explicit_zero_free_source__: 2223:room-autoplace: planet: nauvis --> entity: volcanic-pipe,,,True,explicit-zero:room-autoplace: planet: nauvis --> entity: volcanic-pipe,False,False,-6.4817649274639532e-34,6.4817649145004191e-34
4552,2419,__pr_graph_lp_or_to_or_and__: 9033:entity-build: accumulator --> entity: accumulator:noncoproduct-route,,,True,entity-build: accumulator --> entity: accumulator,False,False,6.4670857492203744e-34,6.4670857362861989e-34
4553,2045,__pr_graph_lp_or_to_or_and__: 4489:item-craft: ralesia-codex --> item: ralesia-codex,,,True,item-craft: ralesia-codex --> item: ralesia-codex,False,False,6.3765674176221443e-34,6.376567404869006e-34
4554,1640,__pr_graph_lp_or_to_or_and__: 2828:fluid-create-temperature: blood: 10 --> fluid-create: blood,,,True,fluid-create-temperature: blood: 10 --> fluid-create: blood,False,False,-6.3303693947377125e-34,6.3303693820769698e-34
4555,2680,__pr_graph_lp_or_to_or_and__: 9787:fluid-temperature: molten-glass: 10 --> fluid-temperature-range: molten-glass: 10: 10:noncoproduct-route,,,True,fluid-temperature: molten-glass: 10 --> fluid-temperature-range: molten-glass: 10: 10,False,False,6.2478820859808068e-34,6.247882073485039e-34
4556,1224,__pr_graph_lp_or_to_or_and__: 10525:entity-operate: offshore-pump --> tile-fluid-pump: water-shallow:noncoproduct-route,,,True,entity-operate: offshore-pump --> tile-fluid-pump: water-shallow,False,False,6.2265472571434082e-34,6.2265472446903098e-34
4557,1257,__pr_graph_lp_or_to_or_and__: 10590:logic-and: smart-farm-yotoi-tree-fruit-recipe-yotoi-fruit-super-1 --> logic-or: smart-farm-yotoi-tree-fruit-recipe:noncoproduct-route,,,True,logic-and: smart-farm-yotoi-tree-fruit-recipe-yotoi-fruit-super-1 --> logic-or: smart-farm-yotoi-tree-fruit-recipe,False,False,6.2035843589551396e-34,6.2035843465479674e-34
4558,420,__pr_graph_lp_or_cost_row__: item: coal-dust,,,True,node-cost:item: coal-dust,False,False,-6.148960305977052e-34,6.1489602936791278e-34
4559,2907,entity-build: gasifier,entity-build,gasifier,False,,False,False,-6.1237558201319945e-34,6.1237558078844792e-34
4560,1915,__pr_graph_lp_or_to_or_and__: 4071:item-craft: grade-2-ti --> item: grade-2-ti,,,True,item-craft: grade-2-ti --> item: grade-2-ti,False,False,-6.0126185172637465e-34,6.0126185052385059e-34
4561,1213,__pr_graph_lp_or_to_or_and__: 10508:entity-operate: borax-mine --> resource-category: borax__1__0:noncoproduct-route,,,True,entity-operate: borax-mine --> resource-category: borax__1__0,False,False,-5.9634175367520057e-34,5.9634175248251674e-34
4562,3000,entity-build: smelter-mk01,entity-build,smelter-mk01,False,,False,False,5.9451966857963727e-34,5.9451966739059755e-34
4563,1263,__pr_graph_lp_or_to_or_and__: 10602:logic-and: smart-farm-yotoi-tree-recipe-yotoi-super-2 --> logic-or: smart-farm-yotoi-tree-recipe:noncoproduct-route,,,True,logic-and: smart-farm-yotoi-tree-recipe-yotoi-super-2 --> logic-or: smart-farm-yotoi-tree-recipe,False,False,5.9030953265849437e-34,5.9030953147787492e-34
4564,2570,__pr_graph_lp_or_to_or_and__: 9621:entity-build: hawt-turbine-mk01 --> entity: hawt-turbine-mk01:noncoproduct-route,,,True,entity-build: hawt-turbine-mk01 --> entity: hawt-turbine-mk01,False,False,5.8992987035215316e-34,5.8992986917229304e-34
4565,2968,entity-build: py-tank-1500,entity-build,py-tank-1500,False,,False,False,-5.8812530093238855e-34,5.8812529975613756e-34
4566,1989,__pr_graph_lp_or_to_or_and__: 4275:item-craft: upgrader-mk01 --> item: upgrader-mk01,,,True,item-craft: upgrader-mk01 --> item: upgrader-mk01,False,False,-5.8676967844964639e-34,5.8676967727610665e-34
4567,7,__pr_graph_lp_explicit_zero_free_source__: 1618:room-autoplace: planet: nauvis --> entity: seaweed,,,True,explicit-zero:room-autoplace: planet: nauvis --> entity: seaweed,False,False,5.7977680845716719e-34,5.7977680729761323e-34
4568,1875,__pr_graph_lp_or_to_or_and__: 3951:item-craft: mixer-mk01 --> item: mixer-mk01,,,True,item-craft: mixer-mk01 --> item: mixer-mk01,False,False,-5.7604130400530087e-34,5.7604130285321791e-34
4569,1608,__pr_graph_lp_or_to_or_and__: 2762:fluid-create-temperature: coke-oven-gas: 250 --> fluid-create: coke-oven-gas,,,True,fluid-create-temperature: coke-oven-gas: 250 --> fluid-create: coke-oven-gas,False,False,5.74038125123522e-34,5.7403812397544537e-34
4570,2880,entity-build: compost-plant-mk01,entity-build,compost-plant-mk01,False,,False,False,-5.6800142069649358e-34,5.6800141956049041e-34
4571,2567,__pr_graph_lp_or_to_or_and__: 9615:entity-build: py-ze --> entity: py-ze:noncoproduct-route,,,True,entity-build: py-ze --> entity: py-ze,False,False,5.6502348255670801e-34,5.650234814266607e-34
4572,243,__pr_graph_lp_or_cost_row__: entity: py-tank-6500,,,True,node-cost:entity: py-tank-6500,False,False,-5.6144182986403072e-34,5.6144182874114676e-34
4573,2912,entity-build: glassworks-mk01,entity-build,glassworks-mk01,False,,False,False,-5.5752612704214207e-34,5.5752612592708944e-34
4574,4775,recipe: used-auog-pyvoid,recipe,used-auog-pyvoid,False,,True,True,-5.5393383036830191e-34,5.5393382926043392e-34
4575,2972,entity-build: py-tank-6500,entity-build,py-tank-6500,False,,False,False,5.4925114132072749e-34,5.4925114022222487e-34
4576,373,__pr_graph_lp_or_cost_row__: item: biofactory-mk01,,,True,node-cost:item: biofactory-mk01,False,False,-5.4610203944427885e-34,5.4610203835207447e-34
4577,499,__pr_graph_lp_or_cost_row__: item: fluidavan,,,True,node-cost:item: fluidavan,False,False,-5.2678015650281378e-34,5.2678015544925312e-34
4578,2457,__pr_graph_lp_or_to_or_and__: 9395:entity-build: bio-reactor-mk01 --> entity: bio-reactor-mk01:noncoproduct-route,,,True,entity-build: bio-reactor-mk01 --> entity: bio-reactor-mk01,False,False,5.1269576183534928e-34,5.1269576080995743e-34
4579,1381,__pr_graph_lp_or_to_or_and__: 1841:item: cottongut-mk01 --> entity-operate-py-module: prandium-lab-mk03,,,True,item: cottongut-mk01 --> entity-operate-py-module: prandium-lab-mk03,False,False,5.1249374520026894e-34,5.1249374417528112e-34
4580,985,__pr_graph_lp_or_to_or_and__: 10219:entity-operate: ralesia-plantation-mk01 --> recipe-category: ralesia__2__0:noncoproduct-route,,,True,entity-operate: ralesia-plantation-mk01 --> recipe-category: ralesia__2__0,False,False,5.0314188883471124e-34,5.0314188782842713e-34
4581,42,__pr_graph_lp_explicit_zero_free_source__: 2331:room-autoplace: planet: nauvis --> entity: oil-sand,,,True,explicit-zero:room-autoplace: planet: nauvis --> entity: oil-sand,False,False,-5.0211912333099559e-34,5.0211912232675706e-34
4582,4622,recipe: sb-grade-02-pyvoid,recipe,sb-grade-02-pyvoid,False,,True,True,-5.0115410837130969e-34,5.011541073690012e-34
4583,1792,__pr_graph_lp_or_to_or_and__: 3183:item-craft: landfill --> item: landfill,,,True,item-craft: landfill --> item: landfill,False,False,-4.8293979341389368e-34,4.8293979244801382e-34
4584,1419,__pr_graph_lp_or_to_or_and__: 1967:item: display-panel --> entity-build-item: display-panel,,,True,item: display-panel --> entity-build-item: display-panel,False,False,4.7603761339506561e-34,4.7603761244299013e-34
4585,1320,__pr_graph_lp_or_to_or_and__: 1682:item: clay-pit-mk01 --> entity-build-item: clay-pit-mk01,,,True,item: clay-pit-mk01 --> entity-build-item: clay-pit-mk01,False,False,4.7452878601687381e-34,4.7452878506781595e-34
4586,1330,__pr_graph_lp_or_to_or_and__: 1720:item: cracker-mk01 --> entity-build-item: cracker-mk01,,,True,item: cracker-mk01 --> entity-build-item: cracker-mk01,False,False,4.7266106854363487e-34,4.7266106759831246e-34
4587,22,__pr_graph_lp_explicit_zero_free_source__: 2257:room-autoplace: planet: nauvis --> entity: ore-nickel,,,True,explicit-zero:room-autoplace: planet: nauvis --> entity: ore-nickel,False,False,-4.721854870520964e-34,4.7218548610772515e-34
4588,2006,__pr_graph_lp_or_to_or_and__: 4326:item-craft: slaughterhouse-mk01 --> item: slaughterhouse-mk01,,,True,item-craft: slaughterhouse-mk01 --> item: slaughterhouse-mk01,False,False,-4.7052316841187004e-34,4.7052316747082346e-34
4589,1972,__pr_graph_lp_or_to_or_and__: 4229:item-craft: fertilizer --> item: fertilizer,,,True,item-craft: fertilizer --> item: fertilizer,False,False,4.6682579974304973e-34,4.6682579880939785e-34
4590,267,__pr_graph_lp_or_cost_row__: entity: salt-mine,,,True,node-cost:entity: salt-mine,False,False,-4.5452232392751469e-34,4.5452232301846978e-34
4591,1869,__pr_graph_lp_or_to_or_and__: 3934:item-craft: wpu-mk01 --> item: wpu-mk01,,,True,item-craft: wpu-mk01 --> item: wpu-mk01,False,False,-4.5130714956479306e-34,4.5130714866217852e-34
4592,2538,__pr_graph_lp_or_to_or_and__: 9557:entity-build: long-handed-inserter --> entity: long-handed-inserter:noncoproduct-route,,,True,entity-build: long-handed-inserter --> entity: long-handed-inserter,False,False,-4.510761291747465e-34,4.5107612827259399e-34
4593,1010,__pr_graph_lp_or_to_or_and__: 10252:entity-operate: mixer-mk01 --> recipe-category: mixer__2__1:noncoproduct-route,,,True,entity-operate: mixer-mk01 --> recipe-category: mixer__2__1,False,False,4.4224061310908322e-34,4.4224061222460175e-34
4594,626,__pr_graph_lp_or_cost_row__: item: pcb-factory-mk01,,,True,node-cost:item: pcb-factory-mk01,False,False,4.3611813062245221e-34,4.3611812975021568e-34
4595,2941,entity-build: pipe-to-ground,entity-build,pipe-to-ground,False,,False,False,-4.0186014464135043e-34,4.018601438376299e-34
4596,1477,__pr_graph_lp_or_to_or_and__: 2329:item: storage-tank --> entity-build-item: storage-tank,,,True,item: storage-tank --> entity-build-item: storage-tank,False,False,3.9018386602802058e-34,3.9018386524765257e-34
4597,303,__pr_graph_lp_or_cost_row__: entity: tree-01,,,True,node-cost:entity: tree-01,False,False,-3.8970964458960879e-34,3.8970964381018929e-34
4598,1380,__pr_graph_lp_or_to_or_and__: 1840:item: cottongut-mk01 --> entity-operate-py-module: prandium-lab-mk02,,,True,item: cottongut-mk01 --> entity-operate-py-module: prandium-lab-mk02,False,False,3.8182209449079552e-34,3.818220937271511e-34
4599,1338,__pr_graph_lp_or_to_or_and__: 1746:item: moss --> entity-operate-py-module: moss-farm-mk03,,,True,item: moss --> entity-operate-py-module: moss-farm-mk03,False,False,-3.7787151370641055e-34,3.778715129506673e-34
4600,1513,__pr_graph_lp_or_to_or_and__: 2527:fluid-create-temperature: steam: 500 --> fluid-create: steam,,,True,fluid-create-temperature: steam: 500 --> fluid-create: steam,False,False,-3.7651007610592234e-34,3.7651007535290198e-34
4601,2452,__pr_graph_lp_or_to_or_and__: 9385:entity-build: plankton-farm --> entity: plankton-farm:noncoproduct-route,,,True,entity-build: plankton-farm --> entity: plankton-farm,False,False,-3.6607069153961125e-34,3.6607069080746966e-34
4602,29,__pr_graph_lp_explicit_zero_free_source__: 2290:room-autoplace: planet: nauvis --> entity: copper-rock,,,True,explicit-zero:room-autoplace: planet: nauvis --> entity: copper-rock,False,False,-3.6479952804772501e-34,3.6479952731812572e-34
4603,2050,__pr_graph_lp_or_to_or_and__: 4499:item-craft: caged-auog --> item: caged-auog,,,True,item-craft: caged-auog --> item: caged-auog,False,False,3.6268206443707952e-34,3.6268206371171516e-34
4604,461,__pr_graph_lp_or_cost_row__: item: eaf-mk01,,,True,node-cost:item: eaf-mk01,False,False,3.5964041559543233e-34,3.5964041487615128e-34
4605,2569,__pr_graph_lp_or_to_or_and__: 9619:entity-build: tidal-mk01 --> entity: tidal-mk01:noncoproduct-route,,,True,entity-build: tidal-mk01 --> entity: tidal-mk01,False,False,-3.581812344712208e-34,3.5818123375485811e-34
4606,4529,recipe: py-tank-1500-pyvoid,recipe,py-tank-1500-pyvoid,False,,True,True,-3.5476978754781743e-34,3.5476978683827764e-34
4607,794,__pr_graph_lp_or_cost_row__: item: used-auog,,,True,node-cost:item: used-auog,False,False,3.3984660430648804e-34,3.3984660362679461e-34
4608,1497,__pr_graph_lp_or_to_or_and__: 2477:item: aerial-blimp-mk01 --> entity-build-item: aerial-blimp-mk01,,,True,item: aerial-blimp-mk01 --> entity-build-item: aerial-blimp-mk01,False,False,-3.2932325774926333e-34,3.2932325709061661e-34
4609,2026,__pr_graph_lp_or_to_or_and__: 4437:item-craft: petri-dish --> item: petri-dish,,,True,item-craft: petri-dish --> item: petri-dish,False,False,-3.2565299694400618e-34,3.2565299629269999e-34
4610,542,__pr_graph_lp_or_cost_row__: item: hydroclassifier-mk01,,,True,node-cost:item: hydroclassifier-mk01,False,False,-3.2437593981955072e-34,3.2437593917079863e-34
4611,4477,recipe: programmable-speaker-pyvoid,recipe,programmable-speaker-pyvoid,False,,True,True,3.2410868902885211e-34,3.2410868838063453e-34
4612,1770,__pr_graph_lp_or_to_or_and__: 3123:item-craft: small-lamp --> item: small-lamp,,,True,item-craft: small-lamp --> item: small-lamp,False,False,3.2198145685214854e-34,3.2198145620818544e-34
4613,1635,__pr_graph_lp_or_to_or_and__: 2816:fluid-craft-temperature: tall-oil: 10 --> fluid-craft-temperature: tall-oil,,,True,fluid-craft-temperature: tall-oil: 10 --> fluid-craft-temperature: tall-oil,False,False,3.1950190386803563e-34,3.1950190322903164e-34
4614,537,__pr_graph_lp_or_cost_row__: item: heavy-oil-barrel,,,True,node-cost:item: heavy-oil-barrel,False,False,-3.1798023355311454e-34,3.1798023291715387e-34
4615,2084,__pr_graph_lp_or_to_or_and__: 4592:item-craft: sb-grade-04 --> item: sb-grade-04,,,True,item-craft: sb-grade-04 --> item: sb-grade-04,False,False,3.118764398762543e-34,3.1187643925250124e-34
4616,1402,__pr_graph_lp_or_to_or_and__: 1899:item: oil-boiler-mk01 --> entity-build-item: oil-boiler-mk01,,,True,item: oil-boiler-mk01 --> entity-build-item: oil-boiler-mk01,False,False,3.0717596062692138e-34,3.0717596001256926e-34
4617,1768,__pr_graph_lp_or_to_or_and__: 3116:item-craft: small-electric-pole --> item: small-electric-pole,,,True,item-craft: small-electric-pole --> item: small-electric-pole,False,False,3.0156058571412981e-34,3.0156058511100844e-34
4618,1800,__pr_graph_lp_or_to_or_and__: 3207:item-craft: sulfur --> item: sulfur,,,True,item-craft: sulfur --> item: sulfur,False,False,-2.9276539086224533e-34,2.9276539027671438e-34
4619,176,__pr_graph_lp_or_cost_row__: entity: lab,,,True,node-cost:entity: lab,False,False,2.9242849307779898e-34,2.9242849249294182e-34
4620,1775,__pr_graph_lp_or_to_or_and__: 3138:item-craft: lab --> item: lab,,,True,item-craft: lab --> item: lab,False,False,2.8547897909129334e-34,2.854789785203352e-34
4621,1266,__pr_graph_lp_or_to_or_and__: 10608:logic-and: smart-farm-yotoi-tree-recipe-yotoi-super-5 --> logic-or: smart-farm-yotoi-tree-recipe:noncoproduct-route,,,True,logic-and: smart-farm-yotoi-tree-recipe-yotoi-super-5 --> logic-or: smart-farm-yotoi-tree-recipe,False,False,2.8289919929438481e-34,2.8289919872858622e-34
4622,262,__pr_graph_lp_or_cost_row__: entity: reformer-mk01,,,True,node-cost:entity: reformer-mk01,False,False,-2.6957392490956137e-34,2.6957392437041336e-34
4623,1374,__pr_graph_lp_or_to_or_and__: 1827:item: sap-tree --> entity-operate-py-module: sap-extractor-mk02,,,True,item: sap-tree --> entity-operate-py-module: sap-extractor-mk02,False,False,-2.5172865383757389e-34,2.5172865333411644e-34
4624,16,__pr_graph_lp_explicit_zero_free_source__: 2226:room-autoplace: planet: nauvis --> entity: regolites,,,True,explicit-zero:room-autoplace: planet: nauvis --> entity: regolites,False,False,2.5145223008644142e-34,2.5145222958353679e-34
4625,10,__pr_graph_lp_explicit_zero_free_source__: 2203:room-autoplace: planet: nauvis --> entity: stone,,,True,explicit-zero:room-autoplace: planet: nauvis --> entity: stone,False,False,-2.503821891919047e-34,2.5038218869114017e-34
4626,3977,recipe: distilator-pyvoid,recipe,distilator-pyvoid,False,,True,True,-2.4837263952331282e-34,2.4837263902656739e-34
4627,1076,__pr_graph_lp_or_to_or_and__: 10333:entity-operate: eaf-mk01 --> recipe-category: eaf__0__1:noncoproduct-route,,,True,entity-operate: eaf-mk01 --> recipe-category: eaf__0__1,False,False,-2.4643044350930635e-34,2.4643044301644533e-34
4628,1962,__pr_graph_lp_or_to_or_and__: 4198:item-craft: resistor1 --> item: resistor1,,,True,item-craft: resistor1 --> item: resistor1,False,False,2.4617938407655729e-34,2.4617938358419836e-34
4629,139,__pr_graph_lp_or_cost_row__: entity: eaf-mk01,,,True,node-cost:entity: eaf-mk01,False,False,2.2877395666307516e-34,2.2877395620552709e-34
4630,3562,fluid-temperature: steam: 250,fluid-temperature,steam: 250,False,,False,False,-2.2560311658528407e-34,2.2560311613407768e-34
4631,2976,entity-build: py-underflow-valve,entity-build,py-underflow-valve,False,,False,False,-2.2436962902412477e-34,2.2436962857538536e-34
4632,2178,__pr_graph_lp_or_to_or_and__: 7648:item: vrauks --> recipe-py-module: vrauks-cocoon-2-no-water,,,True,item: vrauks --> recipe-py-module: vrauks-cocoon-2-no-water,False,False,-2.2407095490989387e-34,2.2407095446175184e-34
4633,920,__pr_graph_lp_or_to_or_and__: 10139:entity-operate: centrifuge-mk01 --> recipe-category: centrifuging__2__2:noncoproduct-route,,,True,entity-operate: centrifuge-mk01 --> recipe-category: centrifuging__2__2,False,False,2.1063540406460455e-34,2.106354036433336e-34
4634,149,__pr_graph_lp_or_cost_row__: entity: flotation-cell-mk01,,,True,node-cost:entity: flotation-cell-mk01,False,False,2.0873131170862337e-34,2.0873131129116062e-34
4635,323,__pr_graph_lp_or_cost_row__: entity: vawt-turbine-mk01,,,True,node-cost:entity: vawt-turbine-mk01,False,False,2.0366792638089229e-34,2.0366792597355632e-34
4636,692,__pr_graph_lp_or_cost_row__: item: rail-chain-signal,,,True,node-cost:item: rail-chain-signal,False,False,-1.9213388634368681e-34,1.9213388595941891e-34
4637,422,__pr_graph_lp_or_cost_row__: item: coal-gas-canister,,,True,node-cost:item: coal-gas-canister,False,False,1.8802114786396858e-34,1.8802114748792617e-34
4638,1783,__pr_graph_lp_or_to_or_and__: 3160:item-craft: gate --> item: gate,,,True,item-craft: gate --> item: gate,False,False,-1.8553990342249489e-34,1.8553990305141497e-34
4639,349,__pr_graph_lp_or_cost_row__: item: aromatics-barrel,,,True,node-cost:item: aromatics-barrel,False,False,1.8354256550119287e-34,1.8354256513410762e-34
4640,1362,__pr_graph_lp_or_to_or_and__: 1804:item: auog-paddock-mk01 --> entity-build-item: auog-paddock-mk01,,,True,item: auog-paddock-mk01 --> entity-build-item: auog-paddock-mk01,False,False,-1.8312855998269913e-34,1.8312855961644191e-34
4641,2523,__pr_graph_lp_or_to_or_and__: 9527:entity-build: display-panel --> entity: display-panel:noncoproduct-route,,,True,entity-build: display-panel --> entity: display-panel,False,False,-1.8116889902616497e-34,1.8116889866382707e-34
4642,1491,__pr_graph_lp_or_to_or_and__: 2385:item: rail --> entity-build-item: straight-rail,,,True,item: rail --> entity-build-item: straight-rail,False,False,1.8058175242432482e-34,1.805817520631612e-34
4643,151,__pr_graph_lp_or_cost_row__: entity: fluid-drill-mk02,,,True,node-cost:entity: fluid-drill-mk02,False,False,-1.7176204398880418e-34,1.7176204364527999e-34
4644,1054,__pr_graph_lp_or_to_or_and__: 10306:entity-operate: flotation-cell-mk01 --> recipe-category: flotation__3__2:noncoproduct-route,,,True,entity-operate: flotation-cell-mk01 --> recipe-category: flotation__3__2,False,False,-1.7001012976465761e-34,1.7001012942463725e-34
4645,322,__pr_graph_lp_or_cost_row__: entity: vacuum-pump-mk01,,,True,node-cost:entity: vacuum-pump-mk01,False,False,1.6704788547287778e-34,1.6704788513878192e-34
4646,327,__pr_graph_lp_or_cost_row__: entity: wood-fence,,,True,node-cost:entity: wood-fence,False,False,-1.6467758358508119e-34,1.6467758325572593e-34
4647,2179,__pr_graph_lp_or_to_or_and__: 7649:item: vrauks-mk02 --> recipe-py-module: vrauks-cocoon-2-no-water,,,True,item: vrauks-mk02 --> recipe-py-module: vrauks-cocoon-2-no-water,False,False,-1.6369692243763395e-34,1.6369692211024001e-34
4648,667,__pr_graph_lp_or_cost_row__: item: py-oil-powerplant-mk01,,,True,node-cost:item: py-oil-powerplant-mk01,False,False,1.5476694426502587e-34,1.547669439554919e-34
4649,3988,recipe: earth-flower-sample-pyvoid,recipe,earth-flower-sample-pyvoid,False,,True,True,1.5417446017309328e-34,1.5417445986474426e-34
4650,523,__pr_graph_lp_or_cost_row__: item: grade-2-ti,,,True,node-cost:item: grade-2-ti,False,False,1.4301518233524754e-34,1.4301518204921709e-34
4651,734,__pr_graph_lp_or_cost_row__: item: selector-combinator,,,True,node-cost:item: selector-combinator,False,False,1.2996478746408029e-34,1.2996478720415063e-34
4652,778,__pr_graph_lp_or_cost_row__: item: tar-barrel,,,True,node-cost:item: tar-barrel,False,False,1.2861377567219061e-34,1.2861377541496299e-34
4653,2506,__pr_graph_lp_or_to_or_and__: 9493:entity-build: py-electric-boiler --> entity: py-electric-boiler:noncoproduct-route,,,True,entity-build: py-electric-boiler --> entity: py-electric-boiler,False,False,-1.2779993646067058e-34,1.2779993620507062e-34
4654,538,__pr_graph_lp_or_cost_row__: item: heavy-oil-canister,,,True,node-cost:item: heavy-oil-canister,False,False,-1.2565484803671724e-34,1.2565484778540745e-34
4655,1027,__pr_graph_lp_or_to_or_and__: 10272:entity-operate: genlab-mk01 --> recipe-category: genlab__2__0:noncoproduct-route,,,True,entity-operate: genlab-mk01 --> recipe-category: genlab__2__0,False,False,1.2224500127705754e-34,1.2224500103256745e-34
4656,126,__pr_graph_lp_or_cost_row__: entity: copper-rock,,,True,node-cost:entity: copper-rock,False,False,-1.1232864896722593e-34,1.1232864874256858e-34
4657,3990,recipe: earth-generic-sample-pyvoid,recipe,earth-generic-sample-pyvoid,False,,True,True,-1.0712058629957768e-34,1.0712058608533645e-34
4658,1627,__pr_graph_lp_or_to_or_and__: 2798:fluid-craft-temperature: ammonia: 15 --> fluid-create-temperature: ammonia: 15,,,True,fluid-craft-temperature: ammonia: 15 --> fluid-create-temperature: ammonia: 15,False,False,-1.0525283942903033e-34,1.0525283921852457e-34
4659,233,__pr_graph_lp_or_cost_row__: entity: py-roboport-mk01,,,True,node-cost:entity: py-roboport-mk01,False,False,9.9647330255265629e-35,9.9647330055970907e-35
4660,1742,__pr_graph_lp_or_to_or_and__: 3019:item-craft: dried-meat --> item: dried-meat,,,True,item-craft: dried-meat --> item: dried-meat,False,False,9.6853296756132815e-35,9.685329656242616e-35
4661,33,__pr_graph_lp_explicit_zero_free_source__: 2304:room-autoplace: planet: nauvis --> entity: lead-rock,,,True,explicit-zero:room-autoplace: planet: nauvis --> entity: lead-rock,False,False,-9.4105539322390879e-35,9.4105539134179738e-35
4662,49,__pr_graph_lp_explicit_zero_free_source__: 2357:room-autoplace: planet: nauvis --> entity: antimonium,,,True,explicit-zero:room-autoplace: planet: nauvis --> entity: antimonium,False,False,9.3592109543989967e-35,9.3592109356805692e-35
4663,135,__pr_graph_lp_or_cost_row__: entity: display-panel,,,True,node-cost:entity: display-panel,False,False,-8.6188692411732292e-35,8.6188692239354855e-35
4664,2078,__pr_graph_lp_or_to_or_and__: 4575:item-craft: outpost --> item: outpost,,,True,item-craft: outpost --> item: outpost,False,False,8.5558134932187815e-35,8.5558134761071496e-35
4665,61,__pr_graph_lp_explicit_zero_free_source__: 2690:room-autoplace: planet: nauvis --> entity: tree-07,,,True,explicit-zero:room-autoplace: planet: nauvis --> entity: tree-07,False,False,-8.3463316790196493e-35,8.3463316623269807e-35
4666,1382,__pr_graph_lp_or_to_or_and__: 1842:item: cottongut-mk01 --> entity-operate-py-module: prandium-lab-mk04,,,True,item: cottongut-mk01 --> entity-operate-py-module: prandium-lab-mk04,False,False,8.039026122364986e-35,8.0390261062869293e-35
4667,3542,fluid-temperature: liquid-manure: 10,fluid-temperature,liquid-manure: 10,False,,False,False,7.9291844040532916e-35,7.9291843881949179e-35
4668,582,__pr_graph_lp_or_cost_row__: item: methanal-barrel,,,True,node-cost:item: methanal-barrel,False,False,-7.9167893916132061e-35,7.9167893757796228e-35
4669,2048,__pr_graph_lp_or_to_or_and__: 4495:item-craft: earth-flower-sample --> item: earth-flower-sample,,,True,item-craft: earth-flower-sample --> item: earth-flower-sample,False,False,7.6836311916736049e-35,7.6836311763063379e-35
4670,1839,__pr_graph_lp_or_to_or_and__: 3808:item-craft: boron-trioxide --> item: boron-trioxide,,,True,item-craft: boron-trioxide --> item: boron-trioxide,False,False,-7.6551870703693967e-35,7.6551870550590179e-35
4671,4396,recipe: nexelit-ore-pyvoid,recipe,nexelit-ore-pyvoid,False,,True,True,6.8121074199721366e-35,6.8121074063479173e-35
4672,250,__pr_graph_lp_or_cost_row__: entity: pyphoon-bay,,,True,node-cost:entity: pyphoon-bay,False,False,6.5759025606243026e-35,6.5759025474724934e-35
4673,2913,entity-build: gun-turret,entity-build,gun-turret,False,,False,False,5.7048895189551824e-35,5.7048895075454001e-35
4674,173,__pr_graph_lp_or_cost_row__: entity: iron-ore,,,True,node-cost:entity: iron-ore,False,False,5.2492468148039469e-35,5.2492468043054501e-35
4675,886,__pr_graph_lp_or_to_or_and__: 10100:entity-operate: automated-factory-mk01 --> recipe-category: advanced-crafting__0__1:noncoproduct-route,,,True,entity-operate: automated-factory-mk01 --> recipe-category: advanced-crafting__0__1,False,False,4.7750681535077288e-35,4.7750681439575898e-35
4676,2730,__pr_graph_lp_or_to_or_and__: 9852:fluid-temperature: molten-iron: 10 --> fluid-temperature-range: molten-iron: 10: 10:noncoproduct-route,,,True,fluid-temperature: molten-iron: 10 --> fluid-temperature-range: molten-iron: 10: 10,False,False,3.8917653416530059e-35,3.891765333869473e-35
4677,1992,__pr_graph_lp_or_to_or_and__: 4284:item-craft: cracker-mk01 --> item: cracker-mk01,,,True,item-craft: cracker-mk01 --> item: cracker-mk01,False,False,-3.7917493221644886e-35,3.7917493145809876e-35
4678,311,__pr_graph_lp_or_cost_row__: entity: tree-07,,,True,node-cost:entity: tree-07,False,False,3.666091011281824e-35,3.6660910039496398e-35
4679,1290,__pr_graph_lp_or_to_or_and__: 1572:item: fawogae --> entity-operate-py-module: fawogae-plantation-mk04,,,True,item: fawogae --> entity-operate-py-module: fawogae-plantation-mk04,False,False,2.4782999775706182e-35,2.4782999726140166e-35
4680,2172,__pr_graph_lp_or_to_or_and__: 6767:item: vrauks --> recipe-py-module: vrauks-mk03,,,True,item: vrauks --> recipe-py-module: vrauks-mk03,False,False,-2.3603670819621163e-35,2.3603670772413806e-35
4681,2140,__pr_graph_lp_or_to_or_and__: 4857:item-craft: cottongut-mk01 --> item: cottongut-mk01,,,True,item-craft: cottongut-mk01 --> item: cottongut-mk01,False,False,-2.1694330892495891e-35,2.1694330849107215e-35
4682,2585,__pr_graph_lp_or_to_or_and__: 9651:entity-build: py-tank-10000 --> entity: py-tank-10000:noncoproduct-route,,,True,entity-build: py-tank-10000 --> entity: py-tank-10000,False,False,-2.1587974015840573e-35,2.1587973972664611e-35
4683,606,__pr_graph_lp_or_cost_row__: item: nco-py-crane-mk1,,,True,node-cost:item: nco-py-crane-mk1,False,False,1.8115665028262614e-35,1.8115664992031273e-35
4684,2797,__pr_graph_lp_or_to_or_and__: 9942:fluid-temperature: formic-acid: 15 --> fluid: formic-acid:noncoproduct-route,,,True,fluid-temperature: formic-acid: 15 --> fluid: formic-acid,False,False,1.6831946296656969e-35,1.6831946262993067e-35
4685,2934,entity-build: offshore-pump,entity-build,offshore-pump,False,,False,False,1.2368670942632111e-35,1.2368670917894762e-35
4686,602,__pr_graph_lp_or_cost_row__: item: nacelle-mk01,,,True,node-cost:item: nacelle-mk01,False,False,-8.6863906065523866e-36,8.6863905891796004e-36
4687,2163,__pr_graph_lp_or_to_or_and__: 6736:item: vrauks-mk02 --> recipe-py-module: vrauks-cocoon-2,,,True,item: vrauks-mk02 --> recipe-py-module: vrauks-cocoon-2,False,False,7.9918749619932647e-36,7.9918749460095103e-36
4688,2158,__pr_graph_lp_or_to_or_and__: 6607:item: cottongut-mk01 --> recipe-py-module: cottongut-mk03,,,True,item: cottongut-mk01 --> recipe-py-module: cottongut-mk03,False,False,6.8669354134200721e-36,6.8669353996861976e-36
4689,2162,__pr_graph_lp_or_to_or_and__: 6735:item: vrauks --> recipe-py-module: vrauks-cocoon-2,,,True,item: vrauks --> recipe-py-module: vrauks-cocoon-2,False,False,-4.3500852965769119e-36,4.3500852878767387e-36
4690,3373,entity-operate: ore-titanium,entity-operate,ore-titanium,False,,False,False,-2.4279115524693142e-36,2.4279115476134897e-36
4691,3461,entity-operate: storage-chest,entity-operate,storage-chest,False,,False,False,2.0307181998955708e-36,2.0307181958341331e-36
4692,3315,entity-operate: fish,entity-operate,fish,False,,False,False,-1.8814910120614274e-36,1.8814910082984443e-36
4693,3484,entity-operate: tree-09,entity-operate,tree-09,False,,False,False,1.7748927351188547e-36,1.774892731569068e-36
4694,3474,entity-operate: tree-02-red,entity-operate,tree-02-red,False,,False,False,-1.64834871636363e-36,1.6483487130669314e-36
4695,3492,entity-operate: vawt-turbine-mk01,entity-operate,vawt-turbine-mk01,False,,False,False,-1.5690411645348531e-36,1.5690411613967697e-36
4696,3400,entity-operate: py-overflow-valve,entity-operate,py-overflow-valve,False,,False,False,-1.480343891876266e-36,1.4803438889155774e-36
4697,3266,entity-operate: big-worm-turret,entity-operate,big-worm-turret,False,,False,False,1.3011492265981576e-36,1.3011492239958584e-36
4698,3375,entity-operate: outpost,entity-operate,outpost,False,,False,False,-1.2189474658141878e-36,1.2189474633762921e-36
4699,3476,entity-operate: tree-04,entity-operate,tree-04,False,,False,False,1.2121072592612665e-36,1.2121072568370512e-36
4700,3415,entity-operate: py-tank-9000,entity-operate,py-tank-9000,False,,False,False,-1.184757347041049e-36,1.1847573446715336e-36
4701,3458,entity-operate: stone,entity-operate,stone,False,,False,False,1.1630965641787586e-36,1.1630965618525648e-36
4702,3487,entity-operate: underground-belt,entity-operate,underground-belt,False,,False,False,-1.1325064151171494e-36,1.1325064128521358e-36
4703,3405,entity-operate: py-storehouse-basic,entity-operate,py-storehouse-basic,False,,False,False,1.1177263959642789e-36,1.1177263937288254e-36
4704,3341,entity-operate: iron-chest,entity-operate,iron-chest,False,,False,False,1.0173046870840226e-36,1.0173046850494126e-36
4705,3279,entity-operate: caravan,entity-operate,caravan,False,,False,False,1.0040921586155499e-36,1.0040921566073649e-36
4706,3368,entity-operate: ore-lead,entity-operate,ore-lead,False,,False,False,9.8445344122602323e-37,9.8445343925711574e-37
4707,3452,entity-operate: splitter,entity-operate,splitter,False,,False,False,9.6313206995431196e-37,9.6313206802804726e-37
4708,3403,entity-operate: py-shed-basic,entity-operate,py-shed-basic,False,,False,False,9.5030669464194229e-37,9.5030669274132828e-37
4709,3451,entity-operate: spitter-spawner,entity-operate,spitter-spawner,False,,False,False,-9.3726761865950609e-37,9.3726761678497025e-37
4710,3467,entity-operate: tidal-mk01,entity-operate,tidal-mk01,False,,False,False,-9.3318495166087394e-37,9.3318494979450339e-37
4711,3340,entity-operate: inserter,entity-operate,inserter,False,,False,False,9.0896841490827641e-37,9.0896841309033903e-37
4712,3366,entity-operate: ore-bioreserve,entity-operate,ore-bioreserve,False,,False,False,8.7082926100406675e-37,8.7082925926240773e-37
4713,3407,entity-operate: py-tank-10000,entity-operate,py-tank-10000,False,,False,False,-8.5417707245580431e-37,8.5417707074744961e-37
4714,3410,entity-operate: py-tank-4000,entity-operate,py-tank-4000,False,,False,False,-8.5155905259469326e-37,8.5155905089157468e-37
4715,3478,entity-operate: tree-06,entity-operate,tree-06,False,,False,False,8.5017804068397265e-37,8.5017803898361604e-37
4716,3427,entity-operate: raw-coal,entity-operate,raw-coal,False,,False,False,8.3418206916535232e-37,8.341820674969877e-37
4717,3322,entity-operate: fluidavan,entity-operate,fluidavan,False,,False,False,-8.1723652820281124e-37,8.1723652656833761e-37
4718,3292,entity-operate: constant-combinator,entity-operate,constant-combinator,False,,False,False,8.0660670905930024e-37,8.0660670744608628e-37
4719,3280,entity-operate: cargo-wagon,entity-operate,cargo-wagon,False,,False,False,7.6938064622029208e-37,7.6938064468153032e-37
4720,3369,entity-operate: ore-nexelit,entity-operate,ore-nexelit,False,,False,False,7.3479728063334068e-37,7.3479727916374564e-37
4721,3443,entity-operate: selector-combinator,entity-operate,selector-combinator,False,,False,False,7.3319822773214314e-37,7.3319822626574624e-37
4722,3333,entity-operate: hawt-turbine-mk01,entity-operate,hawt-turbine-mk01,False,,False,False,7.3195651227924756e-37,7.3195651081533407e-37
4723,3386,entity-operate: programmable-speaker,entity-operate,programmable-speaker,False,,False,False,7.2132928110006844e-37,7.2132927965740944e-37
4724,3350,entity-operate: medium-worm-turret,entity-operate,medium-worm-turret,False,,False,False,6.9299249277349531e-37,6.9299249138750987e-37
4725,3446,entity-operate: small-lamp,entity-operate,small-lamp,False,,False,False,6.8260258754948331e-37,6.8260258618427769e-37
4726,3264,entity-operate: big-rock,entity-operate,big-rock,False,,False,False,-6.5394460031273311e-37,6.5394459900484351e-37
4727,3359,entity-operate: nickel-rock,entity-operate,nickel-rock,False,,False,False,-6.4475438243362365e-37,6.4475438114411449e-37
4728,3295,entity-operate: copper-rock,entity-operate,copper-rock,False,,False,False,6.4258540095851017e-37,6.4258539967333899e-37
4729,3273,entity-operate: borax,entity-operate,borax,False,,False,False,-6.0004480400937224e-37,6.0004480280928226e-37
4730,3486,entity-operate: tree-09-red,entity-operate,tree-09-red,False,,False,False,5.9165848945610405e-37,5.9165848827278675e-37
4731,3289,entity-operate: coal-rock,entity-operate,coal-rock,False,,False,False,-5.695799089508195e-37,5.6957990781165936e-37
4732,3479,entity-operate: tree-06-brown,entity-operate,tree-06-brown,False,,False,False,5.5012689587606832e-37,5.501268947758142e-37
4733,3470,entity-operate: train-stop,entity-operate,train-stop,False,,False,False,-5.4839734777023459e-37,5.4839734667343953e-37
4734,3360,entity-operate: niobium,entity-operate,niobium,False,,False,False,5.4362025637992208e-37,5.4362025529268124e-37
4735,3411,entity-operate: py-tank-5000,entity-operate,py-tank-5000,False,,False,False,5.4342483215191211e-37,5.4342483106506208e-37
4736,3358,entity-operate: nco-py-short-crane-mk1,entity-operate,nco-py-short-crane-mk1,False,,False,False,5.2684485472411509e-37,5.2684485367042504e-37
4737,3306,entity-operate: dry-hairy-tree,entity-operate,dry-hairy-tree,False,,False,False,-5.2518744247932205e-37,5.2518744142894682e-37
4738,3417,entity-operate: py-warehouse-basic,entity-operate,py-warehouse-basic,False,,False,False,-5.212511300342196e-37,5.21251128991717e-37
4739,3349,entity-operate: medium-electric-pole,entity-operate,medium-electric-pole,False,,False,False,5.1758139392554032e-37,5.1758139289037721e-37
4740,3408,entity-operate: py-tank-1500,entity-operate,py-tank-1500,False,,False,False,-5.0201683047313181e-37,5.0201682946909781e-37
4741,3348,entity-operate: long-handed-inserter,entity-operate,long-handed-inserter,False,,False,False,4.9468288945069703e-37,4.94682888461331e-37
4742,3346,entity-operate: lead-rock,entity-operate,lead-rock,False,,False,False,4.8118578534059918e-37,4.8118578437822732e-37
4743,3445,entity-operate: small-electric-pole,entity-operate,small-electric-pole,False,,False,False,4.6947047785296785e-37,4.6947047691402661e-37
4744,3342,entity-operate: iron-ore,entity-operate,iron-ore,False,,False,False,-4.6323697635891581e-37,4.6323697543244159e-37
4745,3378,entity-operate: phosphate-rock,entity-operate,phosphate-rock,False,,False,False,4.5215230465956484e-37,4.5215230375525996e-37
4746,3394,entity-operate: py-deposit-basic,entity-operate,py-deposit-basic,False,,False,False,-4.5005891521578229e-37,4.5005891431566421e-37
4747,3291,entity-operate: concrete-wall,entity-operate,concrete-wall,False,,False,False,4.4902177467093788e-37,4.4902177377289403e-37
4748,3263,entity-operate: behemoth-worm-turret,entity-operate,behemoth-worm-turret,False,,False,False,-4.4444540385328389e-37,4.4444540296439284e-37
4749,3416,entity-operate: py-underflow-valve,entity-operate,py-underflow-valve,False,,False,False,4.1103120988809625e-37,4.1103120906603359e-37
4750,3432,entity-operate: regolites,entity-operate,regolites,False,,False,False,4.0633099280292192e-37,4.0633099199025971e-37
4751,3343,entity-operate: iron-rock,entity-operate,iron-rock,False,,False,False,3.4745723019312101e-37,3.4745722949820632e-37
4752,3475,entity-operate: tree-03,entity-operate,tree-03,False,,False,False,3.3245261632720192e-37,3.3245261566229649e-37
4753,3248,entity-operate: accumulator,entity-operate,accumulator,False,,False,False,-3.3234043245392685e-37,3.3234043178924577e-37
4754,3391,entity-operate: py-check-valve,entity-operate,py-check-valve,False,,False,False,-3.320126164871336e-37,3.3201261582310818e-37
4755,3482,entity-operate: tree-08-brown,entity-operate,tree-08-brown,False,,False,False,-3.2578556399578831e-37,3.2578556334421697e-37
4756,3300,entity-operate: dead-grey-trunk,entity-operate,dead-grey-trunk,False,,False,False,-3.2405349267115363e-37,3.2405349202304644e-37
4757,3302,entity-operate: decider-combinator,entity-operate,decider-combinator,False,,False,False,-3.2243851908686477e-37,3.2243851844198754e-37
4758,3376,entity-operate: outpost-fluid,entity-operate,outpost-fluid,False,,False,False,3.1971926076550321e-37,3.1971926012606451e-37
4759,3286,entity-operate: chromium-rock,entity-operate,chromium-rock,False,,False,False,3.1737195831828639e-37,3.1737195768354228e-37
4760,3380,entity-operate: pipe,entity-operate,pipe,False,,False,False,-3.1575470254366407e-37,3.1575470191215446e-37
4761,3356,entity-operate: multiblade-turbine-mk01,entity-operate,multiblade-turbine-mk01,False,,False,False,3.0740540058621799e-37,3.0740539997140701e-37
4762,3426,entity-operate: rare-earth-bolide,entity-operate,rare-earth-bolide,False,,False,False,-3.0043145286538855e-37,3.0043145226452544e-37
4763,3393,entity-operate: py-construction-robot-mk01,entity-operate,py-construction-robot-mk01,False,,False,False,2.9752164344028432e-37,2.9752164284524087e-37
4764,3332,entity-operate: gun-turret,entity-operate,gun-turret,False,,False,False,2.7824513215658534e-37,2.7824513160009489e-37
4765,3301,entity-operate: dead-tree-desert,entity-operate,dead-tree-desert,False,,False,False,2.7533962086205017e-37,2.7533962031137077e-37
4766,3251,entity-operate: aluminium-rock,entity-operate,aluminium-rock,False,,False,False,2.7336833134670902e-37,2.7336833079997219e-37
4767,3413,entity-operate: py-tank-7000,entity-operate,py-tank-7000,False,,False,False,-2.7016052361363586e-37,2.7016052307331463e-37
4768,3269,entity-operate: biter-spawner,entity-operate,biter-spawner,False,,False,False,-2.5838497361524661e-37,2.5838497309847649e-37
4769,3456,entity-operate: steel-chest,entity-operate,steel-chest,False,,False,False,2.5700548746127131e-37,2.570054869472602e-37
4770,3463,entity-operate: straight-rail,entity-operate,straight-rail,False,,False,False,2.554956542273204e-37,2.5549565371632893e-37
4771,3472,entity-operate: tree-01,entity-operate,tree-01,False,,False,False,2.5126666057696312e-37,2.5126666007442965e-37
4772,3294,entity-operate: copper-ore,entity-operate,copper-ore,False,,False,False,-2.3750172315532147e-37,2.3750172268031789e-37
4773,3326,entity-operate: gate,entity-operate,gate,False,,False,False,-2.3426022599297754e-37,2.3426022552445696e-37
4774,3336,entity-operate: huge-rock,entity-operate,huge-rock,False,,False,False,2.2716882194272902e-37,2.2716882148839122e-37
4775,3493,entity-operate: volcanic-pipe,entity-operate,volcanic-pipe,False,,False,False,-2.2370905879715636e-37,2.237090583497381e-37
4776,3370,entity-operate: ore-nickel,entity-operate,ore-nickel,False,,False,False,-2.2074267743767574e-37,2.2074267699619026e-37
4777,3468,entity-operate: tin-rock,entity-operate,tin-rock,False,,False,False,-2.1748074596859415e-37,2.1748074553363251e-37
4778,3414,entity-operate: py-tank-8000,entity-operate,py-tank-8000,False,,False,False,-2.0408785683787606e-37,2.040878564297002e-37
4779,3473,entity-operate: tree-02,entity-operate,tree-02,False,,False,False,-2.0319285356237477e-37,2.0319285315598896e-37
4780,3460,entity-operate: stone-wall,entity-operate,stone-wall,False,,False,False,-1.9970216275686692e-37,1.997021623574625e-37
4781,3365,entity-operate: ore-aluminium,entity-operate,ore-aluminium,False,,False,False,1.9842629776494411e-37,1.9842629736809138e-37
4782,3381,entity-operate: pipe-to-ground,entity-operate,pipe-to-ground,False,,False,False,1.9745026750557717e-37,1.9745026711067652e-37
4783,3321,entity-operate: fluid-wagon,entity-operate,fluid-wagon,False,,False,False,-1.8981070390096223e-37,1.8981070352134069e-37
4784,3440,entity-operate: seaweed,entity-operate,seaweed,False,,False,False,1.8285890227588625e-37,1.8285890191016832e-37
4785,3483,entity-operate: tree-08-red,entity-operate,tree-08-red,False,,False,False,-1.7634653355156497e-37,1.763465331988718e-37
4786,3371,entity-operate: ore-quartz,entity-operate,ore-quartz,False,,False,False,1.7414268907993251e-37,1.7414268873164702e-37
4787,3481,entity-operate: tree-08,entity-operate,tree-08,False,,False,False,-1.654187877807382e-37,1.6541878744990053e-37
4788,3383,entity-operate: poorman-wood-fence,entity-operate,poorman-wood-fence,False,,False,False,-1.5662368843819078e-37,1.566236881249433e-37
4789,3252,entity-operate: antimonium,entity-operate,antimonium,False,,False,False,1.53244646479606e-37,1.532446461731166e-37
4790,3497,entity-operate: wooden-chest,entity-operate,wooden-chest,False,,False,False,-1.4089140929231574e-37,1.4089140901053284e-37
4791,3299,entity-operate: dead-dry-hairy-tree,entity-operate,dead-dry-hairy-tree,False,,False,False,1.3287690810371091e-37,1.3287690783795701e-37
4792,3477,entity-operate: tree-05,entity-operate,tree-05,False,,False,False,-1.3255246468095852e-37,1.3255246441585351e-37
4793,3423,entity-operate: rail-chain-signal,entity-operate,rail-chain-signal,False,,False,False,1.2800785506754579e-37,1.2800785481153001e-37
4794,3424,entity-operate: rail-signal,entity-operate,rail-signal,False,,False,False,1.2594828173230021e-37,1.2594828148040357e-37
4795,3276,entity-operate: burner-inserter,entity-operate,burner-inserter,False,,False,False,1.2190999933784645e-37,1.2190999909402637e-37
4796,3367,entity-operate: ore-chromium,entity-operate,ore-chromium,False,,False,False,1.1556528523839912e-37,1.1556528500726847e-37
4797,3270,entity-operate: bitumen-seep,entity-operate,bitumen-seep,False,,False,False,1.1229239962968003e-37,1.1229239940509517e-37
4798,3353,entity-operate: molybdenum-ore,entity-operate,molybdenum-ore,False,,False,False,1.0649289088193699e-37,1.0649289066895114e-37
4799,3490,entity-operate: uranium-rock,entity-operate,uranium-rock,False,,False,False,-1.0520446248479377e-37,1.0520446227438477e-37
4800,3499,entity-operate: zinc-rock,entity-operate,zinc-rock,False,,False,False,1.0067436142403352e-37,1.0067436122268474e-37
4801,3304,entity-operate: display-panel,entity-operate,display-panel,False,,False,False,-9.3070020918881918e-38,9.3070020732741824e-38
4802,3469,entity-operate: titanium-rock,entity-operate,titanium-rock,False,,False,False,8.5695434853900146e-38,8.5695434682509224e-38
4803,3372,entity-operate: ore-tin,entity-operate,ore-tin,False,,False,False,8.0175493767656353e-38,8.0175493607305317e-38
4804,3447,entity-operate: small-worm-turret,entity-operate,small-worm-turret,False,,False,False,-7.6326362857135935e-38,7.632636270448316e-38
4805,3374,entity-operate: ore-zinc,entity-operate,ore-zinc,False,,False,False,7.3093205136129928e-38,7.309320498994347e-38
4806,3489,entity-operate: uranium-ore,entity-operate,uranium-ore,False,,False,False,-7.0381925383454829e-38,7.038192524269094e-38
4807,3265,entity-operate: big-sand-rock,entity-operate,big-sand-rock,False,,False,False,6.6956264274596947e-38,6.6956264140684377e-38
4808,3363,entity-operate: oil-sand,entity-operate,oil-sand,False,,False,False,-6.6260392029232023e-38,6.6260391896711201e-38
4809,3250,entity-operate: aerial-blimp-mk01,entity-operate,aerial-blimp-mk01,False,,False,False,-6.330807810510724e-38,6.3308077978491046e-38
4810,3496,entity-operate: wood-fence,entity-operate,wood-fence,False,,False,False,-4.6013815604365328e-38,4.601381551233767e-38
4811,3307,entity-operate: dry-tree,entity-operate,dry-tree,False,,False,False,4.5379331191850165e-38,4.5379331101091475e-38
4812,3437,entity-operate: salt-rock,entity-operate,salt-rock,False,,False,False,-4.5335223074616128e-38,4.5335222983945655e-38
4813,3465,entity-operate: tailings-pond,entity-operate,tailings-pond,False,,False,False,3.8180606729912257e-38,3.8180606653551019e-38
4814,3464,entity-operate: sulfur-patch,entity-operate,sulfur-patch,False,,False,False,-3.8085890220117717e-38,3.8085890143945912e-38
4815,3485,entity-operate: tree-09-brown,entity-operate,tree-09-brown,False,,False,False,-3.6688674672953505e-38,3.6688674599576133e-38
4816,3357,entity-operate: nco-py-crane-mk1,entity-operate,nco-py-crane-mk1,False,,False,False,-3.6610341228845433e-38,3.6610341155624731e-38
4817,3462,entity-operate: storage-tank,entity-operate,storage-tank,False,,False,False,3.6431037291099965e-38,3.6431037218237868e-38
4818,3347,entity-operate: locomotive,entity-operate,locomotive,False,,False,False,3.0115881258053558e-38,3.0115881197821776e-38
4819,3406,entity-operate: py-tank-1000,entity-operate,py-tank-1000,False,,False,False,2.5448176223151195e-38,2.5448176172254828e-38
4820,3384,entity-operate: power-switch,entity-operate,power-switch,False,,False,False,-2.4625952699196464e-38,2.4625952649944541e-38
4821,3412,entity-operate: py-tank-6500,entity-operate,py-tank-6500,False,,False,False,-2.4173572000616775e-38,2.4173571952269615e-38
4822,3379,entity-operate: phosphate-rock-02,entity-operate,phosphate-rock-02,False,,False,False,-2.1599575968402471e-38,2.1599575925203306e-38
4823,3420,entity-operate: quartz-rock,entity-operate,quartz-rock,False,,False,False,-1.7421601919597073e-38,1.7421601884753858e-38
4824,3254,entity-operate: arithmetic-combinator,entity-operate,arithmetic-combinator,False,,False,False,1.547259887144527e-38,1.5472598840500062e-38
4825,3409,entity-operate: py-tank-3000,entity-operate,py-tank-3000,False,,False,False,-1.2844733948529421e-38,1.2844733922839945e-38
4826,3471,entity-operate: transport-belt,entity-operate,transport-belt,False,,False,False,-1.2729745370134788e-38,1.2729745344675289e-38
4827,3430,entity-operate: ree,entity-operate,ree,False,,False,False,-1.1091860790807105e-38,1.1091860768623377e-38
4828,3480,entity-operate: tree-07,entity-operate,tree-07,False,,False,False,6.7229172873062331e-39,6.7229172738603943e-39
4829,3329,entity-operate: geothermal-crack,entity-operate,geothermal-crack,False,,False,False,3.7498073815666756e-39,3.7498073740670583e-39
4830,2846,base: ,base,,False,,False,False,0,0
4831,2849,energy-source-void: ,energy-source-void,,False,,False,False,0,0
4832,3500,equipment-grid-powered: heavy-armor-equipment-grid,equipment-grid-powered,heavy-armor-equipment-grid,False,,False,False,0,0
4833,3501,equipment-grid-powered: light-armor-equipment-grid,equipment-grid-powered,light-armor-equipment-grid,False,,False,False,0,0
4834,3502,equipment-operate: battery-equipment,equipment-operate,battery-equipment,False,,False,False,0,0
4835,3503,equipment-operate: personal-roboport-equipment,equipment-operate,personal-roboport-equipment,False,,False,False,0,0
4836,3504,equipment-operate: portable-gasoline-generator,equipment-operate,portable-gasoline-generator,False,,False,False,0,0
4837,3505,equipment: battery-equipment,equipment,battery-equipment,False,,False,False,0,0
4838,3506,equipment: personal-roboport-equipment,equipment,personal-roboport-equipment,False,,False,False,0,0
4839,3507,equipment: portable-gasoline-generator,equipment,portable-gasoline-generator,False,,False,False,0,0
4840,3508,fluid-ingredient: ,fluid-ingredient,,False,,False,False,0,0
4841,3607,item-ingredient: ,item-ingredient,,False,,False,False,0,0
4842,3608,logic-and: ,logic-and,,False,,False,False,0,0
4843,3650,orand: ,orand,,False,,False,False,0,0
4844,4841,room-autoplace: planet: nauvis,room-autoplace,planet: nauvis,False,,False,False,0,0
4845,4842,satisfied: ,satisfied,,False,,False,False,0,0
4846,4843,science-pack-set-science: automation-science-pack,science-pack-set-science,automation-science-pack,False,,False,False,0,0
4847,4844,science-pack-set-science: automation-science-pack__py-science-pack-1,science-pack-set-science,automation-science-pack__py-science-pack-1,False,,False,False,0,0
4848,4845,slot: ,slot,,False,,False,False,0,0
4849,4846,starting-character: ,starting-character,,False,,False,False,0,0
4850,4847,starting-planet: ,starting-planet,,False,,False,False,0,0
4851,4848,technology: acetylene,technology,acetylene,False,,False,False,0,0
4852,4849,technology: advanced-combinators,technology,advanced-combinators,False,,False,False,0,0
4853,4850,technology: advanced-material-processing,technology,advanced-material-processing,False,,False,False,0,0
4854,4851,technology: alloys-mk01,technology,alloys-mk01,False,,False,False,0,0
4855,4852,technology: aluminium-mk01,technology,aluminium-mk01,False,,False,False,0,0
4856,4853,technology: antimony-mk01,technology,antimony-mk01,False,,False,False,0,0
4857,4854,technology: ash-separation,technology,ash-separation,False,,False,False,0,0
4858,4855,technology: auog,technology,auog,False,,False,False,0,0
4859,4856,technology: automated-rail-transportation,technology,automated-rail-transportation,False,,False,False,0,0
4860,4857,technology: automation,technology,automation,False,,False,False,0,0
4861,4858,technology: automation-2,technology,automation-2,False,,False,False,0,0
4862,4859,technology: automation-science-pack,technology,automation-science-pack,False,,False,False,0,0
4863,4860,technology: automobilism,technology,automobilism,False,,False,False,0,0
4864,4861,technology: basic-substrate,technology,basic-substrate,False,,False,False,0,0
4865,4862,technology: battery-mk01,technology,battery-mk01,False,,False,False,0,0
4866,4863,technology: biomassplant-mk01,technology,biomassplant-mk01,False,,False,False,0,0
4867,4864,technology: biotech-machines-mk01,technology,biotech-machines-mk01,False,,False,False,0,0
4868,4865,technology: biotech-mk01,technology,biotech-mk01,False,,False,False,0,0
4869,4866,technology: boron,technology,boron,False,,False,False,0,0
4870,4867,technology: botany-mk01,technology,botany-mk01,False,,False,False,0,0
4871,4868,technology: casting-mk01,technology,casting-mk01,False,,False,False,0,0
4872,4869,technology: cellulose-mk01,technology,cellulose-mk01,False,,False,False,0,0
4873,4870,technology: ceramic,technology,ceramic,False,,False,False,0,0
4874,4871,technology: chromium-mk01,technology,chromium-mk01,False,,False,False,0,0
4875,4872,technology: circuit-network,technology,circuit-network,False,,False,False,0,0
4876,4873,technology: coal-mk01,technology,coal-mk01,False,,False,False,0,0
4877,4874,technology: coal-processing-1,technology,coal-processing-1,False,,False,False,0,0
4878,4875,technology: coalplant-mk01,technology,coalplant-mk01,False,,False,False,0,0
4879,4876,technology: coke-mk01,technology,coke-mk01,False,,False,False,0,0
4880,4877,technology: compost,technology,compost,False,,False,False,0,0
4881,4878,technology: concrete,technology,concrete,False,,False,False,0,0
4882,4879,technology: construction-robotics,technology,construction-robotics,False,,False,False,0,0
4883,4880,technology: cooling-tower-1,technology,cooling-tower-1,False,,False,False,0,0
4884,4881,technology: copper-mk01,technology,copper-mk01,False,,False,False,0,0
4885,4882,technology: cottongut-mk01,technology,cottongut-mk01,False,,False,False,0,0
4886,4883,technology: cottongut-science-mk01,technology,cottongut-science-mk01,False,,False,False,0,0
4887,4884,technology: creature-chamber-upgrade,technology,creature-chamber-upgrade,False,,False,False,0,0
4888,4885,technology: creosote,technology,creosote,False,,False,False,0,0
4889,4886,technology: crusher,technology,crusher,False,,False,False,0,0
4890,4887,technology: crusher-2,technology,crusher-2,False,,False,False,0,0
4891,4888,technology: domestication,technology,domestication,False,,False,False,0,0
4892,4889,technology: electric-energy-accumulators,technology,electric-energy-accumulators,False,,False,False,0,0
4893,4890,technology: electric-energy-distribution-1,technology,electric-energy-distribution-1,False,,False,False,0,0
4894,4891,technology: electric-mining-drill,technology,electric-mining-drill,False,,False,False,0,0
4895,4892,technology: electrolysis,technology,electrolysis,False,,False,False,0,0
4896,4893,technology: electronics,technology,electronics,False,,False,False,0,0
4897,4894,technology: energy-1,technology,energy-1,False,,False,False,0,0
4898,4895,technology: engine,technology,engine,False,,False,False,0,0
4899,4896,technology: fast-wood-forestry-upgrade,technology,fast-wood-forestry-upgrade,False,,False,False,0,0
4900,4897,technology: fawogae-mk01,technology,fawogae-mk01,False,,False,False,0,0
4901,4898,technology: fertilizer-mk01,technology,fertilizer-mk01,False,,False,False,0,0
4902,4899,technology: fiberboard,technology,fiberboard,False,,False,False,0,0
4903,4900,technology: fish-mk01,technology,fish-mk01,False,,False,False,0,0
4904,4901,technology: fish-upgrade,technology,fish-upgrade,False,,False,False,0,0
4905,4902,technology: fluid-handling,technology,fluid-handling,False,,False,False,0,0
4906,4903,technology: fluid-pressurization,technology,fluid-pressurization,False,,False,False,0,0
4907,4904,technology: fluid-processing-machines-1,technology,fluid-processing-machines-1,False,,False,False,0,0
4908,4905,technology: fluid-wagon,technology,fluid-wagon,False,,False,False,0,0
4909,4906,technology: gate,technology,gate,False,,False,False,0,0
4910,4907,technology: genetics-mk01,technology,genetics-mk01,False,,False,False,0,0
4911,4908,technology: genetics-mk02,technology,genetics-mk02,False,,False,False,0,0
4912,4909,technology: geothermal-power-mk01,technology,geothermal-power-mk01,False,,False,False,0,0
4913,4910,technology: glass,technology,glass,False,,False,False,0,0
4914,4911,technology: gun-turret,technology,gun-turret,False,,False,False,0,0
4915,4912,technology: heavy-armor,technology,heavy-armor,False,,False,False,0,0
4916,4913,technology: hot-air-mk01,technology,hot-air-mk01,False,,False,False,0,0
4917,4914,technology: intermetallics-mk01,technology,intermetallics-mk01,False,,False,False,0,0
4918,4915,technology: iron-mk01,technology,iron-mk01,False,,False,False,0,0
4919,4916,technology: kerogen,technology,kerogen,False,,False,False,0,0
4920,4917,technology: lab-instrument,technology,lab-instrument,False,,False,False,0,0
4921,4918,technology: lamp,technology,lamp,False,,False,False,0,0
4922,4919,technology: land-animals-mk01,technology,land-animals-mk01,False,,False,False,0,0
4923,4920,technology: landfill,technology,landfill,False,,False,False,0,0
4924,4921,technology: latex,technology,latex,False,,False,False,0,0
4925,4922,technology: lead-mk01,technology,lead-mk01,False,,False,False,0,0
4926,4923,technology: logistic-science-pack,technology,logistic-science-pack,False,,False,False,0,0
4927,4924,technology: logistics,technology,logistics,False,,False,False,0,0
4928,4925,technology: machine-components-mk01,technology,machine-components-mk01,False,,False,False,0,0
4929,4926,technology: machines-mk01,technology,machines-mk01,False,,False,False,0,0
4930,4927,technology: melamine,technology,melamine,False,,False,False,0,0
4931,4928,technology: microbiology-mk01,technology,microbiology-mk01,False,,False,False,0,0
4932,4929,technology: military,technology,military,False,,False,False,0,0
4933,4930,technology: military-2,technology,military-2,False,,False,False,0,0
4934,4931,technology: mining-productivity-1,technology,mining-productivity-1,False,,False,False,0,0
4935,4932,technology: mining-productivity-2,technology,mining-productivity-2,False,,False,False,0,0
4936,4933,technology: mining-with-fluid,technology,mining-with-fluid,False,,False,False,0,0
4937,4934,technology: molecular-decohesion,technology,molecular-decohesion,False,,False,False,0,0
4938,4935,technology: moondrop,technology,moondrop,False,,False,False,0,0
4939,4936,technology: moondrop-upgrade,technology,moondrop-upgrade,False,,False,False,0,0
4940,4937,technology: moss-mk01,technology,moss-mk01,False,,False,False,0,0
4941,4938,technology: moss-upgrade,technology,moss-upgrade,False,,False,False,0,0
4942,4939,technology: mycology-mk01,technology,mycology-mk01,False,,False,False,0,0
4943,4940,technology: nexelit-mk01,technology,nexelit-mk01,False,,False,False,0,0
4944,4941,technology: nickel-mk01,technology,nickel-mk01,False,,False,False,0,0
4945,4942,technology: nonrenewable-mk01,technology,nonrenewable-mk01,False,,False,False,0,0
4946,4943,technology: oil-machines-mk01,technology,oil-machines-mk01,False,,False,False,0,0
4947,4944,technology: oilplant-mk01,technology,oilplant-mk01,False,,False,False,0,0
4948,4945,technology: personal-roboport-equipment,technology,personal-roboport-equipment,False,,False,False,0,0
4949,4946,technology: petri-dish,technology,petri-dish,False,,False,False,0,0
4950,4947,technology: physical-projectile-damage-1,technology,physical-projectile-damage-1,False,,False,False,0,0
4951,4948,technology: plastics,technology,plastics,False,,False,False,0,0
4952,4949,technology: py-asphalt,technology,py-asphalt,False,,False,False,0,0
4953,4950,technology: py-burner,technology,py-burner,False,,False,False,0,0
4954,4951,technology: py-science-pack-1,technology,py-science-pack-1,False,,False,False,0,0
4955,4952,technology: py-storage-tanks,technology,py-storage-tanks,False,,False,False,0,0
4956,4953,technology: py-warehouse-research,technology,py-warehouse-research,False,,False,False,0,0
4957,4954,technology: quartz-mk01,technology,quartz-mk01,False,,False,False,0,0
4958,4955,technology: radars-mk01,technology,radars-mk01,False,,False,False,0,0
4959,4956,technology: railway,technology,railway,False,,False,False,0,0
4960,4957,technology: ralesia,technology,ralesia,False,,False,False,0,0
4961,4958,technology: rendering,technology,rendering,False,,False,False,0,0
4962,4959,technology: renewable-mk01,technology,renewable-mk01,False,,False,False,0,0
4963,4960,technology: repair-pack,technology,repair-pack,False,,False,False,0,0
4964,4961,technology: rubber,technology,rubber,False,,False,False,0,0
4965,4962,technology: sap-mk01,technology,sap-mk01,False,,False,False,0,0
4966,4963,technology: scrude,technology,scrude,False,,False,False,0,0
4967,4964,technology: seaweed-mk01,technology,seaweed-mk01,False,,False,False,0,0
4968,4965,technology: separation,technology,separation,False,,False,False,0,0
4969,4966,technology: smelters-mk01,technology,smelters-mk01,False,,False,False,0,0
4970,4967,technology: soil-washing,technology,soil-washing,False,,False,False,0,0
4971,4968,technology: solder-mk01,technology,solder-mk01,False,,False,False,0,0
4972,4969,technology: starch-mk01,technology,starch-mk01,False,,False,False,0,0
4973,4970,technology: steam-power,technology,steam-power,False,,False,False,0,0
4974,4971,technology: steel-axe,technology,steel-axe,False,,False,False,0,0
4975,4972,technology: steel-processing,technology,steel-processing,False,,False,False,0,0
4976,4973,technology: stone-wall,technology,stone-wall,False,,False,False,0,0
4977,4974,technology: syngas,technology,syngas,False,,False,False,0,0
4978,4975,technology: tar-processing,technology,tar-processing,False,,False,False,0,0
4979,4976,technology: technology-nco-py-crane-mk1-crane,technology,technology-nco-py-crane-mk1-crane,False,,False,False,0,0
4980,4977,technology: tidal-mk01,technology,tidal-mk01,False,,False,False,0,0
4981,4978,technology: tin-mk01,technology,tin-mk01,False,,False,False,0,0
4982,4979,technology: titanium-mk01,technology,titanium-mk01,False,,False,False,0,0
4983,4980,technology: vrauks,technology,vrauks,False,,False,False,0,0
4984,4981,technology: vrauks-mk02,technology,vrauks-mk02,False,,False,False,0,0
4985,4982,technology: vrauks-upgrade,technology,vrauks-upgrade,False,,False,False,0,0
4986,4983,technology: water-animals-mk01,technology,water-animals-mk01,False,,False,False,0,0
4987,4984,technology: weapon-shooting-speed-1,technology,weapon-shooting-speed-1,False,,False,False,0,0
4988,4985,technology: wind-mk01,technology,wind-mk01,False,,False,False,0,0
4989,4986,technology: wood-processing,technology,wood-processing,False,,False,False,0,0
4990,4987,technology: xenobiology,technology,xenobiology,False,,False,False,0,0
4991,4988,technology: zinc-mk01,technology,zinc-mk01,False,,False,False,0,0
4992,4989,technology: zoology,technology,zoology,False,,False,False,0,0
4993,4990,tile-build-item-place-as-tile: concrete__concrete,tile-build-item-place-as-tile,concrete__concrete,False,,False,False,0,0
4994,4991,tile-build-item-place-as-tile: hazard-concrete-left__hazard-concrete,tile-build-item-place-as-tile,hazard-concrete-left__hazard-concrete,False,,False,False,0,0
4995,4992,tile-build-item-place-as-tile: landfill__landfill,tile-build-item-place-as-tile,landfill__landfill,False,,False,False,0,0
4996,4993,tile-build-item-place-as-tile: py-asphalt__py-asphalt,tile-build-item-place-as-tile,py-asphalt__py-asphalt,False,,False,False,0,0
4997,4994,tile-build-item-place-as-tile: py-iron-oxide__py-iron-oxide,tile-build-item-place-as-tile,py-iron-oxide__py-iron-oxide,False,,False,False,0,0
4998,4995,tile-build-item-place-as-tile: py-limestone__py-limestone,tile-build-item-place-as-tile,py-limestone__py-limestone,False,,False,False,0,0
4999,4996,tile-build-item-place-as-tile: refined-concrete__refined-concrete,tile-build-item-place-as-tile,refined-concrete__refined-concrete,False,,False,False,0,0
5000,4997,tile-build-item-place-as-tile: refined-hazard-concrete-left__refined-hazard-concrete,tile-build-item-place-as-tile,refined-hazard-concrete-left__refined-hazard-concrete,False,,False,False,0,0
5001,4998,tile-build-item-place-as-tile: stone-path__stone-brick,tile-build-item-place-as-tile,stone-path__stone-brick,False,,False,False,0,0
5002,5001,tile-mine: concrete,tile-mine,concrete,False,,True,False,0,0
5003,5002,tile-mine: hazard-concrete-left,tile-mine,hazard-concrete-left,False,,True,False,0,0
5004,5003,tile-mine: landfill,tile-mine,landfill,False,,True,False,0,0
5005,5004,tile-mine: py-asphalt,tile-mine,py-asphalt,False,,True,False,0,0
5006,5005,tile-mine: py-iron-oxide,tile-mine,py-iron-oxide,False,,True,False,0,0
5007,5006,tile-mine: py-limestone,tile-mine,py-limestone,False,,True,False,0,0
5008,5007,tile-mine: refined-concrete,tile-mine,refined-concrete,False,,True,False,0,0
5009,5008,tile-mine: refined-hazard-concrete-left,tile-mine,refined-hazard-concrete-left,False,,True,False,0,0
5010,5009,tile-mine: stone-path,tile-mine,stone-path,False,,True,False,0,0
5011,5010,true: ,true,,False,,False,False,0,0
